country,date,cumulative_cases,daily_cases_raw_clipped,daily_cases_7d,negative_correction_removed,population,daily_cases_7d_per_million
United States,2020-01-22,1.0,1.0,0.5,-0.0,341534041.0,0.0014639829123211762
United States,2020-01-23,1.0,0.0,1.0,-0.0,341534041.0,0.0029279658246423525
United States,2020-01-24,2.0,1.0,0.8333333333333334,-0.0,341534041.0,0.0024399715205352937
United States,2020-01-25,2.0,0.0,0.7142857142857143,-0.0,341534041.0,0.0020914041604588236
United States,2020-01-26,5.0,3.0,0.7142857142857143,-0.0,341534041.0,0.0020914041604588236
United States,2020-01-27,5.0,0.0,0.7142857142857143,-0.0,341534041.0,0.0020914041604588236
United States,2020-01-28,5.0,0.0,0.8571428571428571,-0.0,341534041.0,0.0025096849925505876
United States,2020-01-29,6.0,1.0,0.8571428571428571,-0.0,341534041.0,0.0025096849925505876
United States,2020-01-30,6.0,0.0,0.42857142857142855,-0.0,341534041.0,0.0012548424962752938
United States,2020-01-31,8.0,2.0,0.8571428571428571,-0.0,341534041.0,0.0025096849925505876
United States,2020-02-01,8.0,0.0,0.8571428571428571,-0.0,341534041.0,0.0025096849925505876
United States,2020-02-02,8.0,0.0,0.7142857142857143,-0.0,341534041.0,0.0020914041604588236
United States,2020-02-03,11.0,3.0,0.8571428571428571,-0.0,341534041.0,0.0025096849925505876
United States,2020-02-04,11.0,0.0,0.5714285714285714,-0.0,341534041.0,0.0016731233283670585
United States,2020-02-05,11.0,0.0,0.5714285714285714,-0.0,341534041.0,0.0016731233283670585
United States,2020-02-06,12.0,1.0,0.5714285714285714,-0.0,341534041.0,0.0016731233283670585
United States,2020-02-07,12.0,0.0,0.14285714285714285,-0.0,341534041.0,0.0004182808320917646
United States,2020-02-08,12.0,0.0,0.2857142857142857,-0.0,341534041.0,0.0008365616641835292
United States,2020-02-09,12.0,0.0,0.2857142857142857,-0.0,341534041.0,0.0008365616641835292
United States,2020-02-10,12.0,0.0,0.2857142857142857,-0.0,341534041.0,0.0008365616641835292
United States,2020-02-11,13.0,1.0,0.2857142857142857,-0.0,341534041.0,0.0008365616641835292
United States,2020-02-12,13.0,0.0,0.2857142857142857,-0.0,341534041.0,0.0008365616641835292
United States,2020-02-13,14.0,1.0,0.2857142857142857,-0.0,341534041.0,0.0008365616641835292
United States,2020-02-14,14.0,0.0,0.2857142857142857,-0.0,341534041.0,0.0008365616641835292
United States,2020-02-15,14.0,0.0,0.14285714285714285,-0.0,341534041.0,0.0004182808320917646
United States,2020-02-16,14.0,0.0,0.14285714285714285,-0.0,341534041.0,0.0004182808320917646
United States,2020-02-17,14.0,0.0,0.0,-0.0,341534041.0,0.0
United States,2020-02-18,14.0,0.0,0.2857142857142857,-0.0,341534041.0,0.0008365616641835292
United States,2020-02-19,14.0,0.0,0.2857142857142857,-0.0,341534041.0,0.0008365616641835292
United States,2020-02-20,14.0,0.0,0.2857142857142857,-0.0,341534041.0,0.0008365616641835292
United States,2020-02-21,16.0,2.0,0.2857142857142857,-0.0,341534041.0,0.0008365616641835292
United States,2020-02-22,16.0,0.0,0.2857142857142857,-0.0,341534041.0,0.0008365616641835292
United States,2020-02-23,16.0,0.0,0.2857142857142857,-0.0,341534041.0,0.0008365616641835292
United States,2020-02-24,16.0,0.0,0.42857142857142855,-0.0,341534041.0,0.0012548424962752938
United States,2020-02-25,16.0,0.0,0.14285714285714285,-0.0,341534041.0,0.0004182808320917646
United States,2020-02-26,16.0,0.0,1.2857142857142858,-0.0,341534041.0,0.003764527488825882
United States,2020-02-27,17.0,1.0,2.2857142857142856,-0.0,341534041.0,0.006692493313468234
United States,2020-02-28,17.0,0.0,5.571428571428571,-0.0,341534041.0,0.01631295245157882
United States,2020-02-29,25.0,8.0,8.285714285714286,-0.0,341534041.0,0.02426028826132235
United States,2020-03-01,32.0,7.0,13.0,-0.0,341534041.0,0.038063555720350584
United States,2020-03-02,55.0,23.0,23.857142857142858,-0.0,341534041.0,0.0698528989593247
United States,2020-03-03,74.0,19.0,31.428571428571427,-0.0,341534041.0,0.09202178306018821
United States,2020-03-04,107.0,33.0,54.0,-0.0,341534041.0,0.15811015453068702
United States,2020-03-05,184.0,77.0,69.57142857142857,-0.0,341534041.0,0.20370276522868938
United States,2020-03-06,237.0,53.0,77.0,-0.0,341534041.0,0.22545336849746114
United States,2020-03-07,403.0,166.0,101.14285714285714,-0.0,341534041.0,0.29614282912096934
United States,2020-03-08,519.0,116.0,148.57142857142858,-0.0,341534041.0,0.43501206537543524
United States,2020-03-09,594.0,75.0,200.28571428571428,-0.0,341534041.0,0.586429726592654
United States,2020-03-10,782.0,188.0,283.14285714285717,-0.0,341534041.0,0.8290326092058775
United States,2020-03-11,1147.0,365.0,367.85714285714283,-0.0,341534041.0,1.0770731426362938
United States,2020-03-12,1586.0,439.0,384.7142857142857,-0.0,341534041.0,1.1264302808231221
United States,2020-03-13,2219.0,633.0,583.5714285714286,-0.0,341534041.0,1.7086771990948584
United States,2020-03-14,2978.0,759.0,818.5714285714286,-0.0,341534041.0,2.3967491678858113
United States,2020-03-15,3212.0,234.0,1146.0,-0.0,341534041.0,3.3554488350401357
United States,2020-03-16,4679.0,1467.0,1725.2857142857142,-0.0,341534041.0,5.0515776091722415
United States,2020-03-17,6512.0,1833.0,2544.4285714285716,-0.0,341534041.0,7.449999900386421
United States,2020-03-18,9169.0,2657.0,3292.4285714285716,-0.0,341534041.0,9.640118337218901
United States,2020-03-19,13663.0,4494.0,4533.142857142857,-0.0,341534041.0,13.272887363935876
United States,2020-03-20,20030.0,6367.0,5916.714285714285,-0.0,341534041.0,17.323937222744615
United States,2020-03-21,26025.0,5995.0,7171.714285714285,-0.0,341534041.0,20.998534332670765
United States,2020-03-22,34944.0,8919.0,8524.57142857143,-0.0,341534041.0,24.959653812579784
United States,2020-03-23,46096.0,11152.0,10428.42857142857,-0.0,341534041.0,30.534082461866724
United States,2020-03-24,56714.0,10618.0,12174.714285714286,-0.0,341534041.0,35.64714735335646
United States,2020-03-25,68841.0,12127.0,14484.57142857143,-0.0,341534041.0,42.4103301274482
United States,2020-03-26,86662.0,17821.0,15514.285714285714,-0.0,341534041.0,45.42529836516564
United States,2020-03-27,105253.0,18591.0,17086.0,-0.0,341534041.0,50.02722407983923
United States,2020-03-28,127417.0,22164.0,19337.85714285714,-0.0,341534041.0,56.62058483610172
United States,2020-03-29,143544.0,16127.0,22723.14285714286,-0.0,341534041.0,66.53258571418027
United States,2020-03-30,165698.0,22154.0,24788.714285714286,-0.0,341534041.0,72.5805082653951
United States,2020-03-31,192079.0,26381.0,26768.14285714286,-0.0,341534041.0,78.37620747485859
United States,2020-04-01,227903.0,35824.0,28131.85714285714,-0.0,341534041.0,82.36911629800657
United States,2020-04-02,260183.0,32280.0,29939.0,-0.0,341534041.0,87.66036882396739
United States,2020-04-03,292630.0,32447.0,31344.571428571428,-0.0,341534041.0,91.77583393091825
United States,2020-04-04,324340.0,31710.0,31882.428571428572,-0.0,341534041.0,93.35066126374376
United States,2020-04-05,353117.0,28777.0,31228.14285714286,-0.0,341534041.0,91.43493505276348
United States,2020-04-06,385110.0,31993.0,31763.285714285714,-0.0,341534041.0,93.00181504977922
United States,2020-04-07,415256.0,30146.0,32011.0,-0.0,341534041.0,93.72711401262634
United States,2020-04-08,446500.0,31244.0,31621.85714285714,-0.0,341534041.0,92.58771702600838
United States,2020-04-09,482526.0,36026.0,31204.85714285714,-0.0,341534041.0,91.36675527713251
United States,2020-04-10,516707.0,34181.0,30526.285714285714,-0.0,341534041.0,89.37992132469662
United States,2020-04-11,545693.0,28986.0,30292.85714285714,-0.0,341534041.0,88.69645044505869
United States,2020-04-12,571551.0,25858.0,29595.571428571428,-0.0,341534041.0,86.6548217036188
United States,2020-04-13,598794.0,27243.0,28689.285714285714,-0.0,341534041.0,84.00124810482863
United States,2020-04-14,627306.0,28512.0,28543.0,-0.0,341534041.0,83.57292853276665
United States,2020-04-15,653669.0,26363.0,28309.14285714286,-0.0,341534041.0,82.88820281063245
United States,2020-04-16,683351.0,29682.0,28191.0,-0.0,341534041.0,82.54228456249255
United States,2020-04-17,716508.0,33157.0,28676.714285714286,-0.0,341534041.0,83.96443939160456
United States,2020-04-18,743857.0,27349.0,28310.285714285714,-0.0,341534041.0,82.89154905728918
United States,2020-04-19,768888.0,25031.0,28825.14285714286,-0.0,341534041.0,84.39903317614791
United States,2020-04-20,799531.0,30643.0,29167.428571428572,-0.0,341534041.0,85.40123404983977
United States,2020-04-21,825478.0,25947.0,28929.428571428572,-0.0,341534041.0,84.70437818357489
United States,2020-04-22,855445.0,29967.0,29397.571428571428,-0.0,341534041.0,86.07508447033959
United States,2020-04-23,887523.0,32078.0,29521.285714285714,-0.0,341534041.0,86.43731567093107
United States,2020-04-24,919014.0,31491.0,28671.285714285714,-0.0,341534041.0,83.94854471998507
United States,2020-04-25,949640.0,30626.0,28479.428571428572,-0.0,341534041.0,83.38679356248583
United States,2020-04-26,975537.0,25897.0,28028.285714285714,-0.0,341534041.0,82.06586269474003
United States,2020-04-27,1000230.0,24693.0,27661.0,-0.0,341534041.0,80.99046267543211
United States,2020-04-28,1024834.0,24604.0,28136.85714285714,-0.0,341534041.0,82.38375612712977
United States,2020-04-29,1051643.0,26809.0,27568.428571428572,-0.0,341534041.0,80.71941669623665
United States,2020-04-30,1081150.0,29507.0,27236.0,-0.0,341534041.0,79.7460771999591
United States,2020-05-01,1115972.0,34822.0,27144.285714285714,-0.0,341534041.0,79.47754090575619
United States,2020-05-02,1142619.0,26647.0,27069.571428571428,-0.0,341534041.0,79.2587800305722
United States,2020-05-03,1166189.0,23570.0,26721.571428571428,-0.0,341534041.0,78.23984792359666
United States,2020-05-04,1190240.0,24051.0,26536.285714285714,-0.0,341534041.0,77.69733768437364
United States,2020-05-05,1214321.0,24081.0,25448.428571428572,-0.0,341534041.0,74.51212914799487
United States,2020-05-06,1238694.0,24373.0,25105.571428571428,-0.0,341534041.0,73.50825515097462
United States,2020-05-07,1266904.0,28210.0,24410.285714285714,-0.0,341534041.0,71.472482341184
United States,2020-05-08,1294111.0,27207.0,23720.428571428572,-0.0,341534041.0,69.45260420301288
United States,2020-05-09,1318358.0,24247.0,23620.0,-0.0,341534041.0,69.15855277805237
United States,2020-05-10,1337061.0,18703.0,22995.428571428572,-0.0,341534041.0,67.32982898014717
United States,2020-05-11,1356283.0,19222.0,22662.14285714286,-0.0,341534041.0,66.35397979887709
United States,2020-05-12,1379661.0,23378.0,22261.0,-0.0,341534041.0,65.17944722236341
United States,2020-05-13,1399662.0,20001.0,22206.85714285714,-0.0,341534041.0,65.02091878700062
United States,2020-05-14,1425539.0,25877.0,22198.285714285714,-0.0,341534041.0,64.99582193707512
United States,2020-05-15,1449938.0,24399.0,22650.0,-0.0,341534041.0,66.31842592814928
United States,2020-05-16,1473806.0,23868.0,22275.714285714286,-0.0,341534041.0,65.22253014806886
United States,2020-05-17,1492449.0,18643.0,22681.14285714286,-0.0,341534041.0,66.40961114954528
United States,2020-05-18,1514833.0,22384.0,22571.85714285714,-0.0,341534041.0,66.0896263129951
United States,2020-05-19,1535591.0,20758.0,22503.714285714286,-0.0,341534041.0,65.89010635608732
United States,2020-05-20,1558430.0,22839.0,21940.85714285714,-0.0,341534041.0,64.24207987764575
United States,2020-05-21,1583542.0,25112.0,22152.0,-0.0,341534041.0,64.86029894747739
United States,2020-05-22,1607464.0,23922.0,21695.14285714286,-0.0,341534041.0,63.52263684644794
United States,2020-05-23,1627392.0,19928.0,21400.571428571428,-0.0,341534041.0,62.660141770674706
United States,2020-05-24,1647513.0,20121.0,20824.285714285714,-0.0,341534041.0,60.972796894016525
United States,2020-05-25,1666699.0,19186.0,20255.285714285714,-0.0,341534041.0,59.30678433979503
United States,2020-05-26,1685395.0,18696.0,20371.714285714286,-0.0,341534041.0,59.64768321794982
United States,2020-05-27,1704200.0,18805.0,20770.14285714286,-0.0,341534041.0,60.81426845865376
United States,2020-05-28,1725329.0,21129.0,20576.285714285714,-0.0,341534041.0,60.246661369505226
United States,2020-05-29,1750066.0,24737.0,20383.571428571428,-0.0,341534041.0,59.682400527013435
United States,2020-05-30,1772783.0,22717.0,20563.571428571428,-0.0,341534041.0,60.20943437544906
United States,2020-05-31,1791547.0,18764.0,20598.285714285714,-0.0,341534041.0,60.31107661764736
United States,2020-06-01,1809384.0,17837.0,21538.571428571428,-0.0,341534041.0,63.06420105447535
United States,2020-06-02,1829340.0,19956.0,21744.85714285714,-0.0,341534041.0,63.66819857601586
United States,2020-06-03,1848388.0,19048.0,21378.571428571428,-0.0,341534041.0,62.59572652253257
United States,2020-06-04,1876099.0,27711.0,21242.14285714286,-0.0,341534041.0,62.19626832788495
United States,2020-06-05,1902280.0,26181.0,21110.0,-0.0,341534041.0,61.80935855820006
United States,2020-06-06,1922433.0,20153.0,21162.571428571428,-0.0,341534041.0,61.96328590440982
United States,2020-06-07,1940242.0,17809.0,21548.0,-0.0,341534041.0,63.09180758939341
United States,2020-06-08,1957154.0,16912.0,20775.428571428572,-0.0,341534041.0,60.82974484944115
United States,2020-06-09,1977478.0,20324.0,20686.0,-0.0,341534041.0,60.567901048551704
United States,2020-06-10,1999224.0,21746.0,21255.0,-0.0,341534041.0,62.2339136027732
United States,2020-06-11,2021527.0,22303.0,21418.428571428572,-0.0,341534041.0,62.71242687468619
United States,2020-06-12,2047082.0,25555.0,22016.0,-0.0,341534041.0,64.46209559532603
United States,2020-06-13,2071218.0,24136.0,22630.85714285714,-0.0,341534041.0,66.26237629664898
United States,2020-06-14,2090171.0,18953.0,23392.714285714286,-0.0,341534041.0,68.49306797419437
United States,2020-06-15,2111266.0,21095.0,24240.571428571428,-0.0,341534041.0,70.975564712659
United States,2020-06-16,2135894.0,24628.0,25017.85714285714,-0.0,341534041.0,73.25143072007027
United States,2020-06-17,2162973.0,27079.0,26122.14285714286,-0.0,341534041.0,76.48474155213962
United States,2020-06-18,2191211.0,28238.0,27108.714285714286,-0.0,341534041.0,79.37338897856536
United States,2020-06-19,2222207.0,30996.0,28379.285714285714,-0.0,341534041.0,83.09357869918951
United States,2020-06-20,2254073.0,31866.0,30408.0,-0.0,341534041.0,89.03358479572465
United States,2020-06-21,2279932.0,25859.0,31722.285714285714,-0.0,341534041.0,92.88176845096888
United States,2020-06-22,2309921.0,29989.0,33310.71428571428,-0.0,341534041.0,97.5326330229972
United States,2020-06-23,2348750.0,38829.0,35895.0,-0.0,341534041.0,105.09933327553725
United States,2020-06-24,2385029.0,36279.0,37176.0,-0.0,341534041.0,108.85005749690409
United States,2020-06-25,2424386.0,39357.0,39613.0,-0.0,341534041.0,115.9855102115575
United States,2020-06-26,2473472.0,49086.0,41260.0,-0.0,341534041.0,120.80786992474346
United States,2020-06-27,2514305.0,40833.0,42863.857142857145,-0.0,341534041.0,125.50390882663771
United States,2020-06-28,2557223.0,42918.0,44728.28571428572,-0.0,341534041.0,130.96289196626734
United States,2020-06-29,2598741.0,41518.0,46975.0,-0.0,341534041.0,137.54119461257451
United States,2020-06-30,2648797.0,50056.0,47342.42857142857,-0.0,341534041.0,138.61701291271453
United States,2020-07-01,2698127.0,49330.0,48084.0,-0.0,341534041.0,140.78830871210286
United States,2020-07-02,2753211.0,55084.0,49660.0,-0.0,341534041.0,145.40278285173923
United States,2020-07-03,2804869.0,51658.0,49962.0,-0.0,341534041.0,146.2870285307812
United States,2020-07-04,2850893.0,46024.0,51013.0,-0.0,341534041.0,149.36432061248033
United States,2020-07-05,2904843.0,53950.0,52609.28571428572,-0.0,341534041.0,154.03819063027373
United States,2020-07-06,2948475.0,43632.0,53287.57142857143,-0.0,341534041.0,156.0241880210454
United States,2020-07-07,3005888.0,57413.0,55696.71428571428,-0.0,341534041.0,163.07807597344092
United States,2020-07-08,3066392.0,60504.0,57756.28571428572,-0.0,341534041.0,169.1084307297079
United States,2020-07-09,3126224.0,59832.0,58652.0,-0.0,341534041.0,171.73105154692325
United States,2020-07-10,3194746.0,68522.0,60936.71428571428,-0.0,341534041.0,178.42061689456682
United States,2020-07-11,3255187.0,60441.0,62128.71428571428,-0.0,341534041.0,181.91075215754051
United States,2020-07-12,3315407.0,60220.0,62956.57142857143,-0.0,341534041.0,184.33468957951231
United States,2020-07-13,3375032.0,59625.0,64519.71428571428,-0.0,341534041.0,188.9115184442604
United States,2020-07-14,3440789.0,65757.0,64219.71428571428,-0.0,341534041.0,188.0331286968677
United States,2020-07-15,3507088.0,66299.0,64774.57142857143,-0.0,341534041.0,189.6577314487121
United States,2020-07-16,3577862.0,70774.0,64599.28571428572,-0.0,341534041.0,189.14450086773553
United States,2020-07-17,3644284.0,66422.0,64775.142857142855,-0.0,341534041.0,189.65940457204044
United States,2020-07-18,3708609.0,64325.0,65137.71428571428,-0.0,341534041.0,190.72100132388937
United States,2020-07-19,3767602.0,58993.0,65302.142857142855,-0.0,341534041.0,191.20244256162698
United States,2020-07-20,3828458.0,60856.0,64872.57142857143,-0.0,341534041.0,189.94467209952705
United States,2020-07-21,3896753.0,68295.0,66090.71428571429,-0.0,341534041.0,193.51135275477355
United States,2020-07-22,3964203.0,67450.0,66009.28571428571,-0.0,341534041.0,193.2729326804812
United States,2020-07-23,4031970.0,67767.0,65529.0,-0.0,341534041.0,191.86667252298872
United States,2020-07-24,4106919.0,74949.0,65406.28571428572,-0.0,341534041.0,191.5073692882219
United States,2020-07-25,4170674.0,63755.0,64873.28571428572,-0.0,341534041.0,189.94676350368752
United States,2020-07-26,4226305.0,55631.0,64387.857142857145,-0.0,341534041.0,188.5254452362397
United States,2020-07-27,4286302.0,59997.0,64593.142857142855,-0.0,341534041.0,189.12651479195554
United States,2020-07-28,4350866.0,64564.0,63082.57142857143,-0.0,341534041.0,184.70361327341726
United States,2020-07-29,4414918.0,64052.0,62178.142857142855,-0.0,341534041.0,182.0554773254443
United States,2020-07-30,4484122.0,69204.0,60929.28571428572,-0.0,341534041.0,178.39886629129808
United States,2020-07-31,4548497.0,64375.0,58343.42857142857,-0.0,341534041.0,170.82756494960506
United States,2020-08-01,4605921.0,57424.0,57923.0,-0.0,341534041.0,169.59656446075897
United States,2020-08-02,4652810.0,46889.0,56506.57142857143,-0.0,341534041.0,165.44931001056912
United States,2020-08-03,4694706.0,41896.0,55196.857142857145,-0.0,341534041.0,161.61451134195184
United States,2020-08-04,4756327.0,61621.0,54634.857142857145,-0.0,341534041.0,159.96899454850285
United States,2020-08-05,4810464.0,54137.0,55541.0,-0.0,341534041.0,162.6221498664609
United States,2020-08-06,4870500.0,60036.0,56580.142857142855,-0.0,341534041.0,165.6647246390964
United States,2020-08-07,4930941.0,60441.0,57971.71428571428,-0.0,341534041.0,169.73919822450227
United States,2020-08-08,4994708.0,63767.0,57293.857142857145,-0.0,341534041.0,167.75445567622685
United States,2020-08-09,5048871.0,54163.0,57448.857142857145,-0.0,341534041.0,168.20829037904642
United States,2020-08-10,5100508.0,51637.0,56221.71428571428,-0.0,341534041.0,164.61525803137815
United States,2020-08-11,5157384.0,56876.0,57597.57142857143,-0.0,341534041.0,168.64372072525393
United States,2020-08-12,5212606.0,55222.0,55963.0,-0.0,341534041.0,163.85775144445995
United States,2020-08-13,5264052.0,51446.0,53165.0,-0.0,341534041.0,155.66530306711067
United States,2020-08-14,5334124.0,70072.0,51216.42857142857,-0.0,341534041.0,149.959952517379
United States,2020-08-15,5386449.0,52325.0,49516.28571428572,-0.0,341534041.0,144.9819923346549
United States,2020-08-16,5421026.0,34577.0,48186.71428571428,-0.0,341534041.0,141.08905263037684
United States,2020-08-17,5459023.0,37997.0,47285.142857142855,-0.0,341534041.0,138.44928229904573
United States,2020-08-18,5503998.0,44975.0,44117.71428571428,-0.0,341534041.0,129.1751596899071
United States,2020-08-19,5549913.0,45915.0,43110.0,-0.0,341534041.0,126.22460670033182
United States,2020-08-20,5595048.0,45135.0,42728.0,-0.0,341534041.0,125.10612375531844
United States,2020-08-21,5642948.0,47900.0,42170.0,-0.0,341534041.0,123.47231882516799
United States,2020-08-22,5688219.0,45271.0,41825.28571428572,-0.0,341534041.0,122.46300717733057
United States,2020-08-23,5720122.0,31903.0,41293.42857142857,-0.0,341534041.0,120.90574763945293
United States,2020-08-24,5754213.0,34091.0,42050.857142857145,-0.0,341534041.0,123.12347261120348
United States,2020-08-25,5796775.0,42562.0,41825.142857142855,-0.0,341534041.0,122.46258889649849
United States,2020-08-26,5838967.0,42192.0,41510.857142857145,-0.0,341534041.0,121.5423710658966
United States,2020-08-27,5889404.0,50437.0,41834.42857142857,-0.0,341534041.0,122.48977715058446
United States,2020-08-28,5935724.0,46320.0,41753.71428571428,-0.0,341534041.0,122.2534484804526
United States,2020-08-29,5978795.0,43071.0,41669.0,-0.0,341534041.0,122.00540794702219
United States,2020-08-30,6012963.0,34168.0,41372.71428571428,-0.0,341534041.0,121.13789350126385
United States,2020-08-31,6046489.0,33526.0,40626.142857142855,-0.0,341534041.0,118.9519578727523
United States,2020-09-01,6088458.0,41969.0,40960.28571428572,-0.0,341534041.0,119.93031673901496
United States,2020-09-02,6128576.0,40118.0,40984.142857142855,-0.0,341534041.0,120.00016963797425
United States,2020-09-03,6173787.0,45211.0,40257.0,-0.0,341534041.0,117.87112020262718
United States,2020-09-04,6222446.0,48659.0,38996.42857142857,-0.0,341534041.0,114.18021014024944
United States,2020-09-05,6265684.0,43238.0,36872.71428571428,-0.0,341534041.0,107.96204729037328
United States,2020-09-06,6294762.0,29078.0,35977.42857142857,-0.0,341534041.0,105.3406813156542
United States,2020-09-07,6319464.0,24702.0,35179.0,-0.0,341534041.0,103.00290974509332
United States,2020-09-08,6346567.0,27103.0,34631.28571428572,-0.0,341534041.0,101.3992210348535
United States,2020-09-09,6380418.0,33851.0,34970.857142857145,-0.0,341534041.0,102.39347457273563
United States,2020-09-10,6420040.0,39622.0,36575.142857142855,-0.0,341534041.0,107.09076831712613
United States,2020-09-11,6464865.0,44825.0,37746.42857142857,-0.0,341534041.0,110.52025285944652
United States,2020-09-12,6510480.0,45615.0,39223.0,-0.0,341534041.0,114.843603539947
United States,2020-09-13,6550788.0,40308.0,39865.57142857143,-0.0,341534041.0,116.72503072269573
United States,2020-09-14,6583689.0,32901.0,40696.857142857145,-0.0,341534041.0,119.15900688463773
United States,2020-09-15,6621128.0,37439.0,41468.57142857143,-0.0,341534041.0,121.41855993959744
United States,2020-09-16,6659477.0,38349.0,41474.28571428572,-0.0,341534041.0,121.43529117288111
United States,2020-09-17,6704918.0,45441.0,41659.57142857143,-0.0,341534041.0,121.97780141210411
United States,2020-09-18,6755145.0,50227.0,41568.0,-0.0,341534041.0,121.7096833987333
United States,2020-09-19,6800800.0,45655.0,41692.142857142855,-0.0,341534041.0,122.07316944182102
United States,2020-09-20,6842405.0,41605.0,42103.71428571428,-0.0,341534041.0,123.2782365190774
United States,2020-09-21,6874665.0,32260.0,42611.71428571428,-0.0,341534041.0,124.76564315799574
United States,2020-09-22,6912973.0,38308.0,42240.142857142855,-0.0,341534041.0,123.67769471372503
United States,2020-09-23,6954203.0,41230.0,41988.0,-0.0,341534041.0,122.93942904508309
United States,2020-09-24,7003200.0,48997.0,40859.71428571428,-0.0,341534041.0,119.63584703322233
United States,2020-09-25,7050826.0,47626.0,41475.57142857143,-0.0,341534041.0,121.43905570036993
United States,2020-09-26,7094716.0,43890.0,42044.42857142857,-0.0,341534041.0,123.10464997375935
United States,2020-09-27,7128423.0,33707.0,41713.857142857145,-0.0,341534041.0,122.13674812829902
United States,2020-09-28,7164994.0,36571.0,41337.42857142857,-0.0,341534041.0,121.03457813573719
United States,2020-09-29,7207284.0,42290.0,42183.28571428572,-0.0,341534041.0,123.51121894255255
United States,2020-09-30,7246200.0,38916.0,42967.57142857143,-0.0,341534041.0,125.80758071073633
United States,2020-10-01,7292562.0,46362.0,42919.42857142857,-0.0,341534041.0,125.6666200703214
United States,2020-10-02,7346109.0,53547.0,43116.0,-0.0,341534041.0,126.24217449527968
United States,2020-10-03,7395489.0,49380.0,43506.142857142855,-0.0,341534041.0,127.38449944772228
United States,2020-10-04,7428859.0,33370.0,45013.42857142857,-0.0,341534041.0,131.7977805071225
United States,2020-10-05,7466806.0,37947.0,46706.42857142857,-0.0,341534041.0,136.754826648242
United States,2020-10-06,7511827.0,45021.0,46961.28571428572,-0.0,341534041.0,137.5010396526937
United States,2020-10-07,7561294.0,49467.0,47800.42857142857,-0.0,341534041.0,139.95802126040073
United States,2020-10-08,7619507.0,58213.0,49730.42857142857,-0.0,341534041.0,145.60899530196045
United States,2020-10-09,7674838.0,55331.0,50445.857142857145,-0.0,341534041.0,147.70374570907603
United States,2020-10-10,7730092.0,55254.0,51242.28571428572,-0.0,341534041.0,150.03566134798763
United States,2020-10-11,7776972.0,46880.0,52628.57142857143,-0.0,341534041.0,154.0946585426061
United States,2020-10-12,7819927.0,42955.0,53435.57142857143,-0.0,341534041.0,156.45752696309248
United States,2020-10-13,7870523.0,50596.0,55575.42857142857,-0.0,341534041.0,162.722955546995
United States,2020-10-14,7929694.0,59171.0,55517.71428571428,-0.0,341534041.0,162.55397009082992
United States,2020-10-15,7993556.0,63862.0,56291.142857142855,-0.0,341534041.0,164.81854251577474
United States,2020-10-16,8063866.0,70310.0,59974.28571428572,-0.0,341534041.0,175.6026589287646
United States,2020-10-17,8118716.0,54850.0,61685.0,-0.0,341534041.0,180.6115718930635
United States,2020-10-18,8171010.0,52294.0,62007.0,-0.0,341534041.0,181.55437688859834
United States,2020-10-19,8239747.0,68737.0,64343.28571428572,-0.0,341534041.0,188.39494161662708
United States,2020-10-20,8302318.0,62571.0,66032.14285714286,-0.0,341534041.0,193.3398576136159
United States,2020-10-21,8363743.0,61425.0,69353.42857142857,-0.0,341534041.0,203.06446867891734
United States,2020-10-22,8443959.0,80216.0,70508.14285714286,-0.0,341534041.0,206.44543264471505
United States,2020-10-23,8526091.0,82132.0,69898.57142857143,-0.0,341534041.0,204.66062833417953
United States,2020-10-24,8604190.0,78099.0,72242.28571428571,-0.0,341534041.0,211.522943665477
United States,2020-10-25,8664567.0,60377.0,76094.14285714286,-0.0,341534041.0,222.80104974116725
United States,2020-10-26,8729037.0,64470.0,77874.57142857143,-0.0,341534041.0,228.01408375152695
United States,2020-10-27,8808014.0,78977.0,80498.42857142857,-0.0,341534041.0,235.69664779455633
United States,2020-10-28,8896402.0,88388.0,81737.42857142857,-0.0,341534041.0,239.3243974512882
United States,2020-10-29,8989081.0,92679.0,84274.71428571429,-0.0,341534041.0,246.75348331007007
United States,2020-10-30,9089580.0,100499.0,87055.85714285714,-0.0,341534041.0,254.89657454923253
United States,2020-10-31,9176352.0,86772.0,93902.28571428571,-0.0,341534041.0,274.94268342723035
United States,2020-11-01,9254490.0,78138.0,95856.71428571429,-0.0,341534041.0,280.6651834910778
United States,2020-11-02,9338428.0,83938.0,101192.85714285714,-0.0,341534041.0,296.28922741220146
United States,2020-11-03,9465330.0,126902.0,105282.57142857143,-0.0,341534041.0,308.2637710733245
United States,2020-11-04,9567399.0,102069.0,111061.14285714286,-0.0,341534041.0,325.18323073143637
United States,2020-11-05,9697431.0,130032.0,116951.14285714286,-0.0,341534041.0,342.4289494385798
United States,2020-11-06,9826558.0,129127.0,122035.0,-0.0,341534041.0,357.3143094102295
United States,2020-11-07,9953780.0,127222.0,123777.71428571429,-0.0,341534041.0,362.41691728091695
United States,2020-11-08,10073148.0,119368.0,130562.0,-0.0,341534041.0,382.28107399695483
United States,2020-11-09,10192673.0,119525.0,134792.14285714287,-0.0,341534041.0,394.6667877160241
United States,2020-11-10,10331774.0,139101.0,141882.7142857143,-0.0,341534041.0,415.4277385360667
United States,2020-11-11,10481333.0,149559.0,146987.7142857143,-0.0,341534041.0,430.37500407086594
United States,2020-11-12,10640976.0,159643.0,149722.85714285713,-0.0,341534041.0,438.38340888209484
United States,2020-11-13,10819737.0,178761.0,154896.0,-0.0,341534041.0,453.5301943738018
United States,2020-11-14,10982694.0,162957.0,158931.85714285713,-0.0,341534041.0,465.3470461612262
United States,2020-11-15,11121208.0,138514.0,162340.0,-0.0,341534041.0,475.3259719724395
United States,2020-11-16,11276945.0,155737.0,166957.7142857143,-0.0,341534041.0,488.8464815889737
United States,2020-11-17,11444297.0,167352.0,170146.85714285713,-0.0,341534041.0,498.1841828845902
United States,2020-11-18,11617713.0,173416.0,172239.2857142857,-0.0,341534041.0,504.31074223223834
United States,2020-11-19,11809680.0,191967.0,173199.42857142858,-0.0,341534041.0,507.1220077047271
United States,2020-11-20,12010765.0,201085.0,177277.85714285713,-0.0,341534041.0,519.0635071801148
United States,2020-11-21,12188369.0,177604.0,178365.85714285713,-0.0,341534041.0,522.2491339973258
United States,2020-11-22,12333604.0,145235.0,179485.14285714287,-0.0,341534041.0,525.5263643167647
United States,2020-11-23,12517890.0,184286.0,168191.42857142858,-0.0,341534041.0,492.45875485491825
United States,2020-11-24,12692858.0,174968.0,170208.14285714287,-0.0,341534041.0,498.3636253615576
United States,2020-11-25,12874109.0,181251.0,168763.14285714287,-0.0,341534041.0,494.1327147449494
United States,2020-11-26,12987020.0,112911.0,167968.57142857142,-0.0,341534041.0,491.806236756855
United States,2020-11-27,13202222.0,215202.0,164289.2857142857,-0.0,341534041.0,481.0334139263316
United States,2020-11-28,13369711.0,167489.0,167698.2857142857,-0.0,341534041.0,491.0148494225374
United States,2020-11-29,13509384.0,139673.0,169950.42857142858,-0.0,341534041.0,497.6090467404641
United States,2020-11-30,13667915.0,158531.0,185166.42857142858,-0.0,341534041.0,542.1609747282222
United States,2020-12-01,13866746.0,198831.0,188013.85714285713,-0.0,341534041.0,550.4981482734752
United States,2020-12-02,14063762.0,197016.0,195504.42857142858,-0.0,341534041.0,572.4302854233748
United States,2020-12-03,14283185.0,219423.0,200998.42857142858,-0.0,341534041.0,588.5165296639598
United States,2020-12-04,14518319.0,235134.0,206385.57142857142,-0.0,341534041.0,604.2898998421402
United States,2020-12-05,14738242.0,219923.0,210481.0,-0.0,341534041.0,616.281174736547
United States,2020-12-06,14916373.0,178131.0,213155.14285714287,-0.0,341534041.0,624.1109736324728
United States,2020-12-07,15112614.0,196241.0,215491.42857142858,-0.0,341534041.0,630.9515383605016
United States,2020-12-08,15340113.0,227499.0,215744.0,-0.0,341534041.0,631.6910588716396
United States,2020-12-09,15555848.0,215735.0,216148.7142857143,-0.0,341534041.0,632.8760484689557
United States,2020-12-10,15791625.0,235777.0,217936.0,-0.0,341534041.0,638.1091599592556
United States,2020-12-11,16028527.0,236902.0,219953.14285714287,-0.0,341534041.0,644.0152853083914
United States,2020-12-12,16251283.0,222756.0,219913.42857142858,-0.0,341534041.0,643.89900323707
United States,2020-12-13,16441925.0,190642.0,222543.14285714287,-0.0,341534041.0,651.5987167942152
United States,2020-12-14,16652286.0,210361.0,223028.42857142858,-0.0,341534041.0,653.0196167808308
United States,2020-12-15,16879507.0,227221.0,224391.0,-0.0,341534041.0,657.0091793573222
United States,2020-12-16,17113650.0,234143.0,221858.0,-0.0,341534041.0,649.592641923503
United States,2020-12-17,17352824.0,239174.0,221219.0,-0.0,341534041.0,647.7216717615565
United States,2020-12-18,17599264.0,246440.0,219371.0,-0.0,341534041.0,642.3107909176175
United States,2020-12-19,17804289.0,205025.0,216309.42857142858,-0.0,341534041.0,633.3466144050589
United States,2020-12-20,17990458.0,186169.0,214401.42857142858,-0.0,341534041.0,627.7600556116413
United States,2020-12-21,18187883.0,197425.0,210461.57142857142,-0.0,341534041.0,616.2242885433825
United States,2020-12-22,18393673.0,205790.0,193187.85714285713,-0.0,341534041.0,565.6474434501747
United States,2020-12-23,18614460.0,220787.0,195036.85714285713,-0.0,341534041.0,571.0612522599384
United States,2020-12-24,18826055.0,211595.0,187896.0,-0.0,341534041.0,550.1530665869994
United States,2020-12-25,18951579.0,125524.0,184640.0,-0.0,341534041.0,540.619609861964
United States,2020-12-26,19169547.0,217968.0,184790.14285714287,-0.0,341534041.0,541.0592230164924
United States,2020-12-27,19305730.0,136183.0,184498.85714285713,-0.0,341534041.0,540.2063483998572
United States,2020-12-28,19480363.0,174633.0,199117.57142857142,-0.0,341534041.0,583.0094442286396
United States,2020-12-29,19687204.0,206841.0,206545.57142857142,-0.0,341534041.0,604.758374374083
United States,2020-12-30,19905952.0,218748.0,214353.57142857142,-0.0,341534041.0,627.6199315328905
United States,2020-12-31,20219878.0,313926.0,223929.2857142857,-0.0,341534041.0,655.6572957080015
United States,2021-01-01,20397398.0,177520.0,225657.85714285713,-0.0,341534041.0,660.7184937763119
United States,2021-01-02,20670022.0,272624.0,229272.2857142857,-0.0,341534041.0,671.3014171090656
United States,2021-01-03,20873235.0,203213.0,235124.7142857143,-0.0,341534041.0,688.437127957369
United States,2021-01-04,21059968.0,186733.0,231001.42857142858,-0.0,341534041.0,676.3642883007043
United States,2021-01-05,21292110.0,232142.0,248907.14285714287,-0.0,341534041.0,728.7916077950862
United States,2021-01-06,21551825.0,259715.0,247604.2857142857,-0.0,341534041.0,724.9768866064092
United States,2021-01-07,21836888.0,285063.0,248566.14285714287,-0.0,341534041.0,727.7931714488831
United States,2021-01-08,22139748.0,302860.0,251104.57142857142,-0.0,341534041.0,735.2256035543215
United States,2021-01-09,22403252.0,263504.0,249715.14285714287,-0.0,341534041.0,731.1574041813972
United States,2021-01-10,22613198.0,209946.0,245280.85714285713,-0.0,341534041.0,718.1739671532687
United States,2021-01-11,22817700.0,204502.0,238118.14285714287,-0.0,341534041.0,697.2017845130198
United States,2021-01-12,23040116.0,222416.0,229757.57142857142,-0.0,341534041.0,672.7223170956812
United States,2021-01-13,23268791.0,228675.0,223111.57142857142,-0.0,341534041.0,653.2630562251081
United States,2021-01-14,23503715.0,234924.0,218285.7142857143,-0.0,341534041.0,639.1331114362164
United States,2021-01-15,23748051.0,244336.0,209254.57142857142,-0.0,341534041.0,612.6902337930392
United States,2021-01-16,23965033.0,216982.0,199911.42857142858,-0.0,341534041.0,585.3338308125736
United States,2021-01-17,24141198.0,176165.0,194053.2857142857,-0.0,341534041.0,568.1813887309866
United States,2021-01-18,24282482.0,141284.0,187925.14285714287,-0.0,341534041.0,550.2383958767462
United States,2021-01-19,24439496.0,157014.0,180356.57142857142,-0.0,341534041.0,528.0778773925244
United States,2021-01-20,24627164.0,187668.0,174693.2857142857,-0.0,341534041.0,511.49597036591064
United States,2021-01-21,24819191.0,192027.0,169497.57142857142,-0.0,341534041.0,496.28309650273314
United States,2021-01-22,25010547.0,191356.0,167881.7142857143,-0.0,341534041.0,491.5519220109432
United States,2021-01-23,25187886.0,177339.0,167064.57142857142,-0.0,341534041.0,489.15935565137835
United States,2021-01-24,25327681.0,139795.0,162421.2857142857,-0.0,341534041.0,475.5639737658997
United States,2021-01-25,25457654.0,129973.0,158805.2857142857,-0.0,341534041.0,464.9764493439929
United States,2021-01-26,25608948.0,151294.0,154797.14285714287,-0.0,341534041.0,453.2407440379943
United States,2021-01-27,25764113.0,155165.0,150950.0,-0.0,341534041.0,441.97644122976305
United States,2021-01-28,25930828.0,166715.0,147060.85714285713,-0.0,341534041.0,430.58916385689685
United States,2021-01-29,26094127.0,163299.0,146466.42857142858,-0.0,341534041.0,428.8486973145631
United States,2021-01-30,26244536.0,150409.0,141623.0,-0.0,341534041.0,414.6673039833239
United States,2021-01-31,26357107.0,112571.0,137224.42857142858,-0.0,341534041.0,401.7884371632185
United States,2021-02-01,26482919.0,125812.0,131215.57142857142,-0.0,341534041.0,384.1947088037746
United States,2021-02-02,26600309.0,117390.0,126516.71428571429,-0.0,341534041.0,370.43661567461237
United States,2021-02-03,26724684.0,124375.0,121641.14285714286,-0.0,341534041.0,356.16110915615246
United States,2021-02-04,26849337.0,124653.0,118298.0,-0.0,341534041.0,346.372501123541
United States,2021-02-05,26979744.0,130407.0,112205.14285714286,-0.0,341534041.0,328.53282363482725
United States,2021-02-06,27096024.0,116280.0,109114.85714285714,-0.0,341534041.0,319.48457267501817
United States,2021-02-07,27185193.0,89169.0,105017.71428571429,-0.0,341534041.0,307.4882784106264
United States,2021-02-08,27268355.0,83162.0,102374.71428571429,-0.0,341534041.0,299.74966473609663
United States,2021-02-09,27364113.0,95758.0,97967.85714285714,-0.0,341534041.0,286.8465376277299
United States,2021-02-10,27459808.0,95695.0,94263.28571428571,-0.0,341534041.0,275.99967908992625
United States,2021-02-11,27565960.0,106152.0,91266.28571428571,-0.0,341534041.0,267.2245655134731
United States,2021-02-12,27665519.0,99559.0,87400.85714285714,-0.0,341534041.0,255.9067227587342
United States,2021-02-13,27755867.0,90348.0,82269.42857142857,-0.0,341534041.0,240.88207526999796
United States,2021-02-14,27824057.0,68190.0,78456.57142857143,-0.0,341534041.0,229.71815986146876
United States,2021-02-15,27880161.0,56104.0,73613.42857142857,-0.0,341534041.0,215.53760309189374
United States,2021-02-16,27939999.0,59838.0,70087.0,-0.0,341534041.0,205.21234075170855
United States,2021-02-17,28009004.0,69005.0,67691.71428571429,-0.0,341534041.0,198.19902604002596
United States,2021-02-18,28081254.0,72250.0,65843.57142857143,-0.0,341534041.0,192.7877269152548
United States,2021-02-19,28156128.0,74874.0,65836.71428571429,-0.0,341534041.0,192.76764943531438
United States,2021-02-20,28229709.0,73581.0,67835.57142857143,-0.0,341534041.0,198.62023483794235
United States,2021-02-21,28284962.0,55253.0,68689.28571428571,-0.0,341534041.0,201.1198810905227
United States,2021-02-22,28341018.0,56056.0,69376.42857142857,-0.0,341534041.0,203.1318118928841
United States,2021-02-23,28414848.0,73830.0,69383.42857142857,-0.0,341534041.0,203.1523076536566
United States,2021-02-24,28489829.0,74981.0,68990.42857142857,-0.0,341534041.0,202.00161708457216
United States,2021-02-25,28566889.0,77060.0,68476.57142857143,-0.0,341534041.0,200.4970609315381
United States,2021-02-26,28641812.0,74923.0,67628.85714285714,-0.0,341534041.0,198.01498247390555
United States,2021-02-27,28712642.0,70830.0,65464.0,-0.0,341534041.0,191.67635474438697
United States,2021-02-28,28764298.0,51656.0,64333.57142857143,-0.0,341534041.0,188.36649852004484
United States,2021-03-01,28814420.0,50122.0,63102.28571428572,-0.0,341534041.0,184.76133602824592
United States,2021-03-02,28873096.0,58676.0,61996.42857142857,-0.0,341534041.0,181.52342410702357
United States,2021-03-03,28940164.0,67068.0,60558.28571428572,-0.0,341534041.0,177.31259097035576
United States,2021-03-04,29008605.0,68441.0,59113.71428571428,-0.0,341534041.0,173.08293519624382
United States,2021-03-05,29075787.0,67182.0,58346.0,-0.0,341534041.0,170.8350940045827
United States,2021-03-06,29136550.0,60763.0,57939.57142857143,-0.0,341534041.0,169.6450850372816
United States,2021-03-07,29178094.0,41544.0,56604.142857142855,-0.0,341534041.0,165.7349958188878
United States,2021-03-08,29222842.0,44748.0,55649.0,-0.0,341534041.0,162.93837017552227
United States,2021-03-09,29278673.0,55831.0,54947.857142857145,-0.0,341534041.0,160.88544785161588
United States,2021-03-10,29336393.0,57720.0,54304.28571428572,-0.0,341534041.0,159.00109270304247
United States,2021-03-11,29398148.0,61755.0,53878.857142857145,-0.0,341534041.0,157.75545238507323
United States,2021-03-12,29460422.0,62274.0,54848.71428571428,-0.0,341534041.0,160.5951609541442
United States,2021-03-13,29516680.0,56258.0,54741.28571428572,-0.0,341534041.0,160.2806137684112
United States,2021-03-14,29555246.0,38566.0,55049.71428571428,-0.0,341534041.0,161.18368208489733
United States,2021-03-15,29606783.0,51537.0,55113.71428571428,-0.0,341534041.0,161.37107189767443
United States,2021-03-16,29661862.0,55079.0,54918.857142857145,-0.0,341534041.0,160.80053684270126
United States,2021-03-17,29721741.0,59879.0,55205.857142857145,-0.0,341534041.0,161.64086303437364
United States,2021-03-18,29783944.0,62203.0,54755.28571428572,-0.0,341534041.0,160.3216052899562
United States,2021-03-19,29844854.0,60910.0,54312.42857142857,-0.0,341534041.0,159.0249347104717
United States,2021-03-20,29903121.0,58267.0,53976.28571428572,-0.0,341534041.0,158.04071991255978
United States,2021-03-21,29938533.0,35412.0,57968.57142857143,-0.0,341534041.0,169.72999604619625
United States,2021-03-22,29986970.0,48437.0,58709.42857142857,-0.0,341534041.0,171.89920044142414
United States,2021-03-23,30039696.0,52726.0,60885.71428571428,-0.0,341534041.0,178.27129063751008
United States,2021-03-24,30127521.0,87825.0,61675.0,-0.0,341534041.0,180.5822922348171
United States,2021-03-25,30194910.0,67389.0,63240.71428571428,-0.0,341534041.0,185.16665015454282
United States,2021-03-26,30271054.0,76144.0,65841.57142857143,-0.0,341534041.0,192.78187098360553
United States,2021-03-27,30334846.0,63792.0,67198.14285714286,-0.0,341534041.0,196.7538657651489
United States,2021-03-28,30381218.0,46372.0,64566.28571428572,-0.0,341534041.0,189.0478779955223
United States,2021-03-29,30447861.0,66643.0,65917.14285714286,-0.0,341534041.0,193.00314154378202
United States,2021-03-30,30510083.0,62222.0,65591.42857142857,-0.0,341534041.0,192.0494612466128
United States,2021-03-31,30579485.0,69402.0,65693.85714285714,-0.0,341534041.0,192.34936860322262
United States,2021-04-01,30656330.0,76845.0,64478.857142857145,-0.0,341534041.0,188.79189012628214
United States,2021-04-02,30730194.0,73864.0,64704.71428571428,-0.0,341534041.0,189.45319212181923
United States,2021-04-03,30794703.0,64509.0,64872.28571428572,-0.0,341534041.0,189.9438355378629
United States,2021-04-04,30832570.0,37867.0,65777.57142857143,-0.0,341534041.0,192.5944811708284
United States,2021-04-05,30900794.0,68224.0,66206.0,-0.0,341534041.0,193.84890538627158
United States,2021-04-06,30964189.0,63395.0,67712.85714285714,-0.0,341534041.0,198.26093160317552
United States,2021-04-07,31039928.0,75739.0,68549.28571428571,-0.0,341534041.0,200.7099658750728
United States,2021-04-08,31119772.0,79844.0,69901.28571428571,-0.0,341534041.0,204.66857566998925
United States,2021-04-09,31204184.0,84412.0,69183.85714285714,-0.0,341534041.0,202.56796933122442
United States,2021-04-10,31274548.0,70364.0,71657.85714285714,-0.0,341534041.0,209.8117567813896
United States,2021-04-11,31321879.0,47331.0,71546.85714285714,-0.0,341534041.0,209.4867525748543
United States,2021-04-12,31385081.0,63202.0,70744.57142857143,-0.0,341534041.0,207.13768742182697
United States,2021-04-13,31465794.0,80713.0,70506.85714285714,-0.0,341534041.0,206.44166811722624
United States,2021-04-14,31540756.0,74962.0,68366.85714285714,-0.0,341534041.0,200.17582125249163
United States,2021-04-15,31614984.0,74228.0,67865.71428571429,-0.0,341534041.0,198.7084920935137
United States,2021-04-16,31697732.0,82748.0,67384.71428571429,-0.0,341534041.0,197.30014053186076
United States,2021-04-17,31753116.0,55384.0,64772.71428571428,-0.0,341534041.0,189.6522937978949
United States,2021-04-18,31796939.0,43823.0,63305.28571428572,-0.0,341534041.0,185.3557130906483
United States,2021-04-19,31856774.0,59835.0,62160.28571428572,-0.0,341534041.0,182.0031922214328
United States,2021-04-20,31919203.0,62429.0,59289.142857142855,-0.0,341534041.0,173.59658405805254
United States,2021-04-21,31983893.0,64690.0,59135.28571428572,-0.0,341534041.0,173.1460956018897
United States,2021-04-22,32050106.0,66213.0,57790.28571428572,-0.0,341534041.0,169.20798156774575
United States,2021-04-23,32112756.0,62650.0,55426.42857142857,-0.0,341534041.0,162.2866886391233
United States,2021-04-24,32167063.0,54307.0,53944.71428571428,-0.0,341534041.0,157.9482798486675
United States,2021-04-25,32201471.0,34408.0,52679.57142857143,-0.0,341534041.0,154.24398479966285
United States,2021-04-26,32244759.0,43288.0,51460.42857142857,-0.0,341534041.0,150.67437617859173
United States,2021-04-27,32296816.0,52057.0,50757.0,-0.0,341534041.0,148.61476136137188
United States,2021-04-28,32352650.0,55834.0,49880.42857142857,-0.0,341534041.0,146.04819017565683
United States,2021-04-29,32410329.0,57679.0,49335.857142857145,-0.0,341534041.0,144.45370364372303
United States,2021-04-30,32468055.0,57726.0,49637.57142857143,-0.0,341534041.0,145.3371127611008
United States,2021-05-01,32516226.0,48171.0,48304.71428571428,-0.0,341534041.0,141.43455259768464
United States,2021-05-02,32546822.0,30596.0,46870.57142857143,-0.0,341534041.0,137.2354313243154
United States,2021-05-03,32592222.0,45400.0,45194.28571428572,-0.0,341534041.0,132.32732404055068
United States,2021-05-04,32634949.0,42727.0,43828.42857142857,-0.0,341534041.0,128.3281410049213
United States,2021-05-05,32680744.0,45795.0,41941.71428571428,-0.0,341534041.0,122.80390605548536
United States,2021-05-06,32726689.0,45945.0,40819.28571428572,-0.0,341534041.0,119.51747355774037
United States,2021-05-07,32774854.0,48165.0,39018.71428571428,-0.0,341534041.0,114.24546195005576
United States,2021-05-08,32809818.0,34964.0,37954.857142857145,-0.0,341534041.0,111.1305245934684
United States,2021-05-09,32832557.0,22739.0,36550.0,-0.0,341534041.0,107.01715089067798
United States,2021-05-10,32865353.0,32796.0,35398.28571428572,-0.0,341534041.0,103.64497082235418
United States,2021-05-11,32900633.0,35280.0,34457.857142857145,-0.0,341534041.0,100.89142810469409
United States,2021-05-12,32936594.0,35961.0,33817.42857142857,-0.0,341534041.0,99.0162751344267
United States,2021-05-13,32974477.0,37883.0,33087.857142857145,-0.0,341534041.0,96.88011492493406
United States,2021-05-14,33016059.0,41582.0,32050.0,-0.0,341534041.0,93.8413046797874
United States,2021-05-15,33046540.0,30481.0,31155.428571428572,-0.0,341534041.0,91.22203010922877
United States,2021-05-16,33064172.0,17632.0,30167.285714285714,-0.0,341534041.0,88.32878159365004
United States,2021-05-17,33089703.0,25531.0,29041.85714285714,-0.0,341534041.0,85.0335651984311
United States,2021-05-18,33118721.0,29018.0,27196.571428571428,-0.0,341534041.0,79.63063169030178
United States,2021-05-19,33147765.0,29044.0,25830.285714285714,-0.0,341534041.0,75.63019381217615
United States,2021-05-20,33177770.0,30005.0,25281.14285714286,-0.0,341534041.0,74.02232229361542
United States,2021-05-21,33206435.0,28665.0,24799.285714285714,-0.0,341534041.0,72.61146104696988
United States,2021-05-22,33227352.0,20917.0,24054.714285714286,-0.0,341534041.0,70.43138135010761
United States,2021-05-23,33241140.0,13788.0,23384.285714285714,-0.0,341534041.0,68.46838940510095
United States,2021-05-24,33263298.0,22158.0,22890.14285714286,-0.0,341534041.0,67.02155600689555
United States,2021-05-25,33287104.0,23806.0,21926.0,-0.0,341534041.0,64.19857867110822
United States,2021-05-26,33311455.0,24351.0,20791.285714285714,-0.0,341534041.0,60.87617402180334
United States,2021-05-27,33338001.0,26546.0,19851.0,-0.0,341534041.0,58.12304958497534
United States,2021-05-28,33359917.0,21916.0,17592.714285714286,-0.0,341534041.0,51.510866191268725
United States,2021-05-29,33372891.0,12974.0,17205.14285714286,-0.0,341534041.0,50.37607029380377
United States,2021-05-30,33380097.0,7206.0,16096.57142857143,-0.0,341534041.0,47.130211036771676
United States,2021-05-31,33386447.0,6350.0,14871.285714285714,-0.0,341534041.0,43.542616339920606
United States,2021-06-01,33407540.0,21093.0,14242.285714285714,-0.0,341534041.0,41.70092583622056
United States,2021-06-02,33424131.0,16591.0,14554.142857142857,-0.0,341534041.0,42.61403289267689
United States,2021-06-03,33442100.0,17969.0,14367.0,-0.0,341534041.0,42.066085002636676
United States,2021-06-04,33459613.0,17513.0,15486.42857142857,-0.0,341534041.0,45.34373360290774
United States,2021-06-05,33474770.0,15157.0,14301.57142857143,-0.0,341534041.0,41.87451238153865
United States,2021-06-06,33480666.0,5896.0,14531.57142857143,-0.0,341534041.0,42.54794452120639
United States,2021-06-07,33494852.0,14186.0,14038.42857142857,-0.0,341534041.0,41.10403908882562
United States,2021-06-08,33507651.0,12799.0,15037.142857142857,-0.0,341534041.0,44.028240385979146
United States,2021-06-09,33525852.0,18201.0,14132.0,-0.0,341534041.0,41.378013033845725
United States,2021-06-10,33540369.0,14517.0,14008.142857142857,-0.0,341534041.0,41.01536355242216
United States,2021-06-11,33564873.0,24504.0,13682.285714285714,-0.0,341534041.0,40.061264974420844
United States,2021-06-12,33573694.0,8821.0,13374.285714285714,-0.0,341534041.0,39.159451500431004
United States,2021-06-13,33578723.0,5029.0,12453.285714285714,-0.0,341534041.0,36.4627949759354
United States,2021-06-14,33590628.0,11905.0,12025.42857142857,-0.0,341534041.0,35.21004388382056
United States,2021-06-15,33601271.0,10643.0,11522.857142857143,-0.0,341534041.0,33.73853191652174
United States,2021-06-16,33613025.0,11754.0,11532.57142857143,-0.0,341534041.0,33.76697501310397
United States,2021-06-17,33624547.0,11522.0,11518.285714285714,-0.0,341534041.0,33.7251469298948
United States,2021-06-18,33645533.0,20986.0,11350.142857142857,-0.0,341534041.0,33.23283039052279
United States,2021-06-19,33654422.0,8889.0,11368.285714285714,-0.0,341534041.0,33.28595205619844
United States,2021-06-20,33659351.0,4929.0,11473.42857142857,-0.0,341534041.0,33.593806748617986
United States,2021-06-21,33670079.0,10728.0,11855.285714285714,-0.0,341534041.0,34.71187141279927
United States,2021-06-22,33680849.0,10770.0,12358.57142857143,-0.0,341534041.0,36.18547478425856
United States,2021-06-23,33693339.0,12490.0,12380.857142857143,-0.0,341534041.0,36.25072659406488
United States,2021-06-24,33707534.0,14195.0,12342.714285714286,-0.0,341534041.0,36.13904561189637
United States,2021-06-25,33732043.0,24509.0,12776.57142857143,-0.0,341534041.0,37.409364498959064
United States,2021-06-26,33741088.0,9045.0,12313.857142857143,-0.0,341534041.0,36.054552883813834
United States,2021-06-27,33745750.0,4662.0,12712.285714285714,-0.0,341534041.0,37.221138124517765
United States,2021-06-28,33759515.0,13765.0,12816.714285714286,-0.0,341534041.0,37.526901412776844
United States,2021-06-29,33767046.0,7531.0,13543.42857142857,-0.0,341534041.0,39.654696005627656
United States,2021-06-30,33782325.0,15279.0,13006.42857142857,-0.0,341534041.0,38.0823783577947
United States,2021-07-01,33797251.0,14926.0,12950.57142857143,-0.0,341534041.0,37.91883055244683
United States,2021-07-02,33826847.0,29596.0,12293.42857142857,-0.0,341534041.0,35.994738724824714
United States,2021-07-03,33832133.0,5286.0,14441.57142857143,-0.0,341534041.0,42.284427596988586
United States,2021-07-04,33836404.0,4271.0,15135.857142857143,-0.0,341534041.0,44.31727244095456
United States,2021-07-05,33845569.0,9165.0,15987.0,-0.0,341534041.0,46.80938963855729
United States,2021-07-06,33868137.0,22568.0,18469.571428571428,-0.0,341534041.0,54.07827393864797
United States,2021-07-07,33888276.0,20139.0,19149.0,-0.0,341534041.0,56.06761757607641
United States,2021-07-08,33909160.0,20884.0,20220.0,-0.0,341534041.0,59.20346897426836
United States,2021-07-09,33956134.0,46974.0,23148.0,-0.0,341534041.0,67.77655290882117
United States,2021-07-10,33966176.0,10042.0,23710.428571428572,-0.0,341534041.0,69.42332454476646
United States,2021-07-11,33977944.0,11768.0,25279.14285714286,-0.0,341534041.0,74.01646636196612
United States,2021-07-12,34007605.0,29661.0,26857.428571428572,-0.0,341534041.0,78.63763299491593
United States,2021-07-13,34034110.0,26505.0,31294.14285714286,-0.0,341534041.0,91.62818079718987
United States,2021-07-14,34065230.0,31120.0,31869.714285714286,-0.0,341534041.0,93.31343426968759
United States,2021-07-15,34097162.0,31932.0,33100.57142857143,-0.0,341534041.0,96.91734191899023
United States,2021-07-16,34175193.0,78031.0,35893.71428571428,-0.0,341534041.0,105.09556874804841
United States,2021-07-17,34189264.0,14071.0,37810.857142857145,-0.0,341534041.0,110.70889751471991
United States,2021-07-18,34209648.0,20384.0,40201.42857142857,-0.0,341534041.0,117.70840895894348
United States,2021-07-19,34258861.0,49213.0,43700.71428571428,-0.0,341534041.0,127.95419794103124
United States,2021-07-20,34298786.0,39925.0,49807.857142857145,-0.0,341534041.0,145.83570351295418
United States,2021-07-21,34346640.0,47854.0,51997.0,-0.0,341534041.0,152.2454389839284
United States,2021-07-22,34403067.0,56427.0,53178.42857142857,-0.0,341534041.0,155.7046214653273
United States,2021-07-23,34523848.0,120781.0,57367.71428571428,-0.0,341534041.0,167.97070686641828
United States,2021-07-24,34553243.0,29395.0,60971.42857142857,-0.0,341534041.0,178.52225913676514
United States,2021-07-25,34581897.0,28654.0,64645.142857142855,-0.0,341534041.0,189.27876901483697
United States,2021-07-26,34660435.0,78538.0,66920.71428571429,-0.0,341534041.0,195.9415643892267
United States,2021-07-27,34725586.0,65151.0,76974.28571428571,-0.0,341534041.0,225.3780779476846
United States,2021-07-28,34799156.0,73570.0,79165.85714285714,-0.0,341534041.0,231.7949241928044
United States,2021-07-29,34871512.0,72356.0,81560.14285714286,-0.0,341534041.0,238.80531093866236
United States,2021-07-30,35062668.0,191156.0,85693.85714285714,-0.0,341534041.0,250.90868509606966
United States,2021-07-31,35107404.0,44736.0,90397.85714285714,-0.0,341534041.0,264.6818363351873
United States,2021-08-01,35152818.0,45414.0,94517.14285714286,-0.0,341534041.0,276.7429641285533
United States,2021-08-02,35260292.0,107474.0,99838.28571428571,-0.0,341534041.0,292.32308856230736
United States,2021-08-03,35358371.0,98079.0,108524.42857142857,-0.0,341534041.0,317.7558179959829
United States,2021-08-04,35460776.0,102405.0,111266.0,-0.0,341534041.0,325.78304544465595
United States,2021-08-05,35570380.0,109604.0,109883.14285714286,-0.0,341534041.0,321.7340869900077
United States,2021-08-06,35822339.0,251959.0,117157.14285714286,-0.0,341534041.0,343.03211039845615
United States,2021-08-07,35886266.0,63927.0,120048.85714285714,-0.0,341534041.0,351.4989510016577
United States,2021-08-08,35922000.0,35734.0,127490.14285714286,-0.0,341534041.0,373.28678126448557
United States,2021-08-09,36080392.0,158392.0,132381.85714285713,-0.0,341534041.0,387.60955351697174
United States,2021-08-10,36198713.0,118321.0,128775.14285714286,-0.0,341534041.0,377.04921734915104
United States,2021-08-11,36353207.0,154494.0,130247.85714285714,-0.0,341534041.0,381.361274447185
United States,2021-08-12,36497053.0,143846.0,131985.7142857143,-0.0,341534041.0,386.4496607695813
United States,2021-08-13,36723765.0,226712.0,136975.7142857143,-0.0,341534041.0,401.0602102345467
United States,2021-08-14,36798001.0,74236.0,141677.0,-0.0,341534041.0,414.8254141378546
United States,2021-08-15,36845900.0,47899.0,143500.57142857142,-0.0,341534041.0,420.1647689595059
United States,2021-08-16,37039222.0,193322.0,145147.7142857143,-0.0,341534041.0,424.98754695352403
United States,2021-08-17,37190452.0,151230.0,146903.57142857142,-0.0,341534041.0,430.12863666076385
United States,2021-08-18,37357711.0,167259.0,149668.2857142857,-0.0,341534041.0,438.2236256042358
United States,2021-08-19,37513087.0,155376.0,149313.57142857142,-0.0,341534041.0,437.18503429815195
United States,2021-08-20,37752090.0,239003.0,151148.42857142858,-0.0,341534041.0,442.5574333055386
United States,2021-08-21,37845679.0,93589.0,151718.85714285713,-0.0,341534041.0,444.2276286680809
United States,2021-08-22,37891095.0,45416.0,153418.14285714287,-0.0,341534041.0,449.20307916581254
United States,2021-08-23,38097261.0,206166.0,157477.42857142858,-0.0,341534041.0,461.08852900970004
United States,2021-08-24,38252484.0,155223.0,157383.42857142858,-0.0,341534041.0,460.81330022218367
United States,2021-08-25,38431638.0,179154.0,155454.2857142857,-0.0,341534041.0,455.16483586561645
United States,2021-08-26,38615429.0,183791.0,156570.57142857142,-0.0,341534041.0,458.43328228758145
United States,2021-08-27,38853774.0,238345.0,159678.0,-0.0,341534041.0,467.5317269472415
United States,2021-08-28,38933859.0,80085.0,163229.14285714287,-0.0,341534041.0,477.9293518713786
United States,2021-08-29,38987089.0,53230.0,164833.85714285713,-0.0,341534041.0,482.62790045826534
United States,2021-08-30,39215007.0,227918.0,164175.14285714287,-0.0,341534041.0,480.69920754149035
United States,2021-08-31,39395088.0,180081.0,163713.7142857143,-0.0,341534041.0,479.34816045383394
United States,2021-09-01,39585475.0,190387.0,164754.42857142858,-0.0,341534041.0,482.39533631562244
United States,2021-09-02,39764655.0,179180.0,166399.14285714287,-0.0,341534041.0,487.2110035354949
United States,2021-09-03,39999770.0,235115.0,146701.85714285713,-0.0,341534041.0,429.53802412585026
United States,2021-09-04,40087140.0,87370.0,150988.0,-0.0,341534041.0,442.0877039310995
United States,2021-09-05,40151883.0,64743.0,149164.7142857143,-0.0,341534041.0,436.74918567111234
United States,2021-09-06,40241920.0,90037.0,147382.7142857143,-0.0,341534041.0,431.53155057159967
United States,2021-09-07,40452004.0,210084.0,148322.0,-0.0,341534041.0,434.281747042603
United States,2021-09-08,40629628.0,177624.0,148779.85714285713,-0.0,341534041.0,435.6223371094571
United States,2021-09-09,40796334.0,166706.0,146619.42857142858,-0.0,341534041.0,429.2966760857334
United States,2021-09-10,41038024.0,241690.0,163426.0,-0.0,341534041.0,478.5057428580011
United States,2021-09-11,41128599.0,90575.0,154215.2857142857,-0.0,341534041.0,451.53708620888455
United States,2021-09-12,41178219.0,49620.0,153585.14285714287,-0.0,341534041.0,449.69204945852783
United States,2021-09-13,41385902.0,207683.0,152434.7142857143,-0.0,341534041.0,446.3236339176928
United States,2021-09-14,41531511.0,145609.0,147997.57142857142,-0.0,341534041.0,433.33183127292256
United States,2021-09-15,41704724.0,173213.0,145960.14285714287,-0.0,341534041.0,427.3663100456299
United States,2021-09-16,41863377.0,158653.0,145447.42857142858,-0.0,341534041.0,425.8651001392525
United States,2021-09-17,42074007.0,210630.0,139975.7142857143,-0.0,341534041.0,409.84410770847376
United States,2021-09-18,42150320.0,76313.0,136585.7142857143,-0.0,341534041.0,399.91830356293616
United States,2021-09-19,42196351.0,46031.0,130645.42857142857,-0.0,341534041.0,382.5253500028964
United States,2021-09-20,42365732.0,169381.0,126420.14285714286,-0.0,341534041.0,370.1538578321183
United States,2021-09-21,42487611.0,121879.0,121268.57142857143,-0.0,341534041.0,355.0702327460572
United States,2021-09-22,42619242.0,131631.0,119211.71428571429,-0.0,341534041.0,349.04782532559994
United States,2021-09-23,42748318.0,129076.0,120586.85714285714,-0.0,341534041.0,353.07419661531526
United States,2021-09-24,42922887.0,174569.0,118375.42857142857,-0.0,341534041.0,346.59920933453475
United States,2021-09-25,42984802.0,61915.0,117136.85714285714,-0.0,341534041.0,342.9727145202991
United States,2021-09-26,43040459.0,55657.0,115743.85714285714,-0.0,341534041.0,338.89405812657236
United States,2021-09-27,43194360.0,153901.0,113039.71428571429,-0.0,341534041.0,330.9764202559073
United States,2021-09-28,43307569.0,113209.0,110220.14285714286,-0.0,341534041.0,322.72081147291215
United States,2021-09-29,43429449.0,121880.0,108488.85714285714,-0.0,341534041.0,317.6516660687921
United States,2021-09-30,43539596.0,110147.0,107143.28571428571,-0.0,341534041.0,313.71187891131973
United States,2021-10-01,43694428.0,154832.0,105238.0,-0.0,341534041.0,308.1332674537119
United States,2021-10-02,43744224.0,49796.0,102716.42857142857,-0.0,341534041.0,300.7501924864601
United States,2021-10-03,43790462.0,46238.0,101412.0,-0.0,341534041.0,296.93087020863027
United States,2021-10-04,43931026.0,140564.0,100120.71428571429,-0.0,341534041.0,293.1500297673528
United States,2021-10-05,44026584.0,95558.0,96653.42857142857,-0.0,341534041.0,282.99793569165354
United States,2021-10-06,44139333.0,112749.0,95308.28571428571,-0.0,341534041.0,279.0594033766775
United States,2021-10-07,44240441.0,101108.0,94562.71428571429,-0.0,341534041.0,276.87639571399063
United States,2021-10-08,44371002.0,130561.0,87745.57142857143,-0.0,341534041.0,256.9160344065716
United States,2021-10-09,44411382.0,40380.0,89952.28571428571,-0.0,341534041.0,263.37721841989304
United States,2021-10-10,44452401.0,41019.0,89319.14285714286,-0.0,341534041.0,261.52339777206237
United States,2021-10-11,44545245.0,92844.0,87187.14285714286,-0.0,341534041.0,255.28097463392487
United States,2021-10-12,44656250.0,111005.0,84071.42857142857,-0.0,341534041.0,246.15826968600348
United States,2021-10-13,44764567.0,108317.0,84215.71428571429,-0.0,341534041.0,246.58073332641618
United States,2021-10-14,44850751.0,86184.0,83097.42857142857,-0.0,341534041.0,243.30643097280182
United States,2021-10-15,44959502.0,108751.0,83638.42857142857,-0.0,341534041.0,244.8904604839333
United States,2021-10-16,45000892.0,41390.0,79584.85714285714,-0.0,341534041.0,233.02174187332955
United States,2021-10-17,45034083.0,33191.0,77287.14285714286,-0.0,341534041.0,226.2941129699656
United States,2021-10-18,45130714.0,96631.0,76022.57142857143,-0.0,341534041.0,222.5914910442893
United States,2021-10-19,45213344.0,82630.0,74186.57142857143,-0.0,341534041.0,217.21574579024596
United States,2021-10-20,45305577.0,92233.0,73178.14285714286,-0.0,341534041.0,214.26310139651017
United States,2021-10-21,45382909.0,77332.0,71432.42857142857,-0.0,341534041.0,209.15170962834875
United States,2021-10-22,45478808.0,95899.0,73267.0,-0.0,341534041.0,214.52327207407126
United States,2021-10-23,45513139.0,34331.0,71129.28571428571,-0.0,341534041.0,208.26411770265005
United States,2021-10-24,45534110.0,20971.0,72591.28571428571,-0.0,341534041.0,212.54480373827715
United States,2021-10-25,45643583.0,109473.0,72195.0,-0.0,341534041.0,211.38449271005462
United States,2021-10-26,45711249.0,67666.0,72026.14285714286,-0.0,341534041.0,210.89008476652216
United States,2021-10-27,45813716.0,102467.0,72313.0,-0.0,341534041.0,211.72999267736242
United States,2021-10-28,45888274.0,74558.0,74178.71428571429,-0.0,341534041.0,217.1927403444809
United States,2021-10-29,45982991.0,94717.0,74231.14285714286,-0.0,341534041.0,217.34624940985856
United States,2021-10-30,46019330.0,36339.0,74577.85714285714,-0.0,341534041.0,218.36141698934526
United States,2021-10-31,46053361.0,34031.0,72327.57142857143,-0.0,341534041.0,211.7726573222358
United States,2021-11-01,46163201.0,109840.0,73281.0,-0.0,341534041.0,214.5642635956162
United States,2021-11-02,46233294.0,70093.0,73620.0,-0.0,341534041.0,215.55684401016998
United States,2021-11-03,46320009.0,86715.0,73756.42857142857,-0.0,341534041.0,215.9563022048176
United States,2021-11-04,46401241.0,81232.0,74465.14285714286,-0.0,341534041.0,218.03139341282485
United States,2021-11-05,46498331.0,97090.0,74106.57142857143,-0.0,341534041.0,216.98150852427455
United States,2021-11-06,46535625.0,37294.0,75521.57142857143,-0.0,341534041.0,221.1245801661435
United States,2021-11-07,46574617.0,38992.0,76724.28571428571,-0.0,341534041.0,224.64608649152402
United States,2021-11-08,46681947.0,107330.0,73359.14285714286,-0.0,341534041.0,214.79306321077044
United States,2021-11-09,46761945.0,79998.0,80077.85714285714,-0.0,341534041.0,234.46522902487823
United States,2021-11-10,46857079.0,95134.0,81349.14285714286,-0.0,341534041.0,238.1875101496628
United States,2021-11-11,46914755.0,57676.0,80622.0,-0.0,341534041.0,236.05846071431574
United States,2021-11-12,47058876.0,144121.0,84011.57142857143,-0.0,341534041.0,245.9830100173571
United States,2021-11-13,47105069.0,46193.0,85152.0,-0.0,341534041.0,249.3221458999456
United States,2021-11-14,47138971.0,33902.0,87619.42857142857,-0.0,341534041.0,256.5466924318346
United States,2021-11-15,47270028.0,131057.0,94891.85714285714,-0.0,341534041.0,277.84011475113
United States,2021-11-16,47358009.0,87981.0,92341.85714285714,-0.0,341534041.0,270.373801898292
United States,2021-11-17,47470415.0,112406.0,92493.71428571429,-0.0,341534041.0,270.8184344228056
United States,2021-11-18,47578998.0,108583.0,93583.28571428571,-0.0,341534041.0,274.00866232916945
United States,2021-11-19,47705269.0,126271.0,94988.85714285714,-0.0,341534041.0,278.1241274361203
United States,2021-11-20,47752525.0,47256.0,95523.28571428571,-0.0,341534041.0,279.6889160289756
United States,2021-11-21,47794054.0,41529.0,95404.0,-0.0,341534041.0,279.33965153417904
United States,2021-11-22,47934950.0,140896.0,85186.0,-0.0,341534041.0,249.42169673798344
United States,2021-11-23,48026672.0,91722.0,74960.57142857143,-0.0,341534041.0,219.48199133851912
United States,2021-11-24,48138243.0,111571.0,72276.42857142857,-0.0,341534041.0,211.62291278434694
United States,2021-11-25,48175300.0,37057.0,72789.85714285714,-0.0,341534041.0,213.12621409488474
United States,2021-11-26,48229993.0,54693.0,79111.85714285714,-0.0,341534041.0,231.6368140382737
United States,2021-11-27,48258460.0,28467.0,82809.57142857143,-0.0,341534041.0,242.46359509613694
United States,2021-11-28,48303583.0,45123.0,86442.42857142857,-0.0,341534041.0,253.10047665623046
United States,2021-11-29,48488733.0,185150.0,100850.42857142857,-0.0,341534041.0,295.28660825767747
United States,2021-11-30,48606339.0,117606.0,115608.28571428571,-0.0,341534041.0,338.49710961691727
United States,2021-12-01,48743340.0,137001.0,121228.42857142857,-0.0,341534041.0,354.9526958322393
United States,2021-12-02,48881253.0,137913.0,122862.57142857143,-0.0,341534041.0,359.7374102705371
United States,2021-12-03,49039251.0,157998.0,121401.0,-0.0,341534041.0,355.4579790774062
United States,2021-12-04,49107059.0,67808.0,120667.0,-0.0,341534041.0,353.30885216211874
United States,2021-12-05,49163621.0,56562.0,122435.14285714286,-0.0,341534041.0,358.4859140209185
United States,2021-12-06,49338540.0,174919.0,120438.14285714286,-0.0,341534041.0,352.63876626910775
United States,2021-12-07,49451008.0,112468.0,120354.85714285714,-0.0,341534041.0,352.39490854399827
United States,2021-12-08,49600386.0,149378.0,118916.85714285714,-0.0,341534041.0,348.18449368816255
United States,2021-12-09,49724320.0,123934.0,118464.71428571429,-0.0,341534041.0,346.86063485459215
United States,2021-12-10,49881735.0,157415.0,119655.28571428571,-0.0,341534041.0,350.34658730924485
United States,2021-12-11,49939477.0,57742.0,119781.28571428571,-0.0,341534041.0,350.71551100314974
United States,2021-12-12,49992874.0,53397.0,119243.71428571429,-0.0,341534041.0,349.14152023198847
United States,2021-12-13,50176127.0,183253.0,121851.85714285714,-0.0,341534041.0,356.7780733834878
United States,2021-12-14,50289477.0,113350.0,126865.14285714286,-0.0,341534041.0,371.4568026240841
United States,2021-12-15,50435092.0,145615.0,130285.0,-0.0,341534041.0,381.4700274635289
United States,2021-12-16,50577283.0,142191.0,135645.2857142857,-0.0,341534041.0,397.1647608452761
United States,2021-12-17,50769791.0,192508.0,143918.14285714287,-0.0,341534041.0,421.38740383171023
United States,2021-12-18,50851472.0,81681.0,153764.42857142858,-0.0,341534041.0,450.216991902803
United States,2021-12-19,50942391.0,90919.0,168370.0,-0.0,341534041.0,492.9816058950329
United States,2021-12-20,51183554.0,241163.0,187255.42857142858,-0.0,341534041.0,548.2774953359
United States,2021-12-21,51365828.0,182274.0,195221.14285714287,-0.0,341534041.0,571.6008345333368
United States,2021-12-22,51613682.0,247854.0,196168.85714285713,-0.0,341534041.0,574.3757095734336
United States,2021-12-23,51888071.0,274389.0,209397.7142857143,-0.0,341534041.0,613.1093511867952
United States,2021-12-24,52136339.0,248268.0,247241.7142857143,-0.0,341534041.0,723.9152898545602
United States,2021-12-25,52224654.0,88315.0,274411.0,-0.0,341534041.0,803.4660299059325
United States,2021-12-26,52408175.0,183521.0,312006.14285714284,-0.0,341534041.0,913.5433233641938
United States,2021-12-27,52914246.0,506071.0,358229.0,-0.0,341534041.0,1048.8822693958052
United States,2021-12-28,53286705.0,372459.0,395911.14285714284,-0.0,341534041.0,1159.2142958808106
United States,2021-12-29,53797725.0,511020.0,410756.28571428574,-0.0,341534041.0,1202.6803668284583
United States,2021-12-30,54395674.0,597949.0,426859.4285714286,-0.0,341534041.0,1249.8298187835064
United States,2021-12-31,54907717.0,512043.0,503533.85714285716,-0.0,341534041.0,1474.3299252646302
United States,2022-01-01,55099948.0,192231.0,568727.0,-0.0,341534041.0,1665.2132195513711
United States,2022-01-02,55396191.0,296243.0,592264.4285714285,-0.0,341534041.0,1734.1300060084743
United States,2022-01-03,56438983.0,1042792.0,627501.1428571428,-0.0,341534041.0,1837.301901209733
United States,2022-01-04,57267794.0,828811.0,679922.8571428572,-0.0,341534041.0,1990.79088910747
United States,2022-01-05,57943576.0,675782.0,710843.5714285715,-0.0,341534041.0,2081.325683809572
United States,2022-01-06,58788182.0,844606.0,739010.5714285715,-0.0,341534041.0,2163.7976971922735
United States,2022-01-07,59667177.0,878995.0,783541.0,-0.0,341534041.0,2294.1812702060934
United States,2022-01-08,60075853.0,408676.0,777455.8571428572,-0.0,341534041.0,2276.3641798823123
United States,2022-01-09,60569265.0,493412.0,802896.5714285715,-0.0,341534041.0,2350.8537218653746
United States,2022-01-10,61923770.0,1354505.0,805851.2857142857,-0.0,341534041.0,2359.5050243155283
United States,2022-01-11,62709985.0,786215.0,805873.5714285715,-0.0,341534041.0,2359.570276125335
United States,2022-01-12,63563852.0,853867.0,806962.8571428572,-0.0,341534041.0,2362.7596674700344
United States,2022-01-13,64429141.0,865289.0,805918.2857142857,-0.0,341534041.0,2359.7011980257794
United States,2022-01-14,65308292.0,879151.0,706738.7142857143,-0.0,341534041.0,2069.306802380247
United States,2022-01-15,65724593.0,416301.0,756257.4285714285,-0.0,341534041.0,2214.2959054890475
United States,2022-01-16,66210693.0,486100.0,764253.7142857143,-0.0,341534041.0,2237.7087567845524
United States,2022-01-17,66870941.0,660248.0,745052.2857142857,-0.0,341534041.0,2181.487630143098
United States,2022-01-18,68003787.0,1132846.0,734564.5714285715,-0.0,341534041.0,2150.7799611359133
United States,2022-01-19,68913628.0,909841.0,719372.8571428572,-0.0,341534041.0,2106.299140889611
United States,2022-01-20,69644507.0,730879.0,702918.4285714285,-0.0,341534041.0,2058.1211363684492
United States,2022-01-21,70450244.0,805737.0,738418.2857142857,-0.0,341534041.0,2162.063504862421
United States,2022-01-22,70760203.0,309959.0,646905.7142857143,-0.0,341534041.0,1894.1178231944216
United States,2022-01-23,71131122.0,370919.0,613656.7142857143,-0.0,341534041.0,1796.765887490888
United States,2022-01-24,72039869.0,908747.0,581143.2857142857,-0.0,341534041.0,1701.5676797917947
United States,2022-01-25,72532127.0,492258.0,553559.0,-0.0,341534041.0,1620.801833923196
United States,2022-01-26,73209225.0,677098.0,535375.1428571428,-0.0,341534041.0,1567.5601216487314
United States,2022-01-27,73712510.0,503285.0,511102.5714285714,-0.0,341534041.0,1496.490862029684
United States,2022-01-28,74325157.0,612647.0,457754.71428571426,-0.0,341534041.0,1340.2901594974958
United States,2022-01-29,74507829.0,182672.0,434066.0,-0.0,341534041.0,1270.9304136392072
United States,2022-01-30,74708840.0,201011.0,384065.85714285716,-0.0,341534041.0,1124.5317041262576
United States,2022-01-31,75244152.0,535312.0,351257.0,-0.0,341534041.0,1028.468491666399
United States,2022-02-01,75570589.0,326437.0,314413.0,-0.0,341534041.0,920.590518823276
United States,2022-02-02,75897686.0,327097.0,300948.4285714286,-0.0,341534041.0,881.166713836963
United States,2022-02-03,76171309.0,273623.0,284378.5714285714,-0.0,341534041.0,832.6507384034713
United States,2022-02-04,76526048.0,354739.0,256846.85714285713,-0.0,341534041.0,752.0388198810822
United States,2022-02-05,76614468.0,88420.0,240758.2857142857,-0.0,341534041.0,704.9320325709077
United States,2022-02-06,76699490.0,85022.0,220766.0,-0.0,341534041.0,646.3953032429936
United States,2022-02-07,77042080.0,342590.0,206014.85714285713,-0.0,341534041.0,603.204461082862
United States,2022-02-08,77255897.0,213817.0,185076.2857142857,-0.0,341534041.0,541.8970395231722
United States,2022-02-09,77443048.0,187151.0,179986.85714285713,-0.0,341534041.0,526.995366599071
United States,2022-02-10,77613413.0,170365.0,176297.42857142858,-0.0,341534041.0,516.1928458294691
United States,2022-02-11,77821582.0,208169.0,151241.57142857142,-0.0,341534041.0,442.83015240806236
United States,2022-02-12,77874376.0,52794.0,136465.2857142857,-0.0,341534041.0,399.5656928214828
United States,2022-02-13,77933572.0,59196.0,125987.57142857143,-0.0,341534041.0,368.88730347254443
United States,2022-02-14,78100771.0,167199.0,116116.57142857143,-0.0,341534041.0,339.9853528174998
United States,2022-02-15,78211154.0,110383.0,106933.42857142857,-0.0,341534041.0,313.09742436897693
United States,2022-02-16,78324961.0,113807.0,103985.42857142857,-0.0,341534041.0,304.4657811179313
United States,2022-02-17,78426229.0,101268.0,98892.0,-0.0,341534041.0,289.55239633053156
United States,2022-02-18,78570116.0,143887.0,86384.28571428571,-0.0,341534041.0,252.93023635756916
United States,2022-02-19,78602274.0,32158.0,83355.57142857143,-0.0,341534041.0,244.06226443639167
United States,2022-02-20,78625816.0,23542.0,79103.71428571429,-0.0,341534041.0,231.61297203084447
United States,2022-02-21,78705461.0,79645.0,74140.85714285714,-0.0,341534041.0,217.08189592397656
United States,2022-02-22,78794643.0,89182.0,64105.857142857145,-0.0,341534041.0,187.69975887369054
United States,2022-02-23,78878687.0,84044.0,66346.42857142857,-0.0,341534041.0,194.26007544421776
United States,2022-02-24,78945215.0,66528.0,65630.85714285714,-0.0,341534041.0,192.16490675627014
United States,2022-02-25,79018857.0,73642.0,68076.42857142857,-0.0,341534041.0,199.32545632084904
United States,2022-02-26,79066699.0,47842.0,61972.42857142857,-0.0,341534041.0,181.45315292723214
United States,2022-02-27,79085232.0,18533.0,57541.0,-0.0,341534041.0,168.4780815157456
United States,2022-02-28,79181996.0,96764.0,54963.71428571428,-0.0,341534041.0,160.93187702397805
United States,2022-03-01,79228450.0,46454.0,51678.142857142855,-0.0,341534041.0,151.31183616669958
United States,2022-03-02,79281474.0,53024.0,47024.57142857143,-0.0,341534041.0,137.68633806131035
United States,2022-03-03,79329961.0,48487.0,46180.42857142857,-0.0,341534041.0,135.2147166244801
United States,2022-03-04,79380604.0,50643.0,41119.0,-0.0,341534041.0,120.39502674346889
United States,2022-03-05,79395871.0,15267.0,38673.57142857143,-0.0,341534041.0,113.23489545972205
United States,2022-03-06,79408495.0,12624.0,36369.42857142857,-0.0,341534041.0,106.488443918914
United States,2022-03-07,79469829.0,61334.0,35966.71428571428,-0.0,341534041.0,105.30931025324729
United States,2022-03-08,79499165.0,29336.0,35697.71428571428,-0.0,341534041.0,104.5216874464185
United States,2022-03-09,79536060.0,36895.0,35019.28571428572,-0.0,341534041.0,102.53527177481473
United States,2022-03-10,79581728.0,45668.0,34831.28571428572,-0.0,341534041.0,101.98481419978197
United States,2022-03-11,79630488.0,48760.0,30965.0,-0.0,341534041.0,90.66446176005044
United States,2022-03-12,79641006.0,10518.0,30133.14285714286,-0.0,341534041.0,88.2288124747801
United States,2022-03-13,79652314.0,11308.0,32181.714285714286,-0.0,341534041.0,94.22695960697601
United States,2022-03-14,79686584.0,34270.0,33089.857142857145,-0.0,341534041.0,96.88597085658336
United States,2022-03-15,79710097.0,23513.0,30643.0,-0.0,341534041.0,89.7216567645156
United States,2022-03-16,79761332.0,51235.0,30729.285714285714,-0.0,341534041.0,89.97429838709904
United States,2022-03-17,79813357.0,52025.0,30780.285714285714,-0.0,341534041.0,90.1236246441558
United States,2022-03-18,79844989.0,31632.0,31748.14285714286,-0.0,341534041.0,92.9574772815775
United States,2022-03-19,79856111.0,11122.0,31421.85714285714,-0.0,341534041.0,92.0021238610799
United States,2022-03-20,79867776.0,11665.0,29802.571428571428,-0.0,341534041.0,87.26091062931975
United States,2022-03-21,79908821.0,41045.0,28377.714285714286,-0.0,341534041.0,83.0889776100365
United States,2022-03-22,79930050.0,21229.0,30203.85714285714,-0.0,341534041.0,88.43586148666552
United States,2022-03-23,79969950.0,39900.0,30000.0,-0.0,341534041.0,87.83897473927057
United States,2022-03-24,80012001.0,42051.0,30053.0,-0.0,341534041.0,87.99415692797662
United States,2022-03-25,80056416.0,44415.0,29576.85714285714,-0.0,341534041.0,86.60002691461476
United States,2022-03-26,80066111.0,9695.0,29838.285714285714,-0.0,341534041.0,87.3654808373427
United States,2022-03-27,80078147.0,12036.0,29583.571428571428,-0.0,341534041.0,86.61968611372308
United States,2022-03-28,80115859.0,37712.0,29940.571428571428,-0.0,341534041.0,87.66496991312039
United States,2022-03-29,80138918.0,23059.0,28047.428571428572,-0.0,341534041.0,82.12191232624033
United States,2022-03-30,80177035.0,38117.0,28388.14285714286,-0.0,341534041.0,83.1195121107792
United States,2022-03-31,80221585.0,44550.0,27385.0,-0.0,341534041.0,80.18234410783083
United States,2022-04-01,80252748.0,31163.0,27443.0,-0.0,341534041.0,80.35216612566008
United States,2022-04-02,80264828.0,12080.0,27716.0,-0.0,341534041.0,81.15150079578744
United States,2022-04-03,80269842.0,5014.0,27975.0,-0.0,341534041.0,81.90984394436981
United States,2022-04-04,80307960.0,38118.0,28706.714285714286,-0.0,341534041.0,84.05227836634383
United States,2022-04-05,80332930.0,24970.0,34708.857142857145,-0.0,341534041.0,101.62634752667933
United States,2022-04-06,80372860.0,39930.0,34848.28571428572,-0.0,341534041.0,102.0345896188009
United States,2022-04-07,80422532.0,49672.0,35533.0,-0.0,341534041.0,104.03940964701671
United States,2022-04-08,80495710.0,73178.0,35532.42857142857,-0.0,341534041.0,104.03773652368835
United States,2022-04-09,80508766.0,13056.0,36997.142857142855,-0.0,341534041.0,108.3263698951252
United States,2022-04-10,80518573.0,9807.0,39302.57142857143,-0.0,341534041.0,115.07658596342209
United States,2022-04-11,80556687.0,38114.0,39042.71428571428,-0.0,341534041.0,114.31573312984717
United States,2022-04-12,80591910.0,35223.0,33512.857142857145,-0.0,341534041.0,98.12450040040707
United States,2022-04-13,80647978.0,56068.0,33479.0,-0.0,341534041.0,98.02536784320132
United States,2022-04-14,80695831.0,47853.0,33209.857142857145,-0.0,341534041.0,97.23732675554044
United States,2022-04-15,80730300.0,34469.0,36272.28571428572,-0.0,341534041.0,106.2040129530916
United States,2022-04-16,80743119.0,12819.0,36740.28571428572,-0.0,341534041.0,107.57430095902421
United States,2022-04-17,80751042.0,7923.0,38412.57142857143,-0.0,341534041.0,112.4706963794904
United States,2022-04-18,80810593.0,59551.0,40216.857142857145,-0.0,341534041.0,117.75358328880941
United States,2022-04-19,80849092.0,38499.0,47946.42857142857,-0.0,341534041.0,140.38550427079852
United States,2022-04-20,80916866.0,67774.0,49072.71428571428,-0.0,341534041.0,143.68323035100997
United States,2022-04-21,80977349.0,60483.0,49938.42857142857,-0.0,341534041.0,146.21801219348606
United States,2022-04-22,81065925.0,88576.0,51117.42857142857,-0.0,341534041.0,149.6700839007394
United States,2022-04-23,81086628.0,20703.0,52030.42857142857,-0.0,341534041.0,152.34331669863786
United States,2022-04-24,81100611.0,13983.0,55178.71428571428,-0.0,341534041.0,161.56138967627618
United States,2022-04-25,81168415.0,67804.0,57534.57142857143,-0.0,341534041.0,168.45925887830148
United States,2022-04-26,81213305.0,44890.0,53631.28571428572,-0.0,341534041.0,157.0305717030582
United States,2022-04-27,81303117.0,89812.0,54259.0,-0.0,341534041.0,158.8684976792694
United States,2022-04-28,81380091.0,76974.0,54741.857142857145,-0.0,341534041.0,160.28228689173957
United States,2022-04-29,81441344.0,61253.0,58466.0,-0.0,341534041.0,171.18644990353977
United States,2022-04-30,81466441.0,25097.0,59148.0,-0.0,341534041.0,173.18332259594587
United States,2022-05-01,81483804.0,17363.0,62367.57142857143,-0.0,341534041.0,182.61011770879796
United States,2022-05-02,81577677.0,93873.0,63973.142857142855,-0.0,341534041.0,187.31117598067732
United States,2022-05-03,81627341.0,49664.0,73658.71428571429,-0.0,341534041.0,215.67019811566686
United States,2022-05-04,81739690.0,112349.0,74223.57142857143,-0.0,341534041.0,217.32408052575772
United States,2022-05-05,81827903.0,88213.0,72687.85714285714,-0.0,341534041.0,212.82756158077123
United States,2022-05-06,81956955.0,129052.0,77731.42857142857,-0.0,341534041.0,227.59496635777094
United States,2022-05-07,81986006.0,29051.0,80710.71428571429,-0.0,341534041.0,236.31821311104474
United States,2022-05-08,81992619.0,6613.0,87663.85714285714,-0.0,341534041.0,256.6767777706151
United States,2022-05-09,82121797.0,129178.0,90110.57142857143,-0.0,341534041.0,263.84067358185075
United States,2022-05-10,82192316.0,70519.0,84140.42857142857,-0.0,341534041.0,246.36029932790376
United States,2022-05-11,82353337.0,161021.0,82631.42857142857,-0.0,341534041.0,241.94199889851848
United States,2022-05-12,82458677.0,105340.0,86419.42857142857,-0.0,341534041.0,253.0331334422637
United States,2022-05-13,82545938.0,87261.0,93240.28571428571,-0.0,341534041.0,273.0043700513171
United States,2022-05-14,82564426.0,18488.0,95355.57142857143,-0.0,341534041.0,279.1978543320999
United States,2022-05-15,82597555.0,33129.0,101471.57142857143,-0.0,341534041.0,297.1052933156125
United States,2022-05-16,82774479.0,176924.0,105787.14285714286,-0.0,341534041.0,309.74113897227267
United States,2022-05-17,82859805.0,85326.0,114575.71428571429,-0.0,341534041.0,335.47377576255803
United States,2022-05-18,83063638.0,203833.0,115956.57142857143,-0.0,341534041.0,339.516878285557
United States,2022-05-19,83199187.0,135549.0,113106.28571428571,-0.0,341534041.0,331.1713391236621
United States,2022-05-20,83347968.0,148781.0,109145.71428571429,-0.0,341534041.0,319.57492133475
United States,2022-05-21,83376122.0,28154.0,108936.28571428571,-0.0,341534041.0,318.9617216349035
United States,2022-05-22,83389299.0,13177.0,109923.0,-0.0,341534041.0,321.8507873421613
United States,2022-05-23,83538499.0,149200.0,109920.28571428571,-0.0,341534041.0,321.84284000635154
United States,2022-05-24,83622359.0,83860.0,104070.42857142857,-0.0,341534041.0,304.71465821302587
United States,2022-05-25,83833099.0,210740.0,102087.42857142857,-0.0,341534041.0,298.9085019827601
United States,2022-05-26,83968629.0,135530.0,101223.14285714286,-0.0,341534041.0,296.37790294860497
United States,2022-05-27,84076461.0,107832.0,88839.14285714286,-0.0,341534041.0,260.11797417623404
United States,2022-05-28,84090734.0,14273.0,100740.71428571429,-0.0,341534041.0,294.96536857863106
United States,2022-05-29,84097861.0,7127.0,103309.71428571429,-0.0,341534041.0,302.4873127821373
United States,2022-05-30,84160373.0,62512.0,101422.57142857143,-0.0,341534041.0,296.96182299020506
United States,2022-05-31,84327544.0,167171.0,108444.57142857143,-0.0,341534041.0,317.5219990108436
United States,2022-06-01,84556267.0,228723.0,110426.28571428571,-0.0,341534041.0,323.3243907136206
United States,2022-06-02,84678587.0,122320.0,111748.42857142857,-0.0,341534041.0,327.19557981462987
United States,2022-06-03,84835573.0,156986.0,125649.85714285714,-0.0,341534041.0,367.8984875854795
United States,2022-06-04,84863718.0,28145.0,114144.42857142857,-0.0,341534041.0,334.21098593047293
United States,2022-06-05,84880100.0,16382.0,109841.0,-0.0,341534041.0,321.6106941445406
United States,2022-06-06,85039922.0,159822.0,111215.14285714286,-0.0,341534041.0,325.63413746843133
United States,2022-06-07,85126555.0,86633.0,103954.42857142857,-0.0,341534041.0,304.37501417736735
United States,2022-06-08,85325154.0,198599.0,104990.14285714286,-0.0,341534041.0,307.4075502100327
United States,2022-06-09,85457093.0,131939.0,105203.28571428571,-0.0,341534041.0,308.0316252115136
United States,2022-06-10,85563254.0,106161.0,104024.28571428571,-0.0,341534041.0,304.5795535042603
United States,2022-06-11,85598649.0,35395.0,104530.57142857143,-0.0,341534041.0,306.0619407731935
United States,2022-06-12,85616523.0,17874.0,102571.85714285714,-0.0,341534041.0,300.3268922843833
United States,2022-06-13,85768092.0,151569.0,102299.28571428571,-0.0,341534041.0,299.5288124567522
United States,2022-06-14,85858269.0,90177.0,106963.71428571429,-0.0,341534041.0,313.18609990538044
United States,2022-06-15,86043157.0,184888.0,104449.28571428571,-0.0,341534041.0,305.82393897973327
United States,2022-06-16,86173188.0,130031.0,104488.71428571429,-0.0,341534041.0,305.9393844893906
United States,2022-06-17,86312000.0,138812.0,96556.42857142857,-0.0,341534041.0,282.71392300666326
United States,2022-06-18,86329794.0,17794.0,99557.71428571429,-0.0,341534041.0,291.50158500807913
United States,2022-06-19,86347944.0,18150.0,99625.14285714286,-0.0,341534041.0,291.6990135608264
United States,2022-06-20,86443987.0,96043.0,100864.57142857143,-0.0,341534041.0,295.3280180600546
United States,2022-06-21,86555173.0,111186.0,97778.14285714286,-0.0,341534041.0,286.29106068271204
United States,2022-06-22,86740533.0,185360.0,101109.71428571429,-0.0,341534041.0,296.04578796792407
United States,2022-06-23,86879240.0,138707.0,101725.71428571429,-0.0,341534041.0,297.84941491590376
United States,2022-06-24,86996447.0,117207.0,110853.14285714286,-0.0,341534041.0,324.5742138399108
United States,2022-06-25,87037562.0,41115.0,108942.28571428571,-0.0,341534041.0,318.97928942985135
United States,2022-06-26,87060024.0,22462.0,109589.85714285714,-0.0,341534041.0,320.87535644172334
United States,2022-06-27,87219959.0,159935.0,113739.28571428571,-0.0,341534041.0,333.02474149066074
United States,2022-06-28,87317769.0,97810.0,119400.85714285714,-0.0,341534041.0,349.60162914728943
United States,2022-06-29,87507662.0,189893.0,116467.14285714286,-0.0,341534041.0,341.01181397945294
United States,2022-06-30,87675415.0,167753.0,114495.28571428571,-0.0,341534041.0,335.2382836540903
United States,2022-07-01,87832253.0,156838.0,102569.85714285714,-0.0,341534041.0,300.32103635273404
United States,2022-07-02,87852832.0,20579.0,108799.28571428571,-0.0,341534041.0,318.56059031692746
United States,2022-07-03,87861491.0,8659.0,110300.85714285714,-0.0,341534041.0,322.95714014304406
United States,2022-07-04,87937948.0,76457.0,106202.0,-0.0,341534041.0,310.95582650866714
United States,2022-07-05,88079364.0,141416.0,103469.0,-0.0,341534041.0,302.95369590991953
United States,2022-07-06,88279768.0,200404.0,104715.0,-0.0,341534041.0,306.6019413274239
United States,2022-07-07,88418829.0,139061.0,107016.28571428571,-0.0,341534041.0,313.34002725159013
United States,2022-07-08,88556536.0,137707.0,124790.28571428571,-0.0,341534041.0,365.38169181878334
United States,2022-07-09,88585837.0,29301.0,125759.57142857143,-0.0,341534041.0,368.219727264526
United States,2022-07-10,88610605.0,24768.0,126318.57142857143,-0.0,341534041.0,369.85646016050106
United States,2022-07-11,88811480.0,200875.0,131517.2857142857,-0.0,341534041.0,385.07811792115245
United States,2022-07-12,88959681.0,148201.0,133729.57142857142,-0.0,341534041.0,391.55561488692547
United States,2022-07-13,89163998.0,204317.0,135179.7142857143,-0.0,341534041.0,395.801583613489
United States,2022-07-14,89339450.0,175452.0,135903.7142857143,-0.0,341534041.0,397.9214308705301
United States,2022-07-15,89492643.0,153193.0,130756.85714285714,-0.0,341534041.0,382.851609051928
United States,2022-07-16,89532095.0,39452.0,126327.71428571429,-0.0,341534041.0,369.8832301337549
United States,2022-07-17,89561931.0,29836.0,128054.28571428571,-0.0,341534041.0,374.93857227041593
United States,2022-07-18,89726778.0,164847.0,128098.28571428571,-0.0,341534041.0,375.06740276670024
United States,2022-07-19,89843975.0,117197.0,124985.57142857143,-0.0,341534041.0,365.9534817162528
United States,2022-07-20,90060378.0,216403.0,123149.71428571429,-0.0,341534041.0,360.5781547430415
United States,2022-07-21,90236138.0,175760.0,122243.28571428571,-0.0,341534041.0,357.92416286341927
United States,2022-07-22,90367542.0,131404.0,125816.42857142857,-0.0,341534041.0,368.38620303569843
United States,2022-07-23,90394143.0,26601.0,127944.71428571429,-0.0,341534041.0,374.6177508722016
United States,2022-07-24,90417634.0,23491.0,131283.85714285713,-0.0,341534041.0,384.3946470415145
United States,2022-07-25,90607493.0,189859.0,131514.85714285713,-0.0,341534041.0,385.07100714700687
United States,2022-07-26,90739588.0,132095.0,135490.7142857143,-0.0,341534041.0,396.7121809849528
United States,2022-07-27,90979365.0,239777.0,134008.7142857143,-0.0,341534041.0,392.3729356328328
United States,2022-07-28,91156742.0,177377.0,132541.57142857142,-0.0,341534041.0,388.0771914872504
United States,2022-07-29,91315977.0,159235.0,129677.57142857143,-0.0,341534041.0,379.69149736547473
United States,2022-07-30,91332204.0,16227.0,123797.57142857143,-0.0,341534041.0,362.4750583165777
United States,2022-07-31,91345425.0,13221.0,118172.14285714286,-0.0,341534041.0,346.0039957104682
United States,2022-08-01,91515236.0,169811.0,119593.0,-0.0,341534041.0,350.1642168664528
United States,2022-08-02,91606171.0,90935.0,112004.85714285714,-0.0,341534041.0,327.9463939082346
United States,2022-08-03,91806570.0,200399.0,111849.71428571429,-0.0,341534041.0,327.49214092458294
United States,2022-08-04,91993893.0,187323.0,111780.57142857143,-0.0,341534041.0,327.28969300185054
United States,2022-08-05,92100011.0,106118.0,109692.28571428571,-0.0,341534041.0,321.1752637983331
United States,2022-08-06,92115152.0,15141.0,110952.85714285714,-0.0,341534041.0,324.8661738607109
United States,2022-08-07,92127889.0,12737.0,110392.85714285714,-0.0,341534041.0,323.2265129989111
United States,2022-08-08,92283082.0,155193.0,106914.85714285714,-0.0,341534041.0,313.043047860805
United States,2022-08-09,92382841.0,99759.0,105562.85714285714,-0.0,341534041.0,309.08443806588855
United States,2022-08-10,92579320.0,196479.0,115373.57142857143,-0.0,341534041.0,337.8098742097905
United States,2022-08-11,92742297.0,162977.0,114957.0,-0.0,341534041.0,336.5901673034109
United States,2022-08-12,92838951.0,96654.0,110314.71428571429,-0.0,341534041.0,322.99771338375695
United States,2022-08-13,92922767.0,83816.0,109174.42857142857,-0.0,341534041.0,319.65899578200043
United States,2022-08-14,92932588.0,9821.0,100659.28571428571,-0.0,341534041.0,294.72694850433874
United States,2022-08-15,93055285.0,122697.0,98680.85714285714,-0.0,341534041.0,288.9341772606999
United States,2022-08-16,93147062.0,91777.0,95951.57142857143,-0.0,341534041.0,280.94292196358674
United States,2022-08-17,93283935.0,136873.0,85580.14285714286,-0.0,341534041.0,250.5757335537246
United States,2022-08-18,93433063.0,149128.0,85587.85714285714,-0.0,341534041.0,250.59832071865756
United States,2022-08-19,93510612.0,77549.0,86481.0,-0.0,341534041.0,253.21341248089527
United States,2022-08-20,93521828.0,11216.0,87553.71428571429,-0.0,341534041.0,256.35428324907235
United States,2022-08-21,93531703.0,9875.0,89670.28571428571,-0.0,341534041.0,262.5515320573439
United States,2022-08-22,93660652.0,128949.0,88317.85714285714,-0.0,341534041.0,258.5916674199312
United States,2022-08-23,93759938.0,99286.0,94485.14285714286,-0.0,341534041.0,276.6492692221648
United States,2022-08-24,93911627.0,151689.0,94579.0,-0.0,341534041.0,276.92407972884905
United States,2022-08-25,94051288.0,139661.0,94385.85714285714,-0.0,341534041.0,276.35856404386095
United States,2022-08-26,94172008.0,120720.0,91124.14285714286,-0.0,341534041.0,266.80837608554185
United States,2022-08-27,94183881.0,11873.0,87728.14285714286,-0.0,341534041.0,256.8650041450564
United States,2022-08-28,94192404.0,8523.0,88089.71428571429,-0.0,341534041.0,257.92367293108066
United States,2022-08-29,94298521.0,106117.0,86826.28571428571,-0.0,341534041.0,254.22439725206104
United States,2022-08-30,94374035.0,75514.0,78814.71428571429,-0.0,341534041.0,230.76678990752282
United States,2022-08-31,94528255.0,154220.0,78759.71428571429,-0.0,341534041.0,230.6057517871675
United States,2022-09-01,94659072.0,130817.0,78611.0,-0.0,341534041.0,230.17032144095998
United States,2022-09-02,94723711.0,64639.0,68262.14285714286,-0.0,341534041.0,199.86922140256834
United States,2022-09-03,94735199.0,11488.0,73538.28571428571,-0.0,341534041.0,215.31758737421347
United States,2022-09-04,94742681.0,7482.0,69217.0,-0.0,341534041.0,202.66501048426971
United States,2022-09-05,94776356.0,33675.0,65846.57142857143,-0.0,341534041.0,192.7965108127287
United States,2022-09-06,94888803.0,112447.0,71006.71428571429,-0.0,341534041.0,207.90523274871535
United States,2022-09-07,95012774.0,123971.0,70817.0,-0.0,341534041.0,207.34975580369746
United States,2022-09-08,95119998.0,107224.0,71040.14285714286,-0.0,341534041.0,208.0031104634248
United States,2022-09-09,95220758.0,100760.0,76142.0,-0.0,341534041.0,222.941173819918
United States,2022-09-10,95230918.0,10160.0,71460.0,-0.0,341534041.0,209.23243782894252
United States,2022-09-11,95239962.0,9044.0,68492.85714285714,-0.0,341534041.0,200.54474494639658
United States,2022-09-12,95309350.0,69388.0,65123.28571428572,-0.0,341534041.0,190.6787549598481
United States,2022-09-13,95389023.0,79673.0,58762.71428571428,-0.0,341534041.0,172.05521919179435
United States,2022-09-14,95492224.0,103201.0,58535.71428571428,-0.0,341534041.0,171.39057094960054
United States,2022-09-15,95575861.0,83637.0,58028.142857142855,-0.0,341534041.0,169.9044191531785
United States,2022-09-16,95632097.0,56236.0,56071.42857142857,-0.0,341534041.0,164.17522659601764
United States,2022-09-17,95640668.0,8571.0,54584.142857142855,-0.0,341534041.0,159.82050485311024
United States,2022-09-18,95646159.0,5491.0,53893.142857142855,-0.0,341534041.0,157.7972804682824
United States,2022-09-19,95701850.0,55691.0,53526.42857142857,-0.0,341534041.0,156.72355357230282
United States,2022-09-20,95771112.0,69262.0,57390.42857142857,-0.0,341534041.0,168.03721351872088
United States,2022-09-21,95869476.0,98364.0,57560.0,-0.0,341534041.0,168.5337128664138
United States,2022-09-22,95950546.0,81070.0,57739.142857142855,-0.0,341534041.0,169.05823702985688
United States,2022-09-23,96033830.0,83284.0,56290.71428571428,-0.0,341534041.0,164.81728767327849
United States,2022-09-24,96043588.0,9758.0,55117.42857142857,-0.0,341534041.0,161.3819471993088
United States,2022-09-25,96050333.0,6745.0,53429.0,-0.0,341534041.0,156.43828604481627
United States,2022-09-26,96095885.0,45552.0,53924.142857142855,-0.0,341534041.0,157.8880474088463
United States,2022-09-27,96156934.0,61049.0,46821.42857142857,-0.0,341534041.0,137.09154271807586
United States,2022-09-28,96243479.0,86545.0,46576.71428571428,-0.0,341534041.0,136.37502765270267
United States,2022-09-29,96328015.0,84536.0,46453.71428571428,-0.0,341534041.0,136.01488785627166
United States,2022-09-30,96361580.0,33565.0,45873.42857142857,-0.0,341534041.0,134.3158311163149
United States,2022-10-01,96369625.0,8045.0,45060.57142857143,-0.0,341534041.0,131.93581318171277
United States,2022-10-02,96375509.0,5884.0,42893.71428571428,-0.0,341534041.0,125.59132952054487
United States,2022-10-03,96416999.0,41490.0,39526.28571428572,-0.0,341534041.0,115.73161374647782
United States,2022-10-04,96472358.0,55359.0,43065.0,-0.0,341534041.0,126.09284823822291
United States,2022-10-05,96543735.0,71377.0,43035.857142857145,-0.0,341534041.0,126.00751894847618
United States,2022-10-06,96604699.0,60964.0,43001.0,-0.0,341534041.0,125.90545842544579
United States,2022-10-07,96663035.0,58336.0,40370.0,-0.0,341534041.0,118.20198034081177
United States,2022-10-08,96670876.0,7841.0,41153.71428571428,-0.0,341534041.0,120.49666898566717
United States,2022-10-09,96676516.0,5640.0,40200.0,-0.0,341534041.0,117.70422615062257
United States,2022-10-10,96699589.0,23073.0,40579.57142857143,-0.0,341534041.0,118.81559832149038
United States,2022-10-11,96760434.0,60845.0,36113.57142857143,-0.0,341534041.0,105.73930294863764
United States,2022-10-12,96825135.0,64701.0,35863.0,-0.0,341534041.0,105.00563836914868
United States,2022-10-13,96888756.0,63621.0,36031.0,-0.0,341534041.0,105.4975366276886
United States,2022-10-14,96915830.0,27074.0,38299.42857142857,-0.0,341534041.0,112.13941796047374
United States,2022-10-15,96921917.0,6087.0,35845.0,-0.0,341534041.0,104.95293498430513
United States,2022-10-16,96928733.0,6816.0,35273.28571428572,-0.0,341534041.0,103.27897509427389
United States,2022-10-17,96967685.0,38952.0,34388.857142857145,-0.0,341534041.0,100.68939846279378
United States,2022-10-18,97011349.0,43664.0,37110.57142857143,-0.0,341534041.0,108.65848487580607
United States,2022-10-19,97072048.0,60699.0,37025.0,-0.0,341534041.0,108.4079346573831
United States,2022-10-20,97129478.0,57430.0,37284.857142857145,-0.0,341534041.0,109.16878749095802
United States,2022-10-21,97175604.0,46126.0,37346.71428571428,-0.0,341534041.0,109.34990309125374
United States,2022-10-22,97181092.0,5488.0,37366.57142857143,-0.0,341534041.0,109.4080441269145
United States,2022-10-23,97189727.0,8635.0,38915.28571428572,-0.0,341534041.0,113.94262662762134
United States,2022-10-24,97229112.0,39385.0,39188.57142857143,-0.0,341534041.0,114.74279785941287
United States,2022-10-25,97272915.0,43803.0,36948.0,-0.0,341534041.0,108.18248128888563
United States,2022-10-26,97344455.0,71540.0,37467.57142857143,-0.0,341534041.0,109.70376867520338
United States,2022-10-27,97403798.0,59343.0,36724.28571428572,-0.0,341534041.0,107.52745350582994
United States,2022-10-28,97434240.0,30442.0,37522.0,-0.0,341534041.0,109.86313367223035
United States,2022-10-29,97443365.0,9125.0,38260.142857142855,-0.0,341534041.0,112.0243907316485
United States,2022-10-30,97446797.0,3432.0,38617.142857142855,-0.0,341534041.0,113.0696745310458
United States,2022-10-31,97491766.0,44969.0,40259.857142857145,-0.0,341534041.0,117.87948581926902
United States,2022-11-01,97540736.0,48970.0,41440.857142857145,-0.0,341534041.0,121.33741345817164
United States,2022-11-02,97614775.0,74039.0,40894.57142857143,-0.0,341534041.0,119.73790755625272
United States,2022-11-03,97685617.0,70842.0,41565.857142857145,-0.0,341534041.0,121.70340918625193
United States,2022-11-04,97724326.0,38709.0,40952.857142857145,-0.0,341534041.0,119.90856613574617
United States,2022-11-05,97729627.0,5301.0,38450.857142857145,-0.0,341534041.0,112.582795642491
United States,2022-11-06,97737758.0,8131.0,41777.42857142857,-0.0,341534041.0,122.32288309857984
United States,2022-11-07,97778436.0,40678.0,41133.57142857143,-0.0,341534041.0,120.43769138834224
United States,2022-11-08,97809892.0,31456.0,37487.0,-0.0,341534041.0,109.76065486836787
United States,2022-11-09,97907217.0,97325.0,37482.857142857145,-0.0,341534041.0,109.74852472423721
United States,2022-11-10,97973552.0,66335.0,36699.28571428572,-0.0,341534041.0,107.45425436021388
United States,2022-11-11,97986735.0,13183.0,38090.0,-0.0,341534041.0,111.5262182606272
United States,2022-11-12,97992007.0,5272.0,42150.28571428572,-0.0,341534041.0,123.41459607033934
United States,2022-11-13,97994653.0,2646.0,40353.57142857143,-0.0,341534041.0,118.1538780451212
United States,2022-11-14,98045066.0,50413.0,38605.42857142857,-0.0,341534041.0,113.0353755028143
United States,2022-11-15,98104944.0,59878.0,44664.28571428572,-0.0,341534041.0,130.77550215349024
United States,2022-11-16,98189692.0,84748.0,44627.142857142855,-0.0,341534041.0,130.66674913714635
United States,2022-11-17,98243790.0,54098.0,44813.28571428572,-0.0,341534041.0,131.21176906136193
United States,2022-11-18,98299385.0,55595.0,43971.142857142855,-0.0,341534041.0,128.74600355618097
United States,2022-11-19,98304397.0,5012.0,43462.142857142855,-0.0,341534041.0,127.255668951438
United States,2022-11-20,98308346.0,3949.0,47561.0,-0.0,341534041.0,139.2569825858149
United States,2022-11-21,98352864.0,44518.0,42164.28571428572,-0.0,341534041.0,123.45558759188434
United States,2022-11-22,98409179.0,56315.0,37412.57142857143,-0.0,341534041.0,109.54273055484805
United States,2022-11-23,98522619.0,113440.0,37168.142857142855,-0.0,341534041.0,108.82705205113903
United States,2022-11-24,98538940.0,16321.0,37454.0,-0.0,341534041.0,109.66403199615466
United States,2022-11-25,98561273.0,22333.0,39998.57142857143,-0.0,341534041.0,117.11445017737319
United States,2022-11-26,98564574.0,3301.0,41590.0,-0.0,341534041.0,121.77409864687543
United States,2022-11-27,98570524.0,5950.0,41528.857142857145,-0.0,341534041.0,121.59507445074017
United States,2022-11-28,98632854.0,62330.0,52141.142857142855,-0.0,341534041.0,152.667484343509
United States,2022-11-29,98700309.0,67455.0,58148.57142857143,-0.0,341534041.0,170.25702989463187
United States,2022-11-30,98813321.0,113012.0,58694.857142857145,-0.0,341534041.0,171.8565357965508
United States,2022-12-01,98903928.0,90607.0,58638.0,-0.0,341534041.0,171.69006002537824
United States,2022-12-02,98968313.0,64385.0,57992.0,-0.0,341534041.0,169.7985941026593
United States,2022-12-03,98975438.0,7125.0,61925.71428571428,-0.0,341534041.0,181.31637509513814
United States,2022-12-04,98980990.0,5552.0,66558.28571428571,-0.0,341534041.0,194.88038591820987
United States,2022-12-05,99038798.0,57808.0,67789.57142857143,-0.0,341534041.0,198.48554841000882
United States,2022-12-06,99133789.0,94991.0,63812.142857142855,-0.0,341534041.0,186.8397734829099
United States,2022-12-07,99279229.0,145440.0,63821.142857142855,-0.0,341534041.0,186.86612517533166
United States,2022-12-08,99378455.0,99226.0,63930.0,-0.0,341534041.0,187.1848551693856
United States,2022-12-09,99414998.0,36543.0,64149.857142857145,-0.0,341534041.0,187.82858936997482
United States,2022-12-10,99422186.0,7188.0,63898.42857142857,-0.0,341534041.0,187.0924151054933
United States,2022-12-11,99428500.0,6314.0,64288.142857142855,-0.0,341534041.0,188.23348521543963
United States,2022-12-12,99487847.0,59347.0,66130.28571428571,-0.0,341534041.0,193.62721654526294
United States,2022-12-13,99581078.0,93231.0,68708.14285714286,-0.0,341534041.0,201.17509416035884
United States,2022-12-14,99729246.0,148168.0,68654.42857142857,-0.0,341534041.0,201.01782056749232
United States,2022-12-15,99841367.0,112121.0,68589.28571428571,-0.0,341534041.0,200.82708450805848
United States,2022-12-16,99895955.0,54588.0,68738.0,-0.0,341534041.0,201.26251485426604
United States,2022-12-17,99902767.0,6812.0,67122.71428571429,-0.0,341534041.0,196.53301348580445
United States,2022-12-18,99908625.0,5858.0,71973.42857142857,-0.0,341534041.0,210.7357391394803
United States,2022-12-19,99969013.0,60388.0,69691.0,-0.0,341534041.0,204.05286628515017
United States,2022-12-20,100050937.0,81924.0,67496.85714285714,-0.0,341534041.0,197.6284909850528
United States,2022-12-21,100233060.0,182123.0,67455.42857142857,-0.0,341534041.0,197.50718954374614
United States,2022-12-22,100329204.0,96144.0,67077.71428571429,-0.0,341534041.0,196.40125502369554
United States,2022-12-23,100368433.0,39229.0,60226.857142857145,-0.0,341534041.0,176.34217943990288
United States,2022-12-24,100374955.0,6522.0,64371.28571428572,-0.0,341534041.0,188.47692465971707
United States,2022-12-25,100378169.0,3214.0,54545.71428571428,-0.0,341534041.0,159.70798730927754
United States,2022-12-26,100390601.0,12432.0,55682.71428571428,-0.0,341534041.0,163.0370844518959
United States,2022-12-27,100501536.0,110935.0,55563.857142857145,-0.0,341534041.0,162.6890747995956
United States,2022-12-28,100614880.0,113344.0,55768.28571428572,-0.0,341534041.0,163.2876346703189
United States,2022-12-29,100718983.0,104103.0,55922.71428571428,-0.0,341534041.0,163.73979624981007
United States,2022-12-30,100757380.0,38397.0,55333.857142857145,-0.0,341534041.0,162.01564265992786
United States,2022-12-31,100765333.0,7953.0,52172.57142857143,-0.0,341534041.0,152.7595061265692
United States,2023-01-01,100769628.0,4295.0,64282.857142857145,-0.0,341534041.0,188.21800882465226
United States,2023-01-02,100777938.0,8310.0,68158.0,-0.0,341534041.0,199.56429467597346
United States,2023-01-03,100866744.0,88806.0,71985.28571428571,-0.0,341534041.0,210.7704564485439
United States,2023-01-04,101064860.0,198116.0,71685.57142857143,-0.0,341534041.0,209.89290326281542
United States,2023-01-05,101196089.0,131229.0,71887.71428571429,-0.0,341534041.0,210.48477064022526
United States,2023-01-06,101261277.0,65188.0,76845.0,-0.0,341534041.0,224.99953379464156
United States,2023-01-07,101267132.0,5855.0,76056.28571428571,-0.0,341534041.0,222.69020532066293
United States,2023-01-08,101272842.0,5710.0,67699.42857142857,-0.0,341534041.0,198.22161320495886
United States,2023-01-09,101315853.0,43011.0,58235.28571428572,-0.0,341534041.0,170.5109263597116
United States,2023-01-10,101399138.0,83285.0,53682.0,-0.0,341534041.0,157.17906139845078
United States,2023-01-11,101538756.0,139618.0,53600.57142857143,-0.0,341534041.0,156.94064132415846
United States,2023-01-12,101603736.0,64980.0,53258.857142857145,-0.0,341534041.0,155.94011357379495
United States,2023-01-13,101637051.0,33315.0,48188.28571428572,-0.0,341534041.0,141.0936537195299
United States,2023-01-14,101642336.0,5285.0,47898.28571428572,-0.0,341534041.0,140.2445436303836
United States,2023-01-15,101645654.0,3318.0,46328.57142857143,-0.0,341534041.0,135.64847384735927
United States,2023-01-16,101653171.0,7517.0,50072.57142857143,-0.0,341534041.0,146.61077789482025
United States,2023-01-17,101734426.0,81255.0,50673.142857142855,-0.0,341534041.0,148.36923051293402
United States,2023-01-18,101863056.0,128630.0,50650.71428571428,-0.0,341534041.0,148.30356042229562
United States,2023-01-19,101954244.0,91188.0,50646.42857142857,-0.0,341534041.0,148.29101199733287
United States,2023-01-20,101991763.0,37519.0,54008.71428571428,-0.0,341534041.0,158.13566966144464
United States,2023-01-21,101996891.0,5128.0,50362.857142857145,-0.0,341534041.0,147.4607245456307
United States,2023-01-22,102000179.0,3288.0,46602.57142857143,-0.0,341534041.0,136.4507364833113
United States,2023-01-23,102031232.0,31053.0,42735.142857142855,-0.0,341534041.0,125.127037796923
United States,2023-01-24,102086966.0,55734.0,39792.57142857143,-0.0,341534041.0,116.51128921749684
United States,2023-01-25,102189274.0,102308.0,39716.42857142857,-0.0,341534041.0,116.28834553399194
United States,2023-01-26,102253390.0,64116.0,39745.57142857143,-0.0,341534041.0,116.37367482373865
United States,2023-01-27,102270311.0,16921.0,39471.0,-0.0,341534041.0,115.56973906445829
United States,2023-01-28,102274906.0,4595.0,39414.857142857145,-0.0,341534041.0,115.40535469744623
United States,2023-01-29,102278398.0,3492.0,41443.57142857143,-0.0,341534041.0,121.34536079398137
United States,2023-01-30,102307529.0,29131.0,43952.0,-0.0,341534041.0,128.68995392468068
United States,2023-01-31,102362870.0,55341.0,47067.57142857143,-0.0,341534041.0,137.81224059176998
United States,2023-02-01,102479379.0,116509.0,47005.142857142855,-0.0,341534041.0,137.62945186814585
United States,2023-02-02,102561054.0,81675.0,46924.28571428572,-0.0,341534041.0,137.39270491718193
United States,2023-02-03,102599784.0,38730.0,46235.71428571428,-0.0,341534041.0,135.37659130649962
United States,2023-02-04,102603942.0,4158.0,44832.0,-0.0,341534041.0,131.26656385036594
United States,2023-02-05,102606868.0,2926.0,40118.857142857145,-0.0,341534041.0,117.46664263799444
United States,2023-02-06,102631179.0,24311.0,40143.857142857145,-0.0,341534041.0,117.53984178361051
United States,2023-02-07,102676694.0,45515.0,36473.857142857145,-0.0,341534041.0,106.79420720717307
United States,2023-02-08,102760211.0,83517.0,36509.71428571428,-0.0,341534041.0,106.89919569602809
United States,2023-02-09,102842061.0,81850.0,36573.0,-0.0,341534041.0,107.08449410464475
United States,2023-02-10,102855101.0,13040.0,36403.71428571428,-0.0,341534041.0,106.588831318616
United States,2023-02-11,102859510.0,4409.0,36790.0,-0.0,341534041.0,107.71986268859214
United States,2023-02-12,102862879.0,3369.0,37574.28571428572,-0.0,341534041.0,110.01622445677594
United States,2023-02-13,102886005.0,23126.0,34549.857142857145,-0.0,341534041.0,101.16080096056119
United States,2023-02-14,102934224.0,48219.0,39542.42857142857,-0.0,341534041.0,115.77887948050417
United States,2023-02-15,103023231.0,89007.0,39299.28571428572,-0.0,341534041.0,115.066965504284
United States,2023-02-16,103083910.0,60679.0,39028.28571428572,-0.0,341534041.0,114.27348676580593
United States,2023-02-17,103131898.0,47988.0,36016.28571428572,-0.0,341534041.0,105.45445370198316
United States,2023-02-18,103134605.0,2707.0,37777.857142857145,-0.0,341534041.0,110.6122746425067
United States,2023-02-19,103136077.0,1472.0,40800.142857142855,-0.0,341534041.0,119.46142392624006
United States,2023-02-20,103138119.0,2042.0,40228.71428571428,-0.0,341534041.0,117.788300597873
United States,2023-02-21,103198669.0,60550.0,35215.71428571428,-0.0,341534041.0,103.1104079189409
United States,2023-02-22,103308832.0,110163.0,35221.71428571428,-0.0,341534041.0,103.12797571388874
United States,2023-02-23,103365511.0,56679.0,35240.857142857145,-0.0,341534041.0,103.18402534538906
United States,2023-02-24,103378408.0,12897.0,37386.857142857145,-0.0,341534041.0,109.46744000507155
United States,2023-02-25,103381157.0,2749.0,34969.42857142857,-0.0,341534041.0,102.3892917644147
United States,2023-02-26,103382763.0,1606.0,32148.571428571428,-0.0,341534041.0,94.12991845393071
United States,2023-02-27,103399827.0,17064.0,32035.14285714286,-0.0,341534041.0,93.79780347324986
United States,2023-02-28,103443455.0,43628.0,38611.71428571428,-0.0,341534041.0,113.05377985942633
United States,2023-03-01,103533872.0,90417.0,38525.71428571428,-0.0,341534041.0,112.80197479850708
United States,2023-03-02,103589757.0,55885.0,38296.28571428572,-0.0,341534041.0,112.13021578216772
United States,2023-03-03,103648690.0,58933.0,37082.0,-0.0,341534041.0,108.57482870938772
United States,2023-03-04,103650837.0,2147.0,35902.42857142857,-0.0,341534041.0,105.12108387880602
United States,2023-03-05,103646975.0,0.0,32251.571428571428,3862.0,341534041.0,94.43149893386888
United States,2023-03-06,103655539.0,8564.0,30972.428571428572,-0.0,341534041.0,90.68621236331923
United States,2023-03-07,103690910.0,35371.0,26312.333333333332,-0.0,341534041.0,77.04161276659778
United States,2023-03-08,103755771.0,64861.0,31145.4,-0.0,341534041.0,91.19266679481592
United States,2023-03-09,103802702.0,46931.0,38931.75,-0.0,341534041.0,113.9908334935199
United Kingdom,2020-01-22,0.0,0.0,0.0,-0.0,68179315.0,0.0
United Kingdom,2020-01-23,0.0,0.0,0.0,-0.0,68179315.0,0.0
United Kingdom,2020-01-24,0.0,0.0,0.0,-0.0,68179315.0,0.0
United Kingdom,2020-01-25,0.0,0.0,0.0,-0.0,68179315.0,0.0
United Kingdom,2020-01-26,0.0,0.0,0.0,-0.0,68179315.0,0.0
United Kingdom,2020-01-27,0.0,0.0,0.0,-0.0,68179315.0,0.0
United Kingdom,2020-01-28,0.0,0.0,0.2857142857142857,-0.0,68179315.0,0.004190630042473817
United Kingdom,2020-01-29,0.0,0.0,0.2857142857142857,-0.0,68179315.0,0.004190630042473817
United Kingdom,2020-01-30,0.0,0.0,0.2857142857142857,-0.0,68179315.0,0.004190630042473817
United Kingdom,2020-01-31,2.0,2.0,1.1428571428571428,-0.0,68179315.0,0.016762520169895267
United Kingdom,2020-02-01,2.0,0.0,1.1428571428571428,-0.0,68179315.0,0.016762520169895267
United Kingdom,2020-02-02,2.0,0.0,1.2857142857142858,-0.0,68179315.0,0.018857835191132176
United Kingdom,2020-02-03,8.0,6.0,1.2857142857142858,-0.0,68179315.0,0.018857835191132176
United Kingdom,2020-02-04,8.0,0.0,1.0,-0.0,68179315.0,0.014667205148658357
United Kingdom,2020-02-05,9.0,1.0,1.5714285714285714,-0.0,68179315.0,0.02304846523360599
United Kingdom,2020-02-06,9.0,0.0,1.7142857142857142,-0.0,68179315.0,0.025143780254842898
United Kingdom,2020-02-07,9.0,0.0,0.8571428571428571,-0.0,68179315.0,0.012571890127421449
United Kingdom,2020-02-08,13.0,4.0,1.0,-0.0,68179315.0,0.014667205148658357
United Kingdom,2020-02-09,14.0,1.0,1.0,-0.0,68179315.0,0.014667205148658357
United Kingdom,2020-02-10,14.0,0.0,1.1428571428571428,-0.0,68179315.0,0.016762520169895267
United Kingdom,2020-02-11,15.0,1.0,1.2857142857142858,-0.0,68179315.0,0.018857835191132176
United Kingdom,2020-02-12,16.0,1.0,0.7142857142857143,-0.0,68179315.0,0.010476575106184542
United Kingdom,2020-02-13,17.0,1.0,0.5714285714285714,-0.0,68179315.0,0.008381260084947634
United Kingdom,2020-02-14,18.0,1.0,0.7142857142857143,-0.0,68179315.0,0.010476575106184542
United Kingdom,2020-02-15,18.0,0.0,0.5714285714285714,-0.0,68179315.0,0.008381260084947634
United Kingdom,2020-02-16,18.0,0.0,0.5714285714285714,-0.0,68179315.0,0.008381260084947634
United Kingdom,2020-02-17,19.0,1.0,0.7142857142857143,-0.0,68179315.0,0.010476575106184542
United Kingdom,2020-02-18,19.0,0.0,0.7142857142857143,-0.0,68179315.0,0.010476575106184542
United Kingdom,2020-02-19,20.0,1.0,0.7142857142857143,-0.0,68179315.0,0.010476575106184542
United Kingdom,2020-02-20,22.0,2.0,1.4285714285714286,-0.0,68179315.0,0.020953150212369084
United Kingdom,2020-02-21,23.0,1.0,1.5714285714285714,-0.0,68179315.0,0.02304846523360599
United Kingdom,2020-02-22,23.0,0.0,2.142857142857143,-0.0,68179315.0,0.03142972531855363
United Kingdom,2020-02-23,28.0,5.0,2.4285714285714284,-0.0,68179315.0,0.035620355361027436
United Kingdom,2020-02-24,30.0,2.0,3.142857142857143,-0.0,68179315.0,0.04609693046721198
United Kingdom,2020-02-25,34.0,4.0,4.714285714285714,-0.0,68179315.0,0.06914539570081799
United Kingdom,2020-02-26,37.0,3.0,5.428571428571429,-0.0,68179315.0,0.07962197080700252
United Kingdom,2020-02-27,44.0,7.0,9.428571428571429,-0.0,68179315.0,0.13829079140163597
United Kingdom,2020-02-28,56.0,12.0,14.857142857142858,-0.0,68179315.0,0.21791276220863848
United Kingdom,2020-02-29,61.0,5.0,22.142857142857142,-0.0,68179315.0,0.32477382829172075
United Kingdom,2020-03-01,94.0,33.0,29.857142857142858,-0.0,68179315.0,0.43792083943851384
United Kingdom,2020-03-02,134.0,40.0,35.857142857142854,-0.0,68179315.0,0.525924070330464
United Kingdom,2020-03-03,189.0,55.0,45.42857142857143,-0.0,68179315.0,0.6663101767533368
United Kingdom,2020-03-04,246.0,57.0,52.57142857142857,-0.0,68179315.0,0.7710759278151822
United Kingdom,2020-03-05,295.0,49.0,55.57142857142857,-0.0,68179315.0,0.8150775432611573
United Kingdom,2020-03-06,374.0,79.0,70.85714285714286,-0.0,68179315.0,1.0392762505335067
United Kingdom,2020-03-07,429.0,55.0,99.85714285714286,-0.0,68179315.0,1.464625199844599
United Kingdom,2020-03-08,483.0,54.0,150.42857142857142,-0.0,68179315.0,2.206366717362464
United Kingdom,2020-03-09,630.0,147.0,213.28571428571428,-0.0,68179315.0,3.128305326706704
United Kingdom,2020-03-10,888.0,258.0,270.57142857142856,-0.0,68179315.0,3.968526650222704
United Kingdom,2020-03-11,1299.0,411.0,314.7142857142857,-0.0,68179315.0,4.6159789917849094
United Kingdom,2020-03-12,1788.0,489.0,370.14285714285717,-0.0,68179315.0,5.42896122002483
United Kingdom,2020-03-13,2268.0,480.0,436.57142857142856,-0.0,68179315.0,6.403282704899992
United Kingdom,2020-03-14,2632.0,364.0,509.7142857142857,-0.0,68179315.0,7.476083995773289
United Kingdom,2020-03-15,3074.0,442.0,594.7142857142857,-0.0,68179315.0,8.722796433409249
United Kingdom,2020-03-16,3686.0,612.0,676.4285714285714,-0.0,68179315.0,9.921316625556761
United Kingdom,2020-03-17,4456.0,770.0,787.1428571428571,-0.0,68179315.0,11.545185767015363
United Kingdom,2020-03-18,5462.0,1006.0,906.1428571428571,-0.0,68179315.0,13.290583179705708
United Kingdom,2020-03-19,6523.0,1061.0,1046.2857142857142,-0.0,68179315.0,15.346087215539114
United Kingdom,2020-03-20,7778.0,1255.0,1294.4285714285713,-0.0,68179315.0,18.985649407427626
United Kingdom,2020-03-21,8975.0,1197.0,1526.142857142857,-0.0,68179315.0,22.38425037187389
United Kingdom,2020-03-22,10398.0,1423.0,1769.2857142857142,-0.0,68179315.0,25.950476538019107
United Kingdom,2020-03-23,12747.0,2349.0,2062.1428571428573,-0.0,68179315.0,30.24587233155477
United Kingdom,2020-03-24,15139.0,2392.0,2346.4285714285716,-0.0,68179315.0,34.41554922381622
United Kingdom,2020-03-25,17847.0,2708.0,2582.8571428571427,-0.0,68179315.0,37.8832955839633
United Kingdom,2020-03-26,20958.0,3111.0,2793.0,-0.0,68179315.0,40.96550398020279
United Kingdom,2020-03-27,24203.0,3245.0,3072.0,-0.0,68179315.0,45.05765421667848
United Kingdom,2020-03-28,27055.0,2852.0,3378.4285714285716,-0.0,68179315.0,49.55210493723164
United Kingdom,2020-03-29,29949.0,2894.0,3701.1428571428573,-0.0,68179315.0,54.28542157020582
United Kingdom,2020-03-30,34251.0,4302.0,3962.285714285714,-0.0,68179315.0,58.11565742902689
United Kingdom,2020-03-31,38788.0,4537.0,4206.0,-0.0,68179315.0,61.690264855257055
United Kingdom,2020-04-01,43755.0,4967.0,4383.428571428572,-0.0,68179315.0,64.2926461116333
United Kingdom,2020-04-02,48694.0,4939.0,4487.142857142857,-0.0,68179315.0,65.81384481705128
United Kingdom,2020-04-03,53645.0,4951.0,4637.714285714285,-0.0,68179315.0,68.02230684943498
United Kingdom,2020-04-04,57739.0,4094.0,4773.0,-0.0,68179315.0,70.00657017454634
United Kingdom,2020-04-05,61359.0,3620.0,4802.0,-0.0,68179315.0,70.43191912385743
United Kingdom,2020-04-06,66715.0,5356.0,4798.142857142857,-0.0,68179315.0,70.37534561828403
United Kingdom,2020-04-07,72199.0,5484.0,4710.714285714285,-0.0,68179315.0,69.09301282528703
United Kingdom,2020-04-08,77369.0,5170.0,4644.142857142857,-0.0,68179315.0,68.11659602539065
United Kingdom,2020-04-09,82281.0,4912.0,4632.142857142857,-0.0,68179315.0,67.94058956360675
United Kingdom,2020-04-10,86620.0,4339.0,4468.285714285715,-0.0,68179315.0,65.53726323424802
United Kingdom,2020-04-11,90248.0,3628.0,4307.571428571428,-0.0,68179315.0,63.18003383535649
United Kingdom,2020-04-12,93784.0,3536.0,4297.857142857143,-0.0,68179315.0,63.03755241391239
United Kingdom,2020-04-13,97993.0,4209.0,4358.714285714285,-0.0,68179315.0,63.9301566129593
United Kingdom,2020-04-14,102352.0,4359.0,4451.0,-0.0,68179315.0,65.28373011667836
United Kingdom,2020-04-15,107454.0,5102.0,4608.571428571428,-0.0,68179315.0,67.59486258510266
United Kingdom,2020-04-16,112792.0,5338.0,4655.857142857143,-0.0,68179315.0,68.28841185713208
United Kingdom,2020-04-17,117777.0,4985.0,4751.285714285715,-0.0,68179315.0,69.68808229131834
United Kingdom,2020-04-18,122508.0,4731.0,4810.142857142857,-0.0,68179315.0,70.55135208006794
United Kingdom,2020-04-19,126375.0,3867.0,4867.857142857143,-0.0,68179315.0,71.39785934864766
United Kingdom,2020-04-20,131252.0,4877.0,4841.428571428572,-0.0,68179315.0,71.01022606971883
United Kingdom,2020-04-21,136023.0,4771.0,4840.714285714285,-0.0,68179315.0,70.99974949461263
United Kingdom,2020-04-22,141529.0,5506.0,4705.285714285715,-0.0,68179315.0,69.01339085448006
United Kingdom,2020-04-23,146682.0,5153.0,4649.285714285715,-0.0,68179315.0,68.19202736615519
United Kingdom,2020-04-24,151662.0,4980.0,4625.0,-0.0,68179315.0,67.8358238125449
United Kingdom,2020-04-25,155445.0,3783.0,4618.285714285715,-0.0,68179315.0,67.73734400654678
United Kingdom,2020-04-26,158920.0,3475.0,4609.571428571428,-0.0,68179315.0,67.60952979025132
United Kingdom,2020-04-27,163627.0,4707.0,4583.285714285715,-0.0,68179315.0,67.22399182634373
United Kingdom,2020-04-28,168351.0,4724.0,4548.285714285715,-0.0,68179315.0,66.71063964614069
United Kingdom,2020-04-29,173796.0,5445.0,4468.714285714285,-0.0,68179315.0,65.54354917931173
United Kingdom,2020-04-30,178765.0,4969.0,4397.428571428572,-0.0,68179315.0,64.49798698371451
United Kingdom,2020-05-01,183500.0,4735.0,4208.428571428572,-0.0,68179315.0,61.72588521061809
United Kingdom,2020-05-02,186726.0,3226.0,4060.5714285714284,-0.0,68179315.0,59.55723416363788
United Kingdom,2020-05-03,189702.0,2976.0,3830.8571428571427,-0.0,68179315.0,56.18796760948893
United Kingdom,2020-05-04,193086.0,3384.0,3659.714285714286,-0.0,68179315.0,53.67778021404712
United Kingdom,2020-05-05,196775.0,3689.0,3419.285714285714,-0.0,68179315.0,50.151365033305396
United Kingdom,2020-05-06,200612.0,3837.0,3265.5714285714284,-0.0,68179315.0,47.89680607045448
United Kingdom,2020-05-07,204383.0,3771.0,3172.1428571428573,-0.0,68179315.0,46.52647004656555
United Kingdom,2020-05-08,207435.0,3052.0,3201.285714285714,-0.0,68179315.0,46.95391431089788
United Kingdom,2020-05-09,209585.0,2150.0,3159.5714285714284,-0.0,68179315.0,46.3420823246967
United Kingdom,2020-05-10,211907.0,2322.0,3082.714285714286,-0.0,68179315.0,45.214802843271244
United Kingdom,2020-05-11,215495.0,3588.0,2918.0,-0.0,68179315.0,42.798904623785084
United Kingdom,2020-05-12,218892.0,3397.0,2842.1428571428573,-0.0,68179315.0,41.68629234750829
United Kingdom,2020-05-13,222191.0,3299.0,2830.285714285714,-0.0,68179315.0,41.51238120074562
United Kingdom,2020-05-14,224809.0,2618.0,2759.4285714285716,-0.0,68179315.0,40.47310495021212
United Kingdom,2020-05-15,227330.0,2521.0,2614.8571428571427,-0.0,68179315.0,38.35264614872037
United Kingdom,2020-05-16,229397.0,2067.0,2567.1428571428573,-0.0,68179315.0,37.65281093162724
United Kingdom,2020-05-17,231223.0,1826.0,2483.0,-0.0,68179315.0,36.418670384118705
United Kingdom,2020-05-18,233799.0,2576.0,2473.8571428571427,-0.0,68179315.0,36.284570222759534
United Kingdom,2020-05-19,236862.0,3063.0,2405.714285714286,-0.0,68179315.0,35.285104957629535
United Kingdom,2020-05-20,239572.0,2710.0,2325.8571428571427,-0.0,68179315.0,34.1138238607581
United Kingdom,2020-05-21,242126.0,2554.0,2258.5714285714284,-0.0,68179315.0,33.126930485755516
United Kingdom,2020-05-22,244170.0,2044.0,2120.8571428571427,-0.0,68179315.0,31.10704680528314
United Kingdom,2020-05-23,245678.0,1508.0,1920.2857142857142,-0.0,68179315.0,28.16522451546652
United Kingdom,2020-05-24,247033.0,1355.0,1791.5714285714287,-0.0,68179315.0,26.27734568133207
United Kingdom,2020-05-25,248645.0,1612.0,1674.7142857142858,-0.0,68179315.0,24.563377993960273
United Kingdom,2020-05-26,250304.0,1659.0,1598.2857142857142,-0.0,68179315.0,23.44238445759853
United Kingdom,2020-05-27,252113.0,1809.0,1541.0,-0.0,68179315.0,22.602163134082527
United Kingdom,2020-05-28,253849.0,1736.0,1500.2857142857142,-0.0,68179315.0,22.004998353030008
United Kingdom,2020-05-29,255358.0,1509.0,1476.2857142857142,-0.0,68179315.0,21.65298542946221
United Kingdom,2020-05-30,256465.0,1107.0,1449.2857142857142,-0.0,68179315.0,21.256970890448432
United Kingdom,2020-05-31,257535.0,1070.0,1383.4285714285713,-0.0,68179315.0,20.291030665658216
United Kingdom,2020-06-01,258979.0,1444.0,1312.2857142857142,-0.0,68179315.0,19.24756378508224
United Kingdom,2020-06-02,260449.0,1470.0,1255.4285714285713,-0.0,68179315.0,18.41362840662995
United Kingdom,2020-06-03,261797.0,1348.0,1210.4285714285713,-0.0,68179315.0,17.753604174940325
United Kingdom,2020-06-04,263035.0,1238.0,1160.142857142857,-0.0,68179315.0,17.016053287464935
United Kingdom,2020-06-05,264146.0,1111.0,1110.2857142857142,-0.0,68179315.0,16.28478834505325
United Kingdom,2020-06-06,264938.0,792.0,1065.7142857142858,-0.0,68179315.0,15.631050058427336
United Kingdom,2020-06-07,265656.0,718.0,1042.857142857143,-0.0,68179315.0,15.29579965502943
United Kingdom,2020-06-08,266751.0,1095.0,1009.8571428571429,-0.0,68179315.0,14.811781885123704
United Kingdom,2020-06-09,267909.0,1158.0,1001.7142857142857,-0.0,68179315.0,14.6923489289132
United Kingdom,2020-06-10,269097.0,1188.0,1015.4285714285714,-0.0,68179315.0,14.893499170951944
United Kingdom,2020-06-11,270104.0,1007.0,1028.142857142857,-0.0,68179315.0,15.079982207842027
United Kingdom,2020-06-12,271158.0,1054.0,1018.5714285714286,-0.0,68179315.0,14.939596101419156
United Kingdom,2020-06-13,272046.0,888.0,1007.8571428571429,-0.0,68179315.0,14.78244747482639
United Kingdom,2020-06-14,272853.0,807.0,981.0,-0.0,68179315.0,14.388528250833849
United Kingdom,2020-06-15,273881.0,1028.0,982.8571428571429,-0.0,68179315.0,14.415767346109929
United Kingdom,2020-06-16,274964.0,1083.0,973.1428571428571,-0.0,68179315.0,14.273285924665819
United Kingdom,2020-06-17,275964.0,1000.0,941.4285714285714,-0.0,68179315.0,13.808125989951225
United Kingdom,2020-06-18,276984.0,1020.0,915.2857142857143,-0.0,68179315.0,13.424683341064872
United Kingdom,2020-06-19,277970.0,986.0,895.8571428571429,-0.0,68179315.0,13.13972049817665
United Kingdom,2020-06-20,278636.0,666.0,867.1428571428571,-0.0,68179315.0,12.718562178908032
United Kingdom,2020-06-21,279260.0,624.0,835.1428571428571,-0.0,68179315.0,12.249211614150965
United Kingdom,2020-06-22,280152.0,892.0,789.0,-0.0,68179315.0,11.572424862291445
United Kingdom,2020-06-23,281034.0,882.0,739.7142857142857,-0.0,68179315.0,10.84954117996471
United Kingdom,2020-06-24,281810.0,776.0,735.1428571428571,-0.0,68179315.0,10.782491099285128
United Kingdom,2020-06-25,282507.0,697.0,704.1428571428571,-0.0,68179315.0,10.32780773967672
United Kingdom,2020-06-26,283148.0,641.0,665.2857142857143,-0.0,68179315.0,9.757882053900282
United Kingdom,2020-06-27,283782.0,634.0,597.0,-0.0,68179315.0,8.75632147374904
United Kingdom,2020-06-28,284189.0,407.0,495.14285714285717,-0.0,68179315.0,7.262361863607124
United Kingdom,2020-06-29,284809.0,620.0,396.42857142857144,-0.0,68179315.0,5.814499183932421
United Kingdom,2020-06-30,285213.0,404.0,376.57142857142856,-0.0,68179315.0,5.523250395980489
United Kingdom,2020-07-01,285276.0,63.0,375.2857142857143,-0.0,68179315.0,5.504392560789358
United Kingdom,2020-07-02,285282.0,6.0,391.2857142857143,-0.0,68179315.0,5.739067843167891
United Kingdom,2020-07-03,285784.0,502.0,353.14285714285717,-0.0,68179315.0,5.179618732497638
United Kingdom,2020-07-04,286409.0,625.0,378.85714285714283,-0.0,68179315.0,5.55677543632028
United Kingdom,2020-07-05,286928.0,519.0,461.57142857142856,-0.0,68179315.0,6.76996283361645
United Kingdom,2020-07-06,287281.0,353.0,552.5714285714286,-0.0,68179315.0,8.10467850214436
United Kingdom,2020-07-07,287865.0,584.0,555.7142857142857,-0.0,68179315.0,8.150775432611573
United Kingdom,2020-07-08,288507.0,642.0,584.4285714285714,-0.0,68179315.0,8.571933751880191
United Kingdom,2020-07-09,289150.0,643.0,603.1428571428571,-0.0,68179315.0,8.846420019662228
United Kingdom,2020-07-10,289674.0,524.0,628.8571428571429,-0.0,68179315.0,9.223576723484872
United Kingdom,2020-07-11,290500.0,826.0,723.1428571428571,-0.0,68179315.0,10.606484637501229
United Kingdom,2020-07-12,291150.0,650.0,708.2857142857143,-0.0,68179315.0,10.388571875292591
United Kingdom,2020-07-13,291683.0,533.0,708.5714285714286,-0.0,68179315.0,10.392762505335064
United Kingdom,2020-07-14,292927.0,1244.0,731.8571428571429,-0.0,68179315.0,10.73429885379668
United Kingdom,2020-07-15,293465.0,538.0,732.5714285714286,-0.0,68179315.0,10.744775428902866
United Kingdom,2020-07-16,294110.0,645.0,743.4285714285714,-0.0,68179315.0,10.90401937051687
United Kingdom,2020-07-17,294797.0,687.0,751.0,-0.0,68179315.0,11.015071066642426
United Kingdom,2020-07-18,295628.0,831.0,636.8571428571429,-0.0,68179315.0,9.340914364674138
United Kingdom,2020-07-19,296354.0,726.0,640.4285714285714,-0.0,68179315.0,9.39329724020506
United Kingdom,2020-07-20,296940.0,586.0,659.5714285714286,-0.0,68179315.0,9.674069453050805
United Kingdom,2020-07-21,297385.0,445.0,671.1428571428571,-0.0,68179315.0,9.843789969770995
United Kingdom,2020-07-22,297948.0,563.0,662.4285714285714,-0.0,68179315.0,9.715975753475544
United Kingdom,2020-07-23,298727.0,779.0,666.0,-0.0,68179315.0,9.768358629006466
United Kingdom,2020-07-24,299495.0,768.0,680.5714285714286,-0.0,68179315.0,9.98208076117263
United Kingdom,2020-07-25,300265.0,770.0,695.5714285714286,-0.0,68179315.0,10.202088838402506
United Kingdom,2020-07-26,301016.0,751.0,730.0,-0.0,68179315.0,10.707059758520602
United Kingdom,2020-07-27,301704.0,688.0,739.8571428571429,-0.0,68179315.0,10.851636494985948
United Kingdom,2020-07-28,302254.0,550.0,756.2857142857143,-0.0,68179315.0,11.092597722428193
United Kingdom,2020-07-29,303058.0,804.0,756.1428571428571,-0.0,68179315.0,11.090502407406955
United Kingdom,2020-07-30,303906.0,848.0,755.5714285714286,-0.0,68179315.0,11.082121147322008
United Kingdom,2020-07-31,304789.0,883.0,791.4285714285714,-0.0,68179315.0,11.608045217652473
United Kingdom,2020-08-01,305558.0,769.0,808.7142857142857,-0.0,68179315.0,11.861578335222136
United Kingdom,2020-08-02,306305.0,747.0,823.5714285714286,-0.0,68179315.0,12.079491097430775
United Kingdom,2020-08-03,307244.0,939.0,840.0,-0.0,68179315.0,12.32045232487302
United Kingdom,2020-08-04,307915.0,671.0,842.5714285714286,-0.0,68179315.0,12.358167995255284
United Kingdom,2020-08-05,308823.0,908.0,842.1428571428571,-0.0,68179315.0,12.351882050191575
United Kingdom,2020-08-06,309786.0,963.0,894.4285714285714,-0.0,68179315.0,13.118767347964283
United Kingdom,2020-08-07,310687.0,901.0,877.1428571428571,-0.0,68179315.0,12.865234230394616
United Kingdom,2020-08-08,311453.0,766.0,945.5714285714286,-0.0,68179315.0,13.868890125567097
United Kingdom,2020-08-09,312566.0,1113.0,963.7142857142857,-0.0,68179315.0,14.134995133264182
United Kingdom,2020-08-10,313384.0,818.0,990.4285714285714,-0.0,68179315.0,14.526819042235486
United Kingdom,2020-08-11,314534.0,1150.0,1070.142857142857,-0.0,68179315.0,15.69600482408568
United Kingdom,2020-08-12,315569.0,1035.0,1110.0,-0.0,68179315.0,16.280597715010778
United Kingdom,2020-08-13,316719.0,1150.0,1110.0,-0.0,68179315.0,16.280597715010778
United Kingdom,2020-08-14,318178.0,1459.0,1095.857142857143,-0.0,68179315.0,16.073161527908326
United Kingdom,2020-08-15,319223.0,1045.0,1090.857142857143,-0.0,68179315.0,15.99982550216503
United Kingdom,2020-08-16,320336.0,1113.0,1061.2857142857142,-0.0,68179315.0,15.566095292768988
United Kingdom,2020-08-17,321055.0,719.0,1067.857142857143,-0.0,68179315.0,15.662479783745889
United Kingdom,2020-08-18,322170.0,1115.0,1011.0,-0.0,68179315.0,14.828544405293599
United Kingdom,2020-08-19,322998.0,828.0,1052.0,-0.0,68179315.0,15.429899816388593
United Kingdom,2020-08-20,324194.0,1196.0,1043.0,-0.0,68179315.0,15.297894970050667
United Kingdom,2020-08-21,325255.0,1061.0,1079.5714285714287,-0.0,68179315.0,15.834295615487317
United Kingdom,2020-08-22,326587.0,1332.0,1091.2857142857142,-0.0,68179315.0,16.00611144722874
United Kingdom,2020-08-23,327637.0,1050.0,1136.7142857142858,-0.0,68179315.0,16.672421623982082
United Kingdom,2020-08-24,328612.0,975.0,1186.4285714285713,-0.0,68179315.0,17.401591251372523
United Kingdom,2020-08-25,329809.0,1197.0,1220.142857142857,-0.0,68179315.0,17.89608559638443
United Kingdom,2020-08-26,330955.0,1146.0,1188.5714285714287,-0.0,68179315.0,17.43302097669108
United Kingdom,2020-08-27,332499.0,1544.0,1289.142857142857,-0.0,68179315.0,18.90812275164186
United Kingdom,2020-08-28,333796.0,1297.0,1352.0,-0.0,68179315.0,19.8300613609861
United Kingdom,2020-08-29,334907.0,1111.0,1370.5714285714287,-0.0,68179315.0,20.102452313746902
United Kingdom,2020-08-30,336661.0,1754.0,1423.2857142857142,-0.0,68179315.0,20.875623556583317
United Kingdom,2020-08-31,338076.0,1415.0,1457.0,-0.0,68179315.0,21.37011790159523
United Kingdom,2020-09-01,339403.0,1327.0,1554.857142857143,-0.0,68179315.0,22.80540869114251
United Kingdom,2020-09-02,340918.0,1515.0,1657.142857142857,-0.0,68179315.0,24.305654246348137
United Kingdom,2020-09-03,342698.0,1780.0,1834.0,-0.0,68179315.0,26.89965424263943
United Kingdom,2020-09-04,344680.0,1982.0,2053.4285714285716,-0.0,68179315.0,30.11805811525932
United Kingdom,2020-09-05,346507.0,1827.0,2218.4285714285716,-0.0,68179315.0,32.53814696478795
United Kingdom,2020-09-06,349499.0,2992.0,2384.714285714286,-0.0,68179315.0,34.977093649507715
United Kingdom,2020-09-07,352450.0,2951.0,2549.5714285714284,-0.0,68179315.0,37.3950871840151
United Kingdom,2020-09-08,354932.0,2482.0,2772.5714285714284,-0.0,68179315.0,40.66587393216591
United Kingdom,2020-09-09,357611.0,2679.0,3012.285714285714,-0.0,68179315.0,44.18181253780145
United Kingdom,2020-09-10,360545.0,2934.0,3061.8571428571427,-0.0,68179315.0,44.90888685017065
United Kingdom,2020-09-11,364088.0,3543.0,3015.5714285714284,-0.0,68179315.0,44.23000478328989
United Kingdom,2020-09-12,367593.0,3505.0,3105.285714285714,-0.0,68179315.0,45.54586261662667
United Kingdom,2020-09-13,370932.0,3339.0,3295.285714285714,-0.0,68179315.0,48.33263159487176
United Kingdom,2020-09-14,373559.0,2627.0,3363.0,-0.0,68179315.0,49.32581091493805
United Kingdom,2020-09-15,376669.0,3110.0,3475.5714285714284,-0.0,68179315.0,50.97691915167274
United Kingdom,2020-09-16,380678.0,4009.0,3607.714285714286,-0.0,68179315.0,52.91508554631688
United Kingdom,2020-09-17,384086.0,3408.0,3688.0,-0.0,68179315.0,54.09265258825202
United Kingdom,2020-09-18,388417.0,4331.0,3937.4285714285716,-0.0,68179315.0,57.751072615331665
United Kingdom,2020-09-19,392847.0,4430.0,4198.428571428572,-0.0,68179315.0,61.5792131591315
United Kingdom,2020-09-20,396748.0,3901.0,4509.571428571428,-0.0,68179315.0,66.14280927538547
United Kingdom,2020-09-21,401121.0,4373.0,4972.0,-0.0,68179315.0,72.92534399912935
United Kingdom,2020-09-22,406058.0,4937.0,5335.714285714285,-0.0,68179315.0,78.26001604319852
United Kingdom,2020-09-23,412245.0,6187.0,5567.142857142857,-0.0,68179315.0,81.6544263776023
United Kingdom,2020-09-24,418890.0,6645.0,5824.857142857143,-0.0,68179315.0,85.4343746759137
United Kingdom,2020-09-25,425767.0,6877.0,5778.571428571428,-0.0,68179315.0,84.75549260903294
United Kingdom,2020-09-26,431817.0,6050.0,6095.714285714285,-0.0,68179315.0,89.40709195617887
United Kingdom,2020-09-27,437522.0,5705.0,6228.857142857143,-0.0,68179315.0,91.35992555597167
United Kingdom,2020-09-28,441571.0,4049.0,6270.0,-0.0,68179315.0,91.96337628208789
United Kingdom,2020-09-29,448728.0,7157.0,6285.857142857143,-0.0,68179315.0,92.1959562494452
United Kingdom,2020-09-30,455847.0,7119.0,7262.142857142857,-0.0,68179315.0,106.51533910457823
United Kingdom,2020-10-01,462780.0,6933.0,9728.42857142857,-0.0,68179315.0,142.6888576312122
United Kingdom,2020-10-02,469768.0,6988.0,10949.57142857143,-0.0,68179315.0,160.59961043274532
United Kingdom,2020-10-03,482652.0,12884.0,12006.0,-0.0,68179315.0,176.09446501479226
United Kingdom,2020-10-04,505621.0,22969.0,13014.142857142857,-0.0,68179315.0,190.88110311966108
United Kingdom,2020-10-05,518218.0,12597.0,14531.42857142857,-0.0,68179315.0,213.13544396021828
United Kingdom,2020-10-06,532770.0,14552.0,15517.714285714286,-0.0,68179315.0,227.60149886683794
United Kingdom,2020-10-07,546946.0,14176.0,15845.285714285714,-0.0,68179315.0,232.40605621053413
United Kingdom,2020-10-08,564500.0,17554.0,14405.57142857143,-0.0,68179315.0,211.28947142650858
United Kingdom,2020-10-09,578392.0,13892.0,14603.57142857143,-0.0,68179315.0,214.19357804594296
United Kingdom,2020-10-10,593569.0,15177.0,14988.857142857143,-0.0,68179315.0,219.8446426582189
United Kingdom,2020-10-11,606460.0,12891.0,15786.857142857143,-0.0,68179315.0,231.54907236684826
United Kingdom,2020-10-12,620443.0,13983.0,15993.142857142857,-0.0,68179315.0,234.57470725751435
United Kingdom,2020-10-13,637692.0,17249.0,16245.42857142857,-0.0,68179315.0,238.27503358501872
United Kingdom,2020-10-14,657454.0,19762.0,16389.85714285714,-0.0,68179315.0,240.39339707148923
United Kingdom,2020-10-15,676452.0,18998.0,16976.0,-0.0,68179315.0,248.99047460362428
United Kingdom,2020-10-16,692110.0,15658.0,17667.14285714286,-0.0,68179315.0,259.1276086763685
United Kingdom,2020-10-17,708298.0,16188.0,18256.0,-0.0,68179315.0,267.76449719390695
United Kingdom,2020-10-18,725292.0,16994.0,19247.85714285714,-0.0,68179315.0,282.3122693863548
United Kingdom,2020-10-19,744113.0,18821.0,19570.285714285714,-0.0,68179315.0,287.0413953892865
United Kingdom,2020-10-20,765484.0,21371.0,20270.0,-0.0,68179315.0,297.30424836330496
United Kingdom,2020-10-21,792189.0,26705.0,21249.14285714286,-0.0,68179315.0,311.66553751886266
United Kingdom,2020-10-22,813444.0,21255.0,21650.571428571428,-0.0,68179315.0,317.5533727285384
United Kingdom,2020-10-23,834000.0,20556.0,21948.285714285714,-0.0,68179315.0,321.92000923279613
United Kingdom,2020-10-24,857042.0,23042.0,22167.285714285714,-0.0,68179315.0,325.1321271603523
United Kingdom,2020-10-25,876846.0,19804.0,21882.85714285714,-0.0,68179315.0,320.96035495306955
United Kingdom,2020-10-26,897751.0,20905.0,22143.571428571428,-0.0,68179315.0,324.7843048668269
United Kingdom,2020-10-27,920655.0,22904.0,22695.285714285714,-0.0,68179315.0,332.8764114788439
United Kingdom,2020-10-28,945369.0,24714.0,22535.14285714286,-0.0,68179315.0,330.5275633400373
United Kingdom,2020-10-29,968449.0,23080.0,23030.0,-0.0,68179315.0,337.785734573602
United Kingdom,2020-10-30,992867.0,24418.0,22754.0,-0.0,68179315.0,333.7375859525723
United Kingdom,2020-10-31,1014788.0,21921.0,22346.0,-0.0,68179315.0,327.75336625191966
United Kingdom,2020-11-01,1038056.0,23268.0,22415.714285714286,-0.0,68179315.0,328.7758799822833
United Kingdom,2020-11-02,1057029.0,18973.0,22570.85714285714,-0.0,68179315.0,331.05139209534656
United Kingdom,2020-11-03,1077077.0,20048.0,22413.85714285714,-0.0,68179315.0,328.7486408870072
United Kingdom,2020-11-04,1102279.0,25202.0,22853.428571428572,-0.0,68179315.0,335.1959252073532
United Kingdom,2020-11-05,1126445.0,24166.0,22471.714285714286,-0.0,68179315.0,329.59724347060813
United Kingdom,2020-11-06,1149764.0,23319.0,22814.85714285714,-0.0,68179315.0,334.63019015161916
United Kingdom,2020-11-07,1174762.0,24998.0,22869.85714285714,-0.0,68179315.0,335.4368864347954
United Kingdom,2020-11-08,1195358.0,20596.0,22555.428571428572,-0.0,68179315.0,330.82509807305297
United Kingdom,2020-11-09,1216733.0,21375.0,23891.285714285714,-0.0,68179315.0,350.4183888366393
United Kingdom,2020-11-10,1237166.0,20433.0,24464.285714285714,-0.0,68179315.0,358.8226973868205
United Kingdom,2020-11-11,1260167.0,23001.0,24735.0,-0.0,68179315.0,362.7933193520645
United Kingdom,2020-11-12,1293684.0,33517.0,25362.714285714286,-0.0,68179315.0,372.0001335553795
United Kingdom,2020-11-13,1321014.0,27330.0,25364.428571428572,-0.0,68179315.0,372.0252773356343
United Kingdom,2020-11-14,1347907.0,26893.0,25312.714285714286,-0.0,68179315.0,371.26677329794654
United Kingdom,2020-11-15,1372897.0,24990.0,24831.428571428572,-0.0,68179315.0,364.2076569913994
United Kingdom,2020-11-16,1394284.0,21387.0,23319.285714285714,-0.0,68179315.0,342.02874749160674
United Kingdom,2020-11-17,1414355.0,20071.0,22312.714285714286,-0.0,68179315.0,327.2651578519715
United Kingdom,2020-11-18,1433987.0,19632.0,21316.85714285714,-0.0,68179315.0,312.6587168389289
United Kingdom,2020-11-19,1456919.0,22932.0,20415.428571428572,-0.0,68179315.0,299.4372790549241
United Kingdom,2020-11-20,1477203.0,20284.0,19570.571428571428,-0.0,68179315.0,287.045586019329
United Kingdom,2020-11-21,1497125.0,19922.0,18320.571428571428,-0.0,68179315.0,268.7115795835061
United Kingdom,2020-11-22,1515805.0,18680.0,18122.714285714286,-0.0,68179315.0,265.80956827909296
United Kingdom,2020-11-23,1531278.0,15473.0,17355.85714285714,-0.0,68179315.0,254.56191724509318
United Kingdom,2020-11-24,1542599.0,11321.0,16570.14285714286,-0.0,68179315.0,243.03768462829024
United Kingdom,2020-11-25,1560846.0,18247.0,15997.857142857143,-0.0,68179315.0,234.6438526532152
United Kingdom,2020-11-26,1578410.0,17564.0,15071.285714285714,-0.0,68179315.0,221.0536394254726
United Kingdom,2020-11-27,1593194.0,14784.0,14628.714285714286,-0.0,68179315.0,214.56235348968065
United Kingdom,2020-11-28,1609110.0,15916.0,14938.0,-0.0,68179315.0,219.09871051065855
United Kingdom,2020-11-29,1621304.0,12194.0,14646.714285714286,-0.0,68179315.0,214.8263631823565
United Kingdom,2020-11-30,1633679.0,12375.0,14269.714285714286,-0.0,68179315.0,209.2968268413123
United Kingdom,2020-12-01,1647165.0,13486.0,14497.857142857143,-0.0,68179315.0,212.64304493022763
United Kingdom,2020-12-02,1663373.0,16208.0,14455.0,-0.0,68179315.0,212.01445042385654
United Kingdom,2020-12-03,1678298.0,14925.0,15190.714285714286,-0.0,68179315.0,222.80532278322664
United Kingdom,2020-12-04,1694679.0,16381.0,15532.285714285714,-0.0,68179315.0,227.81522099900408
United Kingdom,2020-12-05,1710295.0,15616.0,15379.42857142857,-0.0,68179315.0,225.57323392628058
United Kingdom,2020-12-06,1727639.0,17344.0,15438.714285714286,-0.0,68179315.0,226.44278966009392
United Kingdom,2020-12-07,1742405.0,14766.0,16317.714285714286,-0.0,68179315.0,239.33526298576461
United Kingdom,2020-12-08,1754821.0,12416.0,17086.0,-0.0,68179315.0,250.60386716997667
United Kingdom,2020-12-09,1771444.0,16623.0,17933.0,-0.0,68179315.0,263.02698993089035
United Kingdom,2020-12-10,1792522.0,21078.0,18102.0,-0.0,68179315.0,265.5057476010136
United Kingdom,2020-12-11,1814281.0,21759.0,18902.85714285714,-0.0,68179315.0,277.2520836100677
United Kingdom,2020-12-12,1835826.0,21545.0,19786.0,-0.0,68179315.0,290.20532107135426
United Kingdom,2020-12-13,1854353.0,18527.0,21020.14285714286,-0.0,68179315.0,308.3067475398199
United Kingdom,2020-12-14,1874725.0,20372.0,23079.714285714286,-0.0,68179315.0,338.5149042009924
United Kingdom,2020-12-15,1893323.0,18598.0,24066.714285714286,-0.0,68179315.0,352.99143568271825
United Kingdom,2020-12-16,1918585.0,25262.0,24876.285714285714,-0.0,68179315.0,364.86558590806777
United Kingdom,2020-12-17,1954080.0,35495.0,27387.571428571428,-0.0,68179315.0,401.6991286663914
United Kingdom,2020-12-18,1982748.0,28668.0,29255.285714285714,-0.0,68179315.0,429.09327725404273
United Kingdom,2020-12-19,2009960.0,27212.0,31885.428571428572,-0.0,68179315.0,467.67012211003544
United Kingdom,2020-12-20,2046066.0,36106.0,33899.28571428572,-0.0,68179315.0,497.20777796441223
United Kingdom,2020-12-21,2079512.0,33446.0,34426.57142857143,-0.0,68179315.0,504.94158570779757
United Kingdom,2020-12-22,2116521.0,37009.0,35026.71428571428,-0.0,68179315.0,513.7440041120138
United Kingdom,2020-12-23,2155880.0,39359.0,36116.0,-0.0,68179315.0,529.7207811489452
United Kingdom,2020-12-24,2195066.0,39186.0,35591.71428571428,-0.0,68179315.0,522.0309750210057
United Kingdom,2020-12-25,2227935.0,32869.0,36734.71428571428,-0.0,68179315.0,538.7955905059223
United Kingdom,2020-12-26,2262772.0,34837.0,39060.142857142855,-0.0,68179315.0,572.9031284216167
United Kingdom,2020-12-27,2295208.0,32436.0,40614.28571428572,-0.0,68179315.0,595.6980605376531
United Kingdom,2020-12-28,2336655.0,41447.0,43017.28571428572,-0.0,68179315.0,630.9433545098791
United Kingdom,2020-12-29,2389942.0,53287.0,45962.28571428572,-0.0,68179315.0,674.138273672678
United Kingdom,2020-12-30,2440180.0,50238.0,49253.71428571428,-0.0,68179315.0,722.4143317619762
United Kingdom,2020-12-31,2496187.0,56007.0,52493.71428571428,-0.0,68179315.0,769.9360764436293
United Kingdom,2021-01-01,2549671.0,53484.0,54989.71428571428,-0.0,68179315.0,806.5454204946806
United Kingdom,2021-01-02,2607548.0,57877.0,56104.857142857145,-0.0,68179315.0,822.9014495504559
United Kingdom,2021-01-03,2662664.0,55116.0,57864.28571428572,-0.0,68179315.0,848.7073493520097
United Kingdom,2021-01-04,2721583.0,58919.0,57405.857142857145,-0.0,68179315.0,841.9834834488605
United Kingdom,2021-01-05,2782676.0,61093.0,59507.57142857143,-0.0,68179315.0,872.8097580412978
United Kingdom,2021-01-06,2845230.0,62554.0,59821.57142857143,-0.0,68179315.0,877.4152604579766
United Kingdom,2021-01-07,2898028.0,52798.0,59807.857142857145,-0.0,68179315.0,877.2141102159379
United Kingdom,2021-01-08,2966224.0,68196.0,58004.857142857145,-0.0,68179315.0,850.7691393329068
United Kingdom,2021-01-09,3026299.0,60075.0,55799.57142857143,-0.0,68179315.0,818.4237613500726
United Kingdom,2021-01-10,3081319.0,55020.0,53672.28571428572,-0.0,68179315.0,787.2224253688339
United Kingdom,2021-01-11,3127617.0,46298.0,53101.28571428572,-0.0,68179315.0,778.8474512289499
United Kingdom,2021-01-12,3173273.0,45656.0,51342.71428571428,-0.0,68179315.0,753.0541233175236
United Kingdom,2021-01-13,3220936.0,47663.0,48680.142857142855,-0.0,68179315.0,714.00164195171
United Kingdom,2021-01-14,3269737.0,48801.0,46345.0,-0.0,68179315.0,679.7516226145716
United Kingdom,2021-01-15,3325623.0,55886.0,45103.857142857145,-0.0,68179315.0,661.5475257100654
United Kingdom,2021-01-16,3367060.0,41437.0,43359.142857142855,-0.0,68179315.0,635.957443355699
United Kingdom,2021-01-17,3405734.0,38674.0,42120.0,-0.0,68179315.0,617.78268086149
United Kingdom,2021-01-18,3443344.0,37610.0,40574.28571428572,-0.0,68179315.0,595.1113723317068
United Kingdom,2021-01-19,3476787.0,33443.0,38351.57142857143,-0.0,68179315.0,562.5103659162817
United Kingdom,2021-01-20,3515776.0,38989.0,37238.0,-0.0,68179315.0,546.1773853257399
United Kingdom,2021-01-21,3553757.0,37981.0,36013.0,-0.0,68179315.0,528.2100590186334
United Kingdom,2021-01-22,3594084.0,40327.0,33816.0,-0.0,68179315.0,495.98620930703106
United Kingdom,2021-01-23,3627726.0,33642.0,31923.85714285714,-0.0,68179315.0,468.2337618507481
United Kingdom,2021-01-24,3657825.0,30099.0,29976.285714285714,-0.0,68179315.0,439.6683321662254
United Kingdom,2021-01-25,3680056.0,22231.0,28666.0,-0.0,68179315.0,420.4501027914405
United Kingdom,2021-01-26,3700254.0,20198.0,27072.571428571428,-0.0,68179315.0,397.078959044564
United Kingdom,2021-01-27,3725610.0,25356.0,25603.0,-0.0,68179315.0,375.52445342109996
United Kingdom,2021-01-28,3754419.0,28809.0,24329.428571428572,-0.0,68179315.0,356.8447200067729
United Kingdom,2021-01-29,3783592.0,29173.0,23821.571428571428,-0.0,68179315.0,349.39587510627564
United Kingdom,2021-01-30,3806947.0,23355.0,23352.428571428572,-0.0,68179315.0,342.5148605765337
United Kingdom,2021-01-31,3828131.0,21184.0,22480.285714285714,-0.0,68179315.0,329.7229623718823
United Kingdom,2021-02-01,3846807.0,18676.0,21326.428571428572,-0.0,68179315.0,312.7991029453518
United Kingdom,2021-02-02,3863721.0,16914.0,19900.14285714286,-0.0,68179315.0,291.87947777332255
United Kingdom,2021-02-03,3882972.0,19251.0,19186.14285714286,-0.0,68179315.0,281.4070932971805
United Kingdom,2021-02-04,3903704.0,20732.0,18433.714285714286,-0.0,68179315.0,270.3710690803257
United Kingdom,2021-02-05,3922893.0,19189.0,17783.85714285714,-0.0,68179315.0,260.839481048719
United Kingdom,2021-02-06,3941250.0,18357.0,17145.0,-0.0,68179315.0,251.46923227374754
United Kingdom,2021-02-07,3957167.0,15917.0,16263.857142857143,-0.0,68179315.0,238.54532922275828
United Kingdom,2021-02-08,3971294.0,14127.0,15237.285714285714,-0.0,68179315.0,223.48839548014985
United Kingdom,2021-02-09,3983736.0,12442.0,14666.142857142857,-0.0,68179315.0,215.1113260252447
United Kingdom,2021-02-10,3996819.0,13083.0,13952.285714285714,-0.0,68179315.0,204.6410368641239
United Kingdom,2021-02-11,4010365.0,13546.0,13249.0,-0.0,68179315.0,194.32580101457458
United Kingdom,2021-02-12,4025556.0,15191.0,12628.142857142857,-0.0,68179315.0,185.21956193227896
United Kingdom,2021-02-13,4038916.0,13360.0,12370.42857142857,-0.0,68179315.0,181.43961363396758
United Kingdom,2021-02-14,4049910.0,10994.0,12324.285714285714,-0.0,68179315.0,180.76282688210807
United Kingdom,2021-02-15,4059691.0,9781.0,12117.142857142857,-0.0,68179315.0,177.72462010131454
United Kingdom,2021-02-16,4070329.0,10638.0,11675.0,-0.0,68179315.0,171.23962011058634
United Kingdom,2021-02-17,4083089.0,12760.0,11260.142857142857,-0.0,68179315.0,165.15482528891434
United Kingdom,2021-02-18,4095185.0,12096.0,11095.0,-0.0,68179315.0,162.73264112436448
United Kingdom,2021-02-19,4107281.0,12096.0,11220.0,-0.0,68179315.0,164.56604176794676
United Kingdom,2021-02-20,4117737.0,10456.0,10918.42857142857,-0.0,68179315.0,160.14283175811565
United Kingdom,2021-02-21,4127575.0,9838.0,10516.42857142857,-0.0,68179315.0,154.246615288355
United Kingdom,2021-02-22,4138231.0,10656.0,10219.857142857143,-0.0,68179315.0,149.89674130426718
United Kingdom,2021-02-23,4146758.0,8527.0,9718.57142857143,-0.0,68179315.0,142.54428089474686
United Kingdom,2021-02-24,4156704.0,9946.0,9290.285714285714,-0.0,68179315.0,136.2625264610786
United Kingdom,2021-02-25,4166724.0,10020.0,8749.714285714286,-0.0,68179315.0,128.33385442071815
United Kingdom,2021-02-26,4175311.0,8587.0,8008.0,-0.0,68179315.0,117.45497883045613
United Kingdom,2021-02-27,4182769.0,7458.0,7705.571428571428,-0.0,68179315.0,113.0191969304976
United Kingdom,2021-02-28,4188823.0,6054.0,7201.857142857143,-0.0,68179315.0,105.63111616561626
United Kingdom,2021-03-01,4194287.0,5464.0,6719.428571428572,-0.0,68179315.0,98.55523733889922
United Kingdom,2021-03-02,4200697.0,6410.0,6353.571428571428,-0.0,68179315.0,93.18913556951149
United Kingdom,2021-03-03,4207117.0,6420.0,6162.142857142857,-0.0,68179315.0,90.38141344105404
United Kingdom,2021-03-04,4213760.0,6643.0,6048.857142857143,-0.0,68179315.0,88.71982862921317
United Kingdom,2021-03-05,4219786.0,6026.0,5957.142857142857,-0.0,68179315.0,87.37463638557908
United Kingdom,2021-03-06,4225904.0,6118.0,5879.714285714285,-0.0,68179315.0,86.23897564406866
United Kingdom,2021-03-07,4231165.0,5261.0,5822.857142857143,-0.0,68179315.0,85.40504026561639
United Kingdom,2021-03-08,4235987.0,4822.0,5850.285714285715,-0.0,68179315.0,85.80734074969386
United Kingdom,2021-03-09,4241855.0,5868.0,5944.285714285715,-0.0,68179315.0,87.18605803366776
United Kingdom,2021-03-10,4247877.0,6022.0,5872.714285714285,-0.0,68179315.0,86.13630520802806
United Kingdom,2021-03-11,4254712.0,6835.0,5791.857142857143,-0.0,68179315.0,84.95035690600798
United Kingdom,2021-03-12,4261396.0,6684.0,5835.857142857143,-0.0,68179315.0,85.59571393254895
United Kingdom,2021-03-13,4267013.0,5617.0,5763.571428571428,-0.0,68179315.0,84.53548453180305
United Kingdom,2021-03-14,4271708.0,4695.0,5730.857142857143,-0.0,68179315.0,84.05565739193982
United Kingdom,2021-03-15,4276838.0,5130.0,5659.142857142857,-0.0,68179315.0,83.00380925127888
United Kingdom,2021-03-16,4282200.0,5362.0,5400.285714285715,-0.0,68179315.0,79.20709843279761
United Kingdom,2021-03-17,4287993.0,5793.0,5403.428571428572,-0.0,68179315.0,79.25319536326481
United Kingdom,2021-03-18,4294326.0,6333.0,5497.857142857143,-0.0,68179315.0,80.63819859230242
United Kingdom,2021-03-19,4299198.0,4872.0,5537.428571428572,-0.0,68179315.0,81.21860085318504
United Kingdom,2021-03-20,4304837.0,5639.0,5545.142857142857,-0.0,68179315.0,81.33174786433182
United Kingdom,2021-03-21,4310193.0,5356.0,5521.428571428572,-0.0,68179315.0,80.9839255708065
United Kingdom,2021-03-22,4315600.0,5407.0,5513.428571428572,-0.0,68179315.0,80.86658792961724
United Kingdom,2021-03-23,4321016.0,5416.0,5708.142857142857,-0.0,68179315.0,83.72250230356313
United Kingdom,2021-03-24,4326643.0,5627.0,5461.0,-0.0,68179315.0,80.09760731682329
United Kingdom,2021-03-25,4332920.0,6277.0,5259.714285714285,-0.0,68179315.0,77.14530845190048
United Kingdom,2021-03-26,4339155.0,6235.0,5170.714285714285,-0.0,68179315.0,75.8399271936699
United Kingdom,2021-03-27,4343064.0,3909.0,4978.285714285715,-0.0,68179315.0,73.01753786006378
United Kingdom,2021-03-28,4347011.0,3947.0,4762.285714285715,-0.0,68179315.0,69.84942154795358
United Kingdom,2021-03-29,4351795.0,4784.0,4517.714285714285,-0.0,68179315.0,66.26224223159599
United Kingdom,2021-03-30,4355864.0,4069.0,4116.0,-0.0,68179315.0,60.3702163918778
United Kingdom,2021-03-31,4359979.0,4115.0,4046.714285714286,-0.0,68179315.0,59.3539886065779
United Kingdom,2021-04-01,4364544.0,4565.0,3826.4285714285716,-0.0,68179315.0,56.123012843830594
United Kingdom,2021-04-02,4367967.0,3423.0,3547.4285714285716,-0.0,68179315.0,52.030862607354905
United Kingdom,2021-04-03,4371391.0,3424.0,3309.5714285714284,-0.0,68179315.0,48.54216309699545
United Kingdom,2021-04-04,4373796.0,2405.0,3121.285714285714,-0.0,68179315.0,45.78053789900521
United Kingdom,2021-04-05,4376627.0,2831.0,2915.4285714285716,-0.0,68179315.0,42.76118895340282
United Kingdom,2021-04-06,4379031.0,2404.0,2426.4285714285716,-0.0,68179315.0,35.58892563570889
United Kingdom,2021-04-07,4381828.0,2797.0,2324.8571428571427,-0.0,68179315.0,34.09915665560944
United Kingdom,2021-04-08,4384952.0,3124.0,2228.4285714285716,-0.0,68179315.0,32.68481901627453
United Kingdom,2021-04-09,4380165.0,0.0,2350.5714285714284,4787.0,68179315.0,34.47631335943208
United Kingdom,2021-04-10,4382878.0,2713.0,2364.8571428571427,-0.0,68179315.0,34.68584486155577
United Kingdom,2021-04-11,4384608.0,1730.0,2326.714285714286,-0.0,68179315.0,34.12639575088552
United Kingdom,2021-04-12,4388294.0,3686.0,2275.714285714286,-0.0,68179315.0,33.37836828830395
United Kingdom,2021-04-13,4390798.0,2504.0,2676.714285714286,-0.0,68179315.0,39.25991755291595
United Kingdom,2021-04-14,4393328.0,2530.0,2613.8571428571427,-0.0,68179315.0,38.337978943571706
United Kingdom,2021-04-15,4396095.0,2767.0,2635.8571428571427,-0.0,68179315.0,38.66065745684219
United Kingdom,2021-04-16,4398902.0,2807.0,2545.5714285714284,-0.0,68179315.0,37.33641836342047
United Kingdom,2021-04-17,4401175.0,2273.0,2549.4285714285716,-0.0,68179315.0,37.39299186899386
United Kingdom,2021-04-18,4403059.0,1884.0,2534.0,-0.0,68179315.0,37.16669784670027
United Kingdom,2021-04-19,4406113.0,3054.0,2533.8571428571427,-0.0,68179315.0,37.16460253167904
United Kingdom,2021-04-20,4408644.0,2531.0,2518.285714285714,-0.0,68179315.0,36.936213194364214
United Kingdom,2021-04-21,4411066.0,2422.0,2496.714285714286,-0.0,68179315.0,36.61982062615744
United Kingdom,2021-04-22,4413832.0,2766.0,2475.1428571428573,-0.0,68179315.0,36.303428057950676
United Kingdom,2021-04-23,4416530.0,2698.0,2341.5714285714284,-0.0,68179315.0,34.34430851309416
United Kingdom,2021-04-24,4418652.0,2122.0,2365.4285714285716,-0.0,68179315.0,34.69422612164073
United Kingdom,2021-04-25,4420385.0,1733.0,2331.8571428571427,-0.0,68179315.0,34.20182709165005
United Kingdom,2021-04-26,4422504.0,2119.0,2288.0,-0.0,68179315.0,33.55856538013032
United Kingdom,2021-04-27,4425202.0,2698.0,2245.0,-0.0,68179315.0,32.92787555873801
United Kingdom,2021-04-28,4427389.0,2187.0,2214.8571428571427,-0.0,68179315.0,32.48576408925702
United Kingdom,2021-04-29,4429848.0,2459.0,2206.4285714285716,-0.0,68179315.0,32.36214050300405
United Kingdom,2021-04-30,4432245.0,2397.0,2142.8571428571427,-0.0,68179315.0,31.42972531855362
United Kingdom,2021-05-01,4434156.0,1911.0,2040.7142857142858,-0.0,68179315.0,29.931575078369235
United Kingdom,2021-05-02,4435830.0,1674.0,2036.142857142857,-0.0,68179315.0,29.864524997689653
United Kingdom,2021-05-03,4437504.0,1674.0,2058.8571428571427,-0.0,68179315.0,30.19768008606632
United Kingdom,2021-05-04,4439487.0,1983.0,2072.1428571428573,-0.0,68179315.0,30.392544383041358
United Kingdom,2021-05-05,4441642.0,2155.0,2092.8571428571427,-0.0,68179315.0,30.6963650611207
United Kingdom,2021-05-06,4444260.0,2618.0,2106.714285714286,-0.0,68179315.0,30.89961061818069
United Kingdom,2021-05-07,4446750.0,2490.0,2207.1428571428573,-0.0,68179315.0,32.37261707811024
United Kingdom,2021-05-08,4448806.0,2056.0,2279.5714285714284,-0.0,68179315.0,33.43494179387734
United Kingdom,2021-05-09,4450577.0,1771.0,2299.8571428571427,-0.0,68179315.0,33.73247652689299
United Kingdom,2021-05-10,4452954.0,2377.0,2306.285714285714,-0.0,68179315.0,33.82676570284865
United Kingdom,2021-05-11,4455444.0,2490.0,2264.5714285714284,-0.0,68179315.0,33.214933716647465
United Kingdom,2021-05-12,4457741.0,2297.0,2265.1428571428573,-0.0,68179315.0,33.22331497673242
United Kingdom,2021-05-13,4460404.0,2663.0,2287.4285714285716,-0.0,68179315.0,33.55018412004538
United Kingdom,2021-05-14,4462602.0,2198.0,2232.285714285714,-0.0,68179315.0,32.74139252184793
United Kingdom,2021-05-15,4464662.0,2060.0,1876.5714285714287,-0.0,68179315.0,27.52405811896803
United Kingdom,2021-05-16,4466589.0,1927.0,1855.0,-0.0,68179315.0,27.207665550761256
United Kingdom,2021-05-17,4468580.0,1991.0,1860.142857142857,-0.0,68179315.0,27.28309689152578
United Kingdom,2021-05-18,4466218.0,0.0,1933.142857142857,2362.0,68179315.0,28.353802867377844
United Kingdom,2021-05-19,4468364.0,2146.0,1999.4285714285713,-0.0,68179315.0,29.326029037231766
United Kingdom,2021-05-20,4471063.0,2699.0,2023.4285714285713,-0.0,68179315.0,29.67804196079957
United Kingdom,2021-05-21,4473772.0,2709.0,2077.0,-0.0,68179315.0,30.46378509376341
United Kingdom,2021-05-22,4476296.0,2524.0,2422.4285714285716,-0.0,68179315.0,35.53025681511425
United Kingdom,2021-05-23,4478391.0,2095.0,2543.1428571428573,-0.0,68179315.0,37.300798008059445
United Kingdom,2021-05-24,4480757.0,2366.0,2641.0,-0.0,68179315.0,38.73608879760672
United Kingdom,2021-05-25,4483175.0,2418.0,2829.714285714286,-0.0,68179315.0,41.503999940660684
United Kingdom,2021-05-26,4486166.0,2991.0,2932.1428571428573,-0.0,68179315.0,43.006340810887544
United Kingdom,2021-05-27,4489550.0,3384.0,3077.714285714286,-0.0,68179315.0,45.14146681752795
United Kingdom,2021-05-28,4493580.0,4030.0,3210.285714285714,-0.0,68179315.0,47.0859191572358
United Kingdom,2021-05-29,4496821.0,3241.0,3308.0,-0.0,68179315.0,48.519114631761845
United Kingdom,2021-05-30,4499935.0,3114.0,3489.8571428571427,-0.0,68179315.0,51.18645065379643
United Kingdom,2021-05-31,4503229.0,3294.0,3746.5714285714284,-0.0,68179315.0,54.951731746959155
United Kingdom,2021-06-01,4506331.0,3102.0,4048.5714285714284,-0.0,68179315.0,59.38122770185398
United Kingdom,2021-06-02,4510595.0,4264.0,4393.428571428572,-0.0,68179315.0,64.43931816311988
United Kingdom,2021-06-03,4515776.0,5181.0,4695.142857142857,-0.0,68179315.0,68.86462348797222
United Kingdom,2021-06-04,4521920.0,6144.0,5023.142857142857,-0.0,68179315.0,73.67546677673216
United Kingdom,2021-06-05,4527575.0,5655.0,5434.142857142857,-0.0,68179315.0,79.70368809283076
United Kingdom,2021-06-06,4532801.0,5226.0,5870.571428571428,-0.0,68179315.0,86.1048754827095
United Kingdom,2021-06-07,4538391.0,5590.0,6164.428571428572,-0.0,68179315.0,90.41493848139383
United Kingdom,2021-06-08,4544370.0,5979.0,6425.0,-0.0,68179315.0,94.23679308012996
United Kingdom,2021-06-09,4551689.0,7319.0,6696.857142857143,-0.0,68179315.0,98.22417756554378
United Kingdom,2021-06-10,4558927.0,7238.0,6996.714285714285,-0.0,68179315.0,102.62224379512004
United Kingdom,2021-06-11,4566895.0,7968.0,7286.571428571428,-0.0,68179315.0,106.87363797320974
United Kingdom,2021-06-12,4574453.0,7558.0,7517.428571428572,-0.0,68179315.0,110.25966704752858
United Kingdom,2021-06-13,4581778.0,7325.0,7731.714285714285,-0.0,68179315.0,113.40263957938394
United Kingdom,2021-06-14,4589397.0,7619.0,8242.285714285714,-0.0,68179315.0,120.89129546528466
United Kingdom,2021-06-15,4596992.0,7595.0,8573.857142857143,-0.0,68179315.0,125.75452162957554
United Kingdom,2021-06-16,4605811.0,8819.0,8933.857142857143,-0.0,68179315.0,131.03471548309253
United Kingdom,2021-06-17,4616623.0,10812.0,9184.142857142857,-0.0,68179315.0,134.7057074002996
United Kingdom,2021-06-18,4626912.0,10289.0,9592.142857142857,-0.0,68179315.0,140.68992710095222
United Kingdom,2021-06-19,4636990.0,10078.0,10148.285714285714,-0.0,68179315.0,148.84698847862748
United Kingdom,2021-06-20,4646067.0,9077.0,11167.57142857143,-0.0,68179315.0,163.79706115515282
United Kingdom,2021-06-21,4656542.0,10475.0,12012.142857142857,-0.0,68179315.0,176.1845635607054
United Kingdom,2021-06-22,4668030.0,11488.0,12732.42857142857,-0.0,68179315.0,186.7491418977819
United Kingdom,2021-06-23,4683984.0,15954.0,13860.714285714286,-0.0,68179315.0,203.29793993551104
United Kingdom,2021-06-24,4700708.0,16724.0,14658.0,-0.0,68179315.0,214.9918930690342
United Kingdom,2021-06-25,4716039.0,15331.0,16400.714285714286,-0.0,68179315.0,240.55264101310328
United Kingdom,2021-06-26,4734015.0,17976.0,17652.428571428572,-0.0,68179315.0,258.91179122918106
United Kingdom,2021-06-27,4748673.0,14658.0,19037.285714285714,-0.0,68179315.0,279.22377504505164
United Kingdom,2021-06-28,4771347.0,22674.0,20595.85714285714,-0.0,68179315.0,302.0836619267463
United Kingdom,2021-06-29,4791597.0,20250.0,22243.714285714286,-0.0,68179315.0,326.25312069671406
United Kingdom,2021-06-30,4817245.0,25648.0,23180.571428571428,-0.0,68179315.0,339.9941966059857
United Kingdom,2021-07-01,4844879.0,27634.0,24511.285714285714,-0.0,68179315.0,359.5120560288075
United Kingdom,2021-07-02,4871745.0,26866.0,25151.0,-0.0,68179315.0,368.8948766939064
United Kingdom,2021-07-03,4896279.0,24534.0,26320.85714285714,-0.0,68179315.0,386.05341140281536
United Kingdom,2021-07-04,4920252.0,23973.0,27247.714285714286,-0.0,68179315.0,399.64781526060045
United Kingdom,2021-07-05,4947404.0,27152.0,27886.14285714286,-0.0,68179315.0,409.01177809050824
United Kingdom,2021-07-06,4975843.0,28439.0,29151.428571428572,-0.0,68179315.0,427.5699832336035
United Kingdom,2021-07-07,5007979.0,32136.0,30219.14285714286,-0.0,68179315.0,443.2303677023282
United Kingdom,2021-07-08,5040082.0,32103.0,31300.428571428572,-0.0,68179315.0,459.0898070980703
United Kingdom,2021-07-09,5075805.0,35723.0,32348.714285714286,-0.0,68179315.0,474.46522872390676
United Kingdom,2021-07-10,5107813.0,32008.0,33486.0,-0.0,68179315.0,491.1460316079738
United Kingdom,2021-07-11,5139355.0,31542.0,34924.142857142855,-0.0,68179315.0,512.2395679267656
United Kingdom,2021-07-12,5173845.0,34490.0,37275.857142857145,-0.0,68179315.0,546.7326438063678
United Kingdom,2021-07-13,5210245.0,36400.0,39604.0,-0.0,68179315.0,580.8799927074656
United Kingdom,2021-07-14,5252448.0,42203.0,42801.0,-0.0,68179315.0,627.7710475677264
United Kingdom,2021-07-15,5301013.0,48565.0,45192.0,-0.0,68179315.0,662.8403350781684
United Kingdom,2021-07-16,5353033.0,52020.0,45980.28571428572,-0.0,68179315.0,674.4022833653538
United Kingdom,2021-07-17,5407420.0,54387.0,47441.28571428572,-0.0,68179315.0,695.8310700875437
United Kingdom,2021-07-18,5455699.0,48279.0,47722.142857142855,-0.0,68179315.0,699.9504594192953
United Kingdom,2021-07-19,5495707.0,40008.0,46500.0,-0.0,68179315.0,682.0250394126136
United Kingdom,2021-07-20,5542334.0,46627.0,44231.142857142855,-0.0,68179315.0,648.747246245329
United Kingdom,2021-07-21,5586503.0,44169.0,41005.0,-0.0,68179315.0,601.4287471207359
United Kingdom,2021-07-22,5626513.0,40010.0,38262.42857142857,-0.0,68179315.0,561.2028893430298
United Kingdom,2021-07-23,5662651.0,36138.0,36074.71428571428,-0.0,68179315.0,529.1152351078077
United Kingdom,2021-07-24,5694455.0,31804.0,32752.14285714286,-0.0,68179315.0,480.3823983438798
United Kingdom,2021-07-25,5723536.0,29081.0,30118.428571428572,-0.0,68179315.0,441.75317061235614
United Kingdom,2021-07-26,5748230.0,24694.0,28815.85714285714,-0.0,68179315.0,422.64808824871795
United Kingdom,2021-07-27,5771599.0,23369.0,27843.571428571428,-0.0,68179315.0,408.3873742141796
United Kingdom,2021-07-28,5797332.0,25733.0,26993.714285714286,-0.0,68179315.0,395.9223451528413
United Kingdom,2021-07-29,5828224.0,30892.0,26300.714285714286,-0.0,68179315.0,385.757971984821
United Kingdom,2021-07-30,5857556.0,29332.0,25967.571428571428,-0.0,68179315.0,380.87169735529653
United Kingdom,2021-07-31,5883411.0,25855.0,25726.714285714286,-0.0,68179315.0,377.3389962294911
United Kingdom,2021-08-01,5907641.0,24230.0,26214.0,-0.0,68179315.0,384.4861157669302
United Kingdom,2021-08-02,5930003.0,22362.0,26090.85714285714,-0.0,68179315.0,382.67995421862395
United Kingdom,2021-08-03,5951686.0,21683.0,26419.571428571428,-0.0,68179315.0,387.5012740824901
United Kingdom,2021-08-04,5980830.0,29144.0,26780.14285714286,-0.0,68179315.0,392.78984919609206
United Kingdom,2021-08-05,6010860.0,30030.0,27214.14285714286,-0.0,68179315.0,399.15541623060983
United Kingdom,2021-08-06,6042493.0,31633.0,27593.14285714286,-0.0,68179315.0,404.7142869819513
United Kingdom,2021-08-07,6070872.0,28379.0,27844.714285714286,-0.0,68179315.0,408.4041367343495
United Kingdom,2021-08-08,6098140.0,27268.0,27880.714285714286,-0.0,68179315.0,408.9321561197012
United Kingdom,2021-08-09,6123155.0,25015.0,28286.714285714286,-0.0,68179315.0,414.8870414100565
United Kingdom,2021-08-10,6146599.0,23444.0,28413.0,-0.0,68179315.0,416.7392998888299
United Kingdom,2021-08-11,6175995.0,29396.0,28541.571428571428,-0.0,68179315.0,418.6250834079431
United Kingdom,2021-08-12,6208867.0,32872.0,28434.14285714286,-0.0,68179315.0,417.049406511973
United Kingdom,2021-08-13,6241384.0,32517.0,28903.85714285714,-0.0,68179315.0,423.9388023017999
United Kingdom,2021-08-14,6270663.0,29279.0,29374.714285714286,-0.0,68179315.0,430.8449606117968
United Kingdom,2021-08-15,6297179.0,26516.0,30005.571428571428,-0.0,68179315.0,440.09787174557897
United Kingdom,2021-08-16,6325482.0,28303.0,30515.428571428572,-0.0,68179315.0,447.5760510563735
United Kingdom,2021-08-17,6352222.0,26740.0,31172.14285714286,-0.0,68179315.0,457.20821420899955
United Kingdom,2021-08-18,6386034.0,33812.0,31551.714285714286,-0.0,68179315.0,462.77546622042604
United Kingdom,2021-08-19,6422475.0,36441.0,32345.0,-0.0,68179315.0,474.4107505333546
United Kingdom,2021-08-20,6459589.0,37114.0,32841.42857142857,-0.0,68179315.0,481.6919702321528
United Kingdom,2021-08-21,6491525.0,31936.0,33418.0,-0.0,68179315.0,490.14866165786503
United Kingdom,2021-08-22,6523594.0,32069.0,33675.57142857143,-0.0,68179315.0,493.9265146411551
United Kingdom,2021-08-23,6555372.0,31778.0,33915.0,-0.0,68179315.0,497.4382626167482
United Kingdom,2021-08-24,6586148.0,30776.0,34018.71428571428,-0.0,68179315.0,498.95946132216613
United Kingdom,2021-08-25,6621763.0,35615.0,34054.857142857145,-0.0,68179315.0,499.4895760225391
United Kingdom,2021-08-26,6659880.0,38117.0,34190.42857142857,-0.0,68179315.0,501.4780299776929
United Kingdom,2021-08-27,6697720.0,37840.0,33411.0,-0.0,68179315.0,490.0459912218244
United Kingdom,2021-08-28,6729909.0,32189.0,33595.71428571428,-0.0,68179315.0,492.7552335442836
United Kingdom,2021-08-29,6762927.0,33018.0,33589.57142857143,-0.0,68179315.0,492.66513499837055
United Kingdom,2021-08-30,6789249.0,26322.0,33570.42857142857,-0.0,68179315.0,492.38436278552484
United Kingdom,2021-08-31,6821318.0,32069.0,34214.71428571428,-0.0,68179315.0,501.8342335313032
United Kingdom,2021-09-01,6856890.0,35572.0,34869.57142857143,-0.0,68179315.0,511.4391575886532
United Kingdom,2021-09-02,6894873.0,37983.0,35379.42857142857,-0.0,68179315.0,518.9173368994477
United Kingdom,2021-09-03,6937223.0,42350.0,37458.857142857145,-0.0,68179315.0,549.4167423485723
United Kingdom,2021-09-04,6973996.0,36773.0,38240.57142857143,-0.0,68179315.0,560.8823061447805
United Kingdom,2021-09-05,7010583.0,36587.0,38673.0,-0.0,68179315.0,567.2248247140647
United Kingdom,2021-09-06,7051461.0,40878.0,38612.57142857143,-0.0,68179315.0,566.3385064600815
United Kingdom,2021-09-07,7089002.0,37541.0,37849.57142857143,-0.0,68179315.0,555.1474289316551
United Kingdom,2021-09-08,7127601.0,38599.0,36731.0,-0.0,68179315.0,538.7411123153702
United Kingdom,2021-09-09,7165161.0,37560.0,35601.28571428572,-0.0,68179315.0,522.1713611274288
United Kingdom,2021-09-10,7202170.0,37009.0,34097.42857142857,-0.0,68179315.0,500.11397989886774
United Kingdom,2021-09-11,7231113.0,28943.0,32556.14285714286,-0.0,68179315.0,477.50762613474274
United Kingdom,2021-09-12,7259792.0,28679.0,31318.285714285714,-0.0,68179315.0,459.3517214757249
United Kingdom,2021-09-13,7290143.0,30351.0,29751.571428571428,-0.0,68179315.0,436.37240163781973
United Kingdom,2021-09-14,7316895.0,26752.0,29114.85714285714,-0.0,68179315.0,427.03358258816684
United Kingdom,2021-09-15,7346829.0,29934.0,29197.14285714286,-0.0,68179315.0,428.24048404039934
United Kingdom,2021-09-16,7373422.0,26593.0,29288.285714285714,-0.0,68179315.0,429.57729502394847
United Kingdom,2021-09-17,7405974.0,32552.0,30081.571428571428,-0.0,68179315.0,441.212579336877
United Kingdom,2021-09-18,7435493.0,29519.0,30713.285714285714,-0.0,68179315.0,450.4780623607866
United Kingdom,2021-09-19,7464810.0,29317.0,31270.714285714286,-0.0,68179315.0,458.653981573653
United Kingdom,2021-09-20,7500714.0,35904.0,32591.85714285714,-0.0,68179315.0,478.0314548900519
United Kingdom,2021-09-21,7531888.0,31174.0,33043.142857142855,-0.0,68179315.0,484.6505550421393
United Kingdom,2021-09-22,7565724.0,33836.0,33113.71428571428,-0.0,68179315.0,485.68564066263036
United Kingdom,2021-09-23,7601565.0,35841.0,33653.42857142857,-0.0,68179315.0,493.6017408128634
United Kingdom,2021-09-24,7637276.0,35711.0,33892.71428571428,-0.0,68179315.0,497.1113934734352
United Kingdom,2021-09-25,7667289.0,30013.0,34410.142857142855,-0.0,68179315.0,504.7006244803553
United Kingdom,2021-09-26,7700384.0,33095.0,34614.42857142857,-0.0,68179315.0,507.69692496072406
United Kingdom,2021-09-27,7737963.0,37579.0,34612.857142857145,-0.0,68179315.0,507.6738764954905
United Kingdom,2021-09-28,7772759.0,34796.0,34468.42857142857,-0.0,68179315.0,505.55551300902
United Kingdom,2021-09-29,7808025.0,35266.0,34401.71428571428,-0.0,68179315.0,504.57700089410224
United Kingdom,2021-09-30,7843855.0,35830.0,33921.57142857143,-0.0,68179315.0,497.53464710772505
United Kingdom,2021-10-01,7878555.0,34700.0,33477.0,-0.0,68179315.0,491.0140267616359
United Kingdom,2021-10-02,7908101.0,29546.0,33246.71428571428,-0.0,68179315.0,487.6363789474019
United Kingdom,2021-10-03,7937835.0,29734.0,33769.0,-0.0,68179315.0,495.296850665044
United Kingdom,2021-10-04,7972302.0,34467.0,34348.71428571428,-0.0,68179315.0,503.7996390212234
United Kingdom,2021-10-05,8005486.0,33184.0,34408.0,-0.0,68179315.0,504.66919475503676
United Kingdom,2021-10-06,8044408.0,38922.0,35834.42857142857,-0.0,68179315.0,525.5909152420874
United Kingdom,2021-10-07,8084296.0,39888.0,36399.857142857145,-0.0,68179315.0,533.884172096143
United Kingdom,2021-10-08,8119411.0,35115.0,37140.142857142855,-0.0,68179315.0,544.7420945361927
United Kingdom,2021-10-09,8158942.0,39531.0,37806.42857142857,-0.0,68179315.0,554.5146437952416
United Kingdom,2021-10-10,8192634.0,33692.0,38199.0,-0.0,68179315.0,560.2725694736007
United Kingdom,2021-10-11,8232283.0,39649.0,38892.857142857145,-0.0,68179315.0,570.4495145317483
United Kingdom,2021-10-12,8270131.0,37848.0,40219.28571428572,-0.0,68179315.0,589.904514503933
United Kingdom,2021-10-13,8311801.0,41670.0,40708.0,-0.0,68179315.0,597.0725871915845
United Kingdom,2021-10-14,8356546.0,44745.0,42303.0,-0.0,68179315.0,620.4667794036945
United Kingdom,2021-10-15,8400946.0,44400.0,43618.857142857145,-0.0,68179315.0,639.7667260643077
United Kingdom,2021-10-16,8443898.0,42952.0,44439.71428571428,-0.0,68179315.0,651.8064061763349
United Kingdom,2021-10-17,8488755.0,44857.0,45459.71428571428,-0.0,68179315.0,666.7669554279664
United Kingdom,2021-10-18,8537615.0,48860.0,46454.71428571428,-0.0,68179315.0,681.3608245508815
United Kingdom,2021-10-19,8581209.0,43594.0,47112.42857142857,-0.0,68179315.0,691.0076549086563
United Kingdom,2021-10-20,8630019.0,48810.0,47428.0,-0.0,68179315.0,695.6362057905686
United Kingdom,2021-10-21,8681729.0,51710.0,46576.28571428572,-0.0,68179315.0,683.1439376339542
United Kingdom,2021-10-22,8730733.0,49004.0,44775.0,-0.0,68179315.0,656.724110531178
United Kingdom,2021-10-23,8775894.0,45161.0,44799.71428571428,-0.0,68179315.0,657.086600029852
United Kingdom,2021-10-24,8814789.0,38895.0,44127.142857142855,-0.0,68179315.0,647.2218569098686
United Kingdom,2021-10-25,8851040.0,36251.0,42377.28571428572,-0.0,68179315.0,621.5563432147378
United Kingdom,2021-10-26,8894807.0,43767.0,41556.142857142855,-0.0,68179315.0,609.5124724726679
United Kingdom,2021-10-27,8938909.0,44102.0,40974.42857142857,-0.0,68179315.0,600.9803497061913
United Kingdom,2021-10-28,8978370.0,39461.0,40820.57142857143,-0.0,68179315.0,598.7236954283192
United Kingdom,2021-10-29,9021626.0,43256.0,41330.28571428572,-0.0,68179315.0,606.1997794240924
United Kingdom,2021-10-30,9062715.0,41089.0,39897.42857142857,-0.0,68179315.0,585.1837697610862
United Kingdom,2021-10-31,9100533.0,37818.0,39540.28571428572,-0.0,68179315.0,579.945482207994
United Kingdom,2021-11-01,9140352.0,39819.0,39169.57142857143,-0.0,68179315.0,574.5081397278841
United Kingdom,2021-11-02,9174089.0,33737.0,37840.71428571428,-0.0,68179315.0,555.0175194003384
United Kingdom,2021-11-03,9215691.0,41602.0,36338.0,-0.0,68179315.0,532.9769006919473
United Kingdom,2021-11-04,9252557.0,36866.0,35218.42857142857,-0.0,68179315.0,516.5559168705138
United Kingdom,2021-11-05,9286511.0,33954.0,34121.857142857145,-0.0,68179315.0,500.4722787674993
United Kingdom,2021-11-06,9317081.0,30570.0,34015.42857142857,-0.0,68179315.0,498.9112690766778
United Kingdom,2021-11-07,9347062.0,29981.0,33731.28571428572,-0.0,68179315.0,494.74368749943756
United Kingdom,2021-11-08,9379205.0,32143.0,34671.142857142855,-0.0,68179315.0,508.52876502415506
United Kingdom,2021-11-09,9412197.0,32992.0,35415.857142857145,-0.0,68179315.0,519.4516422298633
United Kingdom,2021-11-10,9451810.0,39613.0,36476.28571428572,-0.0,68179315.0,535.0051656325047
United Kingdom,2021-11-11,9495255.0,43445.0,37395.42857142857,-0.0,68179315.0,548.486422479143
United Kingdom,2021-11-12,9534422.0,39167.0,38555.28571428572,-0.0,68179315.0,565.4982851365655
United Kingdom,2021-11-13,9572415.0,37993.0,39147.142857142855,-0.0,68179315.0,574.1791752695499
United Kingdom,2021-11-14,9608830.0,36415.0,38947.71428571428,-0.0,68179315.0,571.2541154999033
United Kingdom,2021-11-15,9649092.0,40262.0,39612.142857142855,-0.0,68179315.0,580.9994256636761
United Kingdom,2021-11-16,9686227.0,37135.0,40415.42857142857,-0.0,68179315.0,592.7813820280912
United Kingdom,2021-11-17,9724444.0,38217.0,40748.57142857143,-0.0,68179315.0,597.6676566576157
United Kingdom,2021-11-18,9772540.0,48096.0,41231.142857142855,-0.0,68179315.0,604.745630799354
United Kingdom,2021-11-19,9817330.0,44790.0,41939.857142857145,-0.0,68179315.0,615.1404886197104
United Kingdom,2021-11-20,9857655.0,40325.0,42758.42857142857,-0.0,68179315.0,627.1466436913978
United Kingdom,2021-11-21,9897448.0,39793.0,43458.42857142857,-0.0,68179315.0,637.4136872954585
United Kingdom,2021-11-22,9942671.0,45223.0,43325.71428571428,-0.0,68179315.0,635.4671396407294
United Kingdom,2021-11-23,9985536.0,42865.0,44058.0,-0.0,68179315.0,646.2077244395899
United Kingdom,2021-11-24,10028653.0,43117.0,44017.42857142857,-0.0,68179315.0,645.6126549735586
United Kingdom,2021-11-25,10075820.0,47167.0,43584.142857142855,-0.0,68179315.0,639.2575645141471
United Kingdom,2021-11-26,10125736.0,49916.0,43194.57142857143,-0.0,68179315.0,633.5436404512341
United Kingdom,2021-11-27,10165777.0,40041.0,42843.857142857145,-0.0,68179315.0,628.3996420740974
United Kingdom,2021-11-28,10202537.0,36760.0,43542.71428571428,-0.0,68179315.0,638.6499231579884
United Kingdom,2021-11-29,10245033.0,42496.0,44446.28571428572,-0.0,68179315.0,651.9027906673119
United Kingdom,2021-11-30,10285443.0,40410.0,44630.28571428572,-0.0,68179315.0,654.601556414665
United Kingdom,2021-12-01,10333452.0,48009.0,44884.142857142855,-0.0,68179315.0,658.3249312074029
United Kingdom,2021-12-02,10386944.0,53492.0,45865.28571428572,-0.0,68179315.0,672.7155547732581
United Kingdom,2021-12-03,10438148.0,51204.0,47128.142857142855,-0.0,68179315.0,691.2381395609923
United Kingdom,2021-12-04,10479966.0,41818.0,47837.142857142855,-0.0,68179315.0,701.637188011391
United Kingdom,2021-12-05,10523594.0,43628.0,48272.0,-0.0,68179315.0,708.0153269360363
United Kingdom,2021-12-06,10574930.0,51336.0,47842.142857142855,-0.0,68179315.0,701.7105240371344
United Kingdom,2021-12-07,10620303.0,45373.0,48899.142857142855,-0.0,68179315.0,717.2137598792663
United Kingdom,2021-12-08,10671356.0,51053.0,50438.0,-0.0,68179315.0,739.7844932880303
United Kingdom,2021-12-09,10721839.0,50483.0,51113.0,-0.0,68179315.0,749.6848567633747
United Kingdom,2021-12-10,10780442.0,58603.0,51524.0,-0.0,68179315.0,755.7130780794732
United Kingdom,2021-12-11,10833032.0,52590.0,53550.71428571428,-0.0,68179315.0,785.4393122857613
United Kingdom,2021-12-12,10881385.0,48353.0,57413.57142857143,-0.0,68179315.0,842.0966304600072
United Kingdom,2021-12-13,10935598.0,54213.0,62774.142857142855,-0.0,68179315.0,920.7212313169009
United Kingdom,2021-12-14,10995158.0,59560.0,67678.85714285714,-0.0,68179315.0,992.6596819410279
United Kingdom,2021-12-15,11073251.0,78093.0,72937.0,-0.0,68179315.0,1069.7819419276946
United Kingdom,2021-12-16,11161258.0,88007.0,77784.71428571429,-0.0,68179315.0,1140.884361858348
United Kingdom,2021-12-17,11254194.0,92936.0,83204.14285714286,-0.0,68179315.0,1220.3722325039912
United Kingdom,2021-12-18,11343591.0,89397.0,87489.85714285714,-0.0,68179315.0,1283.2316831410985
United Kingdom,2021-12-19,11425878.0,82287.0,91443.42857142857,-0.0,68179315.0,1341.21952635383
United Kingdom,2021-12-20,11518027.0,92149.0,96476.42857142857,-0.0,68179315.0,1415.0395698670275
United Kingdom,2021-12-21,11607587.0,89560.0,100608.14285714286,-0.0,68179315.0,1475.6402709112413
United Kingdom,2021-12-22,11713355.0,105768.0,105315.42857142857,-0.0,68179315.0,1544.6829961760186
United Kingdom,2021-12-23,11836593.0,123238.0,110612.42857142857,-0.0,68179315.0,1622.375181848462
United Kingdom,2021-12-24,11958451.0,121858.0,112870.85714285714,-0.0,68179315.0,1655.5000170191963
United Kingdom,2021-12-25,12080799.0,122348.0,119840.0,-0.0,68179315.0,1757.7178650152177
United Kingdom,2021-12-26,12200165.0,119366.0,130878.28571428571,-0.0,68179315.0,1919.618666076151
United Kingdom,2021-12-27,12308123.0,107958.0,140470.0,-0.0,68179315.0,2060.3023072320398
United Kingdom,2021-12-28,12446467.0,138344.0,150343.14285714287,-0.0,68179315.0,2205.113718979765
United Kingdom,2021-12-29,12629503.0,183036.0,156247.2857142857,-0.0,68179315.0,2291.7109934924647
United Kingdom,2021-12-30,12819883.0,190380.0,158579.85714285713,-0.0,68179315.0,2325.923297159221
United Kingdom,2021-12-31,13010853.0,190970.0,170089.7142857143,-0.0,68179315.0,2494.7407331052577
United Kingdom,2022-01-01,13174530.0,163677.0,182301.7142857143,-0.0,68179315.0,2673.8566423806733
United Kingdom,2022-01-02,13310224.0,135694.0,184027.14285714287,-0.0,68179315.0,2699.163857207173
United Kingdom,2022-01-03,13498751.0,188527.0,182850.85714285713,-0.0,68179315.0,2681.911033322308
United Kingdom,2022-01-04,13722579.0,223828.0,181318.2857142857,-0.0,68179315.0,2659.4324937744786
United Kingdom,2022-01-05,13917693.0,195114.0,178227.2857142857,-0.0,68179315.0,2614.0961626599756
United Kingdom,2022-01-06,14099839.0,182146.0,179166.57142857142,-0.0,68179315.0,2627.872858924608
United Kingdom,2022-01-07,14280081.0,180242.0,172814.7142857143,-0.0,68179315.0,2534.7088671353513
United Kingdom,2022-01-08,14422121.0,142040.0,157604.2857142857,-0.0,68179315.0,2311.614390879194
United Kingdom,2022-01-09,14564390.0,142269.0,148583.57142857142,-0.0,68179315.0,2179.3057238631895
United Kingdom,2022-01-10,14708454.0,144064.0,137776.85714285713,-0.0,68179315.0,2020.8014284516812
United Kingdom,2022-01-11,14825809.0,117355.0,126397.14285714286,-0.0,68179315.0,1853.8928244899917
United Kingdom,2022-01-12,14957778.0,131969.0,117726.71428571429,-0.0,68179315.0,1726.72186990606
United Kingdom,2022-01-13,15064277.0,106499.0,107513.85714285714,-0.0,68179315.0,1576.9277990378334
United Kingdom,2022-01-14,15164861.0,100584.0,99784.14285714286,-0.0,68179315.0,1463.554493868747
United Kingdom,2022-01-15,15246208.0,81347.0,96520.57142857143,-0.0,68179315.0,1415.6870222085897
United Kingdom,2022-01-16,15316987.0,70779.0,93130.57142857143,-0.0,68179315.0,1365.965196754638
United Kingdom,2022-01-17,15406943.0,89956.0,93367.0,-0.0,68179315.0,1369.4329431147848
United Kingdom,2022-01-18,15501453.0,94510.0,92782.57142857143,-0.0,68179315.0,1360.861009362905
United Kingdom,2022-01-19,15609692.0,108239.0,92246.42857142857,-0.0,68179315.0,1352.9972920882024
United Kingdom,2022-01-20,15717846.0,108154.0,92886.71428571429,-0.0,68179315.0,1362.3884940133864
United Kingdom,2022-01-21,15814339.0,96493.0,93677.42857142857,-0.0,68179315.0,1373.9860626559325
United Kingdom,2022-01-22,15891933.0,77594.0,93789.57142857143,-0.0,68179315.0,1375.6308849476038
United Kingdom,2022-01-23,15967194.0,75261.0,92961.85714285714,-0.0,68179315.0,1363.490629714557
United Kingdom,2022-01-24,16062685.0,95491.0,91395.14285714286,-0.0,68179315.0,1340.511309876652
United Kingdom,2022-01-25,16157980.0,95295.0,90373.28571428571,-0.0,68179315.0,1325.5235215297441
United Kingdom,2022-01-26,16260425.0,102445.0,89691.14285714286,-0.0,68179315.0,1315.518392303338
United Kingdom,2022-01-27,16357612.0,97187.0,87927.57142857143,-0.0,68179315.0,1289.6517283661685
United Kingdom,2022-01-28,16446952.0,89340.0,195453.0,-0.0,68179315.0,2866.749247920722
United Kingdom,2022-01-29,16519771.0,72819.0,197997.57142857142,-0.0,68179315.0,2904.0709990789933
United Kingdom,2022-01-30,16582687.0,62916.0,195876.42857142858,-0.0,68179315.0,2872.959761643668
United Kingdom,2022-01-31,17430856.0,848169.0,195664.57142857142,-0.0,68179315.0,2869.852409467174
United Kingdom,2022-02-01,17543963.0,113107.0,194704.57142857142,-0.0,68179315.0,2855.7718925244617
United Kingdom,2022-02-02,17631560.0,87597.0,192959.14285714287,-0.0,68179315.0,2830.1713335949894
United Kingdom,2022-02-03,17727264.0,95704.0,191645.7142857143,-0.0,68179315.0,2810.907007289737
United Kingdom,2022-02-04,17809884.0,82620.0,79614.0,-0.0,68179315.0,1167.7148707052866
United Kingdom,2022-02-05,17870485.0,60601.0,72990.85714285714,-0.0,68179315.0,1070.5718756907008
United Kingdom,2022-02-06,17924207.0,53722.0,70188.42857142857,-0.0,68179315.0,1029.4680809190966
United Kingdom,2022-02-07,17988154.0,63947.0,80012.71428571429,-0.0,68179315.0,1173.5628949295588
United Kingdom,2022-02-08,18054899.0,66745.0,76618.42857142857,-0.0,68179315.0,1123.7782100249697
United Kingdom,2022-02-09,18122879.0,67980.0,74526.28571428571,-0.0,68179315.0,1093.092321538955
United Kingdom,2022-02-10,18287353.0,164474.0,72737.85714285714,-0.0,68179315.0,1066.8610727880903
United Kingdom,2022-02-11,18346213.0,58860.0,69565.28571428571,-0.0,68179315.0,1020.3283167964611
United Kingdom,2022-02-12,18392169.0,45956.0,66650.42857142857,-0.0,68179315.0,977.5755091031432
United Kingdom,2022-02-13,18433372.0,41203.0,64693.42857142857,-0.0,68179315.0,948.8717886272188
United Kingdom,2022-02-14,18475111.0,41739.0,48764.142857142855,-0.0,68179315.0,715.2336871841974
United Kingdom,2022-02-15,18521452.0,46341.0,47164.0,-0.0,68179315.0,691.7640636313228
United Kingdom,2022-02-16,18575733.0,54281.0,46201.857142857145,-0.0,68179315.0,677.6521169632923
United Kingdom,2022-02-17,18628702.0,52969.0,44745.71428571428,-0.0,68179315.0,656.2945709518243
United Kingdom,2022-02-18,18676361.0,47659.0,44317.42857142857,-0.0,68179315.0,650.0128165181562
United Kingdom,2022-02-19,18715582.0,39221.0,43645.142857142855,-0.0,68179315.0,640.1522640282153
United Kingdom,2022-02-20,18746592.0,31010.0,41693.142857142855,-0.0,68179315.0,611.521879578034
United Kingdom,2022-02-21,18785333.0,38741.0,39692.0,-0.0,68179315.0,582.1707067605475
United Kingdom,2022-02-22,18826968.0,41635.0,37455.0,-0.0,68179315.0,549.3601688429987
United Kingdom,2022-02-23,18867585.0,40617.0,31852.0,-0.0,68179315.0,467.17981839506604
United Kingdom,2022-02-24,18906546.0,38961.0,27422.0,-0.0,68179315.0,402.20409958650947
United Kingdom,2022-02-25,18938546.0,32000.0,33677.57142857143,-0.0,68179315.0,493.95584905145245
United Kingdom,2022-02-26,18938546.0,0.0,41968.28571428572,-0.0,68179315.0,615.5574563089365
United Kingdom,2022-02-27,18938546.0,0.0,42637.71428571428,-0.0,68179315.0,625.3761024984525
United Kingdom,2022-02-28,19021076.0,82530.0,43628.28571428572,-0.0,68179315.0,639.9050168557094
United Kingdom,2022-03-01,19120746.0,99670.0,45469.857142857145,-0.0,68179315.0,666.9157227944744
United Kingdom,2022-03-02,19166049.0,45303.0,45469.857142857145,-0.0,68179315.0,666.9157227944744
United Kingdom,2022-03-03,19211944.0,45895.0,45469.857142857145,-0.0,68179315.0,666.9157227944744
United Kingdom,2022-03-04,19256835.0,44891.0,51809.57142857143,-0.0,68179315.0,759.9016128069258
United Kingdom,2022-03-05,19256835.0,0.0,46592.28571428572,-0.0,68179315.0,683.3786129163327
United Kingdom,2022-03-06,19256835.0,0.0,49928.28571428572,-0.0,68179315.0,732.308409292257
United Kingdom,2022-03-07,19383743.0,126908.0,55478.42857142857,-0.0,68179315.0,813.7134931823321
United Kingdom,2022-03-08,19446892.0,63149.0,59501.71428571428,-0.0,68179315.0,872.723850125427
United Kingdom,2022-03-09,19515547.0,68655.0,59501.71428571428,-0.0,68179315.0,872.723850125427
United Kingdom,2022-03-10,19600293.0,84746.0,59501.71428571428,-0.0,68179315.0,872.723850125427
United Kingdom,2022-03-11,19673347.0,73054.0,65896.14285714286,-0.0,68179315.0,966.5122457910123
United Kingdom,2022-03-12,19673347.0,0.0,74115.14285714286,-0.0,68179315.0,1087.0620049078354
United Kingdom,2022-03-13,19673347.0,0.0,77727.71428571429,-0.0,68179315.0,1140.0483311648745
United Kingdom,2022-03-14,19845016.0,171669.0,78650.57142857143,-0.0,68179315.0,1153.5840662020648
United Kingdom,2022-03-15,19965698.0,120682.0,81513.28571428571,-0.0,68179315.0,1195.5720839126311
United Kingdom,2022-03-16,20059641.0,93943.0,81513.28571428571,-0.0,68179315.0,1195.5720839126311
United Kingdom,2022-03-17,20150847.0,91206.0,81513.28571428571,-0.0,68179315.0,1195.5720839126311
United Kingdom,2022-03-18,20243940.0,93093.0,89333.57142857143,-0.0,68179315.0,1310.2738188051821
United Kingdom,2022-03-19,20243940.0,0.0,85760.42857142857,-0.0,68179315.0,1257.8657994940042
United Kingdom,2022-03-20,20243940.0,0.0,87065.42857142857,-0.0,68179315.0,1277.0065022130036
United Kingdom,2022-03-21,20470351.0,226411.0,88548.42857142857,-0.0,68179315.0,1298.757967448464
United Kingdom,2022-03-22,20566021.0,95670.0,86424.57142857143,-0.0,68179315.0,1267.6069190277349
United Kingdom,2022-03-23,20669099.0,103078.0,86424.71428571429,-0.0,68179315.0,1267.6090143427562
United Kingdom,2022-03-24,20770686.0,101587.0,86424.71428571429,-0.0,68179315.0,1267.6090143427562
United Kingdom,2022-03-25,20848912.0,78226.0,84851.42857142857,-0.0,68179315.0,1244.533310013874
United Kingdom,2022-03-26,20848913.0,1.0,82821.71428571429,-0.0,68179315.0,1214.76307419214
United Kingdom,2022-03-27,20848913.0,0.0,80802.85714285714,-0.0,68179315.0,1185.1520823120202
United Kingdom,2022-03-28,21064311.0,215398.0,77011.85714285714,-0.0,68179315.0,1129.5487075934561
United Kingdom,2022-03-29,21145773.0,81462.0,75804.71428571429,-0.0,68179315.0,1111.8432956640042
United Kingdom,2022-03-30,21234719.0,88946.0,75804.57142857143,-0.0,68179315.0,1111.8412003489832
United Kingdom,2022-03-31,21309769.0,75050.0,75804.57142857143,-0.0,68179315.0,1111.8412003489832
United Kingdom,2022-04-01,21379545.0,69776.0,65520.57142857143,-0.0,68179315.0,961.0036626001805
United Kingdom,2022-04-02,21379545.0,0.0,61174.857142857145,-0.0,68179315.0,897.2641796541538
United Kingdom,2022-04-03,21379545.0,0.0,55830.142857142855,-0.0,68179315.0,818.8721587646173
United Kingdom,2022-04-04,21522955.0,143410.0,52061.0,-0.0,68179315.0,763.5893672443027
United Kingdom,2022-04-05,21573997.0,51042.0,48090.71428571428,-0.0,68179315.0,705.3563721740866
United Kingdom,2022-04-06,21625530.0,51533.0,48090.71428571428,-0.0,68179315.0,705.3563721740866
United Kingdom,2022-04-07,21674196.0,48666.0,48090.71428571428,-0.0,68179315.0,705.3563721740866
United Kingdom,2022-04-08,21716180.0,41984.0,40653.857142857145,-0.0,68179315.0,596.2784627985357
United Kingdom,2022-04-09,21716180.0,0.0,38874.0,-0.0,68179315.0,570.172932948945
United Kingdom,2022-04-10,21716180.0,0.0,36864.142857142855,-0.0,68179315.0,540.6939459151629
United Kingdom,2022-04-11,21807532.0,91352.0,34680.71428571428,-0.0,68179315.0,508.669151130578
United Kingdom,2022-04-12,21846115.0,38583.0,28683.0,-0.0,68179315.0,420.6994452789677
United Kingdom,2022-04-13,21883579.0,37464.0,28683.0,-0.0,68179315.0,420.6994452789677
United Kingdom,2022-04-14,21916961.0,33382.0,28683.0,-0.0,68179315.0,420.6994452789677
United Kingdom,2022-04-15,21916961.0,0.0,15632.714285714286,-0.0,68179315.0,229.28822745893365
United Kingdom,2022-04-16,21916961.0,0.0,26752.571428571428,-0.0,68179315.0,392.38545339699334
United Kingdom,2022-04-17,21916961.0,0.0,25303.571428571428,-0.0,68179315.0,371.13267313658736
United Kingdom,2022-04-18,21916961.0,0.0,23630.428571428572,-0.0,68179315.0,346.5923436078607
United Kingdom,2022-04-19,22033383.0,116422.0,27049.285714285714,-0.0,68179315.0,396.7374226961024
United Kingdom,2022-04-20,22060704.0,27321.0,27049.285714285714,-0.0,68179315.0,396.7374226961024
United Kingdom,2022-04-21,22082374.0,21670.0,27049.285714285714,-0.0,68179315.0,396.7374226961024
United Kingdom,2022-04-22,22106306.0,23932.0,33500.57142857143,-0.0,68179315.0,491.35975374013987
United Kingdom,2022-04-23,22106306.0,0.0,19286.714285714286,-0.0,68179315.0,282.88219507213125
United Kingdom,2022-04-24,22106306.0,0.0,17993.428571428572,-0.0,68179315.0,263.9133081848736
United Kingdom,2022-04-25,22151465.0,45159.0,16995.14285714286,-0.0,68179315.0,249.27124681647007
United Kingdom,2022-04-26,22168390.0,16925.0,15377.285714285714,-0.0,68179315.0,225.54180420096205
United Kingdom,2022-04-27,22186658.0,18268.0,15380.857142857143,-0.0,68179315.0,225.59418707649297
United Kingdom,2022-04-28,22201340.0,14682.0,15385.42857142857,-0.0,68179315.0,225.66123715717254
United Kingdom,2022-04-29,22213947.0,12607.0,8949.42857142857,-0.0,68179315.0,131.26310482040736
United Kingdom,2022-04-30,22213972.0,25.0,11610.142857142857,-0.0,68179315.0,170.28834709094477
United Kingdom,2022-05-01,22214004.0,32.0,11591.142857142857,-0.0,68179315.0,170.00967019312026
United Kingdom,2022-05-02,22214111.0,107.0,11308.0,-0.0,68179315.0,165.8567558210287
United Kingdom,2022-05-03,22249661.0,35550.0,11161.42857142857,-0.0,68179315.0,163.70696260923964
United Kingdom,2022-05-04,22267796.0,18135.0,11163.714285714286,-0.0,68179315.0,163.74048764957945
United Kingdom,2022-05-05,22280496.0,12700.0,11159.142857142857,-0.0,68179315.0,163.67343756889986
United Kingdom,2022-05-06,22292077.0,11581.0,14894.285714285714,-0.0,68179315.0,218.45754411416007
United Kingdom,2022-05-07,22292118.0,41.0,11359.857142857143,-0.0,68179315.0,166.6173551737377
United Kingdom,2022-05-08,22292118.0,0.0,10136.285714285714,-0.0,68179315.0,148.67098201684357
United Kingdom,2022-05-09,22318371.0,26253.0,10588.714285714286,-0.0,68179315.0,155.3068446891009
United Kingdom,2022-05-10,22329180.0,10809.0,9875.285714285714,-0.0,68179315.0,144.84284147304376
United Kingdom,2022-05-11,22338750.0,9570.0,9869.42857142857,-0.0,68179315.0,144.75693355717303
United Kingdom,2022-05-12,22354617.0,15867.0,9876.142857142857,-0.0,68179315.0,144.85541336317115
United Kingdom,2022-05-13,22361204.0,6587.0,9547.42857142857,-0.0,68179315.0,140.03409349930504
United Kingdom,2022-05-14,22361204.0,0.0,9231.285714285714,-0.0,68179315.0,135.39716135730777
United Kingdom,2022-05-15,22361251.0,47.0,9091.714285714286,-0.0,68179315.0,133.35003858155932
United Kingdom,2022-05-16,22385203.0,23952.0,8798.142857142857,-0.0,68179315.0,129.04416621291745
United Kingdom,2022-05-17,22393799.0,8596.0,8791.714285714286,-0.0,68179315.0,128.94987703696182
United Kingdom,2022-05-18,22402392.0,8593.0,8799.42857142857,-0.0,68179315.0,129.0630240481086
United Kingdom,2022-05-19,22416204.0,13812.0,8792.714285714286,-0.0,68179315.0,128.96454424211046
United Kingdom,2022-05-20,22422746.0,6542.0,9093.0,-0.0,68179315.0,133.36889641675046
United Kingdom,2022-05-21,22422800.0,54.0,8799.0,-0.0,68179315.0,129.0567381030449
United Kingdom,2022-05-22,22422800.0,0.0,8533.857142857143,-0.0,68179315.0,125.16783342362919
United Kingdom,2022-05-23,22448854.0,26054.0,6560.714285714285,-0.0,68179315.0,96.22734235030501
United Kingdom,2022-05-24,22455392.0,6538.0,6326.571428571428,-0.0,68179315.0,92.79312103049772
United Kingdom,2022-05-25,22462129.0,6737.0,6321.285714285715,-0.0,68179315.0,92.71559437471196
United Kingdom,2022-05-26,22458340.0,0.0,6322.0,3789.0,68179315.0,92.72607094981814
United Kingdom,2022-05-27,22463243.0,4903.0,5161.571428571428,-0.0,68179315.0,75.70582703231072
United Kingdom,2022-05-28,22463260.0,17.0,5056.285714285715,-0.0,68179315.0,74.16157986165913
United Kingdom,2022-05-29,22463265.0,5.0,4937.571428571428,-0.0,68179315.0,72.42037307901126
United Kingdom,2022-05-30,22481196.0,17931.0,4995.0,-0.0,68179315.0,73.2626897175485
United Kingdom,2022-05-31,22486997.0,5801.0,4297.857142857143,-0.0,68179315.0,63.03755241391239
United Kingdom,2022-06-01,22492903.0,5906.0,4295.428571428572,-0.0,68179315.0,63.001932058551354
United Kingdom,2022-06-02,22493305.0,402.0,4294.714285714285,-0.0,68179315.0,62.99145548344517
United Kingdom,2022-06-03,22493328.0,23.0,6536.142857142857,-0.0,68179315.0,95.86694816665225
United Kingdom,2022-06-04,22493328.0,0.0,7169.857142857143,-0.0,68179315.0,105.16176560085918
United Kingdom,2022-06-05,22493328.0,0.0,8393.857142857143,-0.0,68179315.0,123.114424702817
United Kingdom,2022-06-06,22526949.0,33621.0,9852.857142857143,-0.0,68179315.0,144.51387701470955
United Kingdom,2022-06-07,22537186.0,10237.0,11221.714285714286,-0.0,68179315.0,164.59118554820162
United Kingdom,2022-06-08,22551660.0,14474.0,11221.714285714286,-0.0,68179315.0,164.59118554820162
United Kingdom,2022-06-09,22562275.0,10615.0,11222.0,-0.0,68179315.0,164.5953761782441
United Kingdom,2022-06-10,22571880.0,9605.0,10456.57142857143,-0.0,68179315.0,153.36867829445677
United Kingdom,2022-06-11,22571880.0,0.0,10712.42857142857,-0.0,68179315.0,157.121387497492
United Kingdom,2022-06-12,22571882.0,2.0,12453.142857142857,-0.0,68179315.0,182.65280103126375
United Kingdom,2022-06-13,22600145.0,28263.0,12804.714285714286,-0.0,68179315.0,187.8093712985278
United Kingdom,2022-06-14,22612173.0,12028.0,13222.0,-0.0,68179315.0,193.9297864755608
United Kingdom,2022-06-15,22638832.0,26659.0,13222.142857142857,-0.0,68179315.0,193.93188179058203
United Kingdom,2022-06-16,22651908.0,13076.0,13221.857142857143,-0.0,68179315.0,193.92769116053958
United Kingdom,2022-06-17,22664434.0,12526.0,14487.42857142857,-0.0,68179315.0,212.4900869336773
United Kingdom,2022-06-18,22664435.0,1.0,15116.285714285714,-0.0,68179315.0,221.7136636571622
United Kingdom,2022-06-19,22664435.0,0.0,16080.142857142857,-0.0,68179315.0,235.8507541054476
United Kingdom,2022-06-20,22701557.0,37122.0,16864.285714285714,-0.0,68179315.0,247.351938257017
United Kingdom,2022-06-21,22717987.0,16430.0,17428.14285714286,-0.0,68179315.0,255.62214664583914
United Kingdom,2022-06-22,22751393.0,33406.0,17481.428571428572,-0.0,68179315.0,256.4036991487605
United Kingdom,2022-06-23,22769958.0,18565.0,17481.428571428572,-0.0,68179315.0,256.4036991487605
United Kingdom,2022-06-24,22786431.0,16473.0,18942.285714285714,-0.0,68179315.0,277.83039055592906
United Kingdom,2022-06-25,22786805.0,374.0,19654.0,-0.0,68179315.0,288.2692499917314
United Kingdom,2022-06-26,22786805.0,0.0,20610.85714285714,-0.0,68179315.0,302.30367000397615
United Kingdom,2022-06-27,22834153.0,47348.0,21278.0,-0.0,68179315.0,312.0887911531525
United Kingdom,2022-06-28,22855565.0,21412.0,22132.714285714286,-0.0,68179315.0,324.62506092521295
United Kingdom,2022-06-29,22895669.0,40104.0,22079.285714285714,-0.0,68179315.0,323.84141310727034
United Kingdom,2022-06-30,22918904.0,23235.0,22079.571428571428,-0.0,68179315.0,323.84560373731284
United Kingdom,2022-07-01,22941360.0,22456.0,15318.42857142857,-0.0,68179315.0,224.67853441221243
United Kingdom,2022-07-02,22941360.0,0.0,12404.142857142857,-0.0,68179315.0,181.9341079789795
United Kingdom,2022-07-03,22941362.0,2.0,27230.428571428572,-0.0,68179315.0,399.3942821430308
United Kingdom,2022-07-04,22941382.0,20.0,23934.428571428572,-0.0,68179315.0,351.05117397305287
United Kingdom,2022-07-05,22942394.0,1012.0,20956.14285714286,-0.0,68179315.0,307.3680464103058
United Kingdom,2022-07-06,23086282.0,143888.0,20956.285714285714,-0.0,68179315.0,307.370141725327
United Kingdom,2022-07-07,23086445.0,163.0,20956.0,-0.0,68179315.0,307.3659510952845
United Kingdom,2022-07-08,23088053.0,1608.0,20956.0,-0.0,68179315.0,307.3659510952845
United Kingdom,2022-07-09,23088054.0,1.0,20864.571428571428,-0.0,68179315.0,306.02494948169294
United Kingdom,2022-07-10,23088054.0,0.0,27798.285714285714,-0.0,68179315.0,407.7231593524475
United Kingdom,2022-07-11,23088074.0,20.0,27787.428571428572,-0.0,68179315.0,407.5639154108335
United Kingdom,2022-07-12,23088446.0,372.0,27808.14285714286,-0.0,68179315.0,407.86773608891286
United Kingdom,2022-07-13,23280870.0,192424.0,27808.0,-0.0,68179315.0,407.86564077389164
United Kingdom,2022-07-14,23280957.0,87.0,27808.0,-0.0,68179315.0,407.86564077389164
United Kingdom,2022-07-15,23282710.0,1753.0,27810.714285714286,-0.0,68179315.0,407.90545175929515
United Kingdom,2022-07-16,23282710.0,0.0,27757.571428571428,-0.0,68179315.0,407.125994571395
United Kingdom,2022-07-17,23282710.0,0.0,20095.428571428572,-0.0,68179315.0,294.74377340735344
United Kingdom,2022-07-18,23282749.0,39.0,20088.714285714286,-0.0,68179315.0,294.64529360135526
United Kingdom,2022-07-19,23282749.0,0.0,20005.285714285714,-0.0,68179315.0,293.4216296289529
United Kingdom,2022-07-20,23421538.0,138789.0,20006.428571428572,-0.0,68179315.0,293.4383921491228
United Kingdom,2022-07-21,23421578.0,40.0,20006.428571428572,-0.0,68179315.0,293.4383921491228
United Kingdom,2022-07-22,23422747.0,1169.0,20000.85714285714,-0.0,68179315.0,293.3566748632946
United Kingdom,2022-07-23,23422755.0,8.0,20030.14285714286,-0.0,68179315.0,293.7862144426482
United Kingdom,2022-07-24,23422755.0,0.0,13411.857142857143,-0.0,68179315.0,196.7144601387847
United Kingdom,2022-07-25,23422755.0,0.0,13406.142857142857,-0.0,68179315.0,196.63064753793518
United Kingdom,2022-07-26,23422960.0,205.0,13305.142857142857,-0.0,68179315.0,195.1492598179207
United Kingdom,2022-07-27,23515421.0,92461.0,13305.285714285714,-0.0,68179315.0,195.15135513294192
United Kingdom,2022-07-28,23515421.0,0.0,13305.285714285714,-0.0,68179315.0,195.15135513294192
United Kingdom,2022-07-29,23515883.0,462.0,13310.42857142857,-0.0,68179315.0,195.22678647370645
United Kingdom,2022-07-30,23515892.0,9.0,13328.142857142857,-0.0,68179315.0,195.48660553633982
United Kingdom,2022-07-31,23515892.0,0.0,9410.0,-0.0,68179315.0,138.01840044887516
United Kingdom,2022-08-01,23515928.0,36.0,9464.142857142857,-0.0,68179315.0,138.81252484192393
United Kingdom,2022-08-02,23516257.0,329.0,9445.0,-0.0,68179315.0,138.53175262907817
United Kingdom,2022-08-03,23581291.0,65034.0,9445.0,-0.0,68179315.0,138.53175262907817
United Kingdom,2022-08-04,23581670.0,379.0,9445.0,-0.0,68179315.0,138.53175262907817
United Kingdom,2022-08-05,23581998.0,328.0,9439.857142857143,-0.0,68179315.0,138.45632128831366
United Kingdom,2022-08-06,23582007.0,9.0,9392.857142857143,-0.0,68179315.0,137.7669626463267
United Kingdom,2022-08-07,23582007.0,0.0,7610.571428571428,-0.0,68179315.0,111.62581244137505
United Kingdom,2022-08-08,23582007.0,0.0,7557.428571428572,-0.0,68179315.0,110.84635525347493
United Kingdom,2022-08-09,23582007.0,0.0,7546.714285714285,-0.0,68179315.0,110.68920662688214
United Kingdom,2022-08-10,23634565.0,52558.0,7545.428571428572,-0.0,68179315.0,110.67034879169103
United Kingdom,2022-08-11,23634572.0,7.0,7545.428571428572,-0.0,68179315.0,110.67034879169103
United Kingdom,2022-08-12,23634825.0,253.0,7545.428571428572,-0.0,68179315.0,110.67034879169103
United Kingdom,2022-08-13,23634825.0,0.0,7565.285714285715,-0.0,68179315.0,110.96159757964296
United Kingdom,2022-08-14,23634825.0,0.0,5844.142857142857,-0.0,68179315.0,85.71724220378069
United Kingdom,2022-08-15,23634825.0,0.0,5845.285714285715,-0.0,68179315.0,85.73400472395058
United Kingdom,2022-08-16,23634964.0,139.0,5809.142857142857,-0.0,68179315.0,85.20389002357763
United Kingdom,2022-08-17,23675474.0,40510.0,5809.142857142857,-0.0,68179315.0,85.20389002357763
United Kingdom,2022-08-18,23675489.0,15.0,5809.142857142857,-0.0,68179315.0,85.20389002357763
United Kingdom,2022-08-19,23675489.0,0.0,5845.714285714285,-0.0,68179315.0,85.74029066901427
United Kingdom,2022-08-20,23675489.0,0.0,5827.0,-0.0,68179315.0,85.46580440123225
United Kingdom,2022-08-21,23675489.0,0.0,129.71428571428572,-0.0,68179315.0,1.9025460392831128
United Kingdom,2022-08-22,23675745.0,256.0,4711.571428571428,-0.0,68179315.0,69.10558471541447
United Kingdom,2022-08-23,23675753.0,8.0,4734.0,-0.0,68179315.0,69.43454917374868
United Kingdom,2022-08-24,23676382.0,629.0,4734.857142857143,-0.0,68179315.0,69.44712106387608
United Kingdom,2022-08-25,23708470.0,32088.0,4734.857142857143,-0.0,68179315.0,69.44712106387608
United Kingdom,2022-08-26,23708627.0,157.0,4702.857142857143,-0.0,68179315.0,68.97777049911903
United Kingdom,2022-08-27,23708633.0,6.0,4727.285714285715,-0.0,68179315.0,69.33606936775053
United Kingdom,2022-08-28,23708633.0,0.0,8804.714285714286,-0.0,68179315.0,129.14055070389438
United Kingdom,2022-08-29,23708665.0,32.0,4223.571428571428,-0.0,68179315.0,61.94798860286919
United Kingdom,2022-08-30,23708844.0,179.0,4207.571428571428,-0.0,68179315.0,61.713313320490656
United Kingdom,2022-08-31,23738015.0,29171.0,4206.714285714285,-0.0,68179315.0,61.70074143036322
United Kingdom,2022-09-01,23738035.0,20.0,4206.714285714285,-0.0,68179315.0,61.70074143036322
United Kingdom,2022-09-02,23738080.0,45.0,4204.142857142857,-0.0,68179315.0,61.66302575998096
United Kingdom,2022-09-03,23738080.0,0.0,4184.571428571428,-0.0,68179315.0,61.37596760207152
United Kingdom,2022-09-04,23738080.0,0.0,110.42857142857143,-0.0,68179315.0,1.61967851141613
United Kingdom,2022-09-05,23738094.0,14.0,4786.285714285715,-0.0,68179315.0,70.20143447152138
United Kingdom,2022-09-06,23738136.0,42.0,4782.142857142857,-0.0,68179315.0,70.1406703359055
United Kingdom,2022-09-07,23738788.0,652.0,4797.285714285715,-0.0,68179315.0,70.36277372815663
United Kingdom,2022-09-08,23771539.0,32751.0,4797.714285714285,-0.0,68179315.0,70.36905967322032
United Kingdom,2022-09-09,23771555.0,16.0,4835.571428571428,-0.0,68179315.0,70.9243181538481
United Kingdom,2022-09-10,23771661.0,106.0,4830.428571428572,-0.0,68179315.0,70.84888681308358
United Kingdom,2022-09-11,23771664.0,3.0,4762.857142857143,-0.0,68179315.0,69.85780280803853
United Kingdom,2022-09-12,23771943.0,279.0,4514.428571428572,-0.0,68179315.0,66.21404998610754
United Kingdom,2022-09-13,23771949.0,6.0,4554.142857142857,-0.0,68179315.0,66.7965475620114
United Kingdom,2022-09-14,23772128.0,179.0,4541.571428571428,-0.0,68179315.0,66.61215984014255
United Kingdom,2022-09-15,23803140.0,31012.0,4544.0,-0.0,68179315.0,66.64778019550359
United Kingdom,2022-09-16,23803434.0,294.0,4505.714285714285,-0.0,68179315.0,66.08623576981208
United Kingdom,2022-09-17,23803452.0,18.0,4511.285714285715,-0.0,68179315.0,66.16795305564033
United Kingdom,2022-09-18,23803472.0,20.0,4568.857142857143,-0.0,68179315.0,67.0123650091988
United Kingdom,2022-09-19,23803483.0,11.0,5388.428571428572,-0.0,68179315.0,79.03318728603494
United Kingdom,2022-09-20,23803528.0,45.0,5392.0,-0.0,68179315.0,79.08557016156585
United Kingdom,2022-09-21,23804110.0,582.0,5512.285714285715,-0.0,68179315.0,80.84982540944735
United Kingdom,2022-09-22,23840859.0,36749.0,5509.428571428572,-0.0,68179315.0,80.8079191090226
United Kingdom,2022-09-23,23841178.0,319.0,5507.857142857143,-0.0,68179315.0,80.784870643789
United Kingdom,2022-09-24,23842038.0,860.0,5503.0,-0.0,68179315.0,80.71362993306694
United Kingdom,2022-09-25,23842038.0,0.0,5477.285714285715,-0.0,68179315.0,80.3364732292443
United Kingdom,2022-09-26,23842038.0,0.0,7498.857142857143,-0.0,68179315.0,109.9872760947678
United Kingdom,2022-09-27,23842049.0,11.0,7454.714285714285,-0.0,68179315.0,109.33982375320558
United Kingdom,2022-09-28,23842451.0,402.0,7351.142857142857,-0.0,68179315.0,107.82072036280883
United Kingdom,2022-09-29,23893351.0,50900.0,7351.142857142857,-0.0,68179315.0,107.82072036280883
United Kingdom,2022-09-30,23893361.0,10.0,7351.285714285715,-0.0,68179315.0,107.82281567783006
United Kingdom,2022-10-01,23893496.0,135.0,7367.857142857143,-0.0,68179315.0,108.06587222029356
United Kingdom,2022-10-02,23893496.0,0.0,7401.142857142857,-0.0,68179315.0,108.55408062024175
United Kingdom,2022-10-03,23893497.0,1.0,9047.0,-0.0,68179315.0,132.69420497991214
United Kingdom,2022-10-04,23893624.0,127.0,9135.57142857143,-0.0,68179315.0,133.99330029307907
United Kingdom,2022-10-05,23894259.0,635.0,9116.285714285714,-0.0,68179315.0,133.71043276521206
United Kingdom,2022-10-06,23956680.0,62421.0,9116.285714285714,-0.0,68179315.0,133.71043276521206
United Kingdom,2022-10-07,23957310.0,630.0,9116.142857142857,-0.0,68179315.0,133.7083374501908
United Kingdom,2022-10-08,23957310.0,0.0,9119.0,-0.0,68179315.0,133.75024375061557
United Kingdom,2022-10-09,23957310.0,0.0,9069.857142857143,-0.0,68179315.0,133.02945538331008
United Kingdom,2022-10-10,23957310.0,0.0,9230.57142857143,-0.0,68179315.0,135.3866847822016
United Kingdom,2022-10-11,23957457.0,147.0,9198.0,-0.0,68179315.0,134.9089529573596
United Kingdom,2022-10-12,23957748.0,291.0,9198.0,-0.0,68179315.0,134.9089529573596
United Kingdom,2022-10-13,24021294.0,63546.0,9198.0,-0.0,68179315.0,134.9089529573596
United Kingdom,2022-10-14,24021696.0,402.0,9211.42857142857,-0.0,68179315.0,135.10591256935584
United Kingdom,2022-10-15,24021696.0,0.0,9191.285714285714,-0.0,68179315.0,134.81047315136144
United Kingdom,2022-10-16,24021696.0,0.0,9175.0,-0.0,68179315.0,134.57160723894043
United Kingdom,2022-10-17,24021790.0,94.0,8201.142857142857,-0.0,68179315.0,120.28784473916842
United Kingdom,2022-10-18,24021796.0,6.0,8232.714285714286,-0.0,68179315.0,120.75090935886179
United Kingdom,2022-10-19,24021973.0,177.0,8232.714285714286,-0.0,68179315.0,120.75090935886179
United Kingdom,2022-10-20,24078702.0,56729.0,8232.714285714286,-0.0,68179315.0,120.75090935886179
United Kingdom,2022-10-21,24079325.0,623.0,8222.0,-0.0,68179315.0,120.59376073226902
United Kingdom,2022-10-22,24079325.0,0.0,8228.142857142857,-0.0,68179315.0,120.6838592781822
United Kingdom,2022-10-23,24079325.0,0.0,8243.714285714286,-0.0,68179315.0,120.91224861549703
United Kingdom,2022-10-24,24079344.0,19.0,6277.142857142857,-0.0,68179315.0,92.06814203314974
United Kingdom,2022-10-25,24079393.0,49.0,6226.285714285715,-0.0,68179315.0,91.3222098855894
United Kingdom,2022-10-26,24079679.0,286.0,6226.285714285715,-0.0,68179315.0,91.3222098855894
United Kingdom,2022-10-27,24122642.0,42963.0,6226.285714285715,-0.0,68179315.0,91.3222098855894
United Kingdom,2022-10-28,24122909.0,267.0,6225.428571428572,-0.0,68179315.0,91.309637995462
United Kingdom,2022-10-29,24122909.0,0.0,6218.428571428572,-0.0,68179315.0,91.20696755942139
United Kingdom,2022-10-30,24122909.0,0.0,6210.428571428572,-0.0,68179315.0,91.08962991823212
United Kingdom,2022-10-31,24122922.0,13.0,4593.428571428572,-0.0,68179315.0,67.37275919285155
United Kingdom,2022-11-01,24122922.0,0.0,4606.428571428572,-0.0,68179315.0,67.56343285978411
United Kingdom,2022-11-02,24123152.0,230.0,4606.428571428572,-0.0,68179315.0,67.56343285978411
United Kingdom,2022-11-03,24154796.0,31644.0,4606.428571428572,-0.0,68179315.0,67.56343285978411
United Kingdom,2022-11-04,24155154.0,358.0,4610.0,-0.0,68179315.0,67.61581573531502
United Kingdom,2022-11-05,24155154.0,0.0,4620.0,-0.0,68179315.0,67.76248778680161
United Kingdom,2022-11-06,24155154.0,0.0,4600.857142857143,-0.0,68179315.0,67.48171557395587
United Kingdom,2022-11-07,24155192.0,38.0,3545.0,-0.0,68179315.0,51.99524225199387
United Kingdom,2022-11-08,24155262.0,70.0,3500.285714285714,-0.0,68179315.0,51.339408650346726
United Kingdom,2022-11-09,24155358.0,96.0,3500.285714285714,-0.0,68179315.0,51.339408650346726
United Kingdom,2022-11-10,24179611.0,24253.0,3500.285714285714,-0.0,68179315.0,51.339408650346726
United Kingdom,2022-11-11,24179656.0,45.0,3538.1428571428573,-0.0,68179315.0,51.89466713097451
United Kingdom,2022-11-12,24179656.0,0.0,3534.4285714285716,-0.0,68179315.0,51.840188940422344
United Kingdom,2022-11-13,24179656.0,0.0,3540.5714285714284,-0.0,68179315.0,51.93028748633553
United Kingdom,2022-11-14,24179959.0,303.0,3424.5714285714284,-0.0,68179315.0,50.228891689091164
United Kingdom,2022-11-15,24180003.0,44.0,3459.5714285714284,-0.0,68179315.0,50.74224386929421
United Kingdom,2022-11-16,24180142.0,139.0,3459.5714285714284,-0.0,68179315.0,50.74224386929421
United Kingdom,2022-11-17,24203583.0,23441.0,3459.5714285714284,-0.0,68179315.0,50.74224386929421
United Kingdom,2022-11-18,24203873.0,290.0,3416.285714285714,-0.0,68179315.0,50.107363417859425
United Kingdom,2022-11-19,24203873.0,0.0,3412.1428571428573,-0.0,68179315.0,50.046599282243555
United Kingdom,2022-11-20,24203873.0,0.0,3406.5714285714284,-0.0,68179315.0,49.964881996415315
United Kingdom,2022-11-21,24203873.0,0.0,2991.8571428571427,-0.0,68179315.0,43.88218248976457
United Kingdom,2022-11-22,24203888.0,15.0,2984.285714285714,-0.0,68179315.0,43.77113079363901
United Kingdom,2022-11-23,24203988.0,100.0,2984.285714285714,-0.0,68179315.0,43.77113079363901
United Kingdom,2022-11-24,24224526.0,20538.0,2984.285714285714,-0.0,68179315.0,43.77113079363901
United Kingdom,2022-11-25,24224763.0,237.0,2984.285714285714,-0.0,68179315.0,43.77113079363901
United Kingdom,2022-11-26,24224763.0,0.0,2982.1428571428573,-0.0,68179315.0,43.739701068320464
United Kingdom,2022-11-27,24224763.0,0.0,3010.5714285714284,-0.0,68179315.0,44.156668757546605
United Kingdom,2022-11-28,24224763.0,0.0,3872.8571428571427,-0.0,68179315.0,56.803990225732576
United Kingdom,2022-11-29,24224763.0,0.0,3842.5714285714284,-0.0,68179315.0,56.359783441230356
United Kingdom,2022-11-30,24225062.0,299.0,3842.5714285714284,-0.0,68179315.0,56.359783441230356
United Kingdom,2022-12-01,24251636.0,26574.0,3842.5714285714284,-0.0,68179315.0,56.359783441230356
United Kingdom,2022-12-02,24251661.0,25.0,3893.4285714285716,-0.0,68179315.0,57.1057155887907
United Kingdom,2022-12-03,24251661.0,0.0,3893.4285714285716,-0.0,68179315.0,57.1057155887907
United Kingdom,2022-12-04,24251661.0,0.0,3877.0,-0.0,68179315.0,56.86475436134845
United Kingdom,2022-12-05,24252017.0,356.0,4199.285714285715,-0.0,68179315.0,61.59178504925892
United Kingdom,2022-12-06,24252017.0,0.0,4262.428571428572,-0.0,68179315.0,62.517914288645635
United Kingdom,2022-12-07,24252201.0,184.0,4262.428571428572,-0.0,68179315.0,62.517914288645635
United Kingdom,2022-12-08,24281031.0,28830.0,4262.428571428572,-0.0,68179315.0,62.517914288645635
United Kingdom,2022-12-09,24281498.0,467.0,4211.571428571428,-0.0,68179315.0,61.77198214108529
United Kingdom,2022-12-10,24281498.0,0.0,4214.0,-0.0,68179315.0,61.807602496446314
United Kingdom,2022-12-11,24281498.0,0.0,4187.714285714285,-0.0,68179315.0,61.42206453253872
United Kingdom,2022-12-12,24281498.0,0.0,5188.428571428572,-0.0,68179315.0,76.09974625630328
United Kingdom,2022-12-13,24281515.0,17.0,5236.571428571428,-0.0,68179315.0,76.80586741846011
United Kingdom,2022-12-14,24281515.0,0.0,5236.571428571428,-0.0,68179315.0,76.80586741846011
United Kingdom,2022-12-15,24317350.0,35835.0,5236.571428571428,-0.0,68179315.0,76.80586741846011
United Kingdom,2022-12-16,24318154.0,804.0,5236.571428571428,-0.0,68179315.0,76.80586741846011
United Kingdom,2022-12-17,24318154.0,0.0,5234.142857142857,-0.0,68179315.0,76.77024706309908
United Kingdom,2022-12-18,24318154.0,0.0,5316.142857142857,-0.0,68179315.0,77.97295788528906
United Kingdom,2022-12-19,24318154.0,0.0,6776.571428571428,-0.0,68179315.0,99.39336334739397
United Kingdom,2022-12-20,24318154.0,0.0,6781.285714285715,-0.0,68179315.0,99.4625087430948
United Kingdom,2022-12-21,24318728.0,574.0,6781.285714285715,-0.0,68179315.0,99.4625087430948
United Kingdom,2022-12-22,24364786.0,46058.0,6781.285714285715,-0.0,68179315.0,99.4625087430948
United Kingdom,2022-12-23,24365623.0,837.0,6781.285714285715,-0.0,68179315.0,99.4625087430948
United Kingdom,2022-12-24,24365623.0,0.0,6781.285714285715,-0.0,68179315.0,99.4625087430948
United Kingdom,2022-12-25,24365623.0,0.0,6708.571428571428,-0.0,68179315.0,98.39599339728521
United Kingdom,2022-12-26,24365623.0,0.0,128.85714285714286,-0.0,68179315.0,1.8899741491556912
United Kingdom,2022-12-27,24365623.0,0.0,9.285714285714286,-0.0,68179315.0,0.13619547638039906
United Kingdom,2022-12-28,24365688.0,65.0,9.285714285714286,-0.0,68179315.0,0.13619547638039906
United Kingdom,2022-12-29,24365688.0,0.0,9.285714285714286,-0.0,68179315.0,0.13619547638039906
United Kingdom,2022-12-30,24365688.0,0.0,9.285714285714286,-0.0,68179315.0,0.13619547638039906
United Kingdom,2022-12-31,24365688.0,0.0,82.0,-0.0,68179315.0,1.2027108221899854
United Kingdom,2023-01-01,24365688.0,0.0,81.57142857142857,-0.0,68179315.0,1.1964248771262747
United Kingdom,2023-01-02,24365688.0,0.0,10872.142857142857,-0.0,68179315.0,159.4639496912349
United Kingdom,2023-01-03,24366197.0,509.0,10929.857142857143,-0.0,68179315.0,160.31045695981462
United Kingdom,2023-01-04,24366259.0,62.0,10929.857142857143,-0.0,68179315.0,160.31045695981462
United Kingdom,2023-01-05,24441793.0,75534.0,10929.857142857143,-0.0,68179315.0,160.31045695981462
United Kingdom,2023-01-06,24442197.0,404.0,10929.857142857143,-0.0,68179315.0,160.31045695981462
United Kingdom,2023-01-07,24442197.0,0.0,10857.142857142857,-0.0,68179315.0,159.24394161400502
United Kingdom,2023-01-08,24442197.0,0.0,10853.142857142857,-0.0,68179315.0,159.1852727934104
United Kingdom,2023-01-09,24442197.0,0.0,4819.571428571428,-0.0,68179315.0,70.68964287146957
United Kingdom,2023-01-10,24442197.0,0.0,4814.0,-0.0,68179315.0,70.60792558564133
United Kingdom,2023-01-11,24442231.0,34.0,4814.0,-0.0,68179315.0,70.60792558564133
United Kingdom,2023-01-12,24475530.0,33299.0,4814.0,-0.0,68179315.0,70.60792558564133
United Kingdom,2023-01-13,24475895.0,365.0,4814.0,-0.0,68179315.0,70.60792558564133
United Kingdom,2023-01-14,24475895.0,0.0,4814.0,-0.0,68179315.0,70.60792558564133
United Kingdom,2023-01-15,24475895.0,0.0,4835.428571428572,-0.0,68179315.0,70.92222283882687
United Kingdom,2023-01-16,24475895.0,0.0,2342.285714285714,-0.0,68179315.0,34.354785088200344
United Kingdom,2023-01-17,24475895.0,0.0,2304.1428571428573,-0.0,68179315.0,33.795335977530094
United Kingdom,2023-01-18,24476079.0,184.0,2304.1428571428573,-0.0,68179315.0,33.795335977530094
United Kingdom,2023-01-19,24491926.0,15847.0,2304.1428571428573,-0.0,68179315.0,33.795335977530094
United Kingdom,2023-01-20,24492024.0,98.0,2304.1428571428573,-0.0,68179315.0,33.795335977530094
United Kingdom,2023-01-21,24492024.0,0.0,2304.1428571428573,-0.0,68179315.0,33.795335977530094
United Kingdom,2023-01-22,24492024.0,0.0,2286.1428571428573,-0.0,68179315.0,33.531326284854245
United Kingdom,2023-01-23,24492024.0,0.0,2182.4285714285716,-0.0,68179315.0,32.010127579436244
United Kingdom,2023-01-24,24492024.0,0.0,2169.4285714285716,-0.0,68179315.0,31.81945391250369
United Kingdom,2023-01-25,24492082.0,58.0,2182.0,-0.0,68179315.0,32.003841634372534
United Kingdom,2023-01-26,24507203.0,15121.0,2182.0,-0.0,68179315.0,32.003841634372534
United Kingdom,2023-01-27,24507210.0,7.0,2182.0,-0.0,68179315.0,32.003841634372534
United Kingdom,2023-01-28,24507298.0,88.0,2182.0,-0.0,68179315.0,32.003841634372534
United Kingdom,2023-01-29,24507298.0,0.0,2184.285714285714,-0.0,68179315.0,32.037366674712324
United Kingdom,2023-01-30,24507298.0,0.0,2800.5714285714284,-0.0,68179315.0,41.07655567632835
United Kingdom,2023-01-31,24507298.0,0.0,2799.5714285714284,-0.0,68179315.0,41.06188847117969
United Kingdom,2023-02-01,24507372.0,74.0,2787.0,-0.0,68179315.0,40.87750074931084
United Kingdom,2023-02-02,24526807.0,19435.0,2787.0,-0.0,68179315.0,40.87750074931084
United Kingdom,2023-02-03,24526807.0,0.0,2787.0,-0.0,68179315.0,40.87750074931084
United Kingdom,2023-02-04,24526807.0,0.0,2787.0,-0.0,68179315.0,40.87750074931084
United Kingdom,2023-02-05,24526807.0,0.0,2784.8571428571427,-0.0,68179315.0,40.84607102399229
United Kingdom,2023-02-06,24526807.0,0.0,3184.285714285714,-0.0,68179315.0,46.704571823370685
United Kingdom,2023-02-07,24526807.0,0.0,3184.285714285714,-0.0,68179315.0,46.704571823370685
United Kingdom,2023-02-08,24526866.0,59.0,3184.285714285714,-0.0,68179315.0,46.704571823370685
United Kingdom,2023-02-09,24549097.0,22231.0,3184.285714285714,-0.0,68179315.0,46.704571823370685
United Kingdom,2023-02-10,24549097.0,0.0,3184.285714285714,-0.0,68179315.0,46.704571823370685
United Kingdom,2023-02-11,24549097.0,0.0,3186.4285714285716,-0.0,68179315.0,46.73600154868924
United Kingdom,2023-02-12,24549097.0,0.0,3188.4285714285716,-0.0,68179315.0,46.76533595898656
United Kingdom,2023-02-13,24549097.0,0.0,3674.285714285714,-0.0,68179315.0,53.89150234621328
United Kingdom,2023-02-14,24549112.0,15.0,3674.285714285714,-0.0,68179315.0,53.89150234621328
United Kingdom,2023-02-15,24549185.0,73.0,3674.285714285714,-0.0,68179315.0,53.89150234621328
United Kingdom,2023-02-16,24574817.0,25632.0,3674.285714285714,-0.0,68179315.0,53.89150234621328
United Kingdom,2023-02-17,24574817.0,0.0,3674.285714285714,-0.0,68179315.0,53.89150234621328
United Kingdom,2023-02-18,24574817.0,0.0,3673.0,-0.0,68179315.0,53.87264451102215
United Kingdom,2023-02-19,24574817.0,0.0,3663.714285714286,-0.0,68179315.0,53.736449034641744
United Kingdom,2023-02-20,24574817.0,0.0,4079.0,-0.0,68179315.0,59.82752980137744
United Kingdom,2023-02-21,24574823.0,6.0,4079.4285714285716,-0.0,68179315.0,59.833815746441154
United Kingdom,2023-02-22,24574831.0,8.0,4079.4285714285716,-0.0,68179315.0,59.833815746441154
United Kingdom,2023-02-23,24603370.0,28539.0,4079.4285714285716,-0.0,68179315.0,59.833815746441154
United Kingdom,2023-02-24,24603373.0,3.0,4079.4285714285716,-0.0,68179315.0,59.833815746441154
United Kingdom,2023-02-25,24603373.0,0.0,4078.5714285714284,-0.0,68179315.0,59.82124385631373
United Kingdom,2023-02-26,24603373.0,0.0,4088.4285714285716,-0.0,68179315.0,59.965820592779075
United Kingdom,2023-02-27,24603373.0,0.0,3780.0,-0.0,68179315.0,55.44203546192859
United Kingdom,2023-02-28,24603373.0,0.0,3781.0,-0.0,68179315.0,55.45670266707725
United Kingdom,2023-03-01,24603450.0,77.0,3781.0,-0.0,68179315.0,55.45670266707725
United Kingdom,2023-03-02,24629830.0,26380.0,3781.0,-0.0,68179315.0,55.45670266707725
United Kingdom,2023-03-03,24629840.0,10.0,3781.0,-0.0,68179315.0,55.45670266707725
United Kingdom,2023-03-04,24629840.0,0.0,3781.8571428571427,-0.0,68179315.0,55.46927455720467
United Kingdom,2023-03-05,24629840.0,0.0,3781.714285714286,-0.0,68179315.0,55.467179242183434
United Kingdom,2023-03-06,24629840.0,0.0,4125.0,-0.0,68179315.0,60.502221238215725
United Kingdom,2023-03-07,24629846.0,6.0,4810.833333333333,-0.0,68179315.0,70.5614794360039
United Kingdom,2023-03-08,24629922.0,76.0,5773.0,-0.0,68179315.0,84.6737753232047
United Kingdom,2023-03-09,24658705.0,28783.0,7216.25,-0.0,68179315.0,105.84221915400587
Japan,2020-01-22,2.0,2.0,0.5,-0.0,124997585.0,0.004000077281493079
Japan,2020-01-23,2.0,0.0,0.8,-0.0,124997585.0,0.0064001236503889265
Japan,2020-01-24,2.0,0.0,0.6666666666666666,-0.0,124997585.0,0.005333436375324105
Japan,2020-01-25,2.0,0.0,1.0,-0.0,124997585.0,0.008000154562986158
Japan,2020-01-26,4.0,2.0,0.7142857142857143,-0.0,124997585.0,0.005714396116418684
Japan,2020-01-27,4.0,0.0,1.2857142857142858,-0.0,124997585.0,0.010285913009553631
Japan,2020-01-28,7.0,3.0,1.8571428571428572,-0.0,124997585.0,0.014857429902688577
Japan,2020-01-29,7.0,0.0,2.5714285714285716,-0.0,124997585.0,0.020571826019107262
Japan,2020-01-30,11.0,4.0,2.2857142857142856,-0.0,124997585.0,0.018286067572539786
Japan,2020-01-31,15.0,4.0,2.2857142857142856,-0.0,124997585.0,0.018286067572539786
Japan,2020-02-01,20.0,5.0,2.142857142857143,-0.0,124997585.0,0.01714318834925605
Japan,2020-02-02,20.0,0.0,2.2857142857142856,-0.0,124997585.0,0.018286067572539786
Japan,2020-02-03,20.0,0.0,1.7142857142857142,-0.0,124997585.0,0.01371455067940484
Japan,2020-02-04,22.0,2.0,1.1428571428571428,-0.0,124997585.0,0.009143033786269893
Japan,2020-02-05,23.0,1.0,0.5714285714285714,-0.0,124997585.0,0.0045715168931349465
Japan,2020-02-06,23.0,0.0,0.5714285714285714,-0.0,124997585.0,0.0045715168931349465
Japan,2020-02-07,23.0,0.0,0.8571428571428571,-0.0,124997585.0,0.00685727533970242
Japan,2020-02-08,24.0,1.0,0.7142857142857143,-0.0,124997585.0,0.005714396116418684
Japan,2020-02-09,24.0,0.0,0.7142857142857143,-0.0,124997585.0,0.005714396116418684
Japan,2020-02-10,26.0,2.0,1.4285714285714286,-0.0,124997585.0,0.011428792232837368
Japan,2020-02-11,27.0,1.0,2.857142857142857,-0.0,124997585.0,0.022857584465674735
Japan,2020-02-12,28.0,1.0,4.285714285714286,-0.0,124997585.0,0.0342863766985121
Japan,2020-02-13,33.0,5.0,5.142857142857143,-0.0,124997585.0,0.041143652038214525
Japan,2020-02-14,43.0,10.0,5.857142857142857,-0.0,124997585.0,0.0468580481546332
Japan,2020-02-15,54.0,11.0,7.428571428571429,-0.0,124997585.0,0.05942971961075431
Japan,2020-02-16,60.0,6.0,8.142857142857142,-0.0,124997585.0,0.06514411572717299
Japan,2020-02-17,67.0,7.0,8.857142857142858,-0.0,124997585.0,0.07085851184359168
Japan,2020-02-18,79.0,12.0,9.857142857142858,-0.0,124997585.0,0.07885866640657783
Japan,2020-02-19,85.0,6.0,11.857142857142858,-0.0,124997585.0,0.09485897553255014
Japan,2020-02-20,95.0,10.0,12.714285714285714,-0.0,124997585.0,0.10171625087225256
Japan,2020-02-21,112.0,17.0,13.285714285714286,-0.0,124997585.0,0.10628776776538751
Japan,2020-02-22,137.0,25.0,13.428571428571429,-0.0,124997585.0,0.10743064698867125
Japan,2020-02-23,149.0,12.0,15.285714285714286,-0.0,124997585.0,0.12228807689135983
Japan,2020-02-24,160.0,11.0,17.571428571428573,-0.0,124997585.0,0.14057414446389963
Japan,2020-02-25,173.0,13.0,17.714285714285715,-0.0,124997585.0,0.14171702368718336
Japan,2020-02-26,192.0,19.0,15.428571428571429,-0.0,124997585.0,0.12343095611464357
Japan,2020-02-27,218.0,26.0,15.714285714285714,-0.0,124997585.0,0.12571671456121103
Japan,2020-02-28,236.0,18.0,16.857142857142858,-0.0,124997585.0,0.13485974834748093
Japan,2020-02-29,245.0,9.0,17.857142857142858,-0.0,124997585.0,0.1428599029104671
Japan,2020-03-01,259.0,14.0,20.142857142857142,-0.0,124997585.0,0.16114597048300688
Japan,2020-03-02,278.0,19.0,21.0,-0.0,124997585.0,0.16800324582270929
Japan,2020-03-03,298.0,20.0,26.285714285714285,-0.0,124997585.0,0.21028977708420754
Japan,2020-03-04,333.0,35.0,31.571428571428573,-0.0,124997585.0,0.2525763083457058
Japan,2020-03-05,365.0,32.0,34.285714285714285,-0.0,124997585.0,0.2742910135880968
Japan,2020-03-06,420.0,55.0,35.57142857142857,-0.0,124997585.0,0.2845769265976504
Japan,2020-03-07,466.0,46.0,41.0,-0.0,124997585.0,0.32800633708243243
Japan,2020-03-08,499.0,33.0,43.857142857142854,-0.0,124997585.0,0.35086392154810714
Japan,2020-03-09,527.0,28.0,47.285714285714285,-0.0,124997585.0,0.37829302290691685
Japan,2020-03-10,585.0,58.0,44.714285714285715,-0.0,124997585.0,0.35772119688780957
Japan,2020-03-11,640.0,55.0,47.0,-0.0,124997585.0,0.3760072644603493
Japan,2020-03-12,696.0,56.0,46.714285714285715,-0.0,124997585.0,0.3737215060137819
Japan,2020-03-13,733.0,37.0,45.142857142857146,-0.0,124997585.0,0.3611498345576608
Japan,2020-03-14,795.0,62.0,44.0,-0.0,124997585.0,0.3520068007713909
Japan,2020-03-15,826.0,31.0,41.142857142857146,-0.0,124997585.0,0.3291492163057162
Japan,2020-03-16,843.0,17.0,38.857142857142854,-0.0,124997585.0,0.3108631487331764
Japan,2020-03-17,893.0,50.0,41.285714285714285,-0.0,124997585.0,0.33029209552899985
Japan,2020-03-18,928.0,35.0,37.714285714285715,-0.0,124997585.0,0.30172011494690654
Japan,2020-03-19,968.0,40.0,39.714285714285715,-0.0,124997585.0,0.31772042407287876
Japan,2020-03-20,1022.0,54.0,43.0,-0.0,124997585.0,0.34400664620840476
Japan,2020-03-21,1059.0,37.0,46.285714285714285,-0.0,124997585.0,0.37029286834393066
Japan,2020-03-22,1104.0,45.0,55.142857142857146,-0.0,124997585.0,0.44115138018752237
Japan,2020-03-23,1144.0,40.0,64.0,-0.0,124997585.0,0.5120098920311141
Japan,2020-03-24,1217.0,73.0,72.57142857142857,-0.0,124997585.0,0.5805826454281382
Japan,2020-03-25,1314.0,97.0,95.57142857142857,-0.0,124997585.0,0.7645862003768198
Japan,2020-03-26,1416.0,102.0,114.71428571428571,-0.0,124997585.0,0.9177320162968404
Japan,2020-03-27,1530.0,114.0,122.42857142857143,-0.0,124997585.0,0.9794474943541622
Japan,2020-03-28,1728.0,198.0,148.28571428571428,-0.0,124997585.0,1.1863086337685185
Japan,2020-03-29,1907.0,179.0,174.42857142857142,-0.0,124997585.0,1.3954555316294424
Japan,2020-03-30,2001.0,94.0,200.28571428571428,-0.0,124997585.0,1.6023166710437986
Japan,2020-03-31,2255.0,254.0,232.0,-0.0,124997585.0,1.8560358586127885
Japan,2020-04-01,2535.0,280.0,256.7142857142857,-0.0,124997585.0,2.053753964240875
Japan,2020-04-02,2818.0,283.0,281.2857142857143,-0.0,124997585.0,2.2503291906456777
Japan,2020-04-03,3154.0,336.0,301.2857142857143,-0.0,124997585.0,2.4103322819054003
Japan,2020-04-04,3525.0,371.0,318.57142857142856,-0.0,124997585.0,2.548620667922733
Japan,2020-04-05,3876.0,351.0,355.0,-0.0,124997585.0,2.8400548698600856
Japan,2020-04-06,4110.0,234.0,399.42857142857144,-0.0,124997585.0,3.195490308301328
Japan,2020-04-07,4485.0,375.0,442.2857142857143,-0.0,124997585.0,3.5383540752864486
Japan,2020-04-08,5020.0,535.0,489.42857142857144,-0.0,124997585.0,3.915504218970082
Japan,2020-04-09,5614.0,594.0,513.8571428571429,-0.0,124997585.0,4.110936566151601
Japan,2020-04-10,6250.0,636.0,523.2857142857143,-0.0,124997585.0,4.1863665948883275
Japan,2020-04-11,6951.0,701.0,541.7142857142857,-0.0,124997585.0,4.333798014691929
Japan,2020-04-12,7473.0,522.0,545.0,-0.0,124997585.0,4.360084236827455
Japan,2020-04-13,7773.0,300.0,540.5714285714286,-0.0,124997585.0,4.32465498090566
Japan,2020-04-14,8277.0,504.0,529.7142857142857,-0.0,124997585.0,4.237796159936096
Japan,2020-04-15,8835.0,558.0,513.8571428571429,-0.0,124997585.0,4.110936566151601
Japan,2020-04-16,9398.0,563.0,491.57142857142856,-0.0,124997585.0,3.932647407319338
Japan,2020-04-17,9958.0,560.0,497.85714285714283,-0.0,124997585.0,3.982934093143822
Japan,2020-04-18,10548.0,590.0,480.57142857142856,-0.0,124997585.0,3.84464570712649
Japan,2020-04-19,10914.0,366.0,457.42857142857144,-0.0,124997585.0,3.659499272954525
Japan,2020-04-20,11258.0,344.0,438.7142857142857,-0.0,124997585.0,3.5097820947043554
Japan,2020-04-21,11641.0,383.0,413.7142857142857,-0.0,124997585.0,3.3097782306297017
Japan,2020-04-22,12037.0,396.0,376.85714285714283,-0.0,124997585.0,3.0149153910224973
Japan,2020-04-23,12469.0,432.0,355.85714285714283,-0.0,124997585.0,2.8469121451997883
Japan,2020-04-24,12854.0,385.0,331.14285714285717,-0.0,124997585.0,2.649194039571702
Japan,2020-04-25,13186.0,332.0,317.0,-0.0,124997585.0,2.5360489964666115
Japan,2020-04-26,13405.0,219.0,291.2857142857143,-0.0,124997585.0,2.330330736275539
Japan,2020-04-27,13576.0,171.0,259.2857142857143,-0.0,124997585.0,2.074325790259982
Japan,2020-04-28,13860.0,284.0,243.42857142857142,-0.0,124997585.0,1.9474661964754871
Japan,2020-04-29,14076.0,216.0,239.28571428571428,-0.0,124997585.0,1.914322699000259
Japan,2020-04-30,14284.0,208.0,236.57142857142858,-0.0,124997585.0,1.8926079937578681
Japan,2020-05-01,14558.0,274.0,236.14285714285714,-0.0,124997585.0,1.8891793560880168
Japan,2020-05-02,14861.0,303.0,213.42857142857142,-0.0,124997585.0,1.7074615595859026
Japan,2020-05-03,15061.0,200.0,197.0,-0.0,124997585.0,1.576030448908273
Japan,2020-05-04,15229.0,168.0,181.28571428571428,-0.0,124997585.0,1.4503137343470618
Japan,2020-05-05,15354.0,125.0,154.57142857142858,-0.0,124997585.0,1.236595319593003
Japan,2020-05-06,15455.0,101.0,127.71428571428571,-0.0,124997585.0,1.0217340256156606
Japan,2020-05-07,15553.0,98.0,109.0,-0.0,124997585.0,0.8720168473654911
Japan,2020-05-08,15640.0,87.0,90.28571428571429,-0.0,124997585.0,0.7222996691153216
Japan,2020-05-09,15755.0,115.0,84.85714285714286,-0.0,124997585.0,0.6788702586305396
Japan,2020-05-10,15824.0,69.0,77.57142857142857,-0.0,124997585.0,0.6205834182430691
Japan,2020-05-11,15861.0,37.0,77.57142857142857,-0.0,124997585.0,0.6205834182430691
Japan,2020-05-12,15948.0,87.0,72.57142857142857,-0.0,124997585.0,0.5805826454281382
Japan,2020-05-13,15998.0,50.0,63.857142857142854,-0.0,124997585.0,0.5108670128078303
Japan,2020-05-14,16096.0,98.0,57.42857142857143,-0.0,124997585.0,0.4594374477600622
Japan,2020-05-15,16148.0,52.0,56.857142857142854,-0.0,124997585.0,0.45486593086692717
Japan,2020-05-16,16202.0,54.0,48.42857142857143,-0.0,124997585.0,0.38743605669318676
Japan,2020-05-17,16226.0,24.0,46.142857142857146,-0.0,124997585.0,0.369149989120647
Japan,2020-05-18,16259.0,33.0,38.0,-0.0,124997585.0,0.30400587339347396
Japan,2020-05-19,16287.0,28.0,33.857142857142854,-0.0,124997585.0,0.2708623759182456
Japan,2020-05-20,16321.0,34.0,29.714285714285715,-0.0,124997585.0,0.23771887844301723
Japan,2020-05-21,16362.0,41.0,32.142857142857146,-0.0,124997585.0,0.2571478252388408
Japan,2020-05-22,16385.0,23.0,30.428571428571427,-0.0,124997585.0,0.2434332745594359
Japan,2020-05-23,16410.0,25.0,30.714285714285715,-0.0,124997585.0,0.2457190330060034
Japan,2020-05-24,16451.0,41.0,29.571428571428573,-0.0,124997585.0,0.23657599921973352
Japan,2020-05-25,16472.0,21.0,32.285714285714285,-0.0,124997585.0,0.2582907044621245
Japan,2020-05-26,16502.0,30.0,39.42857142857143,-0.0,124997585.0,0.31543466562631134
Japan,2020-05-27,16528.0,26.0,42.285714285714285,-0.0,124997585.0,0.33829225009198605
Japan,2020-05-28,16588.0,60.0,41.42857142857143,-0.0,124997585.0,0.3314349747522837
Japan,2020-05-29,16661.0,73.0,43.714285714285715,-0.0,124997585.0,0.34972104232482343
Japan,2020-05-30,16706.0,45.0,46.714285714285715,-0.0,124997585.0,0.3737215060137819
Japan,2020-05-31,16741.0,35.0,47.142857142857146,-0.0,124997585.0,0.37715014368363314
Japan,2020-06-01,16778.0,37.0,44.857142857142854,-0.0,124997585.0,0.3588640761110933
Japan,2020-06-02,16829.0,51.0,41.142857142857146,-0.0,124997585.0,0.3291492163057162
Japan,2020-06-03,16858.0,29.0,41.285714285714285,-0.0,124997585.0,0.33029209552899985
Japan,2020-06-04,16902.0,44.0,41.714285714285715,-0.0,124997585.0,0.3337207331988511
Japan,2020-06-05,16949.0,47.0,39.42857142857143,-0.0,124997585.0,0.31543466562631134
Japan,2020-06-06,16995.0,46.0,38.57142857142857,-0.0,124997585.0,0.30857739028660885
Japan,2020-06-07,17033.0,38.0,39.57142857142857,-0.0,124997585.0,0.31657754484959505
Japan,2020-06-08,17054.0,21.0,39.57142857142857,-0.0,124997585.0,0.31657754484959505
Japan,2020-06-09,17099.0,45.0,41.57142857142857,-0.0,124997585.0,0.3325778539755674
Japan,2020-06-10,17135.0,36.0,41.42857142857143,-0.0,124997585.0,0.3314349747522837
Japan,2020-06-11,17179.0,44.0,46.714285714285715,-0.0,124997585.0,0.3737215060137819
Japan,2020-06-12,17240.0,61.0,54.0,-0.0,124997585.0,0.43200834640125246
Japan,2020-06-13,17285.0,45.0,53.57142857142857,-0.0,124997585.0,0.4285797087314012
Japan,2020-06-14,17360.0,75.0,55.0,-0.0,124997585.0,0.44000850096423866
Japan,2020-06-15,17432.0,72.0,58.57142857142857,-0.0,124997585.0,0.46858048154633203
Japan,2020-06-16,17474.0,42.0,58.57142857142857,-0.0,124997585.0,0.46858048154633203
Japan,2020-06-17,17520.0,46.0,61.285714285714285,-0.0,124997585.0,0.49029518678872297
Japan,2020-06-18,17589.0,69.0,58.42857142857143,-0.0,124997585.0,0.4674376023230483
Japan,2020-06-19,17650.0,61.0,54.285714285714285,-0.0,124997585.0,0.4342941048478199
Japan,2020-06-20,17714.0,64.0,56.42857142857143,-0.0,124997585.0,0.45143729319707604
Japan,2020-06-21,17769.0,55.0,63.57142857142857,-0.0,124997585.0,0.5085812543612628
Japan,2020-06-22,17812.0,43.0,65.42857142857143,-0.0,124997585.0,0.5234386842639515
Japan,2020-06-23,17869.0,57.0,71.71428571428571,-0.0,124997585.0,0.5737253700884358
Japan,2020-06-24,17965.0,96.0,75.71428571428571,-0.0,124997585.0,0.6057259883403804
Japan,2020-06-25,18047.0,82.0,84.0,-0.0,124997585.0,0.6720129832908371
Japan,2020-06-26,18152.0,105.0,93.57142857142857,-0.0,124997585.0,0.7485858912508475
Japan,2020-06-27,18244.0,92.0,105.14285714285714,-0.0,124997585.0,0.8411591083368302
Japan,2020-06-28,18357.0,113.0,109.57142857142857,-0.0,124997585.0,0.876588364258626
Japan,2020-06-29,18467.0,110.0,125.57142857142857,-0.0,124997585.0,1.0045908372664045
Japan,2020-06-30,18605.0,138.0,146.28571428571428,-0.0,124997585.0,1.1703083246425463
Japan,2020-07-01,18732.0,127.0,172.28571428571428,-0.0,124997585.0,1.3783123432801865
Japan,2020-07-02,18926.0,194.0,185.85714285714286,-0.0,124997585.0,1.4868858694921414
Japan,2020-07-03,19176.0,250.0,195.28571428571428,-0.0,124997585.0,1.562315898228868
Japan,2020-07-04,19450.0,274.0,205.28571428571428,-0.0,124997585.0,1.6423174438587296
Japan,2020-07-05,19658.0,208.0,216.71428571428572,-0.0,124997585.0,1.7337477817214286
Japan,2020-07-06,19834.0,176.0,239.71428571428572,-0.0,124997585.0,1.9177513366701104
Japan,2020-07-07,20042.0,208.0,265.42857142857144,-0.0,124997585.0,2.1234695968611828
Japan,2020-07-08,20249.0,207.0,281.42857142857144,-0.0,124997585.0,2.2514720698689614
Japan,2020-07-09,20604.0,355.0,309.85714285714283,-0.0,124997585.0,2.478905035302425
Japan,2020-07-10,21034.0,430.0,321.7142857142857,-0.0,124997585.0,2.573764010834975
Japan,2020-07-11,21420.0,386.0,339.57142857142856,-0.0,124997585.0,2.716623913745442
Japan,2020-07-12,21827.0,407.0,374.2857142857143,-0.0,124997585.0,2.99434356500339
Japan,2020-07-13,22086.0,259.0,412.7142857142857,-0.0,124997585.0,3.3017780760667153
Japan,2020-07-14,22419.0,333.0,436.57142857142856,-0.0,124997585.0,3.4926389063550993
Japan,2020-07-15,22869.0,450.0,475.85714285714283,-0.0,124997585.0,3.8069306927581263
Japan,2020-07-16,23493.0,624.0,490.7142857142857,-0.0,124997585.0,3.9257901319796358
Japan,2020-07-17,24090.0,597.0,513.4285714285714,-0.0,124997585.0,4.10750792848175
Japan,2020-07-18,24751.0,661.0,556.1428571428571,-0.0,124997585.0,4.449228816243586
Japan,2020-07-19,25262.0,511.0,605.4285714285714,-0.0,124997585.0,4.8435221482764765
Japan,2020-07-20,25680.0,418.0,656.4285714285714,-0.0,124997585.0,5.25153003098877
Japan,2020-07-21,26312.0,632.0,682.4285714285714,-0.0,124997585.0,5.459534049626411
Japan,2020-07-22,27107.0,795.0,702.4285714285714,-0.0,124997585.0,5.619537140886133
Japan,2020-07-23,28088.0,981.0,749.2857142857143,-0.0,124997585.0,5.9944015261232
Japan,2020-07-24,28867.0,779.0,775.2857142857143,-0.0,124997585.0,6.20240554476084
Japan,2020-07-25,29668.0,801.0,825.7142857142857,-0.0,124997585.0,6.605841910579997
Japan,2020-07-26,30507.0,839.0,893.5714285714286,-0.0,124997585.0,7.148709541639773
Japan,2020-07-27,31107.0,600.0,940.2857142857143,-0.0,124997585.0,7.522431047653555
Japan,2020-07-28,32092.0,985.0,1055.5714285714287,-0.0,124997585.0,8.444734580843532
Japan,2020-07-29,33362.0,1270.0,1160.2857142857142,-0.0,124997585.0,9.282465051510508
Japan,2020-07-30,34670.0,1308.0,1230.5714285714287,-0.0,124997585.0,9.84476162936611
Japan,2020-07-31,36256.0,1586.0,1282.7142857142858,-0.0,124997585.0,10.261912545864673
Japan,2020-08-01,37790.0,1534.0,1320.0,-0.0,124997585.0,10.560204023141726
Japan,2020-08-02,39121.0,1331.0,1332.142857142857,-0.0,124997585.0,10.657348757120843
Japan,2020-08-03,40086.0,965.0,1357.4285714285713,-0.0,124997585.0,10.859638379642066
Japan,2020-08-04,41332.0,1246.0,1360.142857142857,-0.0,124997585.0,10.881353084884458
Japan,2020-08-05,42687.0,1355.0,1365.4285714285713,-0.0,124997585.0,10.923639616145955
Japan,2020-08-06,44172.0,1485.0,1381.142857142857,-0.0,124997585.0,11.049356330707166
Japan,2020-08-07,45777.0,1605.0,1363.0,-0.0,124997585.0,10.904210669350132
Japan,2020-08-08,47348.0,1571.0,1284.5714285714287,-0.0,124997585.0,10.27676997576736
Japan,2020-08-09,48789.0,1441.0,1230.857142857143,-0.0,124997585.0,9.847047387812676
Japan,2020-08-10,49627.0,838.0,1186.142857142857,-0.0,124997585.0,9.489326190924865
Japan,2020-08-11,50324.0,697.0,1150.5714285714287,-0.0,124997585.0,9.204749264327216
Japan,2020-08-12,51303.0,979.0,1102.0,-0.0,124997585.0,8.816170328410745
Japan,2020-08-13,52475.0,1172.0,1041.4285714285713,-0.0,124997585.0,8.33158953773844
Japan,2020-08-14,53831.0,1356.0,1014.1428571428571,-0.0,124997585.0,8.113299606091246
Japan,2020-08-15,55062.0,1231.0,1045.4285714285713,-0.0,124997585.0,8.363590155990384
Japan,2020-08-16,56079.0,1017.0,1058.4285714285713,-0.0,124997585.0,8.467592165309204
Japan,2020-08-17,56726.0,647.0,1059.2857142857142,-0.0,124997585.0,8.474449440648906
Japan,2020-08-18,57642.0,916.0,1013.7142857142857,-0.0,124997585.0,8.109870968421394
Japan,2020-08-19,58712.0,1070.0,978.4285714285714,-0.0,124997585.0,7.827579800270313
Japan,2020-08-20,59890.0,1178.0,939.4285714285714,-0.0,124997585.0,7.515573772313853
Japan,2020-08-21,60927.0,1037.0,917.4285714285714,-0.0,124997585.0,7.339570371928157
Japan,2020-08-22,61911.0,984.0,888.7142857142857,-0.0,124997585.0,7.109851648048125
Japan,2020-08-23,62655.0,744.0,864.8571428571429,-0.0,124997585.0,6.918990817759743
Japan,2020-08-24,63148.0,493.0,819.8571428571429,-0.0,124997585.0,6.558983862425365
Japan,2020-08-25,63863.0,715.0,796.8571428571429,-0.0,124997585.0,6.374980307476684
Japan,2020-08-26,64766.0,903.0,776.8571428571429,-0.0,124997585.0,6.21497721621696
Japan,2020-08-27,65629.0,863.0,756.2857142857143,-0.0,124997585.0,6.050402608064102
Japan,2020-08-28,66505.0,876.0,748.1428571428571,-0.0,124997585.0,5.9852584923369285
Japan,2020-08-29,67349.0,844.0,736.4285714285714,-0.0,124997585.0,5.8915423960276625
Japan,2020-08-30,67949.0,600.0,692.0,-0.0,124997585.0,5.53610695758642
Japan,2020-08-31,68385.0,436.0,662.5714285714286,-0.0,124997585.0,5.300673837589971
Japan,2020-09-01,69018.0,633.0,621.2857142857143,-0.0,124997585.0,4.9703817420609715
Japan,2020-09-02,69610.0,592.0,586.1428571428571,-0.0,124997585.0,4.689233453133172
Japan,2020-09-03,70267.0,657.0,564.8571428571429,-0.0,124997585.0,4.518944448863895
Japan,2020-09-04,70854.0,587.0,544.1428571428571,-0.0,124997585.0,4.353226961487753
Japan,2020-09-05,71452.0,598.0,526.4285714285714,-0.0,124997585.0,4.21150993780057
Japan,2020-09-06,71903.0,451.0,514.4285714285714,-0.0,124997585.0,4.115508083044736
Japan,2020-09-07,72194.0,291.0,522.2857142857143,-0.0,124997585.0,4.178366440325342
Japan,2020-09-08,72703.0,509.0,530.1428571428571,-0.0,124997585.0,4.2412247976059465
Japan,2020-09-09,73211.0,508.0,537.0,-0.0,124997585.0,4.296083000323566
Japan,2020-09-10,73923.0,712.0,535.2857142857143,-0.0,124997585.0,4.282368449644162
Japan,2020-09-11,74565.0,642.0,531.7142857142857,-0.0,124997585.0,4.253796469062068
Japan,2020-09-12,75211.0,646.0,534.8571428571429,-0.0,124997585.0,4.27893981197431
Japan,2020-09-13,75650.0,439.0,541.0,-0.0,124997585.0,4.328083618575511
Japan,2020-09-14,75916.0,266.0,509.14285714285717,-0.0,124997585.0,4.073221551783238
Japan,2020-09-15,76447.0,531.0,499.14285714285717,-0.0,124997585.0,3.9932200061533765
Japan,2020-09-16,76998.0,551.0,492.0,-0.0,124997585.0,3.936076044989189
Japan,2020-09-17,77487.0,489.0,497.85714285714283,-0.0,124997585.0,3.982934093143822
Japan,2020-09-18,78059.0,572.0,504.14285714285717,-0.0,124997585.0,4.033220778968308
Japan,2020-09-19,78655.0,596.0,475.57142857142856,-0.0,124997585.0,3.8046449343115594
Japan,2020-09-20,79135.0,480.0,428.14285714285717,-0.0,124997585.0,3.425209032181359
Japan,2020-09-21,79445.0,310.0,427.14285714285717,-0.0,124997585.0,3.417208877618373
Japan,2020-09-22,79776.0,331.0,427.2857142857143,-0.0,124997585.0,3.4183517568416564
Japan,2020-09-23,79995.0,219.0,433.42857142857144,-0.0,124997585.0,3.4674955634428573
Japan,2020-09-24,80477.0,482.0,434.14285714285717,-0.0,124997585.0,3.4732099595592762
Japan,2020-09-25,81050.0,573.0,433.0,-0.0,124997585.0,3.4640669257730057
Japan,2020-09-26,81689.0,639.0,461.0,-0.0,124997585.0,3.6880712535366182
Japan,2020-09-27,82174.0,485.0,512.0,-0.0,124997585.0,4.096079136248913
Japan,2020-09-28,82476.0,302.0,533.5714285714286,-0.0,124997585.0,4.268653898964756
Japan,2020-09-29,83003.0,527.0,529.1428571428571,-0.0,124997585.0,4.233224643042961
Japan,2020-09-30,83579.0,576.0,519.8571428571429,-0.0,124997585.0,4.1589374935295185
Japan,2020-10-01,84212.0,633.0,507.7142857142857,-0.0,124997585.0,4.061792759550401
Japan,2020-10-02,84754.0,542.0,504.42857142857144,-0.0,124997585.0,4.035506537414874
Japan,2020-10-03,85328.0,574.0,500.57142857142856,-0.0,124997585.0,4.004648798386213
Japan,2020-10-04,85728.0,400.0,490.57142857142856,-0.0,124997585.0,3.9246472527563516
Japan,2020-10-05,86007.0,279.0,489.7142857142857,-0.0,124997585.0,3.917789977416649
Japan,2020-10-06,86507.0,500.0,498.42857142857144,-0.0,124997585.0,3.987505610036957
Japan,2020-10-07,87013.0,506.0,513.2857142857143,-0.0,124997585.0,4.106365049258466
Japan,2020-10-08,87640.0,627.0,518.4285714285714,-0.0,124997585.0,4.1475087012966805
Japan,2020-10-09,88243.0,603.0,518.2857142857143,-0.0,124997585.0,4.146365822073397
Japan,2020-10-10,88921.0,678.0,518.0,-0.0,124997585.0,4.144080063626829
Japan,2020-10-11,89357.0,436.0,524.5714285714286,-0.0,124997585.0,4.196652507897881
Japan,2020-10-12,89635.0,278.0,536.1428571428571,-0.0,124997585.0,4.289225724983863
Japan,2020-10-13,90133.0,498.0,541.2857142857143,-0.0,124997585.0,4.3303693770220795
Japan,2020-10-14,90685.0,552.0,533.4285714285714,-0.0,124997585.0,4.267511019741473
Japan,2020-10-15,91393.0,708.0,532.5714285714286,-0.0,124997585.0,4.26065374440177
Japan,2020-10-16,92032.0,639.0,538.0,-0.0,124997585.0,4.304083154886553
Japan,2020-10-17,92655.0,623.0,535.5714285714286,-0.0,124997585.0,4.284654208090728
Japan,2020-10-18,93085.0,430.0,544.5714285714286,-0.0,124997585.0,4.356655599157604
Japan,2020-10-19,93401.0,316.0,531.4285714285714,-0.0,124997585.0,4.2515107106155
Japan,2020-10-20,93882.0,481.0,546.5714285714286,-0.0,124997585.0,4.372655908283576
Japan,2020-10-21,94497.0,615.0,561.2857142857143,-0.0,124997585.0,4.490372468281802
Japan,2020-10-22,95113.0,616.0,570.2857142857143,-0.0,124997585.0,4.562373859348678
Japan,2020-10-23,95858.0,745.0,583.7142857142857,-0.0,124997585.0,4.669804506337347
Japan,2020-10-24,96584.0,726.0,607.2857142857143,-0.0,124997585.0,4.858379578179165
Japan,2020-10-25,97077.0,493.0,623.8571428571429,-0.0,124997585.0,4.990953568080079
Japan,2020-10-26,97487.0,410.0,651.2857142857143,-0.0,124997585.0,5.210386378950556
Japan,2020-10-27,98133.0,646.0,655.4285714285714,-0.0,124997585.0,5.243529876425784
Japan,2020-10-28,98864.0,731.0,677.0,-0.0,124997585.0,5.416104639141628
Japan,2020-10-29,99672.0,808.0,694.1428571428571,-0.0,124997585.0,5.553250145935676
Japan,2020-10-30,100446.0,774.0,705.1428571428571,-0.0,124997585.0,5.641251846128524
Japan,2020-10-31,101323.0,877.0,736.4285714285714,-0.0,124997585.0,5.8915423960276625
Japan,2020-11-01,101936.0,613.0,721.1428571428571,-0.0,124997585.0,5.769254319136302
Japan,2020-11-02,102423.0,487.0,755.4285714285714,-0.0,124997585.0,6.0435453327244
Japan,2020-11-03,103288.0,865.0,808.1428571428571,-0.0,124997585.0,6.465267766116098
Japan,2020-11-04,103912.0,624.0,873.2857142857143,-0.0,124997585.0,6.986420691933483
Japan,2020-11-05,104960.0,1048.0,921.4285714285714,-0.0,124997585.0,7.371570990180102
Japan,2020-11-06,106103.0,1143.0,963.2857142857143,-0.0,124997585.0,7.706434602602236
Japan,2020-11-07,107436.0,1333.0,1023.0,-0.0,124997585.0,8.184158117934839
Japan,2020-11-08,108386.0,950.0,1154.4285714285713,-0.0,124997585.0,9.235607003355875
Japan,2020-11-09,109166.0,780.0,1241.7142857142858,-0.0,124997585.0,9.93390620878224
Japan,2020-11-10,110449.0,1283.0,1321.857142857143,-0.0,124997585.0,10.575061453044416
Japan,2020-11-11,111993.0,1544.0,1379.2857142857142,-0.0,124997585.0,11.034498900804477
Japan,2020-11-12,113652.0,1659.0,1449.142857142857,-0.0,124997585.0,11.593366840990225
Japan,2020-11-13,115356.0,1704.0,1473.4285714285713,-0.0,124997585.0,11.78765630894846
Japan,2020-11-14,117091.0,1735.0,1533.0,-0.0,124997585.0,12.264236945057778
Japan,2020-11-15,118530.0,1439.0,1625.857142857143,-0.0,124997585.0,13.007108440192207
Japan,2020-11-16,119480.0,950.0,1729.5714285714287,-0.0,124997585.0,13.836838756296201
Japan,2020-11-17,121180.0,1700.0,1832.0,-0.0,124997585.0,14.65628315939064
Japan,2020-11-18,123374.0,2194.0,1954.4285714285713,-0.0,124997585.0,15.635730653744801
Japan,2020-11-19,125759.0,2385.0,2057.285714285714,-0.0,124997585.0,16.45860369450909
Japan,2020-11-20,128180.0,2421.0,2138.4285714285716,-0.0,124997585.0,17.107759093334256
Japan,2020-11-21,130772.0,2592.0,2071.1428571428573,-0.0,124997585.0,16.569462979167618
Japan,2020-11-22,132931.0,2159.0,2035.142857142857,-0.0,124997585.0,16.28145741490011
Japan,2020-11-23,134449.0,1518.0,2051.5714285714284,-0.0,124997585.0,16.412888525577742
Japan,2020-11-24,135678.0,1229.0,2067.285714285714,-0.0,124997585.0,16.538605240138956
Japan,2020-11-25,137620.0,1942.0,2079.1428571428573,-0.0,124997585.0,16.633464215671506
Japan,2020-11-26,140120.0,2500.0,2065.285714285714,-0.0,124997585.0,16.52260493101298
Japan,2020-11-27,142651.0,2531.0,2053.5714285714284,-0.0,124997585.0,16.428888834703713
Japan,2020-11-28,145326.0,2675.0,2168.4285714285716,-0.0,124997585.0,17.34776373022384
Japan,2020-11-29,147388.0,2062.0,2238.4285714285716,-0.0,124997585.0,17.90777454963287
Japan,2020-11-30,148824.0,1436.0,2240.8571428571427,-0.0,124997585.0,17.927203496428692
Japan,2020-12-01,150857.0,2033.0,2229.5714285714284,-0.0,124997585.0,17.836916037789276
Japan,2020-12-02,153289.0,2432.0,2205.714285714286,-0.0,124997585.0,17.646055207500893
Japan,2020-12-03,155806.0,2517.0,2202.285714285714,-0.0,124997585.0,17.618626106142084
Japan,2020-12-04,158258.0,2452.0,2215.8571428571427,-0.0,124997585.0,17.72719963235404
Japan,2020-12-05,160766.0,2508.0,2236.285714285714,-0.0,124997585.0,17.890631361283614
Japan,2020-12-06,162804.0,2038.0,2290.285714285714,-0.0,124997585.0,18.322639707684868
Japan,2020-12-07,164335.0,1531.0,2354.8571428571427,-0.0,124997585.0,18.839221116609114
Japan,2020-12-08,166511.0,2176.0,2403.8571428571427,-0.0,124997585.0,19.231228690195437
Japan,2020-12-09,169321.0,2810.0,2479.4285714285716,-0.0,124997585.0,19.835811799312534
Japan,2020-12-10,172290.0,2969.0,2528.714285714286,-0.0,124997585.0,20.23010513134542
Japan,2020-12-11,175085.0,2795.0,2550.1428571428573,-0.0,124997585.0,20.401537014837988
Japan,2020-12-12,178122.0,3037.0,2585.8571428571427,-0.0,124997585.0,20.687256820658916
Japan,2020-12-13,180505.0,2383.0,2612.4285714285716,-0.0,124997585.0,20.899832356189695
Japan,2020-12-14,182186.0,1681.0,2646.714285714286,-0.0,124997585.0,21.17412336977779
Japan,2020-12-15,184612.0,2426.0,2652.714285714286,-0.0,124997585.0,21.222124297155705
Japan,2020-12-16,187608.0,2996.0,2645.8571428571427,-0.0,124997585.0,21.167266094438084
Japan,2020-12-17,190817.0,3209.0,2661.285714285714,-0.0,124997585.0,21.29069705055273
Japan,2020-12-18,193654.0,2837.0,2679.8571428571427,-0.0,124997585.0,21.439271349579617
Japan,2020-12-19,196643.0,2989.0,2718.1428571428573,-0.0,124997585.0,21.74556298141966
Japan,2020-12-20,199134.0,2491.0,2758.1428571428573,-0.0,124997585.0,22.065569163939106
Japan,2020-12-21,200945.0,1811.0,2834.8571428571427,-0.0,124997585.0,22.67929530684247
Japan,2020-12-22,203639.0,2694.0,2977.0,-0.0,124997585.0,23.81646013400979
Japan,2020-12-23,206915.0,3276.0,3105.0,-0.0,124997585.0,24.840479918072017
Japan,2020-12-24,210661.0,3746.0,3169.714285714286,-0.0,124997585.0,25.35820420621955
Japan,2020-12-25,214493.0,3832.0,3253.4285714285716,-0.0,124997585.0,26.027931431063823
Japan,2020-12-26,218378.0,3885.0,3386.714285714286,-0.0,124997585.0,27.09423774638755
Japan,2020-12-27,221322.0,2944.0,3471.714285714286,-0.0,124997585.0,27.77425088424137
Japan,2020-12-28,223719.0,2397.0,3584.0,-0.0,124997585.0,28.672553953742387
Japan,2020-12-29,227346.0,3627.0,3501.714285714286,-0.0,124997585.0,28.014255521130952
Japan,2020-12-30,231217.0,3871.0,3385.4285714285716,-0.0,124997585.0,27.08395183337799
Japan,2020-12-31,235749.0,4532.0,3417.1428571428573,-0.0,124997585.0,27.337671020946985
Japan,2021-01-01,239005.0,3256.0,3552.285714285714,-0.0,124997585.0,28.418834766173397
Japan,2021-01-02,242076.0,3071.0,3741.1428571428573,-0.0,124997585.0,29.9297210993545
Japan,2021-01-03,245242.0,3166.0,4052.285714285714,-0.0,124997585.0,32.418912047666474
Japan,2021-01-04,248585.0,3343.0,4496.571428571428,-0.0,124997585.0,35.973266432078894
Japan,2021-01-05,253534.0,4949.0,5168.142857142857,-0.0,124997585.0,41.34594166073574
Japan,2021-01-06,259583.0,6049.0,5851.428571428572,-0.0,124997585.0,46.81233298570186
Japan,2021-01-07,267225.0,7642.0,6271.714285714285,-0.0,124997585.0,50.17468366060261
Japan,2021-01-08,275182.0,7957.0,6495.0,-0.0,124997585.0,51.96100388659509
Japan,2021-01-09,283036.0,7854.0,6444.714285714285,-0.0,124997585.0,51.558710399999214
Japan,2021-01-10,289144.0,6108.0,6425.857142857143,-0.0,124997585.0,51.40785034252576
Japan,2021-01-11,294050.0,4906.0,6285.0,-0.0,124997585.0,50.280971428368
Japan,2021-01-12,298647.0,4597.0,6173.0,-0.0,124997585.0,49.38495411731355
Japan,2021-01-13,304564.0,5917.0,6057.0,-0.0,124997585.0,48.456936188007155
Japan,2021-01-14,311220.0,6656.0,6007.285714285715,-0.0,124997585.0,48.05921421830441
Japan,2021-01-15,318393.0,7173.0,6011.714285714285,-0.0,124997585.0,48.0946434742262
Japan,2021-01-16,325435.0,7042.0,6117.142857142857,-0.0,124997585.0,48.9380883410096
Japan,2021-01-17,331195.0,5760.0,6066.428571428572,-0.0,124997585.0,48.53236621674388
Japan,2021-01-18,336132.0,4937.0,5924.714285714285,-0.0,124997585.0,47.398630027246405
Japan,2021-01-19,341467.0,5335.0,5622.428571428572,-0.0,124997585.0,44.98029759077803
Japan,2021-01-20,347029.0,5562.0,5291.571428571428,-0.0,124997585.0,42.333389309652894
Japan,2021-01-21,352693.0,5664.0,5038.714285714285,-0.0,124997585.0,40.31049308444067
Japan,2021-01-22,357750.0,5057.0,4728.142857142857,-0.0,124997585.0,37.82587365302183
Japan,2021-01-23,362476.0,4726.0,4516.428571428572,-0.0,124997585.0,36.13212664411534
Japan,2021-01-24,366466.0,3990.0,4289.571428571428,-0.0,124997585.0,34.31723443754076
Japan,2021-01-25,369229.0,2763.0,4070.5714285714284,-0.0,124997585.0,32.565200588246796
Japan,2021-01-26,373082.0,3853.0,3853.5714285714284,-0.0,124997585.0,30.829167048078798
Japan,2021-01-27,377056.0,3974.0,3655.8571428571427,-0.0,124997585.0,29.247422203054104
Japan,2021-01-28,381187.0,4131.0,3467.714285714286,-0.0,124997585.0,27.742250265989426
Japan,2021-01-29,384725.0,3538.0,3329.1428571428573,-0.0,124997585.0,26.6336574194042
Japan,2021-01-30,388067.0,3342.0,3110.714285714286,-0.0,124997585.0,24.88619508700337
Japan,2021-01-31,390740.0,2673.0,2919.285714285714,-0.0,124997585.0,23.35473692780316
Japan,2021-02-01,392533.0,1793.0,2697.4285714285716,-0.0,124997585.0,21.579845494043514
Japan,2021-02-02,394857.0,2324.0,2530.5714285714284,-0.0,124997585.0,20.24496256124811
Japan,2021-02-03,397491.0,2634.0,2378.4285714285716,-0.0,124997585.0,19.02779618845093
Japan,2021-02-04,400069.0,2578.0,2229.4285714285716,-0.0,124997585.0,17.835773158565996
Japan,2021-02-05,402439.0,2370.0,2147.1428571428573,-0.0,124997585.0,17.177474725954564
Japan,2021-02-06,404716.0,2277.0,2039.142857142857,-0.0,124997585.0,16.313458033152056
Japan,2021-02-07,406346.0,1630.0,1932.2857142857142,-0.0,124997585.0,15.458584374135823
Japan,2021-02-08,407563.0,1217.0,1805.4285714285713,-0.0,124997585.0,14.443707623859863
Japan,2021-02-09,409131.0,1568.0,1652.5714285714287,-0.0,124997585.0,13.220826854946266
Japan,2021-02-10,411017.0,1886.0,1521.5714285714287,-0.0,124997585.0,12.17280660719508
Japan,2021-02-11,412707.0,1690.0,1483.2857142857142,-0.0,124997585.0,11.866514975355038
Japan,2021-02-12,414007.0,1300.0,1447.2857142857142,-0.0,124997585.0,11.578509411087536
Japan,2021-02-13,415367.0,1360.0,1410.142857142857,-0.0,124997585.0,11.281360813033766
Japan,2021-02-14,416729.0,1362.0,1347.5714285714287,-0.0,124997585.0,10.78077971323549
Japan,2021-02-15,417694.0,965.0,1325.5714285714287,-0.0,124997585.0,10.604776312849795
Japan,2021-02-16,419002.0,1308.0,1325.7142857142858,-0.0,124997585.0,10.605919192073078
Japan,2021-02-17,420450.0,1448.0,1307.5714285714287,-0.0,124997585.0,10.460773530716043
Japan,2021-02-18,421986.0,1536.0,1260.4285714285713,-0.0,124997585.0,10.083623387032409
Japan,2021-02-19,423287.0,1301.0,1228.2857142857142,-0.0,124997585.0,9.826475561793567
Japan,2021-02-20,424520.0,1233.0,1195.857142857143,-0.0,124997585.0,9.567041978108161
Japan,2021-02-21,425552.0,1032.0,1120.5714285714287,-0.0,124997585.0,8.96474462743763
Japan,2021-02-22,426292.0,740.0,1054.857142857143,-0.0,124997585.0,8.439020184727111
Japan,2021-02-23,427373.0,1081.0,1019.5714285714286,-0.0,124997585.0,8.156729016576028
Japan,2021-02-24,428294.0,921.0,1016.7142857142857,-0.0,124997585.0,8.133871432110354
Japan,2021-02-25,429370.0,1076.0,1012.0,-0.0,124997585.0,8.096156417741991
Japan,2021-02-26,430424.0,1054.0,1006.0,-0.0,124997585.0,8.048155490364074
Japan,2021-02-27,431637.0,1213.0,978.4285714285714,-0.0,124997585.0,7.827579800270313
Japan,2021-02-28,432636.0,999.0,1024.4285714285713,-0.0,124997585.0,8.195586910167675
Japan,2021-03-01,433334.0,698.0,1037.7142857142858,-0.0,124997585.0,8.301874677933062
Japan,2021-03-02,434222.0,888.0,1051.142857142857,-0.0,124997585.0,8.409305324921736
Japan,2021-03-03,435465.0,1243.0,1026.857142857143,-0.0,124997585.0,8.2150158569635
Japan,2021-03-04,436634.0,1169.0,1037.142857142857,-0.0,124997585.0,8.297303161039927
Japan,2021-03-05,437782.0,1148.0,1023.1428571428571,-0.0,124997585.0,8.185300997158121
Japan,2021-03-06,438825.0,1043.0,1057.2857142857142,-0.0,124997585.0,8.458449131522935
Japan,2021-03-07,439896.0,1071.0,1067.2857142857142,-0.0,124997585.0,8.538450677152797
Japan,2021-03-08,440496.0,600.0,1088.4285714285713,-0.0,124997585.0,8.707596802198788
Japan,2021-03-09,441623.0,1127.0,1106.0,-0.0,124997585.0,8.84817094666269
Japan,2021-03-10,442936.0,1313.0,1145.4285714285713,-0.0,124997585.0,9.163605612288999
Japan,2021-03-11,444253.0,1317.0,1133.4285714285713,-0.0,124997585.0,9.067603757533167
Japan,2021-03-12,445524.0,1271.0,1147.0,-0.0,124997585.0,9.17617728374512
Japan,2021-03-13,446843.0,1319.0,1147.857142857143,-0.0,124997585.0,9.183034559084826
Japan,2021-03-14,447830.0,987.0,1179.2857142857142,-0.0,124997585.0,9.434467988207247
Japan,2021-03-15,448525.0,695.0,1205.0,-0.0,124997585.0,9.640186248398319
Japan,2021-03-16,449658.0,1133.0,1232.4285714285713,-0.0,124997585.0,9.859619059268796
Japan,2021-03-17,451191.0,1533.0,1260.5714285714287,-0.0,124997585.0,10.084766266255693
Japan,2021-03-18,452688.0,1497.0,1279.2857142857142,-0.0,124997585.0,10.234483444505862
Japan,2021-03-19,454151.0,1463.0,1296.5714285714287,-0.0,124997585.0,10.372771830523195
Japan,2021-03-20,455667.0,1516.0,1349.0,-0.0,124997585.0,10.792208505468325
Japan,2021-03-21,456785.0,1118.0,1403.857142857143,-0.0,124997585.0,11.231074127209281
Japan,2021-03-22,457601.0,816.0,1463.5714285714287,-0.0,124997585.0,11.708797642541883
Japan,2021-03-23,459101.0,1500.0,1543.857142857143,-0.0,124997585.0,12.351095766027344
Japan,2021-03-24,461018.0,1917.0,1623.142857142857,-0.0,124997585.0,12.985393734949817
Japan,2021-03-25,462933.0,1915.0,1718.0,-0.0,124997585.0,13.744265539210218
Japan,2021-03-26,464958.0,2025.0,1793.5714285714287,-0.0,124997585.0,14.348848648327316
Japan,2021-03-27,467029.0,2071.0,1877.4285714285713,-0.0,124997585.0,15.019718752394866
Japan,2021-03-28,468811.0,1782.0,2009.7142857142858,-0.0,124997585.0,16.07802491315561
Japan,2021-03-29,470156.0,1345.0,2108.285714285714,-0.0,124997585.0,16.866611577221384
Japan,2021-03-30,472243.0,2087.0,2212.4285714285716,-0.0,124997585.0,17.69977053099523
Japan,2021-03-31,475086.0,2843.0,2312.5714285714284,-0.0,124997585.0,18.50092886651713
Japan,2021-04-01,477691.0,2605.0,2410.4285714285716,-0.0,124997585.0,19.28380113446649
Japan,2021-04-02,480445.0,2754.0,2442.714285714286,-0.0,124997585.0,19.542091838928613
Japan,2021-04-03,483217.0,2772.0,2525.4285714285716,-0.0,124997585.0,20.2038189092099
Japan,2021-04-04,485684.0,2467.0,2611.8571428571427,-0.0,124997585.0,20.895260839296554
Japan,2021-04-05,487255.0,1571.0,2739.1428571428573,-0.0,124997585.0,21.91356622724237
Japan,2021-04-06,489921.0,2666.0,2844.0,-0.0,124997585.0,22.75243957713263
Japan,2021-04-07,493369.0,3448.0,2985.8571428571427,-0.0,124997585.0,23.88731864585338
Japan,2021-04-08,496865.0,3496.0,3038.5714285714284,-0.0,124997585.0,24.309041079245077
Japan,2021-04-09,500353.0,3488.0,3114.714285714286,-0.0,124997585.0,24.918195705255314
Japan,2021-04-10,504118.0,3765.0,3227.0,-0.0,124997585.0,25.816498774756326
Japan,2021-04-11,506954.0,2836.0,3349.714285714286,-0.0,124997585.0,26.79823202755706
Japan,2021-04-12,509058.0,2104.0,3503.0,-0.0,124997585.0,28.024541434140506
Japan,2021-04-13,512510.0,3452.0,3651.0,-0.0,124997585.0,29.20856430946246
Japan,2021-04-14,516817.0,4307.0,3797.8571428571427,-0.0,124997585.0,30.383444150998137
Japan,2021-04-15,521386.0,4569.0,3976.1428571428573,-0.0,124997585.0,31.809757421656244
Japan,2021-04-16,525910.0,4524.0,4090.285714285714,-0.0,124997585.0,32.72291792105995
Japan,2021-04-17,530703.0,4793.0,4218.571428571428,-0.0,124997585.0,33.74922346356875
Japan,2021-04-18,534787.0,4084.0,4358.428571428572,-0.0,124997585.0,34.868102223163525
Japan,2021-04-19,537690.0,2903.0,4490.285714285715,-0.0,124997585.0,35.92297974625441
Japan,2021-04-20,542040.0,4350.0,4573.142857142857,-0.0,124997585.0,36.58584969575898
Japan,2021-04-21,547326.0,5286.0,4687.714285714285,-0.0,124997585.0,37.50243883283253
Japan,2021-04-22,552818.0,5492.0,4761.285714285715,-0.0,124997585.0,38.09102163282366
Japan,2021-04-23,557922.0,5104.0,4820.0,-0.0,124997585.0,38.560744993593275
Japan,2021-04-24,563517.0,5595.0,4907.285714285715,-0.0,124997585.0,39.25904419901965
Japan,2021-04-25,568116.0,4599.0,4978.285714285715,-0.0,124997585.0,39.82705517299166
Japan,2021-04-26,571430.0,3314.0,5038.428571428572,-0.0,124997585.0,40.30820732599411
Japan,2021-04-27,576391.0,4961.0,4978.428571428572,-0.0,124997585.0,39.82819805221494
Japan,2021-04-28,582174.0,5783.0,5033.857142857143,-0.0,124997585.0,40.27163519084903
Japan,2021-04-29,588087.0,5913.0,5218.285714285715,-0.0,124997585.0,41.74709226810834
Japan,2021-04-30,592771.0,4684.0,5382.571428571428,-0.0,124997585.0,43.06140337488463
Japan,2021-05-01,598754.0,5983.0,5272.428571428572,-0.0,124997585.0,42.180243493732874
Japan,2021-05-02,604644.0,5890.0,5026.285714285715,-0.0,124997585.0,40.211062592015
Japan,2021-05-03,609108.0,4464.0,4805.857142857143,-0.0,124997585.0,38.44759995048819
Japan,2021-05-04,613298.0,4190.0,5001.0,-0.0,124997585.0,40.00877296949377
Japan,2021-05-05,617358.0,4060.0,5180.285714285715,-0.0,124997585.0,41.44308639471487
Japan,2021-05-06,621728.0,4370.0,5265.142857142857,-0.0,124997585.0,42.1219566533454
Japan,2021-05-07,627778.0,6050.0,5333.142857142857,-0.0,124997585.0,42.66596716362845
Japan,2021-05-08,635016.0,7238.0,5625.285714285715,-0.0,124997585.0,45.003155175243705
Japan,2021-05-09,641500.0,6484.0,6052.571428571428,-0.0,124997585.0,48.42150693208536
Japan,2021-05-10,646440.0,4940.0,6410.285714285715,-0.0,124997585.0,51.283276507187836
Japan,2021-05-11,652675.0,6235.0,6440.571428571428,-0.0,124997585.0,51.525566902523984
Japan,2021-05-12,659726.0,7051.0,6323.285714285715,-0.0,124997585.0,50.58726306020804
Japan,2021-05-13,666600.0,6874.0,6147.857142857143,-0.0,124997585.0,49.183807374015615
Japan,2021-05-14,672862.0,6262.0,5967.428571428572,-0.0,124997585.0,47.74035091500826
Japan,2021-05-15,679279.0,6417.0,5823.0,-0.0,124997585.0,46.58490002026839
Japan,2021-05-16,684535.0,5256.0,5643.0,-0.0,124997585.0,45.144872198930884
Japan,2021-05-17,688212.0,3677.0,5477.0,-0.0,124997585.0,43.81684654147518
Japan,2021-05-18,693436.0,5224.0,5331.714285714285,-0.0,124997585.0,42.65453837139562
Japan,2021-05-19,699227.0,5791.0,5134.285714285715,-0.0,124997585.0,41.0750792848175
Japan,2021-05-20,704939.0,5712.0,4960.428571428572,-0.0,124997585.0,39.68419527008119
Japan,2021-05-21,710184.0,5245.0,4822.428571428572,-0.0,124997585.0,38.5801739403891
Japan,2021-05-22,715219.0,5035.0,4632.142857142857,-0.0,124997585.0,37.057858814975155
Japan,2021-05-23,719258.0,4039.0,4452.428571428572,-0.0,124997585.0,35.62011675208422
Japan,2021-05-24,721969.0,2711.0,4226.714285714285,-0.0,124997585.0,33.81436757929591
Japan,2021-05-25,725861.0,3892.0,4006.4285714285716,-0.0,124997585.0,32.05204781699239
Japan,2021-05-26,730394.0,4533.0,3800.4285714285716,-0.0,124997585.0,30.40401597701725
Japan,2021-05-27,734526.0,4132.0,3634.0,-0.0,124997585.0,29.072561681891695
Japan,2021-05-28,738229.0,3703.0,3502.5714285714284,-0.0,124997585.0,28.021112796470653
Japan,2021-05-29,741822.0,3593.0,3323.5714285714284,-0.0,124997585.0,26.589085129696134
Japan,2021-05-30,744696.0,2874.0,3109.4285714285716,-0.0,124997585.0,24.87590917399381
Japan,2021-05-31,746487.0,1791.0,2923.5714285714284,-0.0,124997585.0,23.389023304501674
Japan,2021-06-01,749126.0,2639.0,2764.8571428571427,-0.0,124997585.0,22.119284487433436
Japan,2021-06-02,752160.0,3034.0,2630.1428571428573,-0.0,124997585.0,21.041549379876876
Japan,2021-06-03,754991.0,2831.0,2508.1428571428573,-0.0,124997585.0,20.065530523192567
Japan,2021-06-04,757583.0,2592.0,2435.1428571428573,-0.0,124997585.0,19.481519240094578
Japan,2021-06-05,760233.0,2650.0,2326.8571428571427,-0.0,124997585.0,18.6152167888455
Japan,2021-06-06,762253.0,2020.0,2213.1428571428573,-0.0,124997585.0,17.70548492711165
Japan,2021-06-07,763533.0,1280.0,2100.4285714285716,-0.0,124997585.0,16.803753219940784
Japan,2021-06-08,765414.0,1881.0,2006.4285714285713,-0.0,124997585.0,16.05173869102008
Japan,2021-06-09,767652.0,2238.0,1905.142857142857,-0.0,124997585.0,15.241437321711913
Japan,2021-06-10,769694.0,2042.0,1814.0,-0.0,124997585.0,14.51228037725689
Japan,2021-06-11,771628.0,1934.0,1764.4285714285713,-0.0,124997585.0,14.115701286777432
Japan,2021-06-12,773569.0,1941.0,1698.142857142857,-0.0,124997585.0,13.585405327173778
Japan,2021-06-13,774951.0,1382.0,1622.2857142857142,-0.0,124997585.0,12.978536459610114
Japan,2021-06-14,775884.0,933.0,1552.0,-0.0,124997585.0,12.416239881754516
Japan,2021-06-15,777301.0,1417.0,1507.142857142857,-0.0,124997585.0,12.05737580564342
Japan,2021-06-16,779008.0,1707.0,1446.7142857142858,-0.0,124997585.0,11.573937894194403
Japan,2021-06-17,780558.0,1550.0,1435.857142857143,-0.0,124997585.0,11.487079073224837
Japan,2021-06-18,782178.0,1620.0,1426.5714285714287,-0.0,124997585.0,11.412791923711396
Japan,2021-06-19,783696.0,1518.0,1429.142857142857,-0.0,124997585.0,11.433363749730502
Japan,2021-06-20,785002.0,1306.0,1439.5714285714287,-0.0,124997585.0,11.516793933030216
Japan,2021-06-21,785870.0,868.0,1457.2857142857142,-0.0,124997585.0,11.658510956717398
Japan,2021-06-22,787305.0,1435.0,1470.142857142857,-0.0,124997585.0,11.761370086812933
Japan,2021-06-23,789085.0,1780.0,1486.2857142857142,-0.0,124997585.0,11.890515439043995
Japan,2021-06-24,790759.0,1674.0,1482.857142857143,-0.0,124997585.0,11.863086337685187
Japan,2021-06-25,792469.0,1710.0,1501.857142857143,-0.0,124997585.0,12.015089274381925
Japan,2021-06-26,794100.0,1631.0,1494.0,-0.0,124997585.0,11.952230917101318
Japan,2021-06-27,795382.0,1282.0,1499.7142857142858,-0.0,124997585.0,11.99794608603267
Japan,2021-06-28,796383.0,1001.0,1511.142857142857,-0.0,124997585.0,12.089376423895366
Japan,2021-06-29,797763.0,1380.0,1520.4285714285713,-0.0,124997585.0,12.163663573408808
Japan,2021-06-30,799583.0,1820.0,1555.7142857142858,-0.0,124997585.0,12.445954741559893
Japan,2021-07-01,801337.0,1754.0,1584.7142857142858,-0.0,124997585.0,12.677959223886493
Japan,2021-07-02,803112.0,1775.0,1588.7142857142858,-0.0,124997585.0,12.709959842138437
Japan,2021-07-03,804990.0,1878.0,1629.857142857143,-0.0,124997585.0,13.039109058444152
Japan,2021-07-04,806475.0,1485.0,1682.5714285714287,-0.0,124997585.0,13.460831491835853
Japan,2021-07-05,807504.0,1029.0,1752.857142857143,-0.0,124997585.0,14.023128069691449
Japan,2021-07-06,809172.0,1668.0,1824.4285714285713,-0.0,124997585.0,14.5957105605566
Japan,2021-07-07,811361.0,2189.0,1907.2857142857142,-0.0,124997585.0,15.258580510061167
Japan,2021-07-08,813607.0,2246.0,1985.142857142857,-0.0,124997585.0,15.881449686750804
Japan,2021-07-09,815883.0,2276.0,2053.1428571428573,-0.0,124997585.0,16.425460197033864
Japan,2021-07-10,818341.0,2458.0,2155.4285714285716,-0.0,124997585.0,17.24376172090502
Japan,2021-07-11,820371.0,2030.0,2298.714285714286,-0.0,124997585.0,18.390069581858608
Japan,2021-07-12,821876.0,1505.0,2466.1428571428573,-0.0,124997585.0,19.72952403154715
Japan,2021-07-13,824260.0,2384.0,2631.4285714285716,-0.0,124997585.0,21.051835292886434
Japan,2021-07-14,827452.0,3192.0,2835.4285714285716,-0.0,124997585.0,22.683866823735606
Japan,2021-07-15,830870.0,3418.0,2988.4285714285716,-0.0,124997585.0,23.907890471872488
Japan,2021-07-16,834303.0,3433.0,3106.0,-0.0,124997585.0,24.848480072635002
Japan,2021-07-17,838189.0,3886.0,3302.4285714285716,-0.0,124997585.0,26.41993900465014
Japan,2021-07-18,841290.0,3101.0,3553.4285714285716,-0.0,124997585.0,28.427977799959667
Japan,2021-07-19,843618.0,2328.0,3836.4285714285716,-0.0,124997585.0,30.69202154128475
Japan,2021-07-20,847377.0,3759.0,3950.8571428571427,-0.0,124997585.0,31.60746779913502
Japan,2021-07-21,852326.0,4949.0,3909.1428571428573,-0.0,124997585.0,31.273747065936174
Japan,2021-07-22,857725.0,5399.0,4186.0,-0.0,124997585.0,33.48864700066005
Japan,2021-07-23,861959.0,4234.0,4526.142857142857,-0.0,124997585.0,36.209842431298625
Japan,2021-07-24,865553.0,3594.0,5084.857142857143,-0.0,124997585.0,40.67964307356133
Japan,2021-07-25,870592.0,5039.0,5753.285714285715,-0.0,124997585.0,46.02717495930593
Japan,2021-07-26,875301.0,4709.0,6518.0,-0.0,124997585.0,52.14500744154377
Japan,2021-07-27,882971.0,7670.0,7460.428571428572,-0.0,124997585.0,59.68458167754658
Japan,2021-07-28,892599.0,9628.0,8721.57142857143,-0.0,124997585.0,69.77391946069542
Japan,2021-07-29,903351.0,10752.0,9465.714285714286,-0.0,124997585.0,75.7271773347804
Japan,2021-07-30,914182.0,10831.0,10004.142857142857,-0.0,124997585.0,80.03468912733679
Japan,2021-07-31,926604.0,12422.0,10637.142857142857,-0.0,124997585.0,85.09878696570703
Japan,2021-08-01,936852.0,10248.0,11306.285714285714,-0.0,124997585.0,90.45203324756805
Japan,2021-08-02,945330.0,8478.0,11958.42857142857,-0.0,124997585.0,95.6692769018583
Japan,2021-08-03,957431.0,12101.0,12669.285714285714,-0.0,124997585.0,101.35624391691817
Japan,2021-08-04,971743.0,14312.0,13154.857142857143,-0.0,124997585.0,105.24089039685961
Japan,2021-08-05,987060.0,15317.0,13766.0,-0.0,124997585.0,110.13012771406744
Japan,2021-08-06,1002867.0,15807.0,14294.57142857143,-0.0,124997585.0,114.35878084021726
Japan,2021-08-07,1018688.0,15821.0,14099.142857142857,-0.0,124997585.0,112.79532206276511
Japan,2021-08-08,1033214.0,14526.0,14344.285714285714,-0.0,124997585.0,114.75650280992
Japan,2021-08-09,1045392.0,12178.0,14875.285714285714,-0.0,124997585.0,119.00458488286566
Japan,2021-08-10,1056125.0,10733.0,15545.142857142857,-0.0,124997585.0,124.36354556084308
Japan,2021-08-11,1072153.0,16028.0,16185.42857142857,-0.0,124997585.0,129.4859302396008
Japan,2021-08-12,1091187.0,19034.0,16665.714285714286,-0.0,124997585.0,133.32829018828073
Japan,2021-08-13,1111683.0,20496.0,17069.85714285714,-0.0,124997585.0,136.5614955109504
Japan,2021-08-14,1131986.0,20303.0,18408.714285714286,-0.0,124997585.0,147.2725595915656
Japan,2021-08-15,1149874.0,17888.0,19561.285714285714,-0.0,124997585.0,156.4933091650188
Japan,2021-08-16,1164881.0,15007.0,20462.285714285714,-0.0,124997585.0,163.7014484262693
Japan,2021-08-17,1184986.0,20105.0,21247.428571428572,-0.0,124997585.0,169.98271263743675
Japan,2021-08-18,1209082.0,24096.0,22013.0,-0.0,124997585.0,176.10740239501428
Japan,2021-08-19,1234423.0,25341.0,22649.714285714286,-0.0,124997585.0,181.2012150931899
Japan,2021-08-20,1260415.0,25992.0,22923.571428571428,-0.0,124997585.0,183.3921145642248
Japan,2021-08-21,1286077.0,25662.0,23147.0,-0.0,124997585.0,185.17957766944056
Japan,2021-08-22,1308422.0,22345.0,23192.0,-0.0,124997585.0,185.53958462477493
Japan,2021-08-23,1325346.0,16924.0,23148.714285714286,-0.0,124997585.0,185.19329222012
Japan,2021-08-24,1347015.0,21669.0,22909.714285714286,-0.0,124997585.0,183.2812552795663
Japan,2021-08-25,1371426.0,24411.0,22509.285714285714,-0.0,124997585.0,180.07776481670197
Japan,2021-08-26,1396464.0,25038.0,22079.571428571428,-0.0,124997585.0,176.6399841130645
Japan,2021-08-27,1420783.0,24319.0,21615.285714285714,-0.0,124997585.0,172.92562663739236
Japan,2021-08-28,1443642.0,22859.0,21051.0,-0.0,124997585.0,168.4112537054216
Japan,2021-08-29,1462979.0,19337.0,20424.85714285714,-0.0,124997585.0,163.40201406976897
Japan,2021-08-30,1476653.0,13674.0,19450.285714285714,-0.0,124997585.0,155.60529200852733
Japan,2021-08-31,1494372.0,17719.0,18364.85714285714,-0.0,124997585.0,146.92169567001747
Japan,2021-09-01,1514400.0,20028.0,17387.0,-0.0,124997585.0,139.0986873866403
Japan,2021-09-02,1532616.0,18216.0,16468.428571428572,-0.0,124997585.0,131.74997398092592
Japan,2021-09-03,1549337.0,16721.0,15689.857142857143,-0.0,124997585.0,125.52128221402951
Japan,2021-09-04,1565351.0,16014.0,14673.857142857143,-0.0,124997585.0,117.39312517803559
Japan,2021-09-05,1578258.0,12907.0,13582.42857142857,-0.0,124997585.0,108.66152791214783
Japan,2021-09-06,1586482.0,8224.0,12465.285714285714,-0.0,124997585.0,99.72421238606901
Japan,2021-09-07,1597089.0,10607.0,11342.142857142857,-0.0,124997585.0,90.73889593261228
Japan,2021-09-08,1609477.0,12388.0,10311.857142857143,-0.0,124997585.0,82.49645097428997
Japan,2021-09-09,1619873.0,10396.0,9498.42857142857,-0.0,124997585.0,75.98889667691236
Japan,2021-09-10,1628732.0,8859.0,8919.714285714286,-0.0,124997585.0,71.35909294338995
Japan,2021-09-11,1637534.0,8802.0,8301.42857142857,-0.0,124997585.0,66.41271166501794
Japan,2021-09-12,1644747.0,7213.0,7504.428571428572,-0.0,124997585.0,60.036588478317974
Japan,2021-09-13,1648920.0,4173.0,6832.285714285715,-0.0,124997585.0,54.65934173276799
Japan,2021-09-14,1655199.0,6279.0,6297.142857142857,-0.0,124997585.0,50.37811616234711
Japan,2021-09-15,1662008.0,6809.0,5711.142857142857,-0.0,124997585.0,45.69002558843722
Japan,2021-09-16,1667699.0,5691.0,5165.857142857143,-0.0,124997585.0,41.32765559316321
Japan,2021-09-17,1672812.0,5113.0,4887.0,-0.0,124997585.0,39.09675534931335
Japan,2021-09-18,1677512.0,4700.0,4242.857142857143,-0.0,124997585.0,33.94351293152698
Japan,2021-09-19,1680908.0,3396.0,3733.4285714285716,-0.0,124997585.0,29.868005621297176
Japan,2021-09-20,1683129.0,2221.0,3434.8571428571427,-0.0,124997585.0,27.479388044634163
Japan,2021-09-21,1684899.0,1770.0,3003.714285714286,-0.0,124997585.0,24.03017854876385
Japan,2021-09-22,1688142.0,3243.0,2713.714285714286,-0.0,124997585.0,21.71013372549786
Japan,2021-09-23,1691743.0,3601.0,2533.714285714286,-0.0,124997585.0,20.270105904160353
Japan,2021-09-24,1693838.0,2095.0,2380.4285714285716,-0.0,124997585.0,19.043796497576906
Japan,2021-09-25,1696508.0,2670.0,2373.5714285714284,-0.0,124997585.0,18.988938294859285
Japan,2021-09-26,1698644.0,2136.0,2193.5714285714284,-0.0,124997585.0,17.548910473521776
Japan,2021-09-27,1699792.0,1148.0,1904.142857142857,-0.0,124997585.0,15.233437167148926
Japan,2021-09-28,1701514.0,1722.0,1811.142857142857,-0.0,124997585.0,14.489422792791213
Japan,2021-09-29,1703497.0,1983.0,1607.2857142857142,-0.0,124997585.0,12.85853414116532
Japan,2021-09-30,1705072.0,1575.0,1440.2857142857142,-0.0,124997585.0,11.522508329146632
Japan,2021-10-01,1706516.0,1444.0,1361.857142857143,-0.0,124997585.0,10.895067635563862
Japan,2021-10-02,1707759.0,1243.0,1255.7142857142858,-0.0,124997585.0,10.045908372664046
Japan,2021-10-03,1708726.0,967.0,1133.142857142857,-0.0,124997585.0,9.065317999086599
Japan,2021-10-04,1709325.0,599.0,1047.0,-0.0,124997585.0,8.376161827446506
Japan,2021-10-05,1710304.0,979.0,958.8571428571429,-0.0,124997585.0,7.671005346680442
Japan,2021-10-06,1711429.0,1125.0,891.8571428571429,-0.0,124997585.0,7.134994990960369
Japan,2021-10-07,1712401.0,972.0,832.7142857142857,-0.0,124997585.0,6.661842992520901
Japan,2021-10-08,1713228.0,827.0,799.8571428571429,-0.0,124997585.0,6.398980771165642
Japan,2021-10-09,1714002.0,774.0,746.7142857142857,-0.0,124997585.0,5.973829700104091
Japan,2021-10-10,1714555.0,553.0,690.4285714285714,-0.0,124997585.0,5.5235352861303
Japan,2021-10-11,1714924.0,369.0,639.7142857142857,-0.0,124997585.0,5.117813161864572
Japan,2021-10-12,1715531.0,607.0,595.4285714285714,-0.0,124997585.0,4.763520602646615
Japan,2021-10-13,1716262.0,731.0,556.2857142857143,-0.0,124997585.0,4.450371695466871
Japan,2021-10-14,1716879.0,617.0,538.4285714285714,-0.0,124997585.0,4.3075117925564035
Japan,2021-10-15,1717396.0,517.0,518.5714285714286,-0.0,124997585.0,4.148651580519964
Japan,2021-10-16,1717896.0,500.0,484.85714285714283,-0.0,124997585.0,3.8789320838250023
Japan,2021-10-17,1718324.0,428.0,435.85714285714283,-0.0,124997585.0,3.4869245102386803
Japan,2021-10-18,1718554.0,230.0,396.7142857142857,-0.0,124997585.0,3.1737756030589366
Japan,2021-10-19,1718925.0,371.0,369.14285714285717,-0.0,124997585.0,2.953199912965176
Japan,2021-10-20,1719313.0,388.0,338.14285714285717,-0.0,124997585.0,2.7051951215126047
Japan,2021-10-21,1719656.0,343.0,310.14285714285717,-0.0,124997585.0,2.4811907937489925
Japan,2021-10-22,1719980.0,324.0,298.85714285714283,-0.0,124997585.0,2.390903335109577
Japan,2021-10-23,1720263.0,283.0,290.14285714285717,-0.0,124997585.0,2.3211877024892695
Japan,2021-10-24,1720495.0,232.0,279.0,-0.0,124997585.0,2.232043123073138
Japan,2021-10-25,1720646.0,151.0,269.0,-0.0,124997585.0,2.1520415774432764
Japan,2021-10-26,1720956.0,310.0,264.42857142857144,-0.0,124997585.0,2.115469442298197
Japan,2021-10-27,1721266.0,310.0,264.57142857142856,-0.0,124997585.0,2.1166123215214805
Japan,2021-10-28,1721539.0,273.0,264.0,-0.0,124997585.0,2.1120408046283456
Japan,2021-10-29,1721831.0,292.0,254.42857142857142,-0.0,124997585.0,2.0354678966683353
Japan,2021-10-30,1722115.0,284.0,241.71428571428572,-0.0,124997585.0,1.9337516457960824
Japan,2021-10-31,1722343.0,228.0,235.14285714285714,-0.0,124997585.0,1.8811792015250306
Japan,2021-11-01,1722427.0,84.0,218.71428571428572,-0.0,124997585.0,1.7497480908474008
Japan,2021-11-02,1722648.0,221.0,209.14285714285714,-0.0,124997585.0,1.6731751828873906
Japan,2021-11-03,1722912.0,264.0,201.42857142857142,-0.0,124997585.0,1.6114597048300687
Japan,2021-11-04,1723070.0,158.0,191.28571428571428,-0.0,124997585.0,1.5303152799769233
Japan,2021-11-05,1723295.0,225.0,193.57142857142858,-0.0,124997585.0,1.5486013475494633
Japan,2021-11-06,1723525.0,230.0,189.71428571428572,-0.0,124997585.0,1.5177436085208023
Japan,2021-11-07,1723682.0,157.0,184.42857142857142,-0.0,124997585.0,1.475457077259304
Japan,2021-11-08,1723782.0,100.0,192.57142857142858,-0.0,124997585.0,1.5406011929864771
Japan,2021-11-09,1723976.0,194.0,189.14285714285714,-0.0,124997585.0,1.5131720916276674
Japan,2021-11-10,1724203.0,227.0,184.0,-0.0,124997585.0,1.472028439589453
Japan,2021-11-11,1724418.0,215.0,182.28571428571428,-0.0,124997585.0,1.458313888910048
Japan,2021-11-12,1724619.0,201.0,179.14285714285714,-0.0,124997585.0,1.4331705459978057
Japan,2021-11-13,1724813.0,194.0,173.0,-0.0,124997585.0,1.384026739396605
Japan,2021-11-14,1724958.0,145.0,169.71428571428572,-0.0,124997585.0,1.3577405172610792
Japan,2021-11-15,1725036.0,78.0,160.14285714285714,-0.0,124997585.0,1.2811676093010689
Japan,2021-11-16,1725187.0,151.0,153.28571428571428,-0.0,124997585.0,1.2263094065834494
Japan,2021-11-17,1725391.0,204.0,140.42857142857142,-0.0,124997585.0,1.123450276487913
Japan,2021-11-18,1725539.0,148.0,142.14285714285714,-0.0,124997585.0,1.1371648271673178
Japan,2021-11-19,1725692.0,153.0,138.0,-0.0,124997585.0,1.1040213296920895
Japan,2021-11-20,1725796.0,104.0,132.28571428571428,-0.0,124997585.0,1.0583061607607402
Japan,2021-11-21,1725953.0,157.0,114.14285714285714,-0.0,124997585.0,0.9131604994037056
Japan,2021-11-22,1726002.0,49.0,110.0,-0.0,124997585.0,0.8800170019284773
Japan,2021-11-23,1726113.0,111.0,105.42857142857143,-0.0,124997585.0,0.8434448667833977
Japan,2021-11-24,1726190.0,77.0,108.42857142857143,-0.0,124997585.0,0.8674453304723562
Japan,2021-11-25,1726309.0,119.0,96.28571428571429,-0.0,124997585.0,0.7703005964932386
Japan,2021-11-26,1726430.0,121.0,101.0,-0.0,124997585.0,0.8080156108616018
Japan,2021-11-27,1726555.0,125.0,97.85714285714286,-0.0,124997585.0,0.7828722679493596
Japan,2021-11-28,1726627.0,72.0,103.28571428571429,-0.0,124997585.0,0.8263016784341416
Japan,2021-11-29,1726709.0,82.0,103.0,-0.0,124997585.0,0.8240159199875742
Japan,2021-11-30,1726798.0,89.0,108.28571428571429,-0.0,124997585.0,0.8663024512490725
Japan,2021-12-01,1726913.0,115.0,107.57142857142857,-0.0,124997585.0,0.8605880551326538
Japan,2021-12-02,1727030.0,117.0,112.14285714285714,-0.0,124997585.0,0.8971601902777333
Japan,2021-12-03,1727188.0,158.0,112.0,-0.0,124997585.0,0.8960173110544496
Japan,2021-12-04,1727308.0,120.0,115.14285714285714,-0.0,124997585.0,0.9211606539666918
Japan,2021-12-05,1727412.0,104.0,118.0,-0.0,124997585.0,0.9440182384323665
Japan,2021-12-06,1727493.0,81.0,123.28571428571429,-0.0,124997585.0,0.9863047696938648
Japan,2021-12-07,1727604.0,111.0,121.57142857142857,-0.0,124997585.0,0.97259021901446
Japan,2021-12-08,1727739.0,135.0,124.0,-0.0,124997585.0,0.9920191658102835
Japan,2021-12-09,1727893.0,154.0,128.42857142857142,-0.0,124997585.0,1.0274484217320792
Japan,2021-12-10,1728039.0,146.0,127.85714285714286,-0.0,124997585.0,1.0228769048389446
Japan,2021-12-11,1728176.0,137.0,131.85714285714286,-0.0,124997585.0,1.054877523090889
Japan,2021-12-12,1728311.0,135.0,135.28571428571428,-0.0,124997585.0,1.0823066244496986
Japan,2021-12-13,1728388.0,77.0,138.28571428571428,-0.0,124997585.0,1.1063070881386572
Japan,2021-12-14,1728527.0,139.0,144.14285714285714,-0.0,124997585.0,1.1531651362932902
Japan,2021-12-15,1728686.0,159.0,153.14285714285714,-0.0,124997585.0,1.2251665273601657
Japan,2021-12-16,1728861.0,175.0,158.57142857142858,-0.0,124997585.0,1.2685959378449478
Japan,2021-12-17,1729048.0,187.0,166.71428571428572,-0.0,124997585.0,1.3337400535721207
Japan,2021-12-18,1729248.0,200.0,183.85714285714286,-0.0,124997585.0,1.470885560366169
Japan,2021-12-19,1729421.0,173.0,197.0,-0.0,124997585.0,1.576030448908273
Japan,2021-12-20,1729555.0,134.0,213.14285714285714,-0.0,124997585.0,1.7051758011393352
Japan,2021-12-21,1729814.0,259.0,235.85714285714286,-0.0,124997585.0,1.8868935976414494
Japan,2021-12-22,1730065.0,251.0,252.85714285714286,-0.0,124997585.0,2.022896225212214
Japan,2021-12-23,1730353.0,288.0,265.7142857142857,-0.0,124997585.0,2.12575535530775
Japan,2021-12-24,1730699.0,346.0,277.14285714285717,-0.0,124997585.0,2.2171856931704497
Japan,2021-12-25,1731018.0,319.0,284.85714285714283,-0.0,124997585.0,2.278901171227771
Japan,2021-12-26,1731281.0,263.0,315.7142857142857,-0.0,124997585.0,2.525763083457058
Japan,2021-12-27,1731495.0,214.0,351.0,-0.0,124997585.0,2.808054251608141
Japan,2021-12-28,1731808.0,313.0,372.57142857142856,-0.0,124997585.0,2.9806290143239855
Japan,2021-12-29,1732275.0,467.0,402.42857142857144,-0.0,124997585.0,3.2194907719902863
Japan,2021-12-30,1732810.0,535.0,454.57142857142856,-0.0,124997585.0,3.63664168848885
Japan,2021-12-31,1733307.0,497.0,535.5714285714286,-0.0,124997585.0,4.284654208090728
Japan,2022-01-01,1733835.0,528.0,671.7142857142857,-0.0,124997585.0,5.37381810788013
Japan,2022-01-02,1734463.0,628.0,960.4285714285714,-0.0,124997585.0,7.683577018136562
Japan,2022-01-03,1735244.0,781.0,1518.857142857143,-0.0,124997585.0,12.151091901952688
Japan,2022-01-04,1736510.0,1266.0,2339.8571428571427,-0.0,124997585.0,18.71921879816432
Japan,2022-01-05,1738998.0,2488.0,3494.5714285714284,-0.0,124997585.0,27.957111559966766
Japan,2022-01-06,1743442.0,4444.0,4582.285714285715,-0.0,124997585.0,36.658993966049145
Japan,2022-01-07,1749686.0,6244.0,5389.285714285715,-0.0,124997585.0,43.11511869837897
Japan,2022-01-08,1758297.0,8611.0,6119.0,-0.0,124997585.0,48.952945770912294
Japan,2022-01-09,1766539.0,8242.0,7654.285714285715,-0.0,124997585.0,61.235468783542615
Japan,2022-01-10,1772969.0,6430.0,9687.57142857143,-0.0,124997585.0,77.50206876854004
Japan,2022-01-11,1779343.0,6374.0,11969.857142857143,-0.0,124997585.0,95.76070723972101
Japan,2022-01-12,1792578.0,13235.0,14415.857142857143,-0.0,124997585.0,115.32908530078515
Japan,2022-01-13,1811255.0,18677.0,16878.285714285714,-0.0,124997585.0,135.02889447252693
Japan,2022-01-14,1833475.0,22220.0,18959.428571428572,-0.0,124997585.0,151.6783589973244
Japan,2022-01-15,1859208.0,25733.0,22669.14285714286,-0.0,124997585.0,181.35664666755648
Japan,2022-01-16,1884687.0,25479.0,26703.85714285714,-0.0,124997585.0,213.63498457075906
Japan,2022-01-17,1905685.0,20998.0,30632.571428571428,-0.0,124997585.0,245.0653060902851
Japan,2022-01-18,1938027.0,32342.0,34579.0,-0.0,124997585.0,276.63734463349834
Japan,2022-01-19,1979505.0,41478.0,38675.857142857145,-0.0,124997585.0,309.41283499882934
Japan,2022-01-20,2025683.0,46178.0,42176.42857142857,-0.0,124997585.0,337.417947486174
Japan,2022-01-21,2075528.0,49845.0,45582.28571428572,-0.0,124997585.0,364.6653310484816
Japan,2022-01-22,2129939.0,54411.0,49906.857142857145,-0.0,124997585.0,399.26257089572687
Japan,2022-01-23,2179922.0,49983.0,54209.57142857143,-0.0,124997585.0,433.6849502218097
Japan,2022-01-24,2224761.0,44839.0,58900.142857142855,-0.0,124997585.0,471.21024663910794
Japan,2022-01-25,2287375.0,62614.0,63463.42857142857,-0.0,124997585.0,507.7172376684603
Japan,2022-01-26,2358972.0,71597.0,67817.42857142857,-0.0,124997585.0,542.549910635702
Japan,2022-01-27,2437984.0,79012.0,71835.0,-0.0,124997585.0,574.6911030321106
Japan,2022-01-28,2519772.0,81788.0,74137.85714285714,-0.0,124997585.0,593.1143161114445
Japan,2022-01-29,2604661.0,84889.0,76862.71428571429,-0.0,124997585.0,614.9135944163584
Japan,2022-01-30,2682767.0,78106.0,80189.71428571429,-0.0,124997585.0,641.5301086474134
Japan,2022-01-31,2743726.0,60959.0,83822.57142857143,-0.0,124997585.0,670.5935272955188
Japan,2022-02-01,2825414.0,81688.0,86163.85714285714,-0.0,124997585.0,689.3241748859159
Japan,2022-02-02,2920300.0,94886.0,88647.57142857143,-0.0,124997585.0,709.194273061927
Japan,2022-02-03,3024742.0,104442.0,90344.71428571429,-0.0,124997585.0,722.7716782345378
Japan,2022-02-04,3122919.0,98177.0,91351.14285714286,-0.0,124997585.0,730.8232623625717
Japan,2022-02-05,3225194.0,102275.0,94136.28571428571,-0.0,124997585.0,753.1048356997113
Japan,2022-02-06,3315180.0,89986.0,94552.42857142857,-0.0,124997585.0,756.4340428771369
Japan,2022-02-07,3383184.0,68004.0,93878.28571428571,-0.0,124997585.0,751.0407958224611
Japan,2022-02-08,3484368.0,101184.0,93902.85714285714,-0.0,124997585.0,751.2373710488658
Japan,2022-02-09,3582167.0,97799.0,89068.28571428571,-0.0,124997585.0,712.5600523744976
Japan,2022-02-10,3681890.0,99723.0,87275.28571428571,-0.0,124997585.0,698.2157752430634
Japan,2022-02-11,3780239.0,98349.0,86147.57142857143,-0.0,124997585.0,689.1938866544616
Japan,2022-02-12,3848672.0,68433.0,83720.57142857143,-0.0,124997585.0,669.7775115300942
Japan,2022-02-13,3926107.0,77435.0,82739.28571428571,-0.0,124997585.0,661.9270741453581
Japan,2022-02-14,3986217.0,60110.0,82090.28571428571,-0.0,124997585.0,656.7349738339801
Japan,2022-02-15,4070412.0,84195.0,80568.71428571429,-0.0,124997585.0,644.5621672267852
Japan,2022-02-16,4161342.0,90930.0,82438.14285714286,-0.0,124997585.0,659.5178847426761
Japan,2022-02-17,4256522.0,95180.0,81589.42857142857,-0.0,124997585.0,652.7280392771473
Japan,2022-02-18,4344220.0,87698.0,80417.85714285714,-0.0,124997585.0,643.3552867669974
Japan,2022-02-19,4425739.0,81519.0,78335.28571428571,-0.0,124997585.0,626.6943934499672
Japan,2022-02-20,4497233.0,71494.0,76824.0,-0.0,124997585.0,614.6038741468485
Japan,2022-02-21,4549142.0,51909.0,71972.85714285714,-0.0,124997585.0,575.7939814825794
Japan,2022-02-22,4618759.0,69617.0,68821.71428571429,-0.0,124997585.0,550.5843515753868
Japan,2022-02-23,4699110.0,80351.0,67483.0,-0.0,124997585.0,539.8744303739948
Japan,2022-02-24,4760332.0,61222.0,66369.0,-0.0,124997585.0,530.9622581908283
Japan,2022-02-25,4825972.0,65640.0,66252.28571428571,-0.0,124997585.0,530.0285258654053
Japan,2022-02-26,4898120.0,72148.0,65645.28571428571,-0.0,124997585.0,525.1724320456727
Japan,2022-02-27,4961816.0,63696.0,64538.0,-0.0,124997585.0,516.3139751860006
Japan,2022-02-28,5012908.0,51092.0,65830.28571428571,-0.0,124997585.0,526.6524606398253
Japan,2022-03-01,5078276.0,65368.0,65551.28571428571,-0.0,124997585.0,524.4204175167521
Japan,2022-03-02,5150876.0,72600.0,64328.857142857145,-0.0,124997585.0,514.6408000031132
Japan,2022-03-03,5221144.0,70268.0,62948.42857142857,-0.0,124997585.0,503.5971580685225
Japan,2022-03-04,5284831.0,63687.0,60935.57142857143,-0.0,124997585.0,487.4939898124546
Japan,2022-03-05,5348422.0,63591.0,59302.71428571428,-0.0,124997585.0,474.43088029032145
Japan,2022-03-06,5402455.0,54033.0,58055.142857142855,-0.0,124997585.0,464.4501160333846
Japan,2022-03-07,5439457.0,37002.0,56740.142857142855,-0.0,124997585.0,453.9299127830578
Japan,2022-03-08,5493395.0,53938.0,55640.0,-0.0,124997585.0,445.12859988454977
Japan,2022-03-09,5557262.0,63867.0,54445.0,-0.0,124997585.0,435.5684151817813
Japan,2022-03-10,5618325.0,61063.0,54004.142857142855,-0.0,124997585.0,432.04148989872766
Japan,2022-03-11,5674311.0,55986.0,53340.857142857145,-0.0,124997585.0,426.7351016650213
Japan,2022-03-12,5729537.0,55226.0,52911.857142857145,-0.0,124997585.0,423.3030353575003
Japan,2022-03-13,5780484.0,50947.0,52061.142857142855,-0.0,124997585.0,416.4971895828456
Japan,2022-03-14,5812843.0,32359.0,50977.57142857143,-0.0,124997585.0,407.8284506742384
Japan,2022-03-15,5863778.0,50935.0,50005.57142857143,-0.0,124997585.0,400.05230043901594
Japan,2022-03-16,5921690.0,57912.0,48486.57142857143,-0.0,124997585.0,387.90006565783995
Japan,2022-03-17,5975168.0,53478.0,46859.857142857145,-0.0,124997585.0,374.8860999423081
Japan,2022-03-18,6024350.0,49182.0,46175.142857142855,-0.0,124997585.0,369.40827982510905
Japan,2022-03-19,6068943.0,44593.0,41777.57142857143,-0.0,124997585.0,334.2270286947658
Japan,2022-03-20,6108503.0,39560.0,39413.28571428572,-0.0,124997585.0,315.31237754942
Japan,2022-03-21,6136069.0,27566.0,38880.857142857145,-0.0,124997585.0,311.0528666842415
Japan,2022-03-22,6156221.0,20152.0,38631.57142857143,-0.0,124997585.0,309.05854243961136
Japan,2022-03-23,6197583.0,41362.0,39022.42857142857,-0.0,124997585.0,312.18545999451567
Japan,2022-03-24,6247334.0,49751.0,39563.57142857143,-0.0,124997585.0,316.5146864923144
Japan,2022-03-25,6294771.0,47437.0,39871.28571428572,-0.0,124997585.0,318.9764483392677
Japan,2022-03-26,6342100.0,47329.0,43362.857142857145,-0.0,124997585.0,346.9095594355455
Japan,2022-03-27,6385448.0,43348.0,45112.42857142857,-0.0,124997585.0,360.90640128310133
Japan,2022-03-28,6415168.0,29720.0,45383.57142857143,-0.0,124997585.0,363.0755860488939
Japan,2022-03-29,6459761.0,44593.0,45643.857142857145,-0.0,124997585.0,365.1579119937169
Japan,2022-03-30,6513370.0,53609.0,45855.28571428572,-0.0,124997585.0,366.84937324417683
Japan,2022-03-31,6565019.0,51649.0,46407.857142857145,-0.0,124997585.0,371.2700300798383
Japan,2022-04-01,6614278.0,49259.0,46484.28571428572,-0.0,124997585.0,371.8814704642951
Japan,2022-04-02,6663087.0,48809.0,46656.42857142857,-0.0,124997585.0,373.258639928352
Japan,2022-04-03,6710303.0,47216.0,46821.0,-0.0,124997585.0,374.57523679357485
Japan,2022-04-04,6740558.0,30255.0,47282.42857142857,-0.0,124997585.0,378.2667366847813
Japan,2022-04-05,6786356.0,45798.0,47693.142857142855,-0.0,124997585.0,381.55251445172206
Japan,2022-04-06,6841117.0,54761.0,48238.857142857145,-0.0,124997585.0,385.91831308466595
Japan,2022-04-07,6895996.0,54879.0,48500.57142857143,-0.0,124997585.0,388.01206782172176
Japan,2022-04-08,6948130.0,52134.0,48906.42857142857,-0.0,124997585.0,391.25898769507086
Japan,2022-04-09,7000759.0,52629.0,49517.0,-0.0,124997585.0,396.14365349538554
Japan,2022-04-10,7049807.0,49048.0,49932.0,-0.0,124997585.0,399.46371763902476
Japan,2022-04-11,7082903.0,33096.0,49978.0,-0.0,124997585.0,399.8317247489221
Japan,2022-04-12,7132975.0,50072.0,49629.857142857145,-0.0,124997585.0,397.04652808177974
Japan,2022-04-13,7190641.0,57666.0,48900.57142857143,-0.0,124997585.0,391.2121296469162
Japan,2022-04-14,7245842.0,55201.0,47494.42857142857,-0.0,124997585.0,379.9627694521344
Japan,2022-04-15,7295539.0,49697.0,46277.857142857145,-0.0,124997585.0,370.2300099866501
Japan,2022-04-16,7343063.0,47524.0,44957.0,-0.0,124997585.0,359.6629486881687
Japan,2022-04-17,7382268.0,39205.0,43559.142857142855,-0.0,124997585.0,348.47987548833726
Japan,2022-04-18,7406848.0,24580.0,42403.42857142857,-0.0,124997585.0,339.23398257197186
Japan,2022-04-19,7447674.0,40826.0,41432.142857142855,-0.0,124997585.0,331.4635467328657
Japan,2022-04-20,7495555.0,47881.0,40913.28571428572,-0.0,124997585.0,327.3126093938992
Japan,2022-04-21,7542666.0,47111.0,40837.57142857143,-0.0,124997585.0,326.7068834055588
Japan,2022-04-22,7585564.0,42898.0,40875.0,-0.0,124997585.0,327.00631776205915
Japan,2022-04-23,7629456.0,43892.0,40835.57142857143,-0.0,124997585.0,326.6908830964328
Japan,2022-04-24,7668131.0,38675.0,40603.142857142855,-0.0,124997585.0,324.8314186001502
Japan,2022-04-25,7692973.0,24842.0,39826.0,-0.0,124997585.0,318.61415562548666
Japan,2022-04-26,7733523.0,40550.0,38936.142857142855,-0.0,124997585.0,311.4951609436523
Japan,2022-04-27,7779777.0,46254.0,36241.857142857145,-0.0,124997585.0,289.94045879252104
Japan,2022-04-28,7821448.0,41671.0,34578.28571428572,-0.0,124997585.0,276.6316302373819
Japan,2022-04-29,7858117.0,36669.0,33780.57142857143,-0.0,124997585.0,270.2497926545655
Japan,2022-04-30,7883149.0,25032.0,32346.714285714286,-0.0,124997585.0,258.77871389046663
Japan,2022-05-01,7910179.0,27030.0,29519.285714285714,-0.0,124997585.0,236.15884830323492
Japan,2022-05-02,7929437.0,19258.0,26525.14285714286,-0.0,124997585.0,212.20524266243112
Japan,2022-05-03,7959950.0,30513.0,24380.285714285714,-0.0,124997585.0,195.04605400404907
Japan,2022-05-04,7986412.0,26462.0,26408.285714285714,-0.0,124997585.0,211.270367457785
Japan,2022-05-05,8007124.0,20712.0,28604.85714285714,-0.0,124997585.0,228.84327839499574
Japan,2022-05-06,8028779.0,21655.0,29904.14285714286,-0.0,124997585.0,239.23776493076133
Japan,2022-05-07,8068007.0,39228.0,31543.714285714286,-0.0,124997585.0,252.3545897763888
Japan,2022-05-08,8110413.0,42406.0,34391.71428571428,-0.0,124997585.0,275.1390299717733
Japan,2022-05-09,8138766.0,28353.0,37382.57142857143,-0.0,124997585.0,299.06634939044164
Japan,2022-05-10,8180756.0,41990.0,39941.857142857145,-0.0,124997585.0,319.5410306755698
Japan,2022-05-11,8227154.0,46398.0,39956.42857142857,-0.0,124997585.0,319.65760435634473
Japan,2022-05-12,8268802.0,41648.0,38928.57142857143,-0.0,124997585.0,311.4345883448183
Japan,2022-05-13,8308372.0,39570.0,37990.42857142857,-0.0,124997585.0,303.929300485514
Japan,2022-05-14,8347702.0,39330.0,37248.28571428572,-0.0,124997585.0,297.992042920555
Japan,2022-05-15,8382913.0,35211.0,36629.71428571428,-0.0,124997585.0,293.04337588373636
Japan,2022-05-16,8404699.0,21786.0,36332.857142857145,-0.0,124997585.0,290.6684728577528
Japan,2022-05-17,8441494.0,36795.0,36014.71428571428,-0.0,124997585.0,288.12328082749985
Japan,2022-05-18,8483562.0,42068.0,35517.28571428572,-0.0,124997585.0,284.1437753720259
Japan,2022-05-19,8523132.0,39570.0,35035.857142857145,-0.0,124997585.0,280.2922723895597
Japan,2022-05-20,8560475.0,37343.0,34567.42857142857,-0.0,124997585.0,276.54477141641235
Japan,2022-05-21,8596323.0,35848.0,33952.71428571428,-0.0,124997585.0,271.6269621186224
Japan,2022-05-22,8628164.0,31841.0,32957.28571428572,-0.0,124997585.0,263.6633796907813
Japan,2022-05-23,8646671.0,18507.0,31720.428571428572,-0.0,124997585.0,253.76833137559072
Japan,2022-05-24,8679163.0,32492.0,30341.714285714286,-0.0,124997585.0,242.7384039916794
Japan,2022-05-25,8714263.0,35100.0,28885.714285714286,-0.0,124997585.0,231.09017894797154
Japan,2022-05-26,8745175.0,30912.0,27308.428571428572,-0.0,124997585.0,218.4716494436958
Japan,2022-05-27,8772867.0,27692.0,26425.714285714286,-0.0,124997585.0,211.40979872302563
Japan,2022-05-28,8798523.0,25656.0,24898.85714285714,-0.0,124997585.0,199.19470558456902
Japan,2022-05-29,8819323.0,20800.0,23121.428571428572,-0.0,124997585.0,184.97500228847278
Japan,2022-05-30,8831651.0,12328.0,21607.85714285714,-0.0,124997585.0,172.8661969177816
Japan,2022-05-31,8853455.0,21804.0,20402.85714285714,-0.0,124997585.0,163.22601066938324
Japan,2022-06-01,8876113.0,22658.0,19346.0,-0.0,124997585.0,154.77099017553022
Japan,2022-06-02,8896430.0,20317.0,18530.85714285714,-0.0,124997585.0,148.2497213274732
Japan,2022-06-03,8915687.0,19257.0,18069.85714285714,-0.0,124997585.0,144.56165007393656
Japan,2022-06-04,8933945.0,18258.0,17386.571428571428,-0.0,124997585.0,139.09525874897045
Japan,2022-06-05,8949039.0,15094.0,16779.285714285714,-0.0,124997585.0,134.2368791707913
Japan,2022-06-06,8958140.0,9101.0,16275.142857142857,-0.0,124997585.0,130.20365839182298
Japan,2022-06-07,8975161.0,17021.0,15750.42857142857,-0.0,124997585.0,126.00586300470182
Japan,2022-06-08,8993568.0,18407.0,15333.285714285714,-0.0,124997585.0,122.66865567271331
Japan,2022-06-09,9010356.0,16788.0,15097.142857142857,-0.0,124997585.0,120.77947631662529
Japan,2022-06-10,9025940.0,15584.0,14931.57142857143,-0.0,124997585.0,119.45487929683945
Japan,2022-06-11,9041278.0,15338.0,14687.714285714286,-0.0,124997585.0,117.5039844626941
Japan,2022-06-12,9054719.0,13441.0,14421.57142857143,-0.0,124997585.0,115.3748004697165
Japan,2022-06-13,9062661.0,7942.0,14243.857142857143,-0.0,124997585.0,113.95305871595153
Japan,2022-06-14,9077975.0,15314.0,14117.142857142857,-0.0,124997585.0,112.93932484489886
Japan,2022-06-15,9094519.0,16544.0,14045.57142857143,-0.0,124997585.0,112.36674235403372
Japan,2022-06-16,9110063.0,15544.0,14002.714285714286,-0.0,124997585.0,112.0238785870486
Japan,2022-06-17,9124760.0,14697.0,13981.714285714286,-0.0,124997585.0,111.85587534122588
Japan,2022-06-18,9139597.0,14837.0,13993.142857142857,-0.0,124997585.0,111.94730567908857
Japan,2022-06-19,9152738.0,13141.0,14098.0,-0.0,124997585.0,112.78617902897885
Japan,2022-06-20,9160533.0,7795.0,14257.0,-0.0,124997585.0,114.05820360449364
Japan,2022-06-21,9175927.0,15394.0,14440.0,-0.0,124997585.0,115.5222318895201
Japan,2022-06-22,9193205.0,17278.0,14688.0,-0.0,124997585.0,117.50627022114067
Japan,2022-06-23,9209862.0,16657.0,14846.0,-0.0,124997585.0,118.77029464209248
Japan,2022-06-24,9225840.0,15978.0,15097.285714285714,-0.0,124997585.0,120.78061919584857
Japan,2022-06-25,9242413.0,16573.0,15666.42857142857,-0.0,124997585.0,125.33385002141097
Japan,2022-06-26,9256660.0,14247.0,16530.14285714286,-0.0,124997585.0,132.24369780538447
Japan,2022-06-27,9266214.0,9554.0,17491.428571428572,-0.0,124997585.0,139.93413209886072
Japan,2022-06-28,9285592.0,19378.0,18512.428571428572,-0.0,124997585.0,148.1022899076696
Japan,2022-06-29,9308916.0,23324.0,19702.0,-0.0,124997585.0,157.61904519995326
Japan,2022-06-30,9332302.0,23386.0,20993.285714285714,-0.0,124997585.0,167.94953049921494
Japan,2022-07-01,9355427.0,23125.0,22026.285714285714,-0.0,124997585.0,176.21369016277964
Japan,2022-07-02,9380327.0,24900.0,24434.14285714286,-0.0,124997585.0,195.47691947122706
Japan,2022-07-03,9403613.0,23286.0,27644.14285714286,-0.0,124997585.0,221.1574156184126
Japan,2022-07-04,9420398.0,16785.0,31155.714285714286,-0.0,124997585.0,249.25052980595015
Japan,2022-07-05,9456631.0,36233.0,34990.42857142857,-0.0,124997585.0,279.92883679655546
Japan,2022-07-06,9502425.0,45794.0,39288.142857142855,-0.0,124997585.0,314.3112153498234
Japan,2022-07-07,9550392.0,47967.0,43688.0,-0.0,124997585.0,349.51075254773923
Japan,2022-07-08,9600360.0,49968.0,46598.0,-0.0,124997585.0,372.79120232602895
Japan,2022-07-09,9655344.0,54984.0,52278.142857142855,-0.0,124997585.0,418.23322312301354
Japan,2022-07-10,9709429.0,54085.0,59233.28571428572,-0.0,124997585.0,473.87544098780563
Japan,2022-07-11,9746584.0,37155.0,66349.0,-0.0,124997585.0,530.8022550995686
Japan,2022-07-12,9822578.0,75994.0,73969.57142857143,-0.0,124997585.0,591.7680043864162
Japan,2022-07-13,9917058.0,94480.0,81921.42857142857,-0.0,124997585.0,655.3840905920588
Japan,2022-07-14,10014835.0,97777.0,89276.71428571429,-0.0,124997585.0,714.2275131612686
Japan,2022-07-15,10118147.0,103312.0,94847.42857142857,-0.0,124997585.0,758.7940884732178
Japan,2022-07-16,10228794.0,110647.0,93518.57142857143,-0.0,124997585.0,748.1630259382326
Japan,2022-07-17,10334366.0,105572.0,101810.14285714286,-0.0,124997585.0,814.4968789368439
Japan,2022-07-18,10410516.0,76150.0,114446.85714285714,-0.0,124997585.0,915.5925463908535
Japan,2022-07-19,10477208.0,66692.0,127558.0,-0.0,124997585.0,1020.4837157453883
Japan,2022-07-20,10629729.0,152521.0,140455.85714285713,-0.0,124997585.0,1123.6685664195604
Japan,2022-07-21,10815963.0,186234.0,150587.2857142857,-0.0,124997585.0,1204.721560934843
Japan,2022-07-22,11011053.0,195090.0,157780.14285714287,-0.0,124997585.0,1262.265529827179
Japan,2022-07-23,11211985.0,200932.0,176310.14285714287,-0.0,124997585.0,1410.5083938793125
Japan,2022-07-24,11388477.0,176492.0,184464.2857142857,-0.0,124997585.0,1475.742797065125
Japan,2022-07-25,11514977.0,126500.0,191159.85714285713,-0.0,124997585.0,1529.3084033812104
Japan,2022-07-26,11711379.0,196402.0,194903.85714285713,-0.0,124997585.0,1559.2609820650305
Japan,2022-07-27,11920979.0,209600.0,197946.42857142858,-0.0,124997585.0,1583.6020237625278
Japan,2022-07-28,12154082.0,233103.0,200986.42857142858,-0.0,124997585.0,1607.9224936340056
Japan,2022-07-29,12375380.0,221298.0,202861.85714285713,-0.0,124997585.0,1622.9262120772744
Japan,2022-07-30,12597610.0,222230.0,204935.2857142857,-0.0,124997585.0,1639.5139611240145
Japan,2022-07-31,12795382.0,197772.0,210665.0,-0.0,124997585.0,1685.3525610114789
Japan,2022-08-01,12935010.0,139628.0,211464.7142857143,-0.0,124997585.0,1691.750398903421
Japan,2022-08-02,13145926.0,210916.0,213235.2857142857,-0.0,124997585.0,1705.9152439967997
Japan,2022-08-03,13395634.0,249708.0,213985.2857142857,-0.0,124997585.0,1711.9153599190392
Japan,2022-08-04,13634335.0,238701.0,215220.85714285713,-0.0,124997585.0,1721.8001223212202
Japan,2022-08-05,13868027.0,233692.0,214957.0,-0.0,124997585.0,1719.6892243958152
Japan,2022-08-06,14095507.0,227480.0,215178.42857142858,-0.0,124997585.0,1721.4606871919052
Japan,2022-08-07,14301928.0,206421.0,215261.2857142857,-0.0,124997585.0,1722.1235571414097
Japan,2022-08-08,14439709.0,137781.0,215462.42857142858,-0.0,124997585.0,1723.7327310877934
Japan,2022-08-09,14652175.0,212466.0,206180.42857142858,-0.0,124997585.0,1649.4752964341558
Japan,2022-08-10,14902463.0,250288.0,199917.85714285713,-0.0,124997585.0,1599.373757043843
Japan,2022-08-11,15142572.0,240109.0,195906.42857142858,-0.0,124997585.0,1567.2817084540359
Japan,2022-08-12,15311290.0,168718.0,196005.57142857142,-0.0,124997585.0,1568.0748666349948
Japan,2022-08-13,15494932.0,183642.0,189386.0,-0.0,124997585.0,1515.1172720656962
Japan,2022-08-14,15673273.0,178341.0,186682.14285714287,-0.0,124997585.0,1493.4859970066052
Japan,2022-08-15,15811748.0,138475.0,188878.7142857143,-0.0,124997585.0,1511.058907943816
Japan,2022-08-16,15977877.0,166129.0,202061.7142857143,-0.0,124997585.0,1616.5249455476624
Japan,2022-08-17,16209238.0,231361.0,211997.42857142858,-0.0,124997585.0,1696.012195527046
Japan,2022-08-18,16464723.0,255485.0,218827.0,-0.0,124997585.0,1750.6498225545718
Japan,2022-08-19,16725722.0,260999.0,219176.2857142857,-0.0,124997585.0,1753.4441622555005
Japan,2022-08-20,16978914.0,253192.0,225222.2857142857,-0.0,124997585.0,1801.8130967433146
Japan,2022-08-21,17205062.0,226148.0,226955.0,-0.0,124997585.0,1815.6750788425234
Japan,2022-08-22,17345982.0,140920.0,222006.7142857143,-0.0,124997585.0,1776.0880283064212
Japan,2022-08-23,17554433.0,208451.0,212198.7142857143,-0.0,124997585.0,1697.6225123526528
Japan,2022-08-24,17797923.0,243490.0,201751.2857142857,-0.0,124997585.0,1614.0414689954666
Japan,2022-08-25,18018770.0,220847.0,191981.0,-0.0,124997585.0,1535.8776731566454
Japan,2022-08-26,18211113.0,192343.0,185539.42857142858,-0.0,124997585.0,1484.3441060995585
Japan,2022-08-27,18391173.0,180060.0,177558.14285714287,-0.0,124997585.0,1420.4925867739194
Japan,2022-08-28,18548929.0,157756.0,166989.2857142857,-0.0,124997585.0,1335.940096076942
Japan,2022-08-29,18644758.0,95829.0,156844.85714285713,-0.0,124997585.0,1254.7830995523402
Japan,2022-08-30,18797340.0,152582.0,147964.7142857143,-0.0,124997585.0,1183.7405841538002
Japan,2022-08-31,18966848.0,169508.0,139829.2857142857,-0.0,124997585.0,1118.6558981462379
Japan,2022-09-01,19116684.0,149836.0,132695.42857142858,-0.0,124997585.0,1061.583938373118
Japan,2022-09-02,19246866.0,130182.0,128714.42857142857,-0.0,124997585.0,1029.7353230578701
Japan,2022-09-03,19369978.0,123112.0,122937.14285714286,-0.0,124997585.0,983.5161443890524
Japan,2022-09-04,19477797.0,107819.0,117262.0,-0.0,124997585.0,938.1141243648827
Japan,2022-09-05,19545759.0,67962.0,111906.14285714286,-0.0,124997585.0,895.2664394047521
Japan,2022-09-06,19657900.0,112141.0,107514.28571428571,-0.0,124997585.0,860.1309034433402
Japan,2022-09-07,19787682.0,129782.0,103169.57142857143,-0.0,124997585.0,825.372517625612
Japan,2022-09-08,19900027.0,112345.0,99408.28571428571,-0.0,124997585.0,795.2816505557744
Japan,2022-09-09,19999466.0,99439.0,97247.42857142857,-0.0,124997585.0,777.9944594243846
Japan,2022-09-10,20092165.0,92699.0,93737.0,-0.0,124997585.0,749.9104882706333
Japan,2022-09-11,20173655.0,81490.0,89515.14285714286,-0.0,124997585.0,716.1349785849292
Japan,2022-09-12,20226491.0,52836.0,85735.0,-0.0,124997585.0,685.8932514576182
Japan,2022-09-13,20314059.0,87568.0,82380.28571428571,-0.0,124997585.0,659.0550186572461
Japan,2022-09-14,20414288.0,100229.0,79273.42857142857,-0.0,124997585.0,634.1996813092713
Japan,2022-09-15,20500172.0,85884.0,76781.42857142857,-0.0,124997585.0,614.2632961383099
Japan,2022-09-16,20576128.0,75956.0,74667.28571428571,-0.0,124997585.0,597.3498265129339
Japan,2022-09-17,20647079.0,70951.0,66689.14285714286,-0.0,124997585.0,533.523450530207
Japan,2022-09-18,20711125.0,64046.0,62344.0,-0.0,124997585.0,498.76163607480896
Japan,2022-09-19,20749162.0,38037.0,61128.142857142855,-0.0,124997585.0,489.03459100544103
Japan,2022-09-20,20780883.0,31721.0,59397.0,-0.0,124997585.0,475.18518057768875
Japan,2022-09-21,20850696.0,69813.0,54863.0,-0.0,124997585.0,438.9124797891095
Japan,2022-09-22,20928069.0,77373.0,52393.857142857145,-0.0,124997585.0,419.1589552938735
Japan,2022-09-23,20991907.0,63838.0,53178.71428571428,-0.0,124997585.0,425.43793374659424
Japan,2022-09-24,21031120.0,39213.0,54891.42857142857,-0.0,124997585.0,439.13991275454305
Japan,2022-09-25,21077882.0,46762.0,52058.0,-0.0,124997585.0,416.4720462399334
Japan,2022-09-26,21121413.0,43531.0,47029.42857142857,-0.0,124997585.0,376.24269758034586
Japan,2022-09-27,21165123.0,43710.0,43144.857142857145,-0.0,124997585.0,345.1655257408145
Japan,2022-09-28,21215102.0,49979.0,42628.42857142857,-0.0,124997585.0,341.0340173486438
Japan,2022-09-29,21257275.0,42173.0,40135.57142857143,-0.0,124997585.0,321.09077490234256
Japan,2022-09-30,21293921.0,36646.0,36083.57142857143,-0.0,124997585.0,288.6741486131226
Japan,2022-10-01,21329519.0,35598.0,35514.0,-0.0,124997585.0,284.1174891498904
Japan,2022-10-02,21358831.0,29312.0,34282.42857142857,-0.0,124997585.0,274.2647273659613
Japan,2022-10-03,21373998.0,15167.0,33034.857142857145,-0.0,124997585.0,264.2839631090244
Japan,2022-10-04,21413721.0,39723.0,32005.85714285714,-0.0,124997585.0,256.05180406371164
Japan,2022-10-05,21455079.0,41358.0,30746.85714285714,-0.0,124997585.0,245.9796094689121
Japan,2022-10-06,21488519.0,33440.0,29816.0,-0.0,124997585.0,238.53260844999525
Japan,2022-10-07,21517962.0,29443.0,29511.85714285714,-0.0,124997585.0,236.09941858362419
Japan,2022-10-08,21544747.0,26785.0,25711.85714285714,-0.0,124997585.0,205.69883124427676
Japan,2022-10-09,21567543.0,22796.0,26304.285714285714,-0.0,124997585.0,210.43835138323442
Japan,2022-10-10,21580581.0,13038.0,28054.285714285714,-0.0,124997585.0,224.43862186846022
Japan,2022-10-11,21593704.0,13123.0,29077.428571428572,-0.0,124997585.0,232.62392286561834
Japan,2022-10-12,21639209.0,45505.0,30270.714285714286,-0.0,124997585.0,242.1703930177074
Japan,2022-10-13,21684899.0,45690.0,31251.571428571428,-0.0,124997585.0,250.01740176477352
Japan,2022-10-14,21721504.0,36605.0,31585.0,-0.0,124997585.0,252.68488187191775
Japan,2022-10-15,21756642.0,35138.0,35752.28571428572,-0.0,124997585.0,286.02381169432766
Japan,2022-10-16,21786304.0,29662.0,35473.71428571428,-0.0,124997585.0,283.7951972089244
Japan,2022-10-17,21801676.0,15372.0,34105.142857142855,-0.0,124997585.0,272.84641424986614
Japan,2022-10-18,21843970.0,42294.0,33389.142857142855,-0.0,124997585.0,267.1183035827681
Japan,2022-10-19,21887525.0,43555.0,33251.28571428572,-0.0,124997585.0,266.0154251322993
Japan,2022-10-20,21923635.0,36110.0,33424.28571428572,-0.0,124997585.0,267.39945187169593
Japan,2022-10-21,21955228.0,31593.0,33635.71428571428,-0.0,124997585.0,269.09091312215577
Japan,2022-10-22,21989401.0,34173.0,34408.857142857145,-0.0,124997585.0,275.27617547856744
Japan,2022-10-23,22020274.0,30873.0,35371.57142857143,-0.0,124997585.0,282.97803856427646
Japan,2022-10-24,22037126.0,16852.0,36318.28571428572,-0.0,124997585.0,290.5518991769778
Japan,2022-10-25,22084832.0,47706.0,37412.71428571428,-0.0,124997585.0,299.3074969065545
Japan,2022-10-26,22135126.0,50294.0,38891.28571428572,-0.0,124997585.0,311.13629686754126
Japan,2022-10-27,22177863.0,42737.0,40282.42857142857,-0.0,124997585.0,322.2656547438782
Japan,2022-10-28,22217117.0,39254.0,41066.57142857143,-0.0,124997585.0,328.53891880048263
Japan,2022-10-29,22261640.0,44523.0,43577.142857142855,-0.0,124997585.0,348.62387827047104
Japan,2022-10-30,22302251.0,40611.0,46448.857142857145,-0.0,124997585.0,371.59803641692076
Japan,2022-10-31,22324592.0,22341.0,49982.57142857143,-0.0,124997585.0,399.86829688406726
Japan,2022-11-01,22389872.0,65280.0,49241.142857142855,-0.0,124997585.0,393.9367537152246
Japan,2022-11-02,22460268.0,70396.0,53476.42857142857,-0.0,124997585.0,427.81969404791755
Japan,2022-11-03,22527741.0,67473.0,57160.142857142855,-0.0,124997585.0,457.289977699512
Japan,2022-11-04,22561805.0,34064.0,58486.0,-0.0,124997585.0,467.89703977080836
Japan,2022-11-05,22635975.0,74170.0,60789.0,-0.0,124997585.0,486.3213957293655
Japan,2022-11-06,22702372.0,66397.0,63219.57142857143,-0.0,124997585.0,505.766342834315
Japan,2022-11-07,22733994.0,31622.0,64805.857142857145,-0.0,124997585.0,518.4568737296576
Japan,2022-11-08,22815395.0,81401.0,70524.28571428571,-0.0,124997585.0,564.2051861584823
Japan,2022-11-09,22902805.0,87410.0,71283.71428571429,-0.0,124997585.0,570.2807321094588
Japan,2022-11-10,22981382.0,78577.0,71640.42857142857,-0.0,124997585.0,573.134501529998
Japan,2022-11-11,23055475.0,74093.0,72488.0,-0.0,124997585.0,579.9152039617405
Japan,2022-11-12,23134961.0,79486.0,75120.14285714286,-0.0,124997585.0,600.9727536507434
Japan,2022-11-13,23203855.0,68894.0,78019.0,-0.0,124997585.0,624.1640588496169
Japan,2022-11-14,23241410.0,37555.0,79880.28571428571,-0.0,124997585.0,639.0546322497808
Japan,2022-11-15,23341236.0,99826.0,81549.0,-0.0,124997585.0,652.404604456958
Japan,2022-11-16,23448938.0,107702.0,83034.85714285714,-0.0,124997585.0,664.2916912583323
Japan,2022-11-17,23540544.0,91606.0,84296.0,-0.0,124997585.0,674.381029041481
Japan,2022-11-18,23626318.0,85774.0,84991.57142857143,-0.0,124997585.0,679.9457079796497
Japan,2022-11-19,23716205.0,89887.0,88050.14285714286,-0.0,124997585.0,704.4147521501543
Japan,2022-11-20,23793927.0,77722.0,91715.71428571429,-0.0,124997585.0,733.7398901403918
Japan,2022-11-21,23836351.0,42424.0,87216.0,-0.0,124997585.0,697.7414803654007
Japan,2022-11-22,23957587.0,121236.0,91796.85714285714,-0.0,124997585.0,734.3890455392169
Japan,2022-11-23,24090948.0,133361.0,96859.71428571429,-0.0,124997585.0,774.8926852123926
Japan,2022-11-24,24151056.0,60108.0,99824.57142857143,-0.0,124997585.0,798.6120006124232
Japan,2022-11-25,24268896.0,117840.0,100780.71428571429,-0.0,124997585.0,806.2612912538614
Japan,2022-11-26,24394223.0,125327.0,102760.71428571429,-0.0,124997585.0,822.101597288574
Japan,2022-11-27,24492699.0,98476.0,103480.0,-0.0,124997585.0,827.8559941778075
Japan,2022-11-28,24541816.0,49117.0,111779.0,-0.0,124997585.0,894.2492768960296
Japan,2022-11-29,24676912.0,135096.0,110648.71428571429,-0.0,124997585.0,885.2068164814087
Japan,2022-11-30,24815308.0,138396.0,108400.71428571429,-0.0,124997585.0,867.2224690238158
Japan,2022-12-01,24933509.0,118201.0,107127.85714285714,-0.0,124997585.0,857.0394151443578
Japan,2022-12-02,25043437.0,109928.0,106914.14285714286,-0.0,124997585.0,855.3296678263252
Japan,2022-12-03,25153028.0,109591.0,107225.71428571429,-0.0,124997585.0,857.8222874123071
Japan,2022-12-04,25242594.0,89566.0,108795.28571428571,-0.0,124997585.0,870.3791014385255
Japan,2022-12-05,25290215.0,47621.0,110918.71428571429,-0.0,124997585.0,887.3668582134151
Japan,2022-12-06,25427492.0,137277.0,113370.42857142857,-0.0,124997585.0,906.9809514434104
Japan,2022-12-07,25576875.0,149383.0,117109.0,-0.0,124997585.0,936.8901007167458
Japan,2022-12-08,25709940.0,133065.0,121338.71428571429,-0.0,124997585.0,970.7284687597307
Japan,2022-12-09,25837030.0,127090.0,123440.85714285714,-0.0,124997585.0,987.5459365303509
Japan,2022-12-10,25972791.0,135761.0,129114.71428571429,-0.0,124997585.0,1032.9376706415112
Japan,2022-12-11,26091965.0,119174.0,135003.85714285713,-0.0,124997585.0,1080.0517237421598
Japan,2022-12-12,26154301.0,62336.0,140064.7142857143,-0.0,124997585.0,1120.5393631062097
Japan,2022-12-13,26331295.0,176994.0,143852.14285714287,-0.0,124997585.0,1150.839377073908
Japan,2022-12-14,26521902.0,190607.0,147083.85714285713,-0.0,124997585.0,1176.6935908630326
Japan,2022-12-15,26690393.0,168491.0,149521.42857142858,-0.0,124997585.0,1196.194539049923
Japan,2022-12-16,26843995.0,153602.0,150747.85714285713,-0.0,124997585.0,1206.0061571818137
Japan,2022-12-17,27002378.0,158383.0,152187.2857142857,-0.0,124997585.0,1217.521808235621
Japan,2022-12-18,27138615.0,136237.0,154521.0,-0.0,124997585.0,1236.1918832271838
Japan,2022-12-19,27209536.0,70921.0,156790.14285714287,-0.0,124997585.0,1254.345376809823
Japan,2022-12-20,27396606.0,187070.0,159609.2857142857,-0.0,124997585.0,1276.898955402104
Japan,2022-12-21,27603549.0,206943.0,162357.7142857143,-0.0,124997585.0,1298.8868087788599
Japan,2022-12-22,27787924.0,184375.0,164276.0,-0.0,124997585.0,1314.2333909891138
Japan,2022-12-23,27961260.0,173336.0,165181.0,-0.0,124997585.0,1321.4735308686163
Japan,2022-12-24,28138882.0,177622.0,167648.57142857142,-0.0,124997585.0,1341.2144836923962
Japan,2022-12-25,28288547.0,149665.0,168973.7142857143,-0.0,124997585.0,1351.8158313675763
Japan,2022-12-26,28365803.0,77256.0,170072.0,-0.0,124997585.0,1360.6022868361815
Japan,2022-12-27,28570146.0,204343.0,166564.57142857142,-0.0,124997585.0,1332.5423161461194
Japan,2022-12-28,28786365.0,216219.0,156542.14285714287,-0.0,124997585.0,1252.3613384782022
Japan,2022-12-29,28978428.0,192063.0,147579.14285714287,-0.0,124997585.0,1180.6559531301573
Japan,2022-12-30,29127212.0,148784.0,147437.42857142858,-0.0,124997585.0,1179.52221694066
Japan,2022-12-31,29234677.0,107465.0,131374.7142857143,-0.0,124997585.0,1051.01801995386
Japan,2023-01-01,29321601.0,86924.0,115386.85714285714,-0.0,124997585.0,923.1126916800605
Japan,2023-01-02,29397865.0,76264.0,120364.14285714286,-0.0,124997585.0,962.9317466984891
Japan,2023-01-03,29489769.0,91904.0,134186.7142857143,-0.0,124997585.0,1073.5144545849769
Japan,2023-01-04,29594073.0,104304.0,152928.0,-0.0,124997585.0,1223.447637008347
Japan,2023-01-05,29820977.0,226904.0,167730.0,-0.0,124997585.0,1341.865924849668
Japan,2023-01-06,30066519.0,245542.0,170450.57142857142,-0.0,124997585.0,1363.6309167778834
Japan,2023-01-07,30305173.0,238654.0,168604.57142857142,-0.0,124997585.0,1348.862631454611
Japan,2023-01-08,30495711.0,190538.0,182114.42857142858,-0.0,124997585.0,1456.9435767213308
Japan,2023-01-09,30591019.0,95308.0,176195.57142857142,-0.0,124997585.0,1409.591804742239
Japan,2023-01-10,30670001.0,78982.0,161700.57142857142,-0.0,124997585.0,1293.6295643517547
Japan,2023-01-11,30868874.0,198873.0,146474.42857142858,-0.0,124997585.0,1171.8180680965042
Japan,2023-01-12,31054346.0,185472.0,134723.42857142858,-0.0,124997585.0,1077.8082518268538
Japan,2023-01-13,31198423.0,144077.0,128876.28571428571,-0.0,124997585.0,1031.0302052178506
Japan,2023-01-14,31330494.0,132071.0,135707.2857142857,-0.0,124997585.0,1085.6792610376087
Japan,2023-01-15,31438775.0,108281.0,125169.42857142857,-0.0,124997585.0,1001.3747751320841
Japan,2023-01-16,31493153.0,54378.0,112443.71428571429,-0.0,124997585.0,899.5670939219689
Japan,2023-01-17,31619952.0,126799.0,103663.28571428571,-0.0,124997585.0,829.3223082212805
Japan,2023-01-18,31745060.0,125108.0,96075.14285714286,-0.0,124997585.0,768.6159925181183
Japan,2023-01-19,31841452.0,96392.0,89813.57142857143,-0.0,124997585.0,718.5224532823688
Japan,2023-01-20,31924066.0,82614.0,86698.28571428571,-0.0,124997585.0,693.5996860602204
Japan,2023-01-21,32003020.0,78954.0,81984.28571428571,-0.0,124997585.0,655.8869574503036
Japan,2023-01-22,32067470.0,64450.0,75448.0,-0.0,124997585.0,603.5956614681795
Japan,2023-01-23,32100041.0,32571.0,70232.71428571429,-0.0,124997585.0,561.8725696637603
Japan,2023-01-24,32193842.0,93801.0,66132.28571428571,-0.0,124997585.0,529.0685073178471
Japan,2023-01-25,32273196.0,79354.0,62679.142857142855,-0.0,124997585.0,501.4428307326326
Japan,2023-01-26,32333081.0,59885.0,59861.857142857145,-0.0,124997585.0,478.9041095702541
Japan,2023-01-27,32386992.0,53911.0,58269.71428571428,-0.0,124997585.0,466.1667206267568
Japan,2023-01-28,32441774.0,54782.0,51600.71428571428,-0.0,124997585.0,412.81368984620207
Japan,2023-01-29,32486503.0,44729.0,48198.28571428572,-0.0,124997585.0,385.5937353852534
Japan,2023-01-30,32507929.0,21426.0,46114.57142857143,-0.0,124997585.0,368.92369903443677
Japan,2023-01-31,32555047.0,47118.0,44116.42857142857,-0.0,124997585.0,352.93824733836715
Japan,2023-02-01,32610584.0,55537.0,41802.0,-0.0,124997585.0,334.4224610419473
Japan,2023-02-02,32655883.0,45299.0,40049.142857142855,-0.0,124997585.0,320.3993329722559
Japan,2023-02-03,32695807.0,39924.0,39218.57142857143,-0.0,124997585.0,313.75463316808424
Japan,2023-02-04,32734388.0,38581.0,38881.0,-0.0,124997585.0,311.0540095634648
Japan,2023-02-05,32766847.0,32459.0,36887.71428571428,-0.0,124997585.0,295.1074157609867
Japan,2023-02-06,32782459.0,15612.0,35126.28571428572,-0.0,124997585.0,281.01571493789834
Japan,2023-02-07,32827214.0,44755.0,33510.71428571428,-0.0,124997585.0,268.0908938017825
Japan,2023-02-08,32868798.0,41584.0,31909.285714285714,-0.0,124997585.0,255.27921770877182
Japan,2023-02-09,32901767.0,32969.0,29235.14285714286,-0.0,124997585.0,233.8856615281236
Japan,2023-02-10,32930382.0,28615.0,28351.0,-0.0,124997585.0,226.81238201522055
Japan,2023-02-11,32957753.0,27371.0,26538.85714285714,-0.0,124997585.0,212.3149590678663
Japan,2023-02-12,32971493.0,13740.0,24708.571428571428,-0.0,124997585.0,197.67239045915508
Japan,2023-02-13,32980916.0,9423.0,23048.285714285714,-0.0,124997585.0,184.3898481261515
Japan,2023-02-14,33012986.0,32070.0,21618.428571428572,-0.0,124997585.0,172.95076998030459
Japan,2023-02-15,33041758.0,28772.0,20154.571428571428,-0.0,124997585.0,161.23968657931613
Japan,2023-02-16,33063105.0,21347.0,20225.85714285714,-0.0,124997585.0,161.80998331173473
Japan,2023-02-17,33081711.0,18606.0,19882.571428571428,-0.0,124997585.0,159.0636445381839
Japan,2023-02-18,33098835.0,17124.0,18074.0,-0.0,124997585.0,144.5947935714118
Japan,2023-02-19,33113074.0,14239.0,16628.571428571428,-0.0,124997585.0,133.03114159022692
Japan,2023-02-20,33120094.0,7020.0,15749.42857142857,-0.0,124997585.0,125.99786285013884
Japan,2023-02-21,33139504.0,19410.0,14021.714285714286,-0.0,124997585.0,112.17588152374533
Japan,2023-02-22,33158158.0,18654.0,13696.285714285714,-0.0,124997585.0,109.57240265310496
Japan,2023-02-23,33173351.0,15193.0,13433.42857142857,-0.0,124997585.0,107.4695048822629
Japan,2023-02-24,33179863.0,6512.0,13192.0,-0.0,124997585.0,105.53803899491338
Japan,2023-02-25,33194709.0,14846.0,12532.285714285714,-0.0,124997585.0,100.26022274178908
Japan,2023-02-26,33207108.0,12399.0,11860.285714285714,-0.0,124997585.0,94.88411887546238
Japan,2023-02-27,33212438.0,5330.0,11333.57142857143,-0.0,124997585.0,90.67032317921526
Japan,2023-02-28,33227230.0,14792.0,11906.42857142857,-0.0,124997585.0,95.25326886458302
Japan,2023-03-01,33241180.0,13950.0,11275.714285714286,-0.0,124997585.0,90.20745709378535
Japan,2023-03-02,33252686.0,11506.0,10751.714285714286,-0.0,124997585.0,86.0153761027806
Japan,2023-03-03,33263208.0,10522.0,10599.285714285714,-0.0,124997585.0,84.79592397153685
Japan,2023-03-04,33273639.0,10431.0,10224.142857142857,-0.0,124997585.0,81.79472313119376
Japan,2023-03-05,33282370.0,8731.0,9917.714285714286,-0.0,124997585.0,79.34324719725014
Japan,2023-03-06,33286633.0,4263.0,9678.857142857143,-0.0,124997585.0,77.43235313591973
Japan,2023-03-07,33298799.0,12166.0,9538.333333333334,-0.0,124997585.0,76.30814093994962
Japan,2023-03-08,33310604.0,11805.0,9359.8,-0.0,124997585.0,74.87984667863783
Japan,2023-03-09,33320438.0,9834.0,9517.0,-0.0,124997585.0,76.13747097593925
South Korea,2020-01-22,1.0,1.0,0.5,-0.0,51782515.0,0.009655768940539098
South Korea,2020-01-23,1.0,0.0,0.6,-0.0,51782515.0,0.011586922728646918
South Korea,2020-01-24,2.0,1.0,0.6666666666666666,-0.0,51782515.0,0.012874358587385464
South Korea,2020-01-25,2.0,0.0,0.5714285714285714,-0.0,51782515.0,0.011035164503473256
South Korea,2020-01-26,3.0,1.0,0.42857142857142855,-0.0,51782515.0,0.00827637337760494
South Korea,2020-01-27,4.0,1.0,0.42857142857142855,-0.0,51782515.0,0.00827637337760494
South Korea,2020-01-28,4.0,0.0,1.2857142857142858,-0.0,51782515.0,0.024829120132814828
South Korea,2020-01-29,4.0,0.0,1.4285714285714286,-0.0,51782515.0,0.02758791125868314
South Korea,2020-01-30,4.0,0.0,1.7142857142857142,-0.0,51782515.0,0.03310549351041976
South Korea,2020-01-31,11.0,7.0,1.5714285714285714,-0.0,51782515.0,0.030346702384551453
South Korea,2020-02-01,12.0,1.0,1.7142857142857142,-0.0,51782515.0,0.03310549351041976
South Korea,2020-02-02,15.0,3.0,2.142857142857143,-0.0,51782515.0,0.041381866888024706
South Korea,2020-02-03,15.0,0.0,2.7142857142857144,-0.0,51782515.0,0.05241703139149796
South Korea,2020-02-04,16.0,1.0,1.8571428571428572,-0.0,51782515.0,0.03586428463628808
South Korea,2020-02-05,19.0,3.0,1.7142857142857142,-0.0,51782515.0,0.03310549351041976
South Korea,2020-02-06,23.0,4.0,1.4285714285714286,-0.0,51782515.0,0.02758791125868314
South Korea,2020-02-07,24.0,1.0,1.7142857142857142,-0.0,51782515.0,0.03310549351041976
South Korea,2020-02-08,24.0,0.0,1.7142857142857142,-0.0,51782515.0,0.03310549351041976
South Korea,2020-02-09,25.0,1.0,1.2857142857142858,-0.0,51782515.0,0.024829120132814828
South Korea,2020-02-10,27.0,2.0,0.7142857142857143,-0.0,51782515.0,0.01379395562934157
South Korea,2020-02-11,28.0,1.0,0.5714285714285714,-0.0,51782515.0,0.011035164503473256
South Korea,2020-02-12,28.0,0.0,0.5714285714285714,-0.0,51782515.0,0.011035164503473256
South Korea,2020-02-13,28.0,0.0,0.5714285714285714,-0.0,51782515.0,0.011035164503473256
South Korea,2020-02-14,28.0,0.0,0.42857142857142855,-0.0,51782515.0,0.00827637337760494
South Korea,2020-02-15,28.0,0.0,0.42857142857142855,-0.0,51782515.0,0.00827637337760494
South Korea,2020-02-16,29.0,1.0,0.42857142857142855,-0.0,51782515.0,0.00827637337760494
South Korea,2020-02-17,30.0,1.0,10.857142857142858,-0.0,51782515.0,0.20966812556599185
South Korea,2020-02-18,31.0,1.0,25.142857142857142,-0.0,51782515.0,0.48554723815282325
South Korea,2020-02-19,31.0,0.0,57.857142857142854,-0.0,51782515.0,1.1173104059766672
South Korea,2020-02-20,104.0,73.0,81.85714285714286,-0.0,51782515.0,1.580787315122544
South Korea,2020-02-21,204.0,100.0,114.71428571428571,-0.0,51782515.0,2.215309274072256
South Korea,2020-02-22,433.0,229.0,135.14285714285714,-0.0,51782515.0,2.6098164050714248
South Korea,2020-02-23,602.0,169.0,175.71428571428572,-0.0,51782515.0,3.3933130848180264
South Korea,2020-02-24,833.0,231.0,237.42857142857142,-0.0,51782515.0,4.5851108511931375
South Korea,2020-02-25,977.0,144.0,304.7142857142857,-0.0,51782515.0,5.884501471477114
South Korea,2020-02-26,1261.0,284.0,388.14285714285717,-0.0,51782515.0,7.49563548898421
South Korea,2020-02-27,1766.0,505.0,447.7142857142857,-0.0,51782515.0,8.646051388471296
South Korea,2020-02-28,2337.0,571.0,500.2857142857143,-0.0,51782515.0,9.661286522790835
South Korea,2020-02-29,3150.0,813.0,601.2857142857143,-0.0,51782515.0,11.611751848779734
South Korea,2020-03-01,3736.0,586.0,622.8571428571429,-0.0,51782515.0,12.02832930878585
South Korea,2020-03-02,4335.0,599.0,617.4285714285714,-0.0,51782515.0,11.923495246002854
South Korea,2020-03-03,5186.0,851.0,608.0,-0.0,51782515.0,11.741415031695544
South Korea,2020-03-04,5621.0,435.0,555.8571428571429,-0.0,51782515.0,10.734456270753611
South Korea,2020-03-05,6088.0,467.0,511.14285714285717,-0.0,51782515.0,9.870954648356827
South Korea,2020-03-06,6593.0,505.0,449.0,-0.0,51782515.0,8.67088050860411
South Korea,2020-03-07,7041.0,448.0,332.42857142857144,-0.0,51782515.0,6.419706949895567
South Korea,2020-03-08,7314.0,273.0,304.85714285714283,-0.0,51782515.0,5.887260262602982
South Korea,2020-03-09,7478.0,164.0,254.42857142857142,-0.0,51782515.0,4.913406995171467
South Korea,2020-03-10,7513.0,35.0,198.0,-0.0,51782515.0,3.823684500453483
South Korea,2020-03-11,7755.0,242.0,149.28571428571428,-0.0,51782515.0,2.882936726532388
South Korea,2020-03-12,7869.0,114.0,121.14285714285714,-0.0,51782515.0,2.3394548747363304
South Korea,2020-03-13,7979.0,110.0,108.28571428571429,-0.0,51782515.0,2.091163673408182
South Korea,2020-03-14,8086.0,107.0,115.28571428571429,-0.0,51782515.0,2.226344438575729
South Korea,2020-03-15,8162.0,76.0,94.0,-0.0,51782515.0,1.8152845608213506
South Korea,2020-03-16,8236.0,74.0,99.42857142857143,-0.0,51782515.0,1.9201186236043466
South Korea,2020-03-17,8320.0,84.0,96.14285714285714,-0.0,51782515.0,1.8566664277093754
South Korea,2020-03-18,8413.0,93.0,101.85714285714286,-0.0,51782515.0,1.9670180727441082
South Korea,2020-03-19,8565.0,152.0,114.14285714285714,-0.0,51782515.0,2.204274109568783
South Korea,2020-03-20,8652.0,87.0,103.57142857142857,-0.0,51782515.0,2.0001235662545276
South Korea,2020-03-21,8799.0,147.0,102.42857142857143,-0.0,51782515.0,1.9780532372475812
South Korea,2020-03-22,8961.0,162.0,103.42857142857143,-0.0,51782515.0,1.9973647751286592
South Korea,2020-03-23,8961.0,0.0,96.57142857142857,-0.0,51782515.0,1.8649428010869802
South Korea,2020-03-24,9037.0,76.0,97.14285714285714,-0.0,51782515.0,1.8759779655904534
South Korea,2020-03-25,9137.0,100.0,97.0,-0.0,51782515.0,1.8732191744645852
South Korea,2020-03-26,9241.0,104.0,88.85714285714286,-0.0,51782515.0,1.7159680802900914
South Korea,2020-03-27,9332.0,91.0,100.0,-0.0,51782515.0,1.93115378810782
South Korea,2020-03-28,9478.0,146.0,107.0,-0.0,51782515.0,2.066334553275367
South Korea,2020-03-29,9583.0,105.0,107.14285714285714,-0.0,51782515.0,2.0690933444012356
South Korea,2020-03-30,9661.0,78.0,105.0,-0.0,51782515.0,2.027711477513211
South Korea,2020-03-31,9786.0,125.0,104.28571428571429,-0.0,51782515.0,2.013917521883869
South Korea,2020-04-01,9887.0,101.0,96.85714285714286,-0.0,51782515.0,1.870460383338717
South Korea,2020-04-02,9976.0,89.0,93.42857142857143,-0.0,51782515.0,1.8042493963178774
South Korea,2020-04-03,10062.0,86.0,89.0,-0.0,51782515.0,1.7187268714159596
South Korea,2020-04-04,10156.0,94.0,77.85714285714286,-0.0,51782515.0,1.5035411635982312
South Korea,2020-04-05,10237.0,81.0,71.0,-0.0,51782515.0,1.371119189556552
South Korea,2020-04-06,10284.0,47.0,63.857142857142854,-0.0,51782515.0,1.2331796332631364
South Korea,2020-04-07,10331.0,47.0,55.42857142857143,-0.0,51782515.0,1.070410956836906
South Korea,2020-04-08,10384.0,53.0,46.285714285714285,-0.0,51782515.0,0.8938483247813337
South Korea,2020-04-09,10423.0,39.0,39.285714285714285,-0.0,51782515.0,0.7586675596137863
South Korea,2020-04-10,10450.0,27.0,36.142857142857146,-0.0,51782515.0,0.6979741548446835
South Korea,2020-04-11,10480.0,30.0,33.285714285714285,-0.0,51782515.0,0.6427983323273171
South Korea,2020-04-12,10512.0,32.0,29.571428571428573,-0.0,51782515.0,0.571069763054741
South Korea,2020-04-13,10537.0,25.0,27.142857142857142,-0.0,51782515.0,0.5241703139149797
South Korea,2020-04-14,10564.0,27.0,26.428571428571427,-0.0,51782515.0,0.5103763582856381
South Korea,2020-04-15,10591.0,27.0,24.714285714285715,-0.0,51782515.0,0.47727086477521835
South Korea,2020-04-16,10613.0,22.0,21.285714285714285,-0.0,51782515.0,0.4110598777543788
South Korea,2020-04-17,10635.0,22.0,19.571428571428573,-0.0,51782515.0,0.37795438424395905
South Korea,2020-04-18,10653.0,18.0,17.0,-0.0,51782515.0,0.3282961439783294
South Korea,2020-04-19,10661.0,8.0,14.714285714285714,-0.0,51782515.0,0.28415548596443635
South Korea,2020-04-20,10674.0,13.0,13.571428571428571,-0.0,51782515.0,0.26208515695748985
South Korea,2020-04-21,10683.0,9.0,11.857142857142858,-0.0,51782515.0,0.22897966344707008
South Korea,2020-04-22,10694.0,11.0,10.714285714285714,-0.0,51782515.0,0.20690933444012355
South Korea,2020-04-23,10708.0,14.0,11.0,-0.0,51782515.0,0.21242691669186017
South Korea,2020-04-24,10718.0,10.0,11.142857142857142,-0.0,51782515.0,0.2151857078177285
South Korea,2020-04-25,10728.0,10.0,11.142857142857142,-0.0,51782515.0,0.2151857078177285
South Korea,2020-04-26,10738.0,10.0,10.142857142857142,-0.0,51782515.0,0.19587416993665027
South Korea,2020-04-27,10752.0,14.0,9.428571428571429,-0.0,51782515.0,0.18208021430730872
South Korea,2020-04-28,10761.0,9.0,8.857142857142858,-0.0,51782515.0,0.17104504980383547
South Korea,2020-04-29,10765.0,4.0,9.285714285714286,-0.0,51782515.0,0.17932142318144043
South Korea,2020-04-30,10774.0,9.0,9.0,-0.0,51782515.0,0.17380384092970377
South Korea,2020-05-01,10780.0,6.0,7.428571428571429,-0.0,51782515.0,0.14345713854515232
South Korea,2020-05-02,10793.0,13.0,6.428571428571429,-0.0,51782515.0,0.12414560066407414
South Korea,2020-05-03,10801.0,8.0,6.428571428571429,-0.0,51782515.0,0.12414560066407414
South Korea,2020-05-04,10804.0,3.0,6.857142857142857,-0.0,51782515.0,0.13242197404167905
South Korea,2020-05-05,10806.0,2.0,8.571428571428571,-0.0,51782515.0,0.16552746755209882
South Korea,2020-05-06,10810.0,4.0,11.571428571428571,-0.0,51782515.0,0.22346208119533342
South Korea,2020-05-07,10822.0,12.0,15.428571428571429,-0.0,51782515.0,0.2979494415937779
South Korea,2020-05-08,10840.0,18.0,18.857142857142858,-0.0,51782515.0,0.36416042861461745
South Korea,2020-05-09,10874.0,34.0,22.285714285714285,-0.0,51782515.0,0.430371415635457
South Korea,2020-05-10,10909.0,35.0,25.857142857142858,-0.0,51782515.0,0.4993411937821648
South Korea,2020-05-11,10936.0,27.0,28.0,-0.0,51782515.0,0.5407230606701896
South Korea,2020-05-12,10962.0,26.0,28.142857142857142,-0.0,51782515.0,0.5434818517960579
South Korea,2020-05-13,10991.0,29.0,25.142857142857142,-0.0,51782515.0,0.48554723815282325
South Korea,2020-05-14,11018.0,27.0,22.285714285714285,-0.0,51782515.0,0.430371415635457
South Korea,2020-05-15,11037.0,19.0,20.285714285714285,-0.0,51782515.0,0.39174833987330054
South Korea,2020-05-16,11050.0,13.0,21.142857142857142,-0.0,51782515.0,0.40830108662851045
South Korea,2020-05-17,11065.0,15.0,18.714285714285715,-0.0,51782515.0,0.36140163748874915
South Korea,2020-05-18,11078.0,13.0,17.714285714285715,-0.0,51782515.0,0.34209009960767095
South Korea,2020-05-19,11110.0,32.0,18.285714285714285,-0.0,51782515.0,0.3531252641111442
South Korea,2020-05-20,11122.0,12.0,20.0,-0.0,51782515.0,0.386230757621564
South Korea,2020-05-21,11142.0,20.0,20.142857142857142,-0.0,51782515.0,0.38898954874743225
South Korea,2020-05-22,11165.0,23.0,21.0,-0.0,51782515.0,0.40554229550264215
South Korea,2020-05-23,11190.0,25.0,22.142857142857142,-0.0,51782515.0,0.42761262450958865
South Korea,2020-05-24,11206.0,16.0,31.714285714285715,-0.0,51782515.0,0.6124516299427657
South Korea,2020-05-25,11225.0,19.0,37.142857142857146,-0.0,51782515.0,0.7172856927257617
South Korea,2020-05-26,11265.0,40.0,39.42857142857143,-0.0,51782515.0,0.7614263507396547
South Korea,2020-05-27,11344.0,79.0,39.714285714285715,-0.0,51782515.0,0.7669439329913913
South Korea,2020-05-28,11402.0,58.0,42.42857142857143,-0.0,51782515.0,0.8193609643828893
South Korea,2020-05-29,11441.0,39.0,45.142857142857146,-0.0,51782515.0,0.8717779957743872
South Korea,2020-05-30,11468.0,27.0,46.42857142857143,-0.0,51782515.0,0.896607115907202
South Korea,2020-05-31,11503.0,35.0,40.714285714285715,-0.0,51782515.0,0.7862554708724695
South Korea,2020-06-01,11541.0,38.0,38.0,-0.0,51782515.0,0.7338384394809715
South Korea,2020-06-02,11590.0,49.0,39.714285714285715,-0.0,51782515.0,0.7669439329913913
South Korea,2020-06-03,11629.0,39.0,44.0,-0.0,51782515.0,0.8497076667674407
South Korea,2020-06-04,11668.0,39.0,44.42857142857143,-0.0,51782515.0,0.8579840401450457
South Korea,2020-06-05,11719.0,51.0,44.42857142857143,-0.0,51782515.0,0.8579840401450457
South Korea,2020-06-06,11776.0,57.0,44.57142857142857,-0.0,51782515.0,0.860742831270914
South Korea,2020-06-07,11814.0,38.0,45.42857142857143,-0.0,51782515.0,0.8772955780261239
South Korea,2020-06-08,11852.0,38.0,47.857142857142854,-0.0,51782515.0,0.9241950271658851
South Korea,2020-06-09,11902.0,50.0,47.42857142857143,-0.0,51782515.0,0.9159186537882803
South Korea,2020-06-10,11947.0,45.0,44.142857142857146,-0.0,51782515.0,0.8524664578933091
South Korea,2020-06-11,12003.0,56.0,43.857142857142854,-0.0,51782515.0,0.8469488756415723
South Korea,2020-06-12,12051.0,48.0,43.285714285714285,-0.0,51782515.0,0.8359137111380991
South Korea,2020-06-13,12085.0,34.0,42.285714285714285,-0.0,51782515.0,0.8166021732570209
South Korea,2020-06-14,12121.0,36.0,44.285714285714285,-0.0,51782515.0,0.8552252490191773
South Korea,2020-06-15,12155.0,34.0,43.285714285714285,-0.0,51782515.0,0.8359137111380991
South Korea,2020-06-16,12198.0,43.0,46.0,-0.0,51782515.0,0.8883307425295971
South Korea,2020-06-17,12257.0,59.0,48.0,-0.0,51782515.0,0.9269538182917535
South Korea,2020-06-18,12306.0,49.0,45.285714285714285,-0.0,51782515.0,0.8745367869002555
South Korea,2020-06-19,12373.0,67.0,47.0,-0.0,51782515.0,0.9076422804106753
South Korea,2020-06-20,12421.0,48.0,48.142857142857146,-0.0,51782515.0,0.9297126094176218
South Korea,2020-06-21,12438.0,17.0,43.714285714285715,-0.0,51782515.0,0.8441900845157041
South Korea,2020-06-22,12484.0,46.0,42.285714285714285,-0.0,51782515.0,0.8166021732570209
South Korea,2020-06-23,12535.0,51.0,40.0,-0.0,51782515.0,0.772461515243128
South Korea,2020-06-24,12563.0,28.0,42.0,-0.0,51782515.0,0.8110845910052843
South Korea,2020-06-25,12602.0,39.0,45.57142857142857,-0.0,51782515.0,0.8800543691519921
South Korea,2020-06-26,12653.0,51.0,45.142857142857146,-0.0,51782515.0,0.8717779957743872
South Korea,2020-06-27,12715.0,62.0,45.0,-0.0,51782515.0,0.8690192046485189
South Korea,2020-06-28,12757.0,42.0,48.714285714285715,-0.0,51782515.0,0.9407477739210951
South Korea,2020-06-29,12800.0,43.0,52.142857142857146,-0.0,51782515.0,1.0069587609419346
South Korea,2020-06-30,12850.0,50.0,53.857142857142854,-0.0,51782515.0,1.0400642544523542
South Korea,2020-07-01,12904.0,54.0,53.714285714285715,-0.0,51782515.0,1.0373054633264862
South Korea,2020-07-02,12967.0,63.0,54.285714285714285,-0.0,51782515.0,1.0483406278299594
South Korea,2020-07-03,13030.0,63.0,54.42857142857143,-0.0,51782515.0,1.0510994189558278
South Korea,2020-07-04,13091.0,61.0,56.285714285714285,-0.0,51782515.0,1.0869637035921158
South Korea,2020-07-05,13137.0,46.0,55.57142857142857,-0.0,51782515.0,1.073169747962774
South Korea,2020-07-06,13181.0,44.0,53.0,-0.0,51782515.0,1.0235115076971444
South Korea,2020-07-07,13244.0,63.0,49.0,-0.0,51782515.0,0.9462653561728317
South Korea,2020-07-08,13293.0,49.0,46.57142857142857,-0.0,51782515.0,0.8993659070330703
South Korea,2020-07-09,13338.0,45.0,48.857142857142854,-0.0,51782515.0,0.9435065650469634
South Korea,2020-07-10,13373.0,35.0,47.285714285714285,-0.0,51782515.0,0.9131598626624119
South Korea,2020-07-11,13417.0,44.0,43.857142857142854,-0.0,51782515.0,0.8469488756415723
South Korea,2020-07-12,13479.0,62.0,45.57142857142857,-0.0,51782515.0,0.8800543691519921
South Korea,2020-07-13,13512.0,33.0,47.714285714285715,-0.0,51782515.0,0.9214362360400169
South Korea,2020-07-14,13551.0,39.0,48.285714285714285,-0.0,51782515.0,0.9324714005434901
South Korea,2020-07-15,13612.0,61.0,46.857142857142854,-0.0,51782515.0,0.9048834892848069
South Korea,2020-07-16,13672.0,60.0,41.714285714285715,-0.0,51782515.0,0.8055670087535477
South Korea,2020-07-17,13711.0,39.0,43.42857142857143,-0.0,51782515.0,0.8386725022639674
South Korea,2020-07-18,13745.0,34.0,46.857142857142854,-0.0,51782515.0,0.9048834892848069
South Korea,2020-07-19,13771.0,26.0,46.57142857142857,-0.0,51782515.0,0.8993659070330703
South Korea,2020-07-20,13816.0,45.0,43.857142857142854,-0.0,51782515.0,0.8469488756415723
South Korea,2020-07-21,13879.0,63.0,54.42857142857143,-0.0,51782515.0,1.0510994189558278
South Korea,2020-07-22,13938.0,59.0,57.857142857142854,-0.0,51782515.0,1.1173104059766672
South Korea,2020-07-23,13979.0,41.0,57.714285714285715,-0.0,51782515.0,1.1145516148507988
South Korea,2020-07-24,14092.0,113.0,55.285714285714285,-0.0,51782515.0,1.0676521657110376
South Korea,2020-07-25,14150.0,58.0,53.142857142857146,-0.0,51782515.0,1.0262702988230128
South Korea,2020-07-26,14175.0,25.0,47.285714285714285,-0.0,51782515.0,0.9131598626624119
South Korea,2020-07-27,14203.0,28.0,46.57142857142857,-0.0,51782515.0,0.8993659070330703
South Korea,2020-07-28,14251.0,48.0,34.857142857142854,-0.0,51782515.0,0.6731450347118686
South Korea,2020-07-29,14269.0,18.0,30.857142857142858,-0.0,51782515.0,0.5958988831875558
South Korea,2020-07-30,14305.0,36.0,30.571428571428573,-0.0,51782515.0,0.5903813009358192
South Korea,2020-07-31,14336.0,31.0,31.428571428571427,-0.0,51782515.0,0.6069340476910291
South Korea,2020-08-01,14366.0,30.0,29.285714285714285,-0.0,51782515.0,0.5655521808030044
South Korea,2020-08-02,14389.0,23.0,32.857142857142854,-0.0,51782515.0,0.6345219589497121
South Korea,2020-08-03,14423.0,34.0,30.571428571428573,-0.0,51782515.0,0.5903813009358192
South Korea,2020-08-04,14456.0,33.0,32.285714285714285,-0.0,51782515.0,0.623486794446239
South Korea,2020-08-05,14499.0,43.0,33.142857142857146,-0.0,51782515.0,0.6400395412014489
South Korea,2020-08-06,14519.0,20.0,33.857142857142854,-0.0,51782515.0,0.6538334968307904
South Korea,2020-08-07,14562.0,43.0,33.857142857142854,-0.0,51782515.0,0.6538334968307904
South Korea,2020-08-08,14598.0,36.0,36.857142857142854,-0.0,51782515.0,0.711768110474025
South Korea,2020-08-09,14626.0,28.0,38.714285714285715,-0.0,51782515.0,0.7476323951103132
South Korea,2020-08-10,14660.0,34.0,50.57142857142857,-0.0,51782515.0,0.9766120585573831
South Korea,2020-08-11,14714.0,54.0,68.14285714285714,-0.0,51782515.0,1.3159433670391858
South Korea,2020-08-12,14770.0,56.0,102.85714285714286,-0.0,51782515.0,1.9863296106251862
South Korea,2020-08-13,14873.0,103.0,127.0,-0.0,51782515.0,2.452565310896931
South Korea,2020-08-14,15039.0,166.0,157.28571428571428,-0.0,51782515.0,3.0374290295810136
South Korea,2020-08-15,15318.0,279.0,192.0,-0.0,51782515.0,3.707815273167014
South Korea,2020-08-16,15515.0,197.0,225.14285714285714,-0.0,51782515.0,4.347854814368463
South Korea,2020-08-17,15761.0,246.0,256.7142857142857,-0.0,51782515.0,4.957547653185361
South Korea,2020-08-18,16058.0,297.0,280.42857142857144,-0.0,51782515.0,5.415506980079501
South Korea,2020-08-19,16346.0,288.0,297.2857142857143,-0.0,51782515.0,5.741044332931962
South Korea,2020-08-20,16670.0,324.0,307.14285714285717,-0.0,51782515.0,5.931400920616876
South Korea,2020-08-21,17002.0,332.0,312.0,-0.0,51782515.0,6.0251998188963976
South Korea,2020-08-22,17399.0,397.0,315.2857142857143,-0.0,51782515.0,6.088652014791369
South Korea,2020-08-23,17665.0,266.0,337.14285714285717,-0.0,51782515.0,6.510747057049222
South Korea,2020-08-24,17945.0,280.0,343.85714285714283,-0.0,51782515.0,6.640410239965031
South Korea,2020-08-25,18265.0,320.0,342.57142857142856,-0.0,51782515.0,6.615581119832216
South Korea,2020-08-26,18706.0,441.0,328.57142857142856,-0.0,51782515.0,6.3452195894971215
South Korea,2020-08-27,19077.0,371.0,326.0,-0.0,51782515.0,6.295561349231492
South Korea,2020-08-28,19400.0,323.0,319.57142857142856,-0.0,51782515.0,6.1714157485674175
South Korea,2020-08-29,19699.0,299.0,312.0,-0.0,51782515.0,6.0251998188963976
South Korea,2020-08-30,19947.0,248.0,276.85714285714283,-0.0,51782515.0,5.346537201932792
South Korea,2020-08-31,20182.0,235.0,252.14285714285714,-0.0,51782515.0,4.8692663371575735
South Korea,2020-09-01,20449.0,267.0,230.0,-0.0,51782515.0,4.441653712647986
South Korea,2020-09-02,20644.0,195.0,211.14285714285714,-0.0,51782515.0,4.077493284033368
South Korea,2020-09-03,20842.0,198.0,192.71428571428572,-0.0,51782515.0,3.721609228796356
South Korea,2020-09-04,21010.0,168.0,178.57142857142858,-0.0,51782515.0,3.448488907335393
South Korea,2020-09-05,21177.0,167.0,162.71428571428572,-0.0,51782515.0,3.1422630923640096
South Korea,2020-09-06,21296.0,119.0,157.0,-0.0,51782515.0,3.031911447329277
South Korea,2020-09-07,21432.0,136.0,153.85714285714286,-0.0,51782515.0,2.9712180425601744
South Korea,2020-09-08,21588.0,156.0,149.28571428571428,-0.0,51782515.0,2.882936726532388
South Korea,2020-09-09,21743.0,155.0,142.71428571428572,-0.0,51782515.0,2.7560323347424456
South Korea,2020-09-10,21919.0,176.0,141.28571428571428,-0.0,51782515.0,2.7284444234837624
South Korea,2020-09-11,22055.0,136.0,137.0,-0.0,51782515.0,2.645680689707713
South Korea,2020-09-12,22176.0,121.0,130.85714285714286,-0.0,51782515.0,2.5270526712953756
South Korea,2020-09-13,22285.0,109.0,130.57142857142858,-0.0,51782515.0,2.521535089043639
South Korea,2020-09-14,22391.0,106.0,123.42857142857143,-0.0,51782515.0,2.383595532750223
South Korea,2020-09-15,22504.0,113.0,119.71428571428571,-0.0,51782515.0,2.3118669634776468
South Korea,2020-09-16,22657.0,153.0,114.14285714285714,-0.0,51782515.0,2.204274109568783
South Korea,2020-09-17,22783.0,126.0,108.57142857142857,-0.0,51782515.0,2.096681255659919
South Korea,2020-09-18,22893.0,110.0,102.14285714285714,-0.0,51782515.0,1.9725356549958444
South Korea,2020-09-19,22975.0,82.0,101.71428571428571,-0.0,51782515.0,1.9642592816182396
South Korea,2020-09-20,23045.0,70.0,97.71428571428571,-0.0,51782515.0,1.8870131300939268
South Korea,2020-09-21,23106.0,61.0,96.0,-0.0,51782515.0,1.853907636583507
South Korea,2020-09-22,23216.0,110.0,89.0,-0.0,51782515.0,1.7187268714159596
South Korea,2020-09-23,23341.0,125.0,90.85714285714286,-0.0,51782515.0,1.7545911560522478
South Korea,2020-09-24,23455.0,114.0,88.0,-0.0,51782515.0,1.6994153335348814
South Korea,2020-09-25,23516.0,61.0,84.71428571428571,-0.0,51782515.0,1.63596313763991
South Korea,2020-09-26,23611.0,95.0,85.14285714285714,-0.0,51782515.0,1.6442395110175152
South Korea,2020-09-27,23661.0,50.0,78.28571428571429,-0.0,51782515.0,1.5118175369758362
South Korea,2020-09-28,23699.0,38.0,71.0,-0.0,51782515.0,1.371119189556552
South Korea,2020-09-29,23812.0,113.0,73.0,-0.0,51782515.0,1.4097422653187084
South Korea,2020-09-30,23889.0,77.0,68.57142857142857,-0.0,51782515.0,1.3242197404167906
South Korea,2020-10-01,23952.0,63.0,71.85714285714286,-0.0,51782515.0,1.387671936311762
South Korea,2020-10-02,24027.0,75.0,77.14285714285714,-0.0,51782515.0,1.4897472079688894
South Korea,2020-10-03,24091.0,64.0,77.28571428571429,-0.0,51782515.0,1.492505999094758
South Korea,2020-10-04,24164.0,73.0,76.14285714285714,-0.0,51782515.0,1.4704356700878112
South Korea,2020-10-05,24239.0,75.0,74.85714285714286,-0.0,51782515.0,1.4456065499549966
South Korea,2020-10-06,24353.0,114.0,74.42857142857143,-0.0,51782515.0,1.4373301765773916
South Korea,2020-10-07,24422.0,69.0,73.57142857142857,-0.0,51782515.0,1.4207774298221816
South Korea,2020-10-08,24476.0,54.0,77.0,-0.0,51782515.0,1.4869884168430212
South Korea,2020-10-09,24548.0,72.0,80.85714285714286,-0.0,51782515.0,1.5614757772414658
South Korea,2020-10-10,24606.0,58.0,76.57142857142857,-0.0,51782515.0,1.4787120434654164
South Korea,2020-10-11,24703.0,97.0,80.85714285714286,-0.0,51782515.0,1.5614757772414658
South Korea,2020-10-12,24805.0,102.0,79.85714285714286,-0.0,51782515.0,1.5421642393603876
South Korea,2020-10-13,24889.0,84.0,80.0,-0.0,51782515.0,1.544923030486256
South Korea,2020-10-14,24988.0,99.0,84.71428571428571,-0.0,51782515.0,1.63596313763991
South Korea,2020-10-15,25035.0,47.0,81.71428571428571,-0.0,51782515.0,1.5780285239966756
South Korea,2020-10-16,25108.0,73.0,75.42857142857143,-0.0,51782515.0,1.4566417144584698
South Korea,2020-10-17,25199.0,91.0,76.42857142857143,-0.0,51782515.0,1.475953252339548
South Korea,2020-10-18,25275.0,76.0,79.28571428571429,-0.0,51782515.0,1.5311290748569142
South Korea,2020-10-19,25333.0,58.0,94.71428571428571,-0.0,51782515.0,1.829078516450692
South Korea,2020-10-20,25424.0,91.0,95.28571428571429,-0.0,51782515.0,1.8401136809541656
South Korea,2020-10-21,25543.0,119.0,91.0,-0.0,51782515.0,1.7573499471781162
South Korea,2020-10-22,25698.0,155.0,97.14285714285714,-0.0,51782515.0,1.8759779655904534
South Korea,2020-10-23,25775.0,77.0,101.42857142857143,-0.0,51782515.0,1.9587416993665028
South Korea,2020-10-24,25836.0,61.0,103.14285714285714,-0.0,51782515.0,1.9918471928769224
South Korea,2020-10-25,25955.0,119.0,104.0,-0.0,51782515.0,2.008399939632133
South Korea,2020-10-26,26043.0,88.0,98.14285714285714,-0.0,51782515.0,1.8952895034715316
South Korea,2020-10-27,26146.0,103.0,105.14285714285714,-0.0,51782515.0,2.030470268639079
South Korea,2020-10-28,26271.0,125.0,114.14285714285714,-0.0,51782515.0,2.204274109568783
South Korea,2020-10-29,26385.0,114.0,111.0,-0.0,51782515.0,2.14358070479968
South Korea,2020-10-30,26511.0,126.0,109.14285714285714,-0.0,51782515.0,2.107716420163392
South Korea,2020-10-31,26635.0,124.0,111.28571428571429,-0.0,51782515.0,2.149098287051417
South Korea,2020-11-01,26732.0,97.0,111.28571428571429,-0.0,51782515.0,2.149098287051417
South Korea,2020-11-02,26807.0,75.0,115.71428571428571,-0.0,51782515.0,2.2346208119533344
South Korea,2020-11-03,26925.0,118.0,110.42857142857143,-0.0,51782515.0,2.132545540296207
South Korea,2020-11-04,27050.0,125.0,113.14285714285714,-0.0,51782515.0,2.1849625716877044
South Korea,2020-11-05,27195.0,145.0,117.28571428571429,-0.0,51782515.0,2.2649675143378856
South Korea,2020-11-06,27284.0,89.0,120.85714285714286,-0.0,51782515.0,2.333937292484594
South Korea,2020-11-07,27427.0,143.0,124.85714285714286,-0.0,51782515.0,2.4111834440089064
South Korea,2020-11-08,27553.0,126.0,127.42857142857143,-0.0,51782515.0,2.4608416842745364
South Korea,2020-11-09,27653.0,100.0,134.0,-0.0,51782515.0,2.5877460760644784
South Korea,2020-11-10,27799.0,146.0,150.57142857142858,-0.0,51782515.0,2.907765846665203
South Korea,2020-11-11,27942.0,143.0,159.85714285714286,-0.0,51782515.0,3.087087269846643
South Korea,2020-11-12,28133.0,191.0,173.71428571428572,-0.0,51782515.0,3.3546900090558696
South Korea,2020-11-13,28338.0,205.0,192.14285714285714,-0.0,51782515.0,3.7105740642928824
South Korea,2020-11-14,28546.0,208.0,216.0,-0.0,51782515.0,4.17129218231289
South Korea,2020-11-15,28769.0,223.0,244.57142857142858,-0.0,51782515.0,4.723050407486554
South Korea,2020-11-16,28998.0,229.0,269.14285714285717,-0.0,51782515.0,5.197562481135904
South Korea,2020-11-17,29311.0,313.0,295.0,-0.0,51782515.0,5.696903674918069
South Korea,2020-11-18,29654.0,343.0,312.42857142857144,-0.0,51782515.0,6.033476192274003
South Korea,2020-11-19,30017.0,363.0,319.2857142857143,-0.0,51782515.0,6.1658981663156816
South Korea,2020-11-20,30403.0,386.0,336.42857142857144,-0.0,51782515.0,6.49695310141988
South Korea,2020-11-21,30733.0,330.0,346.2857142857143,-0.0,51782515.0,6.687309689104793
South Korea,2020-11-22,31004.0,271.0,380.57142857142856,-0.0,51782515.0,7.349419559313189
South Korea,2020-11-23,31353.0,349.0,410.0,-0.0,51782515.0,7.917730531242061
South Korea,2020-11-24,31735.0,382.0,424.57142857142856,-0.0,51782515.0,8.199127226080629
South Korea,2020-11-25,32318.0,583.0,441.57142857142856,-0.0,51782515.0,8.527423370058958
South Korea,2020-11-26,32887.0,569.0,456.7142857142857,-0.0,51782515.0,8.819855229401
South Korea,2020-11-27,33375.0,488.0,471.2857142857143,-0.0,51782515.0,9.101251924239568
South Korea,2020-11-28,33824.0,449.0,489.7142857142857,-0.0,51782515.0,9.45713597947658
South Korea,2020-11-29,34201.0,377.0,483.57142857142856,-0.0,51782515.0,9.338507961064243
South Korea,2020-11-30,34652.0,451.0,492.14285714285717,-0.0,51782515.0,9.504035428616342
South Korea,2020-12-01,35163.0,511.0,505.7142857142857,-0.0,51782515.0,9.766120585573832
South Korea,2020-12-02,35703.0,540.0,531.7142857142857,-0.0,51782515.0,10.268220570481864
South Korea,2020-12-03,36332.0,629.0,565.7142857142857,-0.0,51782515.0,10.924812858438523
South Korea,2020-12-04,36915.0,583.0,586.1428571428571,-0.0,51782515.0,11.319319989437693
South Korea,2020-12-05,37546.0,631.0,609.8571428571429,-0.0,51782515.0,11.777279316331832
South Korea,2020-12-06,38161.0,615.0,627.8571428571429,-0.0,51782515.0,12.12488699819124
South Korea,2020-12-07,38755.0,594.0,636.2857142857143,-0.0,51782515.0,12.28765567461747
South Korea,2020-12-08,39432.0,677.0,688.7142857142857,-0.0,51782515.0,13.30013201781114
South Korea,2020-12-09,40098.0,666.0,745.7142857142857,-0.0,51782515.0,14.400889677032598
South Korea,2020-12-10,40786.0,688.0,760.4285714285714,-0.0,51782515.0,14.685045162997035
South Korea,2020-12-11,41736.0,950.0,801.2857142857143,-0.0,51782515.0,15.474059424995376
South Korea,2020-12-12,42766.0,1030.0,858.5714285714286,-0.0,51782515.0,16.580334666468566
South Korea,2020-12-13,43484.0,718.0,907.8571428571429,-0.0,51782515.0,17.532117604893138
South Korea,2020-12-14,44364.0,880.0,961.2857142857143,-0.0,51782515.0,18.563905485967886
South Korea,2020-12-15,45442.0,1078.0,976.2857142857143,-0.0,51782515.0,18.85357855418406
South Korea,2020-12-16,46453.0,1011.0,985.5714285714286,-0.0,51782515.0,19.0328999773655
South Korea,2020-12-17,47515.0,1062.0,1015.2857142857143,-0.0,51782515.0,19.606728531546107
South Korea,2020-12-18,48570.0,1055.0,1013.7142857142857,-0.0,51782515.0,19.576381829161555
South Korea,2020-12-19,49665.0,1095.0,1015.4285714285714,-0.0,51782515.0,19.609487322671978
South Korea,2020-12-20,50591.0,926.0,1011.4285714285714,-0.0,51782515.0,19.532241171147664
South Korea,2020-12-21,51460.0,869.0,1036.4285714285713,-0.0,51782515.0,20.015029618174616
South Korea,2020-12-22,52550.0,1090.0,1047.4285714285713,-0.0,51782515.0,20.227456534866477
South Korea,2020-12-23,53533.0,983.0,1029.5714285714287,-0.0,51782515.0,19.882607644132943
South Korea,2020-12-24,54770.0,1237.0,1012.7142857142857,-0.0,51782515.0,19.557070291280475
South Korea,2020-12-25,55902.0,1132.0,1037.857142857143,-0.0,51782515.0,20.0426175294333
South Korea,2020-12-26,56872.0,970.0,1031.857142857143,-0.0,51782515.0,19.92674830214683
South Korea,2020-12-27,57680.0,808.0,1029.5714285714287,-0.0,51782515.0,19.882607644132943
South Korea,2020-12-28,58725.0,1045.0,999.8571428571429,-0.0,51782515.0,19.30877908995233
South Korea,2020-12-29,59773.0,1048.0,955.8571428571429,-0.0,51782515.0,18.459071423184888
South Korea,2020-12-30,60740.0,967.0,910.2857142857143,-0.0,51782515.0,17.5790170540329
South Korea,2020-12-31,61769.0,1029.0,940.5714285714286,-0.0,51782515.0,18.16388077271698
South Korea,2021-01-01,62593.0,824.0,893.4285714285714,-0.0,51782515.0,17.253479701180435
South Korea,2021-01-02,63244.0,651.0,863.5714285714286,-0.0,51782515.0,16.676892355873957
South Korea,2021-01-03,64264.0,1020.0,849.4285714285714,-0.0,51782515.0,16.403772034412995
South Korea,2021-01-04,64979.0,715.0,798.4285714285714,-0.0,51782515.0,15.418883602478008
South Korea,2021-01-05,65818.0,839.0,772.2857142857143,-0.0,51782515.0,14.914024826444106
South Korea,2021-01-06,66686.0,868.0,774.2857142857143,-0.0,51782515.0,14.952647902206262
South Korea,2021-01-07,67358.0,672.0,692.8571428571429,-0.0,51782515.0,13.380136960461323
South Korea,2021-01-08,67999.0,641.0,667.4285714285714,-0.0,51782515.0,12.889072140056763
South Korea,2021-01-09,68664.0,665.0,627.7142857142857,-0.0,51782515.0,12.122128207065371
South Korea,2021-01-10,69114.0,450.0,577.4285714285714,-0.0,51782515.0,11.151033730759726
South Korea,2021-01-11,69651.0,537.0,554.7142857142857,-0.0,51782515.0,10.712385941746662
South Korea,2021-01-12,70212.0,561.0,545.8571428571429,-0.0,51782515.0,10.541340891942829
South Korea,2021-01-13,70728.0,516.0,525.1428571428571,-0.0,51782515.0,10.141316178691921
South Korea,2021-01-14,71241.0,513.0,516.4285714285714,-0.0,51782515.0,9.973029920013955
South Korea,2021-01-15,71820.0,579.0,494.85714285714283,-0.0,51782515.0,9.55645246000784
South Korea,2021-01-16,72340.0,520.0,472.2857142857143,-0.0,51782515.0,9.120563462120646
South Korea,2021-01-17,72729.0,389.0,455.7142857142857,-0.0,51782515.0,8.800543691519922
South Korea,2021-01-18,73115.0,386.0,431.57142857142856,-0.0,51782515.0,8.334307991248176
South Korea,2021-01-19,73518.0,403.0,410.2857142857143,-0.0,51782515.0,7.9232481134937975
South Korea,2021-01-20,73918.0,400.0,392.0,-0.0,51782515.0,7.570122849382654
South Korea,2021-01-21,74262.0,344.0,398.85714285714283,-0.0,51782515.0,7.702544823424333
South Korea,2021-01-22,74692.0,430.0,394.2857142857143,-0.0,51782515.0,7.614263507396546
South Korea,2021-01-23,75084.0,392.0,415.85714285714283,-0.0,51782515.0,8.030840967402662
South Korea,2021-01-24,75521.0,437.0,429.7142857142857,-0.0,51782515.0,8.29844370661189
South Korea,2021-01-25,75875.0,354.0,447.57142857142856,-0.0,51782515.0,8.643292597345427
South Korea,2021-01-26,76429.0,554.0,451.14285714285717,-0.0,51782515.0,8.712262375492136
South Korea,2021-01-27,76926.0,497.0,445.85714285714283,-0.0,51782515.0,8.610187103835008
South Korea,2021-01-28,77395.0,469.0,426.7142857142857,-0.0,51782515.0,8.240509092968654
South Korea,2021-01-29,77850.0,455.0,424.14285714285717,-0.0,51782515.0,8.190850852703024
South Korea,2021-01-30,78205.0,355.0,411.7142857142857,-0.0,51782515.0,7.950836024752482
South Korea,2021-01-31,78508.0,303.0,405.14285714285717,-0.0,51782515.0,7.823931632962538
South Korea,2021-02-01,78844.0,336.0,390.85714285714283,-0.0,51782515.0,7.548052520375707
South Korea,2021-02-02,79311.0,467.0,382.0,-0.0,51782515.0,7.377007470571872
South Korea,2021-02-03,79762.0,451.0,384.42857142857144,-0.0,51782515.0,7.423906919711634
South Korea,2021-02-04,80131.0,369.0,382.42857142857144,-0.0,51782515.0,7.385283843949477
South Korea,2021-02-05,80524.0,393.0,377.57142857142856,-0.0,51782515.0,7.2914849456699535
South Korea,2021-02-06,80896.0,372.0,374.14285714285717,-0.0,51782515.0,7.225273958649115
South Korea,2021-02-07,81185.0,289.0,381.7142857142857,-0.0,51782515.0,7.371489888320135
South Korea,2021-02-08,81487.0,302.0,386.57142857142856,-0.0,51782515.0,7.465288786599657
South Korea,2021-02-09,81930.0,443.0,382.14285714285717,-0.0,51782515.0,7.37976626169774
South Korea,2021-02-10,82434.0,504.0,375.57142857142856,-0.0,51782515.0,7.252861869907798
South Korea,2021-02-11,82837.0,403.0,383.42857142857144,-0.0,51782515.0,7.404595381830555
South Korea,2021-02-12,83199.0,362.0,405.42857142857144,-0.0,51782515.0,7.829449215214276
South Korea,2021-02-13,83525.0,326.0,430.85714285714283,-0.0,51782515.0,8.320514035618833
South Korea,2021-02-14,83869.0,344.0,447.57142857142856,-0.0,51782515.0,8.643292597345427
South Korea,2021-02-15,84325.0,456.0,470.14285714285717,-0.0,51782515.0,9.07918159523262
South Korea,2021-02-16,84946.0,621.0,482.14285714285717,-0.0,51782515.0,9.31092004980556
South Korea,2021-02-17,85567.0,621.0,495.2857142857143,-0.0,51782515.0,9.564728833385445
South Korea,2021-02-18,86128.0,561.0,493.57142857142856,-0.0,51782515.0,9.531623339875024
South Korea,2021-02-19,86574.0,446.0,479.42857142857144,-0.0,51782515.0,9.258503018414062
South Korea,2021-02-20,86992.0,418.0,453.42857142857144,-0.0,51782515.0,8.756403033506029
South Korea,2021-02-21,87324.0,332.0,421.2857142857143,-0.0,51782515.0,8.135675030185658
South Korea,2021-02-22,87681.0,357.0,399.14285714285717,-0.0,51782515.0,7.7080624056760705
South Korea,2021-02-23,88120.0,439.0,392.42857142857144,-0.0,51782515.0,7.578399222760258
South Korea,2021-02-24,88516.0,396.0,383.42857142857144,-0.0,51782515.0,7.404595381830555
South Korea,2021-02-25,88922.0,406.0,386.7142857142857,-0.0,51782515.0,7.468047577725526
South Korea,2021-02-26,89321.0,399.0,384.42857142857144,-0.0,51782515.0,7.423906919711634
South Korea,2021-02-27,89676.0,355.0,385.14285714285717,-0.0,51782515.0,7.437700875340974
South Korea,2021-02-28,90031.0,355.0,389.14285714285717,-0.0,51782515.0,7.514947026865288
South Korea,2021-03-01,90372.0,341.0,388.0,-0.0,51782515.0,7.492876697858341
South Korea,2021-03-02,90816.0,444.0,390.57142857142856,-0.0,51782515.0,7.5425349381239695
South Korea,2021-03-03,91240.0,424.0,399.2857142857143,-0.0,51782515.0,7.710821196801937
South Korea,2021-03-04,91638.0,398.0,398.0,-0.0,51782515.0,7.685992076669123
South Korea,2021-03-05,92055.0,417.0,413.0,-0.0,51782515.0,7.975665144885295
South Korea,2021-03-06,92471.0,416.0,416.7142857142857,-0.0,51782515.0,8.047393714157872
South Korea,2021-03-07,92817.0,346.0,422.57142857142856,-0.0,51782515.0,8.160504150318472
South Korea,2021-03-08,93263.0,446.0,435.42857142857144,-0.0,51782515.0,8.408795351646623
South Korea,2021-03-09,93733.0,470.0,445.85714285714283,-0.0,51782515.0,8.610187103835008
South Korea,2021-03-10,94198.0,465.0,452.0,-0.0,51782515.0,8.728815122247346
South Korea,2021-03-11,94686.0,488.0,457.14285714285717,-0.0,51782515.0,8.828131602778607
South Korea,2021-03-12,95176.0,490.0,445.2857142857143,-0.0,51782515.0,8.599151939331534
South Korea,2021-03-13,95635.0,459.0,445.14285714285717,-0.0,51782515.0,8.596393148205667
South Korea,2021-03-14,96017.0,382.0,442.2857142857143,-0.0,51782515.0,8.5412173256883
South Korea,2021-03-15,96380.0,363.0,438.7142857142857,-0.0,51782515.0,8.472247547541592
South Korea,2021-03-16,96849.0,469.0,433.2857142857143,-0.0,51782515.0,8.367413484758597
South Korea,2021-03-17,97294.0,445.0,432.85714285714283,-0.0,51782515.0,8.35913711138099
South Korea,2021-03-18,97757.0,463.0,436.85714285714283,-0.0,51782515.0,8.436383262905304
South Korea,2021-03-19,98209.0,452.0,434.42857142857144,-0.0,51782515.0,8.389483813765544
South Korea,2021-03-20,98665.0,456.0,428.14285714285717,-0.0,51782515.0,8.268097004227338
South Korea,2021-03-21,99075.0,410.0,426.0,-0.0,51782515.0,8.226715137339312
South Korea,2021-03-22,99421.0,346.0,430.42857142857144,-0.0,51782515.0,8.31223766224123
South Korea,2021-03-23,99846.0,425.0,438.0,-0.0,51782515.0,8.458453591912251
South Korea,2021-03-24,100276.0,430.0,441.7142857142857,-0.0,51782515.0,8.530182161184827
South Korea,2021-03-25,100770.0,494.0,438.0,-0.0,51782515.0,8.458453591912251
South Korea,2021-03-26,101275.0,505.0,451.57142857142856,-0.0,51782515.0,8.720538748869739
South Korea,2021-03-27,101757.0,482.0,463.14285714285717,-0.0,51782515.0,8.944000830065074
South Korea,2021-03-28,102141.0,384.0,480.42857142857144,-0.0,51782515.0,9.27781455629514
South Korea,2021-03-29,102582.0,441.0,489.14285714285717,-0.0,51782515.0,9.446100814973107
South Korea,2021-03-30,103088.0,506.0,494.42857142857144,-0.0,51782515.0,9.548176086630233
South Korea,2021-03-31,103639.0,551.0,503.14285714285717,-0.0,51782515.0,9.716462345308203
South Korea,2021-04-01,104194.0,555.0,515.8571428571429,-0.0,51782515.0,9.961994755510482
South Korea,2021-04-02,104736.0,542.0,521.1428571428571,-0.0,51782515.0,10.064070027167608
South Korea,2021-04-03,105279.0,543.0,544.2857142857143,-0.0,51782515.0,10.510994189558277
South Korea,2021-04-04,105752.0,473.0,565.5714285714286,-0.0,51782515.0,10.922054067312656
South Korea,2021-04-05,106230.0,478.0,582.1428571428571,-0.0,51782515.0,11.242073837913379
South Korea,2021-04-06,106898.0,668.0,601.2857142857143,-0.0,51782515.0,11.611751848779734
South Korea,2021-04-07,107598.0,700.0,611.4285714285714,-0.0,51782515.0,11.807626018716384
South Korea,2021-04-08,108269.0,671.0,627.7142857142857,-0.0,51782515.0,12.122128207065371
South Korea,2021-04-09,108945.0,676.0,636.8571428571429,-0.0,51782515.0,12.298690839120944
South Korea,2021-04-10,109559.0,614.0,645.8571428571429,-0.0,51782515.0,12.47249468005065
South Korea,2021-04-11,110146.0,587.0,645.5714285714286,-0.0,51782515.0,12.46697709779891
South Korea,2021-04-12,110688.0,542.0,645.7142857142857,-0.0,51782515.0,12.46973588892478
South Korea,2021-04-13,111419.0,731.0,642.7142857142857,-0.0,51782515.0,12.411801275281544
South Korea,2021-04-14,112117.0,698.0,650.8571428571429,-0.0,51782515.0,12.569052369456038
South Korea,2021-04-15,112789.0,672.0,642.8571428571429,-0.0,51782515.0,12.414560066407414
South Korea,2021-04-16,113444.0,655.0,643.8571428571429,-0.0,51782515.0,12.433871604288493
South Korea,2021-04-17,114115.0,671.0,643.8571428571429,-0.0,51782515.0,12.433871604288493
South Korea,2021-04-18,114646.0,531.0,649.1428571428571,-0.0,51782515.0,12.535946875945617
South Korea,2021-04-19,115195.0,549.0,667.0,-0.0,51782515.0,12.880795766679158
South Korea,2021-04-20,115926.0,731.0,685.5714285714286,-0.0,51782515.0,13.239438613042038
South Korea,2021-04-21,116661.0,735.0,681.7142857142857,-0.0,51782515.0,13.164951252643593
South Korea,2021-04-22,117458.0,797.0,677.2857142857143,-0.0,51782515.0,13.079428727741677
South Korea,2021-04-23,118243.0,785.0,671.8571428571429,-0.0,51782515.0,12.974594664958682
South Korea,2021-04-24,118887.0,644.0,678.1428571428571,-0.0,51782515.0,13.095981474496886
South Korea,2021-04-25,119387.0,500.0,670.0,-0.0,51782515.0,12.938730380322394
South Korea,2021-04-26,119898.0,511.0,649.8571428571429,-0.0,51782515.0,12.54974083157496
South Korea,2021-04-27,120673.0,775.0,627.2857142857143,-0.0,51782515.0,12.113851833687768
South Korea,2021-04-28,121351.0,678.0,621.8571428571429,-0.0,51782515.0,12.009017770904771
South Korea,2021-04-29,122007.0,656.0,620.1428571428571,-0.0,51782515.0,11.97591227739435
South Korea,2021-04-30,122634.0,627.0,624.4285714285714,-0.0,51782515.0,12.0586760111704
South Korea,2021-05-01,123240.0,606.0,610.2857142857143,-0.0,51782515.0,11.785555689709438
South Korea,2021-05-02,123728.0,488.0,595.4285714285714,-0.0,51782515.0,11.498641412619133
South Korea,2021-05-03,124269.0,541.0,576.7142857142857,-0.0,51782515.0,11.137239775130382
South Korea,2021-05-04,124945.0,676.0,587.2857142857143,-0.0,51782515.0,11.341390318444638
South Korea,2021-05-05,125519.0,574.0,581.2857142857143,-0.0,51782515.0,11.225521091158171
South Korea,2021-05-06,126044.0,525.0,577.7142857142857,-0.0,51782515.0,11.15655131301146
South Korea,2021-05-07,126745.0,701.0,573.4285714285714,-0.0,51782515.0,11.073787579235413
South Korea,2021-05-08,127309.0,564.0,567.5714285714286,-0.0,51782515.0,10.960677143074811
South Korea,2021-05-09,127772.0,463.0,587.7142857142857,-0.0,51782515.0,11.349666691822243
South Korea,2021-05-10,128283.0,511.0,619.4285714285714,-0.0,51782515.0,11.962118321765011
South Korea,2021-05-11,128918.0,635.0,616.5714285714286,-0.0,51782515.0,11.906942499247643
South Korea,2021-05-12,129633.0,715.0,623.1428571428571,-0.0,51782515.0,12.033846891037586
South Korea,2021-05-13,130380.0,747.0,645.4285714285714,-0.0,51782515.0,12.464218306673043
South Korea,2021-05-14,131061.0,681.0,647.8571428571429,-0.0,51782515.0,12.511117755812805
South Korea,2021-05-15,131671.0,610.0,650.4285714285714,-0.0,51782515.0,12.560775996078434
South Korea,2021-05-16,132290.0,619.0,640.5714285714286,-0.0,51782515.0,12.37041940839352
South Korea,2021-05-17,132818.0,528.0,614.0,-0.0,51782515.0,11.857284258982013
South Korea,2021-05-18,133471.0,653.0,611.8571428571429,-0.0,51782515.0,11.815902392093989
South Korea,2021-05-19,134117.0,646.0,608.2857142857143,-0.0,51782515.0,11.746932613947282
South Korea,2021-05-20,134678.0,561.0,596.7142857142857,-0.0,51782515.0,11.523470532751947
South Korea,2021-05-21,135344.0,666.0,595.0,-0.0,51782515.0,11.490365039241528
South Korea,2021-05-22,135929.0,585.0,601.5714285714286,-0.0,51782515.0,11.61726943103147
South Korea,2021-05-23,136467.0,538.0,599.1428571428571,-0.0,51782515.0,11.570369981891707
South Korea,2021-05-24,136983.0,516.0,602.8571428571429,-0.0,51782515.0,11.642098551164286
South Korea,2021-05-25,137682.0,699.0,583.8571428571429,-0.0,51782515.0,11.2751793314238
South Korea,2021-05-26,138311.0,629.0,568.7142857142857,-0.0,51782515.0,10.982747472081757
South Korea,2021-05-27,138898.0,587.0,553.2857142857143,-0.0,51782515.0,10.68479803048798
South Korea,2021-05-28,139431.0,533.0,545.1428571428571,-0.0,51782515.0,10.527546936313486
South Korea,2021-05-29,139910.0,479.0,542.0,-0.0,51782515.0,10.466853531544384
South Korea,2021-05-30,140340.0,430.0,549.4285714285714,-0.0,51782515.0,10.610310670089536
South Korea,2021-05-31,140799.0,459.0,564.8571428571429,-0.0,51782515.0,10.908260111683314
South Korea,2021-06-01,141476.0,677.0,595.0,-0.0,51782515.0,11.490365039241528
South Korea,2021-06-02,142157.0,681.0,606.0,-0.0,51782515.0,11.702791955933387
South Korea,2021-06-03,142852.0,695.0,613.8571428571429,-0.0,51782515.0,11.854525467856146
South Korea,2021-06-04,143596.0,744.0,613.1428571428571,-0.0,51782515.0,11.840731512226803
South Korea,2021-06-05,144152.0,556.0,602.2857142857143,-0.0,51782515.0,11.631063386660813
South Korea,2021-06-06,144637.0,485.0,592.2857142857143,-0.0,51782515.0,11.43794800785003
South Korea,2021-06-07,145091.0,454.0,572.4285714285714,-0.0,51782515.0,11.054476041354334
South Korea,2021-06-08,145692.0,601.0,546.5714285714286,-0.0,51782515.0,10.55513484757217
South Korea,2021-06-09,146303.0,611.0,531.7142857142857,-0.0,51782515.0,10.268220570481864
South Korea,2021-06-10,146859.0,556.0,519.4285714285714,-0.0,51782515.0,10.03096453365719
South Korea,2021-06-11,147422.0,563.0,508.0,-0.0,51782515.0,9.810261243587725
South Korea,2021-06-12,147874.0,452.0,499.85714285714283,-0.0,51782515.0,9.65301014941323
South Korea,2021-06-13,148273.0,399.0,489.7142857142857,-0.0,51782515.0,9.45713597947658
South Korea,2021-06-14,148647.0,374.0,482.7142857142857,-0.0,51782515.0,9.321955214309032
South Korea,2021-06-15,149191.0,544.0,471.14285714285717,-0.0,51782515.0,9.0984931331137
South Korea,2021-06-16,149731.0,540.0,467.85714285714283,-0.0,51782515.0,9.035040937218728
South Korea,2021-06-17,150238.0,507.0,461.85714285714283,-0.0,51782515.0,8.91917170993226
South Korea,2021-06-18,150720.0,482.0,464.85714285714283,-0.0,51782515.0,8.977106323575494
South Korea,2021-06-19,151149.0,429.0,479.14285714285717,-0.0,51782515.0,9.252985436162325
South Korea,2021-06-20,151506.0,357.0,489.14285714285717,-0.0,51782515.0,9.446100814973107
South Korea,2021-06-21,151901.0,395.0,507.2857142857143,-0.0,51782515.0,9.796467287958382
South Korea,2021-06-22,152545.0,644.0,533.8571428571429,-0.0,51782515.0,10.30960243736989
South Korea,2021-06-23,153155.0,610.0,560.2857142857143,-0.0,51782515.0,10.819978795655528
South Korea,2021-06-24,153789.0,634.0,580.8571428571429,-0.0,51782515.0,11.217244717780565
South Korea,2021-06-25,154457.0,668.0,609.4285714285714,-0.0,51782515.0,11.769002942954229
South Korea,2021-06-26,155071.0,614.0,630.8571428571429,-0.0,51782515.0,12.182821611834475
South Korea,2021-06-27,155572.0,501.0,652.5714285714286,-0.0,51782515.0,12.60215786296646
South Korea,2021-06-28,156167.0,595.0,680.0,-0.0,51782515.0,13.131845759133174
South Korea,2021-06-29,156961.0,794.0,697.8571428571429,-0.0,51782515.0,13.476694649866714
South Korea,2021-06-30,157723.0,762.0,716.1428571428571,-0.0,51782515.0,13.829819913977857
South Korea,2021-07-01,158549.0,826.0,746.1428571428571,-0.0,51782515.0,14.409166050410203
South Korea,2021-07-02,159342.0,793.0,767.7142857142857,-0.0,51782515.0,14.825743510416318
South Korea,2021-07-03,160084.0,742.0,827.4285714285714,-0.0,51782515.0,15.978918201029273
South Korea,2021-07-04,160795.0,711.0,900.7142857142857,-0.0,51782515.0,17.39417804859972
South Korea,2021-07-05,161541.0,746.0,970.7142857142857,-0.0,51782515.0,18.745985700275195
South Korea,2021-07-06,162753.0,1212.0,1054.2857142857142,-0.0,51782515.0,20.359878508908157
South Korea,2021-07-07,164028.0,1275.0,1137.4285714285713,-0.0,51782515.0,21.965494944163513
South Korea,2021-07-08,165344.0,1316.0,1193.0,-0.0,51782515.0,23.03866469212629
South Korea,2021-07-09,166722.0,1378.0,1250.7142857142858,-0.0,51782515.0,24.153216306977093
South Korea,2021-07-10,168046.0,1324.0,1308.2857142857142,-0.0,51782515.0,25.26500913070202
South Korea,2021-07-11,169146.0,1100.0,1354.7142857142858,-0.0,51782515.0,26.16161624660922
South Korea,2021-07-12,170296.0,1150.0,1386.0,-0.0,51782515.0,26.76579150317438
South Korea,2021-07-13,171911.0,1615.0,1396.857142857143,-0.0,51782515.0,26.975459628740374
South Korea,2021-07-14,173511.0,1600.0,1415.0,-0.0,51782515.0,27.325826101725653
South Korea,2021-07-15,175046.0,1535.0,1436.7142857142858,-0.0,51782515.0,27.745162352857633
South Korea,2021-07-16,176500.0,1454.0,1455.0,-0.0,51782515.0,28.09828761696878
South Korea,2021-07-17,177951.0,1451.0,1479.142857142857,-0.0,51782515.0,28.564523317240525
South Korea,2021-07-18,179203.0,1252.0,1513.142857142857,-0.0,51782515.0,29.22111560519718
South Korea,2021-07-19,180481.0,1278.0,1526.7142857142858,-0.0,51782515.0,29.48320076215467
South Korea,2021-07-20,182265.0,1784.0,1551.7142857142858,-0.0,51782515.0,29.96598920918163
South Korea,2021-07-21,184103.0,1838.0,1556.7142857142858,-0.0,51782515.0,30.06254689858702
South Korea,2021-07-22,185733.0,1630.0,1566.142857142857,-0.0,51782515.0,30.244627112894324
South Korea,2021-07-23,187362.0,1629.0,1578.5714285714287,-0.0,51782515.0,30.48464194084487
South Korea,2021-07-24,188848.0,1486.0,1594.5714285714287,-0.0,51782515.0,30.793626546942125
South Korea,2021-07-25,190166.0,1318.0,1570.857142857143,-0.0,51782515.0,30.33566722004798
South Korea,2021-07-26,191531.0,1365.0,1581.857142857143,-0.0,51782515.0,30.548094136739838
South Korea,2021-07-27,193427.0,1896.0,1569.0,-0.0,51782515.0,30.299802935411694
South Korea,2021-07-28,195099.0,1672.0,1562.7142857142858,-0.0,51782515.0,30.178416125873486
South Korea,2021-07-29,196806.0,1707.0,1548.0,-0.0,51782515.0,29.894260639909053
South Korea,2021-07-30,198345.0,1539.0,1524.5714285714287,-0.0,51782515.0,29.44181889526665
South Korea,2021-07-31,199787.0,1442.0,1499.857142857143,-0.0,51782515.0,28.96454803049143
South Korea,2021-08-01,201002.0,1215.0,1514.7142857142858,-0.0,51782515.0,29.251462307581736
South Korea,2021-08-02,202203.0,1201.0,1514.2857142857142,-0.0,51782515.0,29.243185934204128
South Korea,2021-08-03,203926.0,1723.0,1554.7142857142858,-0.0,51782515.0,30.023923822824862
South Korea,2021-08-04,205702.0,1776.0,1595.5714285714287,-0.0,51782515.0,30.8129380848232
South Korea,2021-08-05,207406.0,1704.0,1635.142857142857,-0.0,51782515.0,31.57712322668872
South Korea,2021-08-06,209228.0,1822.0,1683.4285714285713,-0.0,51782515.0,32.50959462723221
South Korea,2021-08-07,210956.0,1728.0,1754.2857142857142,-0.0,51782515.0,33.8779550256629
South Korea,2021-08-08,212448.0,1492.0,1784.2857142857142,-0.0,51782515.0,34.45730116209524
South Korea,2021-08-09,213987.0,1539.0,1825.142857142857,-0.0,51782515.0,35.246315424093574
South Korea,2021-08-10,216206.0,2219.0,1840.4285714285713,-0.0,51782515.0,35.54150607456149
South Korea,2021-08-11,218192.0,1986.0,1853.142857142857,-0.0,51782515.0,35.78703848476377
South Korea,2021-08-12,220182.0,1990.0,1861.857142857143,-0.0,51782515.0,35.955324743441736
South Korea,2021-08-13,222111.0,1929.0,1838.142857142857,-0.0,51782515.0,35.497365416547595
South Korea,2021-08-14,223928.0,1817.0,1778.7142857142858,-0.0,51782515.0,34.34970830818638
South Korea,2021-08-15,225481.0,1553.0,1802.2857142857142,-0.0,51782515.0,34.80490884395465
South Korea,2021-08-16,226854.0,1373.0,1811.0,-0.0,51782515.0,34.973195102632616
South Korea,2021-08-17,228657.0,1803.0,1804.0,-0.0,51782515.0,34.83801433746507
South Korea,2021-08-18,230808.0,2151.0,1776.857142857143,-0.0,51782515.0,34.31384402355009
South Korea,2021-08-19,232859.0,2051.0,1757.2857142857142,-0.0,51782515.0,33.93588963930613
South Korea,2021-08-20,234739.0,1880.0,1776.142857142857,-0.0,51782515.0,34.30005006792075
South Korea,2021-08-21,236366.0,1627.0,1826.0,-0.0,51782515.0,35.26286817084879
South Korea,2021-08-22,237782.0,1416.0,1787.0,-0.0,51782515.0,34.50971819348674
South Korea,2021-08-23,239287.0,1505.0,1757.0,-0.0,51782515.0,33.93037205705439
South Korea,2021-08-24,241439.0,2152.0,1744.5714285714287,-0.0,51782515.0,33.69035722910385
South Korea,2021-08-25,243317.0,1878.0,1743.142857142857,-0.0,51782515.0,33.66276931784516
South Korea,2021-08-26,245158.0,1841.0,1752.7142857142858,-0.0,51782515.0,33.847608323278344
South Korea,2021-08-27,246951.0,1793.0,1733.4285714285713,-0.0,51782515.0,33.47517152128612
South Korea,2021-08-28,248568.0,1617.0,1715.142857142857,-0.0,51782515.0,33.12204625717498
South Korea,2021-08-29,250051.0,1483.0,1726.2857142857142,-0.0,51782515.0,33.337231964992704
South Korea,2021-08-30,251421.0,1370.0,1707.4285714285713,-0.0,51782515.0,32.97307153637809
South Korea,2021-08-31,253445.0,2024.0,1708.857142857143,-0.0,51782515.0,33.00065944763677
South Korea,2021-09-01,255401.0,1956.0,1690.857142857143,-0.0,51782515.0,32.65305176577737
South Korea,2021-09-02,257110.0,1709.0,1675.2857142857142,-0.0,51782515.0,32.35234353305772
South Korea,2021-09-03,258913.0,1803.0,1707.5714285714287,-0.0,51782515.0,32.97583032750396
South Korea,2021-09-04,260404.0,1491.0,1711.142857142857,-0.0,51782515.0,33.044800105650666
South Korea,2021-09-05,261778.0,1374.0,1724.142857142857,-0.0,51782515.0,33.29585009810468
South Korea,2021-09-06,263374.0,1596.0,1750.2857142857142,-0.0,51782515.0,33.800708874138586
South Korea,2021-09-07,265423.0,2049.0,1759.142857142857,-0.0,51782515.0,33.971753923942416
South Korea,2021-09-08,267470.0,2047.0,1796.857142857143,-0.0,51782515.0,34.70007478117166
South Korea,2021-09-09,269362.0,1892.0,1805.2857142857142,-0.0,51782515.0,34.86284345759788
South Korea,2021-09-10,271227.0,1865.0,1790.857142857143,-0.0,51782515.0,34.584205553885184
South Korea,2021-09-11,272982.0,1755.0,1795.142857142857,-0.0,51782515.0,34.66696928766123
South Korea,2021-09-12,274415.0,1433.0,1780.0,-0.0,51782515.0,34.374537428319194
South Korea,2021-09-13,275910.0,1495.0,1796.5714285714287,-0.0,51782515.0,34.694557198919924
South Korea,2021-09-14,277989.0,2079.0,1827.857142857143,-0.0,51782515.0,35.29873245548508
South Korea,2021-09-15,279930.0,1941.0,1849.857142857143,-0.0,51782515.0,35.723586288868795
South Korea,2021-09-16,281938.0,2008.0,1874.4285714285713,-0.0,51782515.0,36.198098362518145
South Korea,2021-09-17,284022.0,2084.0,1907.5714285714287,-0.0,51782515.0,36.8381379037196
South Korea,2021-09-18,285931.0,1909.0,1856.2857142857142,-0.0,51782515.0,35.84773188953287
South Korea,2021-09-19,287536.0,1605.0,1824.142857142857,-0.0,51782515.0,35.2270038862125
South Korea,2021-09-20,289263.0,1727.0,1884.857142857143,-0.0,51782515.0,36.39949011470654
South Korea,2021-09-21,290983.0,1720.0,2054.285714285714,-0.0,51782515.0,39.671416389986355
South Korea,2021-09-22,292699.0,1716.0,2177.285714285714,-0.0,51782515.0,42.04673554935897
South Korea,2021-09-23,295132.0,2433.0,2288.1428571428573,-0.0,51782515.0,44.18755746303279
South Korea,2021-09-24,298402.0,3270.0,2368.4285714285716,-0.0,51782515.0,45.73799807577078
South Korea,2021-09-25,301172.0,2770.0,2534.5714285714284,-0.0,51782515.0,48.946472155155625
South Korea,2021-09-26,303553.0,2381.0,2655.714285714286,-0.0,51782515.0,51.28592702989196
South Korea,2021-09-27,305842.0,2289.0,2663.0,-0.0,51782515.0,51.42662537731124
South Korea,2021-09-28,308725.0,2883.0,2516.8571428571427,-0.0,51782515.0,48.60438205554795
South Korea,2021-09-29,311289.0,2564.0,2419.0,-0.0,51782515.0,46.71461013432816
South Korea,2021-09-30,313773.0,2484.0,2317.714285714286,-0.0,51782515.0,44.758627226087526
South Korea,2021-10-01,316020.0,2247.0,2215.714285714286,-0.0,51782515.0,42.78885036221755
South Korea,2021-10-02,318105.0,2085.0,2093.4285714285716,-0.0,51782515.0,40.427325158474275
South Korea,2021-10-03,319777.0,1672.0,2073.5714285714284,-0.0,51782515.0,40.04385319197858
South Korea,2021-10-04,321352.0,1575.0,2029.0,-0.0,51782515.0,39.18311036070766
South Korea,2021-10-05,323379.0,2027.0,1986.4285714285713,-0.0,51782515.0,38.3609906051989
South Korea,2021-10-06,325804.0,2425.0,1916.2857142857142,-0.0,51782515.0,37.006424162397565
South Korea,2021-10-07,327976.0,2172.0,1862.7142857142858,-0.0,51782515.0,35.971877490196945
South Korea,2021-10-08,329925.0,1949.0,1830.142857142857,-0.0,51782515.0,35.34287311349897
South Korea,2021-10-09,331519.0,1594.0,1766.142857142857,-0.0,51782515.0,34.10693468910997
South Korea,2021-10-10,332816.0,1297.0,1696.4285714285713,-0.0,51782515.0,32.760644619686225
South Korea,2021-10-11,334163.0,1347.0,1626.4285714285713,-0.0,51782515.0,31.408836968010753
South Korea,2021-10-12,335742.0,1579.0,1579.0,-0.0,51782515.0,30.492918314222475
South Korea,2021-10-13,337679.0,1937.0,1553.857142857143,-0.0,51782515.0,30.007371076069653
South Korea,2021-10-14,339361.0,1682.0,1518.4285714285713,-0.0,51782515.0,29.32319087685431
South Korea,2021-10-15,340978.0,1617.0,1479.2857142857142,-0.0,51782515.0,28.567282108366392
South Korea,2021-10-16,342396.0,1418.0,1478.0,-0.0,51782515.0,28.542452988233574
South Korea,2021-10-17,343445.0,1049.0,1407.142857142857,-0.0,51782515.0,27.174092589802893
South Korea,2021-10-18,344518.0,1073.0,1372.5714285714287,-0.0,51782515.0,26.50646513734276
South Korea,2021-10-19,346088.0,1570.0,1356.857142857143,-0.0,51782515.0,26.202998113497245
South Korea,2021-10-20,347529.0,1441.0,1357.5714285714287,-0.0,51782515.0,26.21679206912659
South Korea,2021-10-21,348969.0,1440.0,1377.7142857142858,-0.0,51782515.0,26.605781617874023
South Korea,2021-10-22,350476.0,1507.0,1405.2857142857142,-0.0,51782515.0,27.138228305166606
South Korea,2021-10-23,351899.0,1423.0,1459.5714285714287,-0.0,51782515.0,28.18656893299657
South Korea,2021-10-24,353089.0,1190.0,1554.7142857142858,-0.0,51782515.0,30.023923822824862
South Korea,2021-10-25,354355.0,1266.0,1652.4285714285713,-0.0,51782515.0,31.910936952918785
South Korea,2021-10-26,356305.0,1950.0,1737.5714285714287,-0.0,51782515.0,33.555176463936306
South Korea,2021-10-27,358412.0,2107.0,1828.7142857142858,-0.0,51782515.0,35.31528520224029
South Korea,2021-10-28,360536.0,2124.0,1899.5714285714287,-0.0,51782515.0,36.68364560067097
South Korea,2021-10-29,362639.0,2103.0,1945.5714285714287,-0.0,51782515.0,37.571976343200575
South Korea,2021-10-30,364700.0,2061.0,2047.857142857143,-0.0,51782515.0,39.54727078932228
South Korea,2021-10-31,366386.0,1686.0,2101.1428571428573,-0.0,51782515.0,40.57629987927117
South Korea,2021-11-01,367974.0,1588.0,2132.5714285714284,-0.0,51782515.0,41.18323392696219
South Korea,2021-11-02,370640.0,2666.0,2153.285714285714,-0.0,51782515.0,41.583258640213096
South Korea,2021-11-03,373120.0,2480.0,2176.4285714285716,-0.0,51782515.0,42.03018280260377
South Korea,2021-11-04,375464.0,2344.0,2186.8571428571427,-0.0,51782515.0,42.23157455479215
South Korea,2021-11-05,377712.0,2248.0,2204.714285714286,-0.0,51782515.0,42.57642344552569
South Korea,2021-11-06,379935.0,2223.0,2170.1428571428573,-0.0,51782515.0,41.90879599306556
South Korea,2021-11-07,381694.0,1759.0,2175.8571428571427,-0.0,51782515.0,42.019147638100286
South Korea,2021-11-08,383407.0,1713.0,2179.285714285714,-0.0,51782515.0,42.08535862512113
South Korea,2021-11-09,385831.0,2424.0,2190.0,-0.0,51782515.0,42.29226795956125
South Korea,2021-11-10,388351.0,2520.0,2217.8571428571427,-0.0,51782515.0,42.83023222910557
South Korea,2021-11-11,390719.0,2368.0,2253.1428571428573,-0.0,51782515.0,43.51165363719505
South Korea,2021-11-12,393042.0,2323.0,2312.0,-0.0,51782515.0,44.64827558105279
South Korea,2021-11-13,395460.0,2418.0,2420.5714285714284,-0.0,51782515.0,46.74495683671271
South Korea,2021-11-14,397466.0,2006.0,2530.5714285714284,-0.0,51782515.0,48.86922600363131
South Korea,2021-11-15,399591.0,2125.0,2625.714285714286,-0.0,51782515.0,50.706580893459616
South Korea,2021-11-16,402775.0,3184.0,2752.714285714286,-0.0,51782515.0,53.15914620435654
South Korea,2021-11-17,406065.0,3290.0,2852.1428571428573,-0.0,51782515.0,55.07926482796089
South Korea,2021-11-18,409099.0,3034.0,2969.4285714285716,-0.0,51782515.0,57.34423234229878
South Korea,2021-11-19,412311.0,3212.0,3051.285714285714,-0.0,51782515.0,58.925019657421316
South Korea,2021-11-20,415425.0,3114.0,3184.285714285714,-0.0,51782515.0,61.49345419560471
South Korea,2021-11-21,418252.0,2827.0,3276.714285714286,-0.0,51782515.0,63.27839205404152
South Korea,2021-11-22,420950.0,2698.0,3400.285714285714,-0.0,51782515.0,65.66474637791761
South Korea,2021-11-23,425065.0,4115.0,3522.4285714285716,-0.0,51782515.0,68.02351279053502
South Korea,2021-11-24,429002.0,3937.0,3638.714285714286,-0.0,51782515.0,70.26916876699183
South Korea,2021-11-25,432901.0,3899.0,3706.8571428571427,-0.0,51782515.0,71.58511213403101
South Korea,2021-11-26,436968.0,4067.0,3754.285714285714,-0.0,51782515.0,72.50103078781929
South Korea,2021-11-27,440896.0,3928.0,3897.8571428571427,-0.0,51782515.0,75.27361586931694
South Korea,2021-11-28,444200.0,3304.0,4087.1428571428573,-0.0,51782515.0,78.92901411109247
South Korea,2021-11-29,447230.0,3030.0,4236.285714285715,-0.0,51782515.0,81.80919204649899
South Korea,2021-11-30,452350.0,5120.0,4419.857142857143,-0.0,51782515.0,85.35423864323977
South Korea,2021-12-01,457612.0,5262.0,4591.142857142857,-0.0,51782515.0,88.66202920315587
South Korea,2021-12-02,462555.0,4943.0,4736.857142857143,-0.0,51782515.0,91.47599615154157
South Korea,2021-12-03,467907.0,5352.0,5011.428571428572,-0.0,51782515.0,96.77839269546045
South Korea,2021-12-04,473034.0,5127.0,5304.857142857143,-0.0,51782515.0,102.44494966799398
South Korea,2021-12-05,477358.0,4324.0,5567.428571428572,-0.0,51782515.0,107.51560775733994
South Korea,2021-12-06,482310.0,4952.0,5864.428571428572,-0.0,51782515.0,113.25113450802016
South Korea,2021-12-07,489484.0,7174.0,6096.571428571428,-0.0,51782515.0,117.73417008755617
South Korea,2021-12-08,496584.0,7100.0,6319.571428571428,-0.0,51782515.0,122.0406430350366
South Korea,2021-12-09,503606.0,7022.0,6532.857142857143,-0.0,51782515.0,126.15951818595799
South Korea,2021-12-10,510583.0,6977.0,6620.285714285715,-0.0,51782515.0,127.84789835498941
South Korea,2021-12-11,517271.0,6688.0,6715.857142857143,-0.0,51782515.0,129.6935296181953
South Korea,2021-12-12,523088.0,5817.0,6790.428571428572,-0.0,51782515.0,131.13361858589857
South Korea,2021-12-13,528652.0,5564.0,6849.285714285715,-0.0,51782515.0,132.27024052975634
South Korea,2021-12-14,536495.0,7843.0,6897.285714285715,-0.0,51782515.0,133.19719434804807
South Korea,2021-12-15,544117.0,7622.0,6832.428571428572,-0.0,51782515.0,131.94470317690386
South Korea,2021-12-16,551551.0,7434.0,6760.857142857143,-0.0,51782515.0,130.56254882284384
South Korea,2021-12-17,558864.0,7313.0,6709.0,-0.0,51782515.0,129.56110764415365
South Korea,2021-12-18,565098.0,6234.0,6652.857142857143,-0.0,51782515.0,128.4769027316874
South Korea,2021-12-19,570414.0,5316.0,6551.571428571428,-0.0,51782515.0,126.52091982344675
South Korea,2021-12-20,575615.0,5201.0,6379.714285714285,-0.0,51782515.0,123.20209409902718
South Korea,2021-12-21,583065.0,7450.0,6168.714285714285,-0.0,51782515.0,119.12735960611967
South Korea,2021-12-22,589978.0,6913.0,6052.142857142857,-0.0,51782515.0,116.87618604741111
South Korea,2021-12-23,596209.0,6231.0,5893.714285714285,-0.0,51782515.0,113.81668668882315
South Korea,2021-12-24,602045.0,5836.0,5702.428571428572,-0.0,51782515.0,110.12266537128549
South Korea,2021-12-25,607463.0,5418.0,5410.428571428572,-0.0,51782515.0,104.48369631001066
South Korea,2021-12-26,611670.0,4207.0,5141.285714285715,-0.0,51782515.0,99.28613382887477
South Korea,2021-12-27,615532.0,3862.0,4947.0,-0.0,51782515.0,95.53417789769385
South Korea,2021-12-28,620938.0,5406.0,4744.0,-0.0,51782515.0,91.61393570783498
South Korea,2021-12-29,625967.0,5029.0,4517.142857142857,-0.0,51782515.0,87.23297539995609
South Korea,2021-12-30,630838.0,4871.0,4362.428571428572,-0.0,51782515.0,84.2452046106407
South Korea,2021-12-31,635253.0,4415.0,4242.0,-0.0,51782515.0,81.91954369153372
South Korea,2022-01-01,639083.0,3830.0,4104.428571428572,-0.0,51782515.0,79.26282783732253
South Korea,2022-01-02,642207.0,3124.0,3975.0,-0.0,51782515.0,76.76336307728583
South Korea,2022-01-03,645226.0,3019.0,3810.0,-0.0,51782515.0,73.57695932690794
South Korea,2022-01-04,649669.0,4443.0,3680.285714285714,-0.0,51782515.0,71.07197698461951
South Korea,2022-01-05,653792.0,4123.0,3615.4285714285716,-0.0,51782515.0,69.8194858134753
South Korea,2022-01-06,657508.0,3716.0,3597.5714285714284,-0.0,51782515.0,69.47463692274175
South Korea,2022-01-07,661015.0,3507.0,3608.1428571428573,-0.0,51782515.0,69.67878746605601
South Korea,2022-01-08,664391.0,3376.0,3599.8571428571427,-0.0,51782515.0,69.51877758075564
South Korea,2022-01-09,667390.0,2999.0,3605.4285714285716,-0.0,51782515.0,69.62637043466451
South Korea,2022-01-10,670483.0,3093.0,3722.5714285714284,-0.0,51782515.0,71.88857915787652
South Korea,2022-01-11,674868.0,4385.0,3852.714285714286,-0.0,51782515.0,74.40183787354256
South Korea,2022-01-12,679030.0,4162.0,3969.0,-0.0,51782515.0,76.64749384999938
South Korea,2022-01-13,683566.0,4536.0,4091.714285714286,-0.0,51782515.0,79.01729542712025
South Korea,2022-01-14,687984.0,4418.0,4231.285714285715,-0.0,51782515.0,81.71263435709359
South Korea,2022-01-15,692174.0,4190.0,4433.428571428572,-0.0,51782515.0,85.61632380019725
South Korea,2022-01-16,696032.0,3858.0,4781.857142857143,-0.0,51782515.0,92.34501535619009
South Korea,2022-01-17,700102.0,4070.0,5100.428571428572,-0.0,51782515.0,98.49711956687642
South Korea,2022-01-18,705902.0,5800.0,5470.0,-0.0,51782515.0,105.63411220949774
South Korea,2022-01-19,712503.0,6601.0,5961.142857142857,-0.0,51782515.0,115.118836100233
South Korea,2022-01-20,719269.0,6766.0,6483.0,-0.0,51782515.0,125.19670008302995
South Korea,2022-01-21,726274.0,7005.0,7125.285714285715,-0.0,51782515.0,137.6002249849339
South Korea,2022-01-22,733902.0,7628.0,8154.428571428572,-0.0,51782515.0,157.47455625568924
South Korea,2022-01-23,741413.0,7511.0,9284.857142857143,-0.0,51782515.0,179.30487043468523
South Korea,2022-01-24,749979.0,8566.0,10616.142857142857,-0.0,51782515.0,205.014044936652
South Korea,2022-01-25,762983.0,13004.0,12121.142857142857,-0.0,51782515.0,234.0779094476747
South Korea,2022-01-26,777497.0,14514.0,13533.57142857143,-0.0,51782515.0,261.3540773091347
South Korea,2022-01-27,793582.0,16085.0,14899.42857142857,-0.0,51782515.0,287.7308792635617
South Korea,2022-01-28,811122.0,17540.0,16294.714285714286,-0.0,51782515.0,314.6759921899175
South Korea,2022-01-29,828637.0,17515.0,17332.428571428572,-0.0,51782515.0,334.71585092822494
South Korea,2022-01-30,845709.0,17072.0,18531.0,-0.0,51782515.0,357.8621084742601
South Korea,2022-01-31,864042.0,18333.0,20153.428571428572,-0.0,51782515.0,389.19369929074657
South Korea,2022-02-01,884310.0,20268.0,22842.285714285714,-0.0,51782515.0,441.1196658618399
South Korea,2022-02-02,907214.0,22904.0,25864.428571428572,-0.0,51782515.0,499.48189212958414
South Korea,2022-02-03,934656.0,27442.0,28464.85714285714,-0.0,51782515.0,549.700166993765
South Korea,2022-02-04,971018.0,36362.0,31091.285714285714,-0.0,51782515.0,600.4205418428539
South Korea,2022-02-05,1009688.0,38670.0,35275.57142857143,-0.0,51782515.0,681.2255339195369
South Korea,2022-02-06,1044963.0,35275.0,39735.28571428572,-0.0,51782515.0,767.349475286894
South Korea,2022-02-07,1081681.0,36718.0,43518.71428571428,-0.0,51782515.0,840.4132994643903
South Korea,2022-02-08,1131239.0,49558.0,46169.57142857143,-0.0,51782515.0,891.6054275960028
South Korea,2022-02-09,1185361.0,54122.0,48706.0,-0.0,51782515.0,940.5877640357947
South Korea,2022-02-10,1239287.0,53926.0,51469.0,-0.0,51782515.0,993.9455432012138
South Korea,2022-02-11,1294205.0,54918.0,54391.42857142857,-0.0,51782515.0,1050.3821332631019
South Korea,2022-02-12,1350630.0,56425.0,60230.28571428572,-0.0,51782515.0,1163.1394441595917
South Korea,2022-02-13,1405246.0,54616.0,65802.42857142857,-0.0,51782515.0,1270.746092024085
South Korea,2022-02-14,1462421.0,57175.0,73788.42857142857,-0.0,51782515.0,1424.9680335423755
South Korea,2022-02-15,1552851.0,90430.0,80543.42857142857,-0.0,51782515.0,1555.4174719290586
South Korea,2022-02-16,1645978.0,93127.0,87458.14285714286,-0.0,51782515.0,1688.9512387944628
South Korea,2022-02-17,1755806.0,109828.0,93276.85714285714,-0.0,51782515.0,1801.319560142205
South Korea,2022-02-18,1858009.0,102203.0,99330.42857142857,-0.0,51782515.0,1918.223334100875
South Korea,2022-02-19,1962837.0,104828.0,110904.42857142857,-0.0,51782515.0,2141.735073536474
South Korea,2022-02-20,2058184.0,95347.0,121887.14285714286,-0.0,51782515.0,2353.8281765021043
South Korea,2022-02-21,2157734.0,99550.0,129895.85714285714,-0.0,51782515.0,2508.4887658094076
South Korea,2022-02-22,2329182.0,171448.0,139039.14285714287,-0.0,51782515.0,2685.0596742383573
South Korea,2022-02-23,2499188.0,170006.0,147429.14285714287,-0.0,51782515.0,2847.083477060604
South Korea,2022-02-24,2665077.0,165889.0,153753.14285714287,-0.0,51782515.0,2969.209642620542
South Korea,2022-02-25,2831283.0,166206.0,159387.85714285713,-0.0,51782515.0,3078.0246409981655
South Korea,2022-02-26,2994841.0,163558.0,166214.85714285713,-0.0,51782515.0,3209.8645101122866
South Korea,2022-02-27,3134456.0,139615.0,170328.57142857142,-0.0,51782515.0,3289.3066593727904
South Korea,2022-02-28,3273449.0,138993.0,184749.85714285713,-0.0,51782515.0,3567.8038647380713
South Korea,2022-03-01,3492686.0,219237.0,197338.42857142858,-0.0,51782515.0,3810.908538749587
South Korea,2022-03-02,3691488.0,198802.0,208774.7142857143,-0.0,51782515.0,4031.760803539849
South Korea,2022-03-03,3958326.0,266838.0,218931.57142857142,-0.0,51782515.0,4227.905335006834
South Korea,2022-03-04,4212652.0,254326.0,228034.57142857142,-0.0,51782515.0,4403.698264338289
South Korea,2022-03-05,4456264.0,243612.0,245633.14285714287,-0.0,51782515.0,4743.553743134007
South Korea,2022-03-06,4666977.0,210713.0,264023.14285714284,-0.0,51782515.0,5098.692924767035
South Korea,2022-03-07,4869691.0,202714.0,266328.5714285714,-0.0,51782515.0,5143.214295956298
South Korea,2022-03-08,5212118.0,342427.0,284803.5714285714,-0.0,51782515.0,5499.994958309217
South Korea,2022-03-09,5539650.0,327532.0,300027.0,-0.0,51782515.0,5793.982775846249
South Korea,2022-03-10,5822626.0,282976.0,314177.85714285716,-0.0,51782515.0,6067.25758961026
South Korea,2022-03-11,6206277.0,383651.0,336979.85714285716,-0.0,51782515.0,6507.599276374605
South Korea,2022-03-12,6556453.0,350176.0,345308.14285714284,-0.0,51782515.0,6668.431281430476
South Korea,2022-03-13,6866222.0,309769.0,387277.4285714286,-0.0,51782515.0,7478.922732343699
South Korea,2022-03-14,7228550.0,362328.0,404997.5714285714,-0.0,51782515.0,7821.125942387531
South Korea,2022-03-15,7629275.0,400725.0,404665.85714285716,-0.0,51782515.0,7814.720029393265
South Korea,2022-03-16,8250592.0,621317.0,402456.14285714284,-0.0,51782515.0,7772.047048258333
South Korea,2022-03-17,8657609.0,407017.0,388084.71428571426,-0.0,51782515.0,7494.51266099598
South Korea,2022-03-18,9038938.0,381329.0,386855.71428571426,-0.0,51782515.0,7470.778780940135
South Korea,2022-03-19,9373646.0,334708.0,399710.28571428574,-0.0,51782515.0,7719.020324028019
South Korea,2022-03-20,9582815.0,209169.0,367463.4285714286,-0.0,51782515.0,7096.283920768015
South Korea,2022-03-21,9936540.0,353725.0,357803.28571428574,-0.0,51782515.0,6909.731706045674
South Korea,2022-03-22,10427247.0,490707.0,351253.28571428574,-0.0,51782515.0,6783.241132924612
South Korea,2022-03-23,10822836.0,395589.0,348885.0,-0.0,51782515.0,6737.505893639967
South Korea,2022-03-24,11162232.0,339396.0,345748.4285714286,-0.0,51782515.0,6676.933875680403
South Korea,2022-03-25,11497711.0,335479.0,344841.14285714284,-0.0,51782515.0,6659.412793240012
South Korea,2022-03-26,11815841.0,318130.0,335387.0,-0.0,51782515.0,6476.838755321173
South Korea,2022-03-27,12003054.0,187213.0,324685.0,-0.0,51782515.0,6270.166676917875
South Korea,2022-03-28,12350428.0,347374.0,316226.5714285714,-0.0,51782515.0,6106.821413146337
South Korea,2022-03-29,12774956.0,424528.0,306029.14285714284,-0.0,51782515.0,5909.893384999606
South Korea,2022-03-30,13095631.0,320675.0,294053.5714285714,-0.0,51782515.0,5678.626683709191
South Korea,2022-03-31,13375818.0,280187.0,285478.85714285716,-0.0,51782515.0,5513.0357639611975
South Korea,2022-04-01,13639915.0,264097.0,273853.28571428574,-0.0,51782515.0,5288.52810092916
South Korea,2022-04-02,13874216.0,234301.0,254098.2857142857,-0.0,51782515.0,4907.02867008846
South Korea,2022-04-03,14001406.0,127190.0,240396.2857142857,-0.0,51782515.0,4642.421978041926
South Korea,2022-04-04,14267401.0,265995.0,229696.57142857142,-0.0,51782515.0,4435.794040296641
South Korea,2022-04-05,14553644.0,286243.0,218467.7142857143,-0.0,51782515.0,4218.94754022114
South Korea,2022-04-06,14778405.0,224761.0,208493.42857142858,-0.0,51782515.0,4026.3287438130146
South Korea,2022-04-07,14983694.0,205289.0,203313.14285714287,-0.0,51782515.0,3926.289460006778
South Korea,2022-04-08,15169189.0,185495.0,195410.42857142858,-0.0,51782515.0,3773.6758937148684
South Korea,2022-04-09,15333670.0,164481.0,182428.57142857142,-0.0,51782515.0,3522.976267733837
South Korea,2022-04-10,15424598.0,90928.0,171522.2857142857,-0.0,51782515.0,3312.3591180205462
South Korea,2022-04-11,15635274.0,210676.0,160167.85714285713,-0.0,51782515.0,3093.0876405454064
South Korea,2022-04-12,15830644.0,195370.0,149080.2857142857,-0.0,51782515.0,2878.9695848933893
South Korea,2022-04-13,15979061.0,148417.0,138868.85714285713,-0.0,51782515.0,2681.771195216322
South Korea,2022-04-14,16104869.0,125808.0,132699.57142857142,-0.0,51782515.0,2562.632800445699
South Korea,2022-04-15,16212751.0,107882.0,119523.71428571429,-0.0,51782515.0,2308.1867361157388
South Korea,2022-04-16,16305752.0,93001.0,107510.85714285714,-0.0,51782515.0,2076.1999903414726
South Korea,2022-04-17,16353495.0,47743.0,99283.42857142857,-0.0,51782515.0,1917.315691820464
South Korea,2022-04-18,16471940.0,118445.0,92883.71428571429,-0.0,51782515.0,1793.7273669638157
South Korea,2022-04-19,16583220.0,111280.0,88245.42857142857,-0.0,51782515.0,1704.154936689123
South Korea,2022-04-20,16674045.0,90825.0,84206.0,-0.0,51782515.0,1626.1473588140707
South Korea,2022-04-21,16755055.0,81010.0,82295.57142857143,-0.0,51782515.0,1589.254045087834
South Korea,2022-04-22,16830469.0,75414.0,76846.42857142857,-0.0,51782515.0,1484.0227163827126
South Korea,2022-04-23,16895194.0,64725.0,71915.14285714286,-0.0,51782515.0,1388.7920055088643
South Korea,2022-04-24,16929564.0,34370.0,58940.142857142855,-0.0,51782515.0,1138.2248015018747
South Korea,2022-04-25,17009865.0,80301.0,62794.42857142857,-0.0,51782515.0,1212.656986077802
South Korea,2022-04-26,17086626.0,76761.0,58201.28571428572,-0.0,51782515.0,1123.9563337988839
South Korea,2022-04-27,17086626.0,0.0,54350.71428571428,-0.0,51782515.0,1049.5958777922292
South Korea,2022-04-28,17194616.0,107990.0,52309.857142857145,-0.0,51782515.0,1010.1837877680747
South Korea,2022-04-29,17237878.0,43262.0,48126.857142857145,-0.0,51782515.0,929.4036248115247
South Korea,2022-04-30,17275649.0,37771.0,44166.42857142857,-0.0,51782515.0,852.9216584290773
South Korea,2022-05-01,17295733.0,20084.0,50206.0,-0.0,51782515.0,969.555070857412
South Korea,2022-05-02,17346753.0,51020.0,38595.142857142855,-0.0,51782515.0,745.3315633113389
South Korea,2022-05-03,17395791.0,49038.0,38065.142857142855,-0.0,51782515.0,735.0964482343675
South Korea,2022-05-04,17438068.0,42277.0,38392.71428571428,-0.0,51782515.0,741.4223562859835
South Korea,2022-05-05,17464782.0,26714.0,38466.57142857143,-0.0,51782515.0,742.8486512980575
South Korea,2022-05-06,17504334.0,39552.0,38306.0,-0.0,51782515.0,739.7477700725815
South Korea,2022-05-07,17544398.0,40064.0,37571.857142857145,-0.0,51782515.0,725.5703424767443
South Korea,2022-05-08,17564999.0,20601.0,36658.42857142857,-0.0,51782515.0,707.9306320179421
South Korea,2022-05-09,17614895.0,49896.0,37472.0,-0.0,51782515.0,723.6419474797622
South Korea,2022-05-10,17658794.0,43899.0,36041.857142857145,-0.0,51782515.0,696.0236895186946
South Korea,2022-05-11,17694677.0,35883.0,33951.857142857145,-0.0,51782515.0,655.662575347241
South Korea,2022-05-12,17727086.0,32409.0,32908.28571428572,-0.0,51782515.0,635.5096061727731
South Korea,2022-05-13,17756627.0,29541.0,30790.571428571428,-0.0,51782515.0,594.6132865229011
South Korea,2022-05-14,17782061.0,25434.0,28992.85714285714,-0.0,51782515.0,559.8966589949744
South Korea,2022-05-15,17795357.0,13296.0,27881.714285714286,-0.0,51782515.0,538.4387816179706
South Korea,2022-05-16,17830429.0,35072.0,26838.714285714286,-0.0,51782515.0,518.296847608006
South Korea,2022-05-17,17861744.0,31315.0,25967.428571428572,-0.0,51782515.0,501.4709805313352
South Korea,2022-05-18,17889849.0,28105.0,25090.85714285714,-0.0,51782515.0,484.5430381830071
South Korea,2022-05-19,17914957.0,25108.0,24616.428571428572,-0.0,51782515.0,475.38109285399855
South Korea,2022-05-20,17938399.0,23442.0,23365.14285714286,-0.0,51782515.0,451.216841382518
South Korea,2022-05-21,17957697.0,19298.0,22311.285714285714,-0.0,51782515.0,430.8652392469874
South Korea,2022-05-22,17967672.0,9975.0,20981.571428571428,-0.0,51782515.0,405.1864114474051
South Korea,2022-05-23,17993985.0,26313.0,19761.428571428572,-0.0,51782515.0,381.62357644136387
South Korea,2022-05-24,18017923.0,23938.0,18467.14285714286,-0.0,51782515.0,356.62892884099693
South Korea,2022-05-25,18036720.0,18797.0,17518.0,-0.0,51782515.0,338.2995206007279
South Korea,2022-05-26,18053287.0,16567.0,16970.0,-0.0,51782515.0,327.716797841897
South Korea,2022-05-27,18067669.0,14382.0,15664.714285714286,-0.0,51782515.0,302.50972332483826
South Korea,2022-05-28,18080323.0,12654.0,14498.857142857143,-0.0,51782515.0,279.9952289466269
South Korea,2022-05-29,18086462.0,6139.0,13227.57142857143,-0.0,51782515.0,255.4447467175248
South Korea,2022-05-30,18103638.0,17176.0,12649.714285714286,-0.0,51782515.0,244.2854366133875
South Korea,2022-05-31,18119415.0,15777.0,12311.714285714286,-0.0,51782515.0,237.75813680958305
South Korea,2022-06-01,18129313.0,9898.0,11909.0,-0.0,51782515.0,229.98110462576025
South Korea,2022-06-02,18141835.0,12522.0,11749.42857142857,-0.0,51782515.0,226.89953493816535
South Korea,2022-06-03,18153851.0,12016.0,10177.42857142857,-0.0,51782515.0,196.54179738911043
South Korea,2022-06-04,18163686.0,9835.0,9826.42857142857,-0.0,51782515.0,189.76344759285197
South Korea,2022-06-05,18168708.0,5022.0,10147.57142857143,-0.0,51782515.0,195.96521004380395
South Korea,2022-06-06,18174880.0,6172.0,9687.857142857143,-0.0,51782515.0,187.0874202007597
South Korea,2022-06-07,18188200.0,13320.0,9175.285714285714,-0.0,51782515.0,177.1888776411442
South Korea,2022-06-08,18200346.0,12146.0,8824.857142857143,-0.0,51782515.0,170.42156300938925
South Korea,2022-06-09,18209650.0,9304.0,8654.285714285714,-0.0,51782515.0,167.12756640510244
South Korea,2022-06-10,18218078.0,8428.0,9168.0,-0.0,51782515.0,177.04817929372493
South Korea,2022-06-11,18225460.0,7382.0,8611.285714285714,-0.0,51782515.0,166.2971702762161
South Korea,2022-06-12,18229288.0,3828.0,8015.857142857143,-0.0,51782515.0,154.79852886359697
South Korea,2022-06-13,18239056.0,9768.0,7713.285714285715,-0.0,51782515.0,148.9554092590079
South Korea,2022-06-14,18248479.0,9423.0,7486.142857142857,-0.0,51782515.0,144.56893136887726
South Korea,2022-06-15,18256457.0,7978.0,7298.857142857143,-0.0,51782515.0,140.9521562028639
South Korea,2022-06-16,18263643.0,7186.0,7257.428571428572,-0.0,51782515.0,140.15210677636207
South Korea,2022-06-17,18270481.0,6838.0,7188.142857142857,-0.0,51782515.0,138.81409308031596
South Korea,2022-06-18,18276552.0,6071.0,7123.142857142857,-0.0,51782515.0,137.55884311804587
South Korea,2022-06-19,18280090.0,3538.0,7046.571428571428,-0.0,51782515.0,136.08013107458046
South Korea,2022-06-20,18289373.0,9283.0,7050.0,-0.0,51782515.0,136.14634206160127
South Korea,2022-06-21,18298341.0,8968.0,7041.714285714285,-0.0,51782515.0,135.98633217630092
South Korea,2022-06-22,18305783.0,7442.0,7066.714285714285,-0.0,51782515.0,136.46912062332788
South Korea,2022-06-23,18312993.0,7210.0,7051.142857142857,-0.0,51782515.0,136.16841239060824
South Korea,2022-06-24,18319773.0,6780.0,7135.142857142857,-0.0,51782515.0,137.7905815726188
South Korea,2022-06-25,18326019.0,6246.0,7345.0,-0.0,51782515.0,141.84324573651935
South Korea,2022-06-26,18329448.0,3429.0,7651.142857142857,-0.0,51782515.0,147.75533511925516
South Korea,2022-06-27,18339319.0,9871.0,7980.571428571428,-0.0,51782515.0,154.1171074555075
South Korea,2022-06-28,18349756.0,10437.0,8539.857142857143,-0.0,51782515.0,164.91777471328194
South Korea,2022-06-29,18359341.0,9585.0,9084.57142857143,-0.0,51782515.0,175.43704527621782
South Korea,2022-06-30,18368857.0,9516.0,9488.0,-0.0,51782515.0,183.22787141566997
South Korea,2022-07-01,18379552.0,10695.0,10668.285714285714,-0.0,51782515.0,206.02100369759393
South Korea,2022-07-02,18389611.0,10059.0,11943.285714285714,-0.0,51782515.0,230.64321449596864
South Korea,2022-07-03,18395864.0,6253.0,13217.285714285714,-0.0,51782515.0,255.24611375646225
South Korea,2022-07-04,18413997.0,18133.0,14616.42857142857,-0.0,51782515.0,282.2657140432165
South Korea,2022-07-05,18433359.0,19362.0,15983.285714285714,-0.0,51782515.0,308.66182753552454
South Korea,2022-07-06,18451862.0,18503.0,17462.0,-0.0,51782515.0,337.2180744793875
South Korea,2022-07-07,18471172.0,19310.0,18382.0,-0.0,51782515.0,354.9846893299794
South Korea,2022-07-08,18491435.0,20263.0,21123.428571428572,-0.0,51782515.0,407.9258910353924
South Korea,2022-07-09,18511845.0,20410.0,24107.14285714286,-0.0,51782515.0,465.546002490278
South Korea,2022-07-10,18524538.0,12693.0,27059.428571428572,-0.0,51782515.0,522.5591798974726
South Korea,2022-07-11,18561861.0,37323.0,29852.85714285714,-0.0,51782515.0,576.5045815727015
South Korea,2022-07-12,18602109.0,40248.0,32854.28571428572,-0.0,51782515.0,634.466783127195
South Korea,2022-07-13,18641278.0,39169.0,35701.71428571428,-0.0,51782515.0,689.4550078480021
South Korea,2022-07-14,18680142.0,38864.0,37645.42857142857,-0.0,51782515.0,726.9911199065664
South Korea,2022-07-15,18721415.0,41273.0,42818.857142857145,-0.0,51782515.0,826.8979817387615
South Korea,2022-07-16,18761757.0,40342.0,47980.28571428572,-0.0,51782515.0,926.5731051163838
South Korea,2022-07-17,18788056.0,26299.0,52543.142857142855,-0.0,51782515.0,1014.6888936766177
South Korea,2022-07-18,18861593.0,73537.0,56788.142857142855,-0.0,51782515.0,1096.6663719817946
South Korea,2022-07-19,18937971.0,76378.0,60680.71428571428,-0.0,51782515.0,1171.8379125794543
South Korea,2022-07-20,19009080.0,71109.0,64265.142857142855,-0.0,51782515.0,1241.0587407186163
South Korea,2022-07-21,19077659.0,68579.0,65634.28571428571,-0.0,51782515.0,1267.498994868938
South Korea,2022-07-22,19146180.0,68521.0,69310.14285714286,-0.0,51782515.0,1338.4854493286557
South Korea,2022-07-23,19211613.0,65433.0,72710.71428571429,-0.0,51782515.0,1404.1557132888252
South Korea,2022-07-24,19247496.0,35883.0,75166.0,-0.0,51782515.0,1451.5710563691239
South Korea,2022-07-25,19346764.0,99268.0,77551.14285714286,-0.0,51782515.0,1497.631833006621
South Korea,2022-07-26,19446946.0,100182.0,79468.71428571429,-0.0,51782515.0,1534.6630862891518
South Korea,2022-07-27,19535242.0,88296.0,80633.85714285714,-0.0,51782515.0,1557.1637867117336
South Korea,2022-07-28,19620517.0,85275.0,81891.85714285714,-0.0,51782515.0,1581.4577013661299
South Korea,2022-07-29,19702461.0,81944.0,83667.85714285714,-0.0,51782515.0,1615.7549926429247
South Korea,2022-07-30,19776050.0,73589.0,86479.85714285714,-0.0,51782515.0,1670.0590371645167
South Korea,2022-07-31,19820739.0,44689.0,89273.14285714286,-0.0,51782515.0,1724.0016800486198
South Korea,2022-08-01,19932439.0,111700.0,93213.42857142857,-0.0,51782515.0,1800.0946568823194
South Korea,2022-08-02,20052305.0,119866.0,97308.57142857143,-0.0,51782515.0,1879.1781632964608
South Korea,2022-08-03,20160154.0,107849.0,101868.28571428571,-0.0,51782515.0,1967.2332584519254
South Korea,2022-08-04,20273011.0,112857.0,103383.0,-0.0,51782515.0,1996.4847207595074
South Korea,2022-08-05,20383621.0,110610.0,108828.57142857143,-0.0,51782515.0,2101.647079686482
South Korea,2022-08-06,20489128.0,105507.0,113381.14285714286,-0.0,51782515.0,2189.564235285653
South Korea,2022-08-07,20544420.0,55292.0,117573.57142857143,-0.0,51782515.0,2270.5264784565106
South Korea,2022-08-08,20694239.0,149819.0,119832.71428571429,-0.0,51782515.0,2314.154001320992
South Korea,2022-08-09,20845973.0,151734.0,121819.14285714286,-0.0,51782515.0,2352.5149919261908
South Korea,2022-08-10,20983169.0,137196.0,123832.85714285714,-0.0,51782515.0,2391.402911636431
South Korea,2022-08-11,21111840.0,128671.0,124802.28571428571,-0.0,51782515.0,2410.124068216573
South Korea,2022-08-12,21236355.0,124515.0,115417.85714285714,-0.0,51782515.0,2228.8963203671574
South Korea,2022-08-13,21355958.0,119603.0,119549.0,-0.0,51782515.0,2308.6750421450174
South Korea,2022-08-14,21418036.0,62078.0,125446.71428571429,-0.0,51782515.0,2422.568974985365
South Korea,2022-08-15,21502164.0,84128.0,126885.28571428571,-0.0,51782515.0,2450.350001622859
South Korea,2022-08-16,21682816.0,180652.0,127576.0,-0.0,51782515.0,2463.688756716432
South Korea,2022-08-17,21861296.0,178480.0,126339.0,-0.0,51782515.0,2439.800384357539
South Korea,2022-08-18,22000037.0,138741.0,125905.85714285714,-0.0,51782515.0,2431.435729663906
South Korea,2022-08-19,22129387.0,129350.0,135330.14285714287,-0.0,51782515.0,2613.4331802374386
South Korea,2022-08-20,22240331.0,110944.0,129403.42857142857,-0.0,51782515.0,2498.9792127985393
South Korea,2022-08-21,22299377.0,59046.0,120089.28571428571,-0.0,51782515.0,2319.108790183051
South Korea,2022-08-22,22449475.0,150098.0,114706.85714285714,-0.0,51782515.0,2215.165816933711
South Korea,2022-08-23,22588640.0,139165.0,109876.57142857143,-0.0,51782515.0,2121.885571385852
South Korea,2022-08-24,22701921.0,113281.0,106212.42857142857,-0.0,51782515.0,2051.125337798455
South Korea,2022-08-25,22802985.0,101064.0,103940.42857142857,-0.0,51782515.0,2007.2495237326455
South Korea,2022-08-26,22898523.0,95538.0,99000.57142857143,-0.0,51782515.0,1911.8532853912452
South Korea,2022-08-27,22983818.0,85295.0,93965.42857142857,-0.0,51782515.0,1814.6169333688904
South Korea,2022-08-28,23026960.0,43142.0,89425.14285714286,-0.0,51782515.0,1726.9370338065437
South Korea,2022-08-29,23142479.0,115519.0,87777.14285714286,-0.0,51782515.0,1695.1116193785267
South Korea,2022-08-30,23246398.0,103919.0,85503.57142857143,-0.0,51782515.0,1651.2054586103327
South Korea,2022-08-31,23327897.0,81499.0,83624.85714285714,-0.0,51782515.0,1614.9245965140385
South Korea,2022-09-01,23417425.0,89528.0,82825.71428571429,-0.0,51782515.0,1599.4919189559312
South Korea,2022-09-02,23497048.0,79623.0,80571.14285714286,-0.0,51782515.0,1555.9526774074773
South Korea,2022-09-03,23569192.0,72144.0,77937.57142857143,-0.0,51782515.0,1505.0943630020952
South Korea,2022-09-04,23606740.0,37548.0,76666.14285714286,-0.0,51782515.0,1480.541121981867
South Korea,2022-09-05,23706477.0,99737.0,73789.14285714286,-0.0,51782515.0,1424.9818274980048
South Korea,2022-09-06,23791961.0,85484.0,68517.85714285714,-0.0,51782515.0,1323.1851937445902
South Korea,2022-09-07,23864560.0,72599.0,62242.142857142855,-0.0,51782515.0,1201.991499585195
South Korea,2022-09-08,23933949.0,69389.0,62155.0,-0.0,51782515.0,1200.3086369984153
South Korea,2022-09-09,23976673.0,42724.0,56093.857142857145,-0.0,51782515.0,1083.2586471100747
South Korea,2022-09-10,24004887.0,28214.0,43881.857142857145,-0.0,51782515.0,847.4261465063477
South Korea,2022-09-11,24041825.0,36938.0,57130.0,-0.0,51782515.0,1103.2681591459975
South Korea,2022-09-12,24099134.0,57309.0,54621.857142857145,-0.0,51782515.0,1054.8320633491276
South Korea,2022-09-13,24099134.0,0.0,54718.42857142857,-0.0,51782515.0,1056.6970061502145
South Korea,2022-09-14,24264470.0,165336.0,55654.142857142855,-0.0,51782515.0,1074.767088024652
South Korea,2022-09-15,24316302.0,51832.0,53149.71428571428,-0.0,51782515.0,1026.4027207970544
South Korea,2022-09-16,24359702.0,43400.0,51800.42857142857,-0.0,51782515.0,1000.3459386132283
South Korea,2022-09-17,24394466.0,34764.0,57690.57142857143,-0.0,51782515.0,1114.0936555239048
South Korea,2022-09-18,24413873.0,19407.0,38781.42857142857,-0.0,51782515.0,748.9290269394712
South Korea,2022-09-19,24461737.0,47864.0,35531.28571428572,-0.0,51782515.0,686.1637700348413
South Korea,2022-09-20,24502968.0,41231.0,33519.142857142855,-0.0,51782515.0,647.306197026986
South Korea,2022-09-21,24535940.0,32972.0,32237.428571428572,-0.0,51782515.0,622.5543230456956
South Korea,2022-09-22,24565021.0,29081.0,31489.0,-0.0,51782515.0,608.1010163372714
South Korea,2022-09-23,24594336.0,29315.0,30275.14285714286,-0.0,51782515.0,584.6595681407683
South Korea,2022-09-24,24620128.0,25792.0,29545.85714285714,-0.0,51782515.0,570.5759394432106
South Korea,2022-09-25,24634296.0,14168.0,29242.14285714286,-0.0,51782515.0,564.7107495096146
South Korea,2022-09-26,24673663.0,39367.0,29154.285714285714,-0.0,51782515.0,563.0140929672054
South Korea,2022-09-27,24709789.0,36126.0,28811.14285714286,-0.0,51782515.0,556.3874766828698
South Korea,2022-09-28,24740635.0,30846.0,28497.571428571428,-0.0,51782515.0,550.3319301615888
South Korea,2022-09-29,24769101.0,28466.0,28209.285714285714,-0.0,51782515.0,544.7646896695866
South Korea,2022-09-30,24796014.0,26913.0,24931.571428571428,-0.0,51782515.0,481.46698607766405
South Korea,2022-10-01,24819611.0,23597.0,24729.285714285714,-0.0,51782515.0,477.5605378434345
South Korea,2022-10-02,24831761.0,12150.0,24408.85714285714,-0.0,51782515.0,471.3725693481119
South Korea,2022-10-03,24848184.0,16423.0,23522.14285714286,-0.0,51782515.0,454.24875282984726
South Korea,2022-10-04,24882894.0,34710.0,22445.85714285714,-0.0,51782515.0,433.46402048755533
South Korea,2022-10-05,24911497.0,28603.0,21596.85714285714,-0.0,51782515.0,417.06852482651993
South Korea,2022-10-06,24933756.0,22259.0,21144.14285714286,-0.0,51782515.0,408.32591574864335
South Korea,2022-10-07,24953135.0,19379.0,21008.85714285714,-0.0,51782515.0,405.71334055244597
South Korea,2022-10-08,24970789.0,17654.0,20407.85714285714,-0.0,51782515.0,394.107106285918
South Korea,2022-10-09,24979770.0,8981.0,20168.571428571428,-0.0,51782515.0,389.48613115008857
South Korea,2022-10-10,24995246.0,15476.0,20354.714285714286,-0.0,51782515.0,393.080835987095
South Korea,2022-10-11,25025749.0,30503.0,20837.285714285714,-0.0,51782515.0,402.40003241027813
South Korea,2022-10-12,25052677.0,26928.0,21382.285714285714,-0.0,51782515.0,412.92482055546577
South Korea,2022-10-13,25076239.0,23562.0,21676.428571428572,-0.0,51782515.0,418.6051714836286
South Korea,2022-10-14,25098996.0,22757.0,24207.0,-0.0,51782515.0,467.47439748726
South Korea,2022-10-15,25120465.0,21469.0,24061.14285714286,-0.0,51782515.0,464.6576717477484
South Korea,2022-10-16,25131505.0,11040.0,23838.428571428572,-0.0,51782515.0,460.3567163825197
South Korea,2022-10-17,25164695.0,33190.0,24002.285714285714,-0.0,51782515.0,463.5210498038906
South Korea,2022-10-18,25194177.0,29482.0,24583.14285714286,-0.0,51782515.0,474.73829452167126
South Korea,2022-10-19,25219546.0,25369.0,25267.0,-0.0,51782515.0,487.9446276412028
South Korea,2022-10-20,25244255.0,24709.0,25733.0,-0.0,51782515.0,496.9438042937852
South Korea,2022-10-21,25271078.0,26823.0,27236.428571428572,-0.0,51782515.0,525.9773221024235
South Korea,2022-10-22,25297334.0,26256.0,28854.0,-0.0,51782515.0,557.2151140206303
South Korea,2022-10-23,25311636.0,14302.0,30222.714285714286,-0.0,51782515.0,583.6470917975746
South Korea,2022-10-24,25355350.0,43714.0,31819.571428571428,-0.0,51782515.0,614.4848590025307
South Korea,2022-10-25,25396155.0,40805.0,33315.71428571428,-0.0,51782515.0,643.3776784637495
South Korea,2022-10-26,25431105.0,34950.0,34495.0,-0.0,51782515.0,666.1514992077924
South Korea,2022-10-27,25466992.0,35887.0,35096.142857142855,-0.0,51782515.0,677.7604922654463
South Korea,2022-10-28,25504288.0,37296.0,37188.142857142855,-0.0,51782515.0,718.1602295126618
South Korea,2022-10-29,25538799.0,34511.0,39178.857142857145,-0.0,51782515.0,756.6039838516369
South Korea,2022-10-30,25557309.0,18510.0,40881.71428571428,-0.0,51782515.0,789.488774071987
South Korea,2022-10-31,25615667.0,58358.0,41958.42857142857,-0.0,51782515.0,810.2817827876567
South Korea,2022-11-01,25670407.0,54740.0,42468.0,-0.0,51782515.0,820.1223907336289
South Korea,2022-11-02,25717277.0,46870.0,42777.142857142855,-0.0,51782515.0,826.0924147300079
South Korea,2022-11-03,25760701.0,43424.0,42800.142857142855,-0.0,51782515.0,826.5365801012726
South Korea,2022-11-04,25801564.0,40863.0,43359.42857142857,-0.0,51782515.0,837.3372473590472
South Korea,2022-11-05,25838239.0,36675.0,44464.0,-0.0,51782515.0,858.668220344261
South Korea,2022-11-06,25856910.0,18671.0,45677.57142857143,-0.0,51782515.0,882.1041509585123
South Korea,2022-11-07,25919183.0,62273.0,47262.57142857143,-0.0,51782515.0,912.7129385000213
South Korea,2022-11-08,25981655.0,62472.0,49171.42857142857,-0.0,51782515.0,949.5759055238736
South Korea,2022-11-09,26037020.0,55365.0,50855.71428571428,-0.0,51782515.0,982.1020528978611
South Korea,2022-11-10,26091539.0,54519.0,51583.42857142857,-0.0,51782515.0,996.1553348930344
South Korea,2022-11-11,26145764.0,54225.0,53099.142857142855,-0.0,51782515.0,1025.426108738497
South Korea,2022-11-12,26194229.0,48465.0,53687.0,-0.0,51782515.0,1036.7785342214452
South Korea,2022-11-13,26217994.0,23765.0,53697.28571428572,-0.0,51782515.0,1036.9771671825079
South Korea,2022-11-14,26290877.0,72883.0,52968.57142857143,-0.0,51782515.0,1022.9045736494535
South Korea,2022-11-15,26357464.0,66587.0,52427.142857142855,-0.0,51782515.0,1012.4487552824125
South Korea,2022-11-16,26412901.0,55437.0,52076.57142857143,-0.0,51782515.0,1005.6786818595316
South Korea,2022-11-17,26462319.0,49418.0,51980.28571428572,-0.0,51782515.0,1003.8192566406965
South Korea,2022-11-18,26512754.0,50435.0,51978.857142857145,-0.0,51782515.0,1003.7916687294379
South Korea,2022-11-19,26558765.0,46011.0,52512.71428571428,-0.0,51782515.0,1014.1012711668077
South Korea,2022-11-20,26581856.0,23091.0,53034.42857142857,-0.0,51782515.0,1024.1763763584788
South Korea,2022-11-21,26654729.0,72873.0,53645.857142857145,-0.0,51782515.0,1035.984002377195
South Korea,2022-11-22,26725053.0,70324.0,53962.0,-0.0,51782515.0,1042.0892071387416
South Korea,2022-11-23,26784142.0,59089.0,54107.28571428572,-0.0,51782515.0,1044.89489771375
South Korea,2022-11-24,26837840.0,53698.0,53998.142857142855,-0.0,51782515.0,1042.7871812935864
South Korea,2022-11-25,26890488.0,52648.0,53798.57142857143,-0.0,51782515.0,1038.9331500907483
South Korea,2022-11-26,26937516.0,47028.0,53383.0,-0.0,51782515.0,1030.9078267055975
South Korea,2022-11-27,26959843.0,22327.0,53095.857142857145,-0.0,51782515.0,1025.362656542602
South Korea,2022-11-28,27031319.0,71476.0,52994.28571428572,-0.0,51782515.0,1023.4011560521097
South Korea,2022-11-29,27098734.0,67415.0,53005.42857142857,-0.0,51782515.0,1023.6163417599274
South Korea,2022-11-30,27155813.0,57079.0,52939.142857142855,-0.0,51782515.0,1022.3362626775245
South Korea,2022-12-01,27208800.0,52987.0,53058.142857142855,-0.0,51782515.0,1024.634335685373
South Korea,2022-12-02,27261526.0,52726.0,53933.57142857143,-0.0,51782515.0,1041.5402077046938
South Korea,2022-12-03,27308090.0,46564.0,54976.28571428572,-0.0,51782515.0,1061.676624132407
South Korea,2022-12-04,27331250.0,23160.0,56144.0,-0.0,51782515.0,1084.2269827952543
South Korea,2022-12-05,27408854.0,77604.0,57536.42857142857,-0.0,51782515.0,1111.1169198990929
South Korea,2022-12-06,27483568.0,74714.0,58948.142857142855,-0.0,51782515.0,1138.3792938049235
South Korea,2022-12-07,27548821.0,65253.0,60056.0,-0.0,51782515.0,1159.7737189860322
South Korea,2022-12-08,27611555.0,62734.0,60414.142857142855,-0.0,51782515.0,1166.6900083385842
South Korea,2022-12-09,27674163.0,62608.0,61735.28571428572,-0.0,51782515.0,1192.2033086706144
South Korea,2022-12-10,27728482.0,54319.0,63143.42857142857,-0.0,51782515.0,1219.3967127982983
South Korea,2022-12-11,27754149.0,25667.0,63843.57142857143,-0.0,51782515.0,1232.9175481061789
South Korea,2022-12-12,27841001.0,86852.0,64446.28571428572,-0.0,51782515.0,1244.5568878662173
South Korea,2022-12-13,27925572.0,84571.0,65038.28571428572,-0.0,51782515.0,1255.9893182918156
South Korea,2022-12-14,27995726.0,70154.0,65687.28571428571,-0.0,51782515.0,1268.5225063766352
South Korea,2022-12-15,28062679.0,66953.0,65823.71428571429,-0.0,51782515.0,1271.1571519018396
South Korea,2022-12-16,28129431.0,66752.0,65924.71428571429,-0.0,51782515.0,1273.1076172278285
South Korea,2022-12-17,28188293.0,58862.0,66439.14285714286,-0.0,51782515.0,1283.04202407208
South Korea,2022-12-18,28214915.0,26622.0,67237.71428571429,-0.0,51782515.0,1298.4636664656841
South Korea,2022-12-19,28302474.0,87559.0,67411.28571428571,-0.0,51782515.0,1301.815597683614
South Korea,2022-12-20,28390646.0,88172.0,67310.85714285714,-0.0,51782515.0,1299.8761675221288
South Korea,2022-12-21,28466390.0,75744.0,67251.71428571429,-0.0,51782515.0,1298.7340279960192
South Korea,2022-12-22,28534558.0,68168.0,67097.85714285714,-0.0,51782515.0,1295.762809953459
South Korea,2022-12-23,28600607.0,66049.0,67103.14285714286,-0.0,51782515.0,1295.8648852251163
South Korea,2022-12-24,28659055.0,58448.0,67009.57142857143,-0.0,51782515.0,1294.0578770376724
South Korea,2022-12-25,28684600.0,25545.0,66392.85714285714,-0.0,51782515.0,1282.1481757472989
South Korea,2022-12-26,28772196.0,87596.0,65969.85714285714,-0.0,51782515.0,1273.979395223603
South Korea,2022-12-27,28859713.0,87517.0,65523.71428571428,-0.0,51782515.0,1265.363690537516
South Korea,2022-12-28,28931140.0,71427.0,65392.142857142855,-0.0,51782515.0,1262.8228439105915
South Korea,2022-12-29,28996347.0,65207.0,64990.71428571428,-0.0,51782515.0,1255.0706408469014
South Korea,2022-12-30,29059273.0,62926.0,64056.42857142857,-0.0,51782515.0,1237.0281468837227
South Korea,2022-12-31,29116800.0,57527.0,62779.0,-0.0,51782515.0,1212.3590366362082
South Korea,2023-01-01,29139535.0,22735.0,61733.142857142855,-0.0,51782515.0,1192.1619268037261
South Korea,2023-01-02,29220591.0,81056.0,60554.142857142855,-0.0,51782515.0,1169.3936236419352
South Korea,2023-01-03,29299166.0,78575.0,59223.0,-0.0,51782515.0,1143.6872079310942
South Korea,2023-01-04,29363272.0,64106.0,57685.71428571428,-0.0,51782515.0,1113.9998566256252
South Korea,2023-01-05,29420226.0,56954.0,57167.28571428572,-0.0,51782515.0,1103.988203629849
South Korea,2023-01-06,29473834.0,53608.0,54165.142857142855,-0.0,51782515.0,1046.0122081197264
South Korea,2023-01-07,29520600.0,46766.0,50703.42857142857,-0.0,51782515.0,979.1611815576854
South Korea,2023-01-08,29539706.0,19106.0,47824.42857142857,-0.0,51782515.0,923.5632639980613
South Korea,2023-01-09,29599747.0,60041.0,45363.28571428572,-0.0,51782515.0,876.0348104816021
South Korea,2023-01-10,29654090.0,54343.0,42926.71428571428,-0.0,51782515.0,828.980869038792
South Korea,2023-01-11,29698043.0,43953.0,40898.71428571428,-0.0,51782515.0,789.8170702159654
South Korea,2023-01-12,29737769.0,39726.0,40189.857142857145,-0.0,51782515.0,776.1279486494069
South Korea,2023-01-13,29774321.0,36552.0,37355.28571428572,-0.0,51782515.0,721.3880151299279
South Korea,2023-01-14,29806891.0,32570.0,34864.57142857143,-0.0,51782515.0,673.2884918504137
South Korea,2023-01-15,29821035.0,14144.0,32845.0,-0.0,51782515.0,634.2874617040135
South Korea,2023-01-16,29861234.0,40199.0,31085.285714285714,-0.0,51782515.0,600.3046726155675
South Korea,2023-01-17,29898142.0,36908.0,29797.714285714286,-0.0,51782515.0,575.4396881981164
South Korea,2023-01-18,29927958.0,29816.0,27519.714285714286,-0.0,51782515.0,531.4480049050203
South Korea,2023-01-19,29955366.0,27408.0,26817.285714285714,-0.0,51782515.0,517.8830289391258
South Korea,2023-01-20,29982905.0,27539.0,22826.285714285714,-0.0,51782515.0,440.8106812557427
South Korea,2023-01-21,29999529.0,16624.0,20344.85714285714,-0.0,51782515.0,392.89047939941
South Korea,2023-01-22,30008756.0,9227.0,21099.14285714286,-0.0,51782515.0,407.4568965439948
South Korea,2023-01-23,30021018.0,12262.0,21713.85714285714,-0.0,51782515.0,419.32797475860605
South Korea,2023-01-24,30040556.0,19538.0,21117.85714285714,-0.0,51782515.0,407.81829818148344
South Korea,2023-01-25,30075652.0,35096.0,21438.85714285714,-0.0,51782515.0,414.0173018413096
South Korea,2023-01-26,30107363.0,31711.0,21180.14285714286,-0.0,51782515.0,409.0211311123621
South Korea,2023-01-27,30130730.0,23367.0,22232.571428571428,-0.0,51782515.0,429.34514533663395
South Korea,2023-01-28,30149601.0,18871.0,22358.571428571428,-0.0,51782515.0,431.7783991096498
South Korea,2023-01-29,30157017.0,7416.0,19753.714285714286,-0.0,51782515.0,381.474601720567
South Korea,2023-01-30,30176646.0,19629.0,17360.85714285714,-0.0,51782515.0,335.2648503622727
South Korea,2023-01-31,30197066.0,20420.0,16094.714285714286,-0.0,51782515.0,310.81368461370187
South Korea,2023-02-01,30213928.0,16862.0,15401.42857142857,-0.0,51782515.0,297.4252712798629
South Korea,2023-02-02,30228889.0,14961.0,15177.714285714286,-0.0,51782515.0,293.1050043767532
South Korea,2023-02-03,30243393.0,14504.0,14676.42857142857,-0.0,51782515.0,283.4244063160812
South Korea,2023-02-04,30257411.0,14018.0,14321.285714285714,-0.0,51782515.0,276.56605157717263
South Korea,2023-02-05,30263261.0,5850.0,14007.285714285714,-0.0,51782515.0,270.50222868251404
South Korea,2023-02-06,30279381.0,16120.0,13799.142857142857,-0.0,51782515.0,266.48267001212395
South Korea,2023-02-07,30297315.0,17934.0,11727.142857142857,-0.0,51782515.0,226.4691635225299
South Korea,2023-02-08,30311979.0,14664.0,13255.42857142857,-0.0,51782515.0,255.9827109870691
South Korea,2023-02-09,30325483.0,13504.0,13158.857142857143,-0.0,51782515.0,254.11776818598216
South Korea,2023-02-10,30325483.0,0.0,12909.0,-0.0,51782515.0,249.29264250683846
South Korea,2023-02-11,30350199.0,24716.0,12483.714285714286,-0.0,51782515.0,241.0797213251285
South Korea,2023-02-12,30355373.0,5174.0,12177.285714285714,-0.0,51782515.0,235.16211436014095
South Korea,2023-02-13,30369744.0,14371.0,11881.857142857143,-0.0,51782515.0,229.4569343118453
South Korea,2023-02-14,30384701.0,14957.0,13402.0,-0.0,51782515.0,258.81323068221
South Korea,2023-02-15,30397220.0,12519.0,11338.857142857143,-0.0,51782515.0,218.9707692424198
South Korea,2023-02-16,30408656.0,11436.0,11217.42857142857,-0.0,51782515.0,216.62579678543173
South Korea,2023-02-17,30419297.0,10641.0,10861.57142857143,-0.0,51782515.0,209.7536480908938
South Korea,2023-02-18,30429571.0,10274.0,10593.714285714286,-0.0,51782515.0,204.5809147298907
South Korea,2023-02-19,30433895.0,4324.0,10354.57142857143,-0.0,51782515.0,199.96269838518714
South Korea,2023-02-20,30445775.0,11880.0,10156.714285714286,-0.0,51782515.0,196.14177267585953
South Korea,2023-02-21,30458857.0,13082.0,10052.714285714286,-0.0,51782515.0,194.1333727362274
South Korea,2023-02-22,30469702.0,10845.0,8585.0,-0.0,51782515.0,165.78955270905632
South Korea,2023-02-23,30479753.0,10051.0,9858.42857142857,-0.0,51782515.0,190.38141680504646
South Korea,2023-02-24,30489666.0,9913.0,9706.57142857143,-0.0,51782515.0,187.44882183824848
South Korea,2023-02-25,30489666.0,0.0,9593.57142857143,-0.0,51782515.0,185.26661805768663
South Korea,2023-02-26,30502904.0,13238.0,9124.42857142857,-0.0,51782515.0,176.20674800033507
South Korea,2023-02-27,30513721.0,10817.0,9175.42857142857,-0.0,51782515.0,177.19163643227006
South Korea,2023-02-28,30526012.0,12291.0,9348.0,-0.0,51782515.0,180.524256112319
South Korea,2023-03-01,30533573.0,7561.0,9348.0,-0.0,51782515.0,180.524256112319
South Korea,2023-03-02,30543981.0,10408.0,9473.0,-0.0,51782515.0,182.93819834745378
South Korea,2023-03-03,30555102.0,11121.0,9682.57142857143,-0.0,51782515.0,186.9853449291026
South Korea,2023-03-04,30555102.0,0.0,9755.0,-0.0,51782515.0,188.38405202991783
South Korea,2023-03-05,30569215.0,14113.0,10230.57142857143,-0.0,51782515.0,197.56806768793345
South Korea,2023-03-06,30581499.0,12284.0,10220.142857142857,-0.0,51782515.0,197.36667593574504
South Korea,2023-03-07,30594297.0,12798.0,10070.0,-0.0,51782515.0,194.46718646245745
South Korea,2023-03-08,30605187.0,10890.0,12084.0,-0.0,51782515.0,233.36062375494896
South Korea,2023-03-09,30615522.0,10335.0,11576.75,-0.0,51782515.0,223.56484616477204
Italy,2020-01-22,0.0,0.0,0.0,-0.0,59619106.0,0.0
Italy,2020-01-23,0.0,0.0,0.0,-0.0,59619106.0,0.0
Italy,2020-01-24,0.0,0.0,0.0,-0.0,59619106.0,0.0
Italy,2020-01-25,0.0,0.0,0.0,-0.0,59619106.0,0.0
Italy,2020-01-26,0.0,0.0,0.0,-0.0,59619106.0,0.0
Italy,2020-01-27,0.0,0.0,0.0,-0.0,59619106.0,0.0
Italy,2020-01-28,0.0,0.0,0.2857142857142857,-0.0,59619106.0,0.004792327575564211
Italy,2020-01-29,0.0,0.0,0.2857142857142857,-0.0,59619106.0,0.004792327575564211
Italy,2020-01-30,0.0,0.0,0.2857142857142857,-0.0,59619106.0,0.004792327575564211
Italy,2020-01-31,2.0,2.0,0.2857142857142857,-0.0,59619106.0,0.004792327575564211
Italy,2020-02-01,2.0,0.0,0.2857142857142857,-0.0,59619106.0,0.004792327575564211
Italy,2020-02-02,2.0,0.0,0.2857142857142857,-0.0,59619106.0,0.004792327575564211
Italy,2020-02-03,2.0,0.0,0.2857142857142857,-0.0,59619106.0,0.004792327575564211
Italy,2020-02-04,2.0,0.0,0.14285714285714285,-0.0,59619106.0,0.0023961637877821054
Italy,2020-02-05,2.0,0.0,0.14285714285714285,-0.0,59619106.0,0.0023961637877821054
Italy,2020-02-06,2.0,0.0,0.14285714285714285,-0.0,59619106.0,0.0023961637877821054
Italy,2020-02-07,3.0,1.0,0.14285714285714285,-0.0,59619106.0,0.0023961637877821054
Italy,2020-02-08,3.0,0.0,0.14285714285714285,-0.0,59619106.0,0.0023961637877821054
Italy,2020-02-09,3.0,0.0,0.14285714285714285,-0.0,59619106.0,0.0023961637877821054
Italy,2020-02-10,3.0,0.0,0.14285714285714285,-0.0,59619106.0,0.0023961637877821054
Italy,2020-02-11,3.0,0.0,0.0,-0.0,59619106.0,0.0
Italy,2020-02-12,3.0,0.0,0.0,-0.0,59619106.0,0.0
Italy,2020-02-13,3.0,0.0,0.0,-0.0,59619106.0,0.0
Italy,2020-02-14,3.0,0.0,0.0,-0.0,59619106.0,0.0
Italy,2020-02-15,3.0,0.0,0.0,-0.0,59619106.0,0.0
Italy,2020-02-16,3.0,0.0,0.0,-0.0,59619106.0,0.0
Italy,2020-02-17,3.0,0.0,0.0,-0.0,59619106.0,0.0
Italy,2020-02-18,3.0,0.0,2.4285714285714284,-0.0,59619106.0,0.04073478439229579
Italy,2020-02-19,3.0,0.0,8.428571428571429,-0.0,59619106.0,0.14137366347914423
Italy,2020-02-20,3.0,0.0,21.714285714285715,-0.0,59619106.0,0.3642168957428801
Italy,2020-02-21,20.0,17.0,32.285714285714285,-0.0,59619106.0,0.5415330160387558
Italy,2020-02-22,62.0,42.0,45.57142857142857,-0.0,59619106.0,0.7643762483024916
Italy,2020-02-23,155.0,93.0,64.28571428571429,-0.0,59619106.0,1.0782737045019475
Italy,2020-02-24,229.0,74.0,93.14285714285714,-0.0,59619106.0,1.5622987896339329
Italy,2020-02-25,322.0,93.0,124.0,-0.0,59619106.0,2.0798701677948674
Italy,2020-02-26,453.0,131.0,152.28571428571428,-0.0,59619106.0,2.554310597775724
Italy,2020-02-27,655.0,202.0,219.85714285714286,-0.0,59619106.0,3.6876960693966603
Italy,2020-02-28,888.0,233.0,258.14285714285717,-0.0,59619106.0,4.329867964522266
Italy,2020-02-29,1128.0,240.0,311.42857142857144,-0.0,59619106.0,5.22363705736499
Italy,2020-03-01,1694.0,566.0,376.57142857142856,-0.0,59619106.0,6.31628774459363
Italy,2020-03-02,2036.0,342.0,457.57142857142856,-0.0,59619106.0,7.674912612266083
Italy,2020-03-03,2502.0,466.0,535.4285714285714,-0.0,59619106.0,8.980821876607333
Italy,2020-03-04,3089.0,587.0,679.2857142857143,-0.0,59619106.0,11.393758810903913
Italy,2020-03-05,3858.0,769.0,811.5714285714286,-0.0,59619106.0,13.612606478390141
Italy,2020-03-06,4636.0,778.0,1019.4285714285714,-0.0,59619106.0,17.099024789613104
Italy,2020-03-07,5883.0,1247.0,1092.4285714285713,-0.0,59619106.0,18.323464485169758
Italy,2020-03-08,7375.0,1492.0,1339.0,-0.0,59619106.0,22.459243182881675
Italy,2020-03-09,9172.0,1797.0,1607.857142857143,-0.0,59619106.0,26.9688234314876
Italy,2020-03-10,10149.0,977.0,1860.5714285714287,-0.0,59619106.0,31.207637172074143
Italy,2020-03-11,12462.0,2313.0,2182.0,-0.0,59619106.0,36.59900569458388
Italy,2020-03-12,15113.0,2651.0,2481.714285714286,-0.0,59619106.0,41.62615732135074
Italy,2020-03-13,17660.0,2547.0,2686.8571428571427,-0.0,59619106.0,45.067048520605844
Italy,2020-03-14,21157.0,3497.0,3051.0,-0.0,59619106.0,51.17487001566243
Italy,2020-03-15,24747.0,3590.0,3321.5714285714284,-0.0,59619106.0,55.71320422972174
Italy,2020-03-16,27980.0,3233.0,3703.1428571428573,-0.0,59619106.0,62.11335770688775
Italy,2020-03-17,31506.0,3526.0,4194.428571428572,-0.0,59619106.0,70.3537649730704
Italy,2020-03-18,35713.0,4207.0,4631.571428571428,-0.0,59619106.0,77.68602616368365
Italy,2020-03-19,41035.0,5322.0,4913.0,-0.0,59619106.0,82.4064688256144
Italy,2020-03-20,47021.0,5986.0,5135.285714285715,-0.0,59619106.0,86.13489967940335
Italy,2020-03-21,53578.0,6557.0,5381.428571428572,-0.0,59619106.0,90.26348988575192
Italy,2020-03-22,59138.0,5560.0,5524.714285714285,-0.0,59619106.0,92.66684216489736
Italy,2020-03-23,63927.0,4789.0,5650.571428571428,-0.0,59619106.0,94.77786246193341
Italy,2020-03-24,69176.0,5249.0,5639.571428571428,-0.0,59619106.0,94.59335785027417
Italy,2020-03-25,74386.0,5210.0,5556.285714285715,-0.0,59619106.0,93.19639436199722
Italy,2020-03-26,80589.0,6203.0,5507.285714285715,-0.0,59619106.0,92.37451018278796
Italy,2020-03-27,86498.0,5909.0,5401.714285714285,-0.0,59619106.0,90.60374514361698
Italy,2020-03-28,92472.0,5974.0,5230.857142857143,-0.0,59619106.0,87.73793325342957
Italy,2020-03-29,97689.0,5217.0,5169.714285714285,-0.0,59619106.0,86.71237515225883
Italy,2020-03-30,101739.0,4050.0,4950.428571428572,-0.0,59619106.0,83.03426373801331
Italy,2020-03-31,105792.0,4053.0,4761.285714285715,-0.0,59619106.0,79.8617428829898
Italy,2020-04-01,110574.0,4782.0,4594.285714285715,-0.0,59619106.0,77.06062741507252
Italy,2020-04-02,115242.0,4668.0,4465.571428571428,-0.0,59619106.0,74.90168384228083
Italy,2020-04-03,119827.0,4585.0,4401.142857142857,-0.0,59619106.0,73.82101397399111
Italy,2020-04-04,124632.0,4805.0,4256.285714285715,-0.0,59619106.0,71.39130389318007
Italy,2020-04-05,128948.0,4316.0,4121.142857142857,-0.0,59619106.0,69.12453294993819
Italy,2020-04-06,132547.0,3599.0,4054.8571428571427,-0.0,59619106.0,68.01271295240728
Italy,2020-04-07,135586.0,3039.0,3964.285714285714,-0.0,59619106.0,66.49354511095343
Italy,2020-04-08,139422.0,3836.0,3948.4285714285716,-0.0,59619106.0,66.22757093050961
Italy,2020-04-09,143626.0,4204.0,3916.4285714285716,-0.0,59619106.0,65.69083024204642
Italy,2020-04-10,147577.0,3951.0,3852.714285714286,-0.0,59619106.0,64.62214119269561
Italy,2020-04-11,152271.0,4694.0,3843.1428571428573,-0.0,59619106.0,64.4615982189142
Italy,2020-04-12,156363.0,4092.0,3676.1428571428573,-0.0,59619106.0,61.66048275099692
Italy,2020-04-13,159516.0,3153.0,3616.4285714285716,-0.0,59619106.0,60.658886287704
Italy,2020-04-14,162488.0,2972.0,3551.0,-0.0,59619106.0,59.5614432728998
Italy,2020-04-15,165155.0,2667.0,3379.1428571428573,-0.0,59619106.0,56.67885823619793
Italy,2020-04-16,168941.0,3786.0,3229.8571428571427,-0.0,59619106.0,54.17486707796562
Italy,2020-04-17,172434.0,3493.0,3101.714285714286,-0.0,59619106.0,52.025508160325074
Italy,2020-04-18,175925.0,3491.0,3067.0,-0.0,59619106.0,51.44324035989403
Italy,2020-04-19,178972.0,3047.0,3167.4285714285716,-0.0,59619106.0,53.127743502704845
Italy,2020-04-20,181228.0,2256.0,3004.5714285714284,-0.0,59619106.0,50.39611678463324
Italy,2020-04-21,183957.0,2729.0,2937.1428571428573,-0.0,59619106.0,49.265127476800096
Italy,2020-04-22,187327.0,3370.0,2775.1428571428573,-0.0,59619106.0,46.54787774145519
Italy,2020-04-23,189973.0,2646.0,2671.8571428571427,-0.0,59619106.0,44.81545132288872
Italy,2020-04-24,192994.0,3021.0,2598.0,-0.0,59619106.0,43.57663464460537
Italy,2020-04-25,195351.0,2357.0,2506.8571428571427,-0.0,59619106.0,42.04788214800038
Italy,2020-04-26,197675.0,2324.0,2323.4285714285716,-0.0,59619106.0,38.97120784448816
Italy,2020-04-27,199414.0,1739.0,2212.8571428571427,-0.0,59619106.0,37.11657707274481
Italy,2020-04-28,201505.0,2091.0,2062.0,-0.0,59619106.0,34.58622811284691
Italy,2020-04-29,203591.0,2086.0,1996.7142857142858,-0.0,59619106.0,33.49118126183049
Italy,2020-04-30,205463.0,1872.0,1863.142857142857,-0.0,59619106.0,31.250768120254218
Italy,2020-05-01,207428.0,1965.0,1789.142857142857,-0.0,59619106.0,30.00955527818309
Italy,2020-05-02,209328.0,1900.0,1644.0,-0.0,59619106.0,27.575052869796473
Italy,2020-05-03,210717.0,1389.0,1552.2857142857142,-0.0,59619106.0,26.03671571804036
Italy,2020-05-04,211938.0,1221.0,1485.0,-0.0,59619106.0,24.908122573994987
Italy,2020-05-05,213013.0,1075.0,1393.857142857143,-0.0,59619106.0,23.379370077390004
Italy,2020-05-06,214457.0,1444.0,1277.142857142857,-0.0,59619106.0,21.42170426277202
Italy,2020-05-07,215858.0,1401.0,1193.2857142857142,-0.0,59619106.0,20.015156119343928
Italy,2020-05-08,217185.0,1327.0,1125.142857142857,-0.0,59619106.0,18.872185992571865
Italy,2020-05-09,218268.0,1083.0,1171.857142857143,-0.0,59619106.0,19.65573155117661
Italy,2020-05-10,219070.0,802.0,1092.4285714285713,-0.0,59619106.0,18.323464485169758
Italy,2020-05-11,219814.0,744.0,1034.0,-0.0,59619106.0,17.343433495966877
Italy,2020-05-12,221216.0,1402.0,957.1428571428571,-0.0,59619106.0,16.054297378140106
Italy,2020-05-13,222104.0,888.0,927.4285714285714,-0.0,59619106.0,15.55589531028143
Italy,2020-05-14,223096.0,992.0,909.2857142857143,-0.0,59619106.0,15.251582509233103
Italy,2020-05-15,223885.0,789.0,867.4285714285714,-0.0,59619106.0,14.549506519412946
Italy,2020-05-16,224760.0,875.0,783.2857142857143,-0.0,59619106.0,13.138166048409285
Italy,2020-05-17,225435.0,675.0,751.4285714285714,-0.0,59619106.0,12.603821523733876
Italy,2020-05-18,225886.0,451.0,701.4285714285714,-0.0,59619106.0,11.765164198010138
Italy,2020-05-19,226699.0,813.0,681.8571428571429,-0.0,59619106.0,11.436889759083991
Italy,2020-05-20,227364.0,665.0,652.4285714285714,-0.0,59619106.0,10.943280018800877
Italy,2020-05-21,228006.0,642.0,631.8571428571429,-0.0,59619106.0,10.598232433360254
Italy,2020-05-22,228658.0,652.0,610.2857142857143,-0.0,59619106.0,10.236411701405155
Italy,2020-05-23,229327.0,669.0,550.8571428571429,-0.0,59619106.0,9.239607565687798
Italy,2020-05-24,229858.0,531.0,539.2857142857143,-0.0,59619106.0,9.04551829887745
Italy,2020-05-25,230158.0,300.0,532.2857142857143,-0.0,59619106.0,8.928106273276125
Italy,2020-05-26,230555.0,397.0,512.8571428571429,-0.0,59619106.0,8.60222799813776
Italy,2020-05-27,231139.0,584.0,476.7142857142857,-0.0,59619106.0,7.9959985598288865
Italy,2020-05-28,231732.0,593.0,448.42857142857144,-0.0,59619106.0,7.52155812984803
Italy,2020-05-29,232248.0,516.0,434.14285714285717,-0.0,59619106.0,7.2819417510698194
Italy,2020-05-30,232664.0,416.0,422.85714285714283,-0.0,59619106.0,7.092644811835032
Italy,2020-05-31,232997.0,333.0,385.2857142857143,-0.0,59619106.0,6.462453735648339
Italy,2020-06-01,233197.0,200.0,325.85714285714283,-0.0,59619106.0,5.465649599930982
Italy,2020-06-02,233515.0,318.0,326.14285714285717,-0.0,59619106.0,5.470441927506547
Italy,2020-06-03,233836.0,321.0,305.2857142857143,-0.0,59619106.0,5.12060201449036
Italy,2020-06-04,234013.0,177.0,285.85714285714283,-0.0,59619106.0,4.794723739351993
Italy,2020-06-05,234531.0,518.0,297.2857142857143,-0.0,59619106.0,4.986416842374561
Italy,2020-06-06,234801.0,270.0,292.2857142857143,-0.0,59619106.0,4.902551109802188
Italy,2020-06-07,234998.0,197.0,275.2857142857143,-0.0,59619106.0,4.6174076190561175
Italy,2020-06-08,235278.0,280.0,304.14285714285717,-0.0,59619106.0,5.101432704188103
Italy,2020-06-09,235561.0,283.0,253.42857142857142,-0.0,59619106.0,4.250794559525455
Italy,2020-06-10,235763.0,202.0,264.2857142857143,-0.0,59619106.0,4.432903007396895
Italy,2020-06-11,236142.0,379.0,284.42857142857144,-0.0,59619106.0,4.770762101474173
Italy,2020-06-12,236305.0,163.0,287.42857142857144,-0.0,59619106.0,4.8210815410175965
Italy,2020-06-13,236651.0,346.0,277.0,-0.0,59619106.0,4.646161584509503
Italy,2020-06-14,236989.0,338.0,295.0,-0.0,59619106.0,4.948078221770047
Italy,2020-06-15,237290.0,301.0,288.14285714285717,-0.0,59619106.0,4.833062359956507
Italy,2020-06-16,237500.0,210.0,264.85714285714283,-0.0,59619106.0,4.442487662548023
Italy,2020-06-17,237828.0,328.0,253.14285714285714,-0.0,59619106.0,4.246002231949891
Italy,2020-06-18,238159.0,331.0,236.85714285714286,-0.0,59619106.0,3.972839560142731
Italy,2020-06-19,238011.0,0.0,225.42857142857142,148.0,59619106.0,3.7811464571201627
Italy,2020-06-20,238275.0,264.0,211.57142857142858,-0.0,59619106.0,3.5487185697052985
Italy,2020-06-21,238499.0,224.0,247.14285714285714,-0.0,59619106.0,4.1453633528630425
Italy,2020-06-22,238720.0,221.0,242.14285714285714,-0.0,59619106.0,4.061497620290669
Italy,2020-06-23,238833.0,113.0,278.57142857142856,-0.0,59619106.0,4.6725193861751055
Italy,2020-06-24,239410.0,577.0,265.85714285714283,-0.0,59619106.0,4.459260809062497
Italy,2020-06-25,239706.0,296.0,258.7142857142857,-0.0,59619106.0,4.339452619673394
Italy,2020-06-26,239961.0,255.0,245.14285714285714,-0.0,59619106.0,4.1118170598340935
Italy,2020-06-27,240136.0,175.0,249.28571428571428,-0.0,59619106.0,4.181305809679774
Italy,2020-06-28,240310.0,174.0,192.85714285714286,-0.0,59619106.0,3.2348211135058427
Italy,2020-06-29,240436.0,126.0,179.28571428571428,-0.0,59619106.0,3.007185553666542
Italy,2020-06-30,240578.0,142.0,174.71428571428572,-0.0,59619106.0,2.9305083124575155
Italy,2020-07-01,240760.0,182.0,183.28571428571428,-0.0,59619106.0,3.0742781397244414
Italy,2020-07-02,240961.0,201.0,185.85714285714286,-0.0,59619106.0,3.1174090879045195
Italy,2020-07-03,241184.0,223.0,197.57142857142858,-0.0,59619106.0,3.3138945185026523
Italy,2020-07-04,241419.0,235.0,196.85714285714286,-0.0,59619106.0,3.3019136995637415
Italy,2020-07-05,241611.0,192.0,198.42857142857142,-0.0,59619106.0,3.3282715012293447
Italy,2020-07-06,241819.0,208.0,200.28571428571428,-0.0,59619106.0,3.359421630470512
Italy,2020-07-07,241956.0,137.0,207.85714285714286,-0.0,59619106.0,3.486418311222964
Italy,2020-07-08,242149.0,193.0,201.14285714285714,-0.0,59619106.0,3.373798613197205
Italy,2020-07-09,242363.0,214.0,207.14285714285714,-0.0,59619106.0,3.474437492284053
Italy,2020-07-10,242639.0,276.0,201.57142857142858,-0.0,59619106.0,3.380987104560551
Italy,2020-07-11,242827.0,188.0,198.28571428571428,-0.0,59619106.0,3.3258753374415626
Italy,2020-07-12,243061.0,234.0,193.85714285714286,-0.0,59619106.0,3.251594260020317
Italy,2020-07-13,243230.0,169.0,196.14285714285714,-0.0,59619106.0,3.2899328806248307
Italy,2020-07-14,243344.0,114.0,189.71428571428572,-0.0,59619106.0,3.1821055101746363
Italy,2020-07-15,243506.0,162.0,198.42857142857142,-0.0,59619106.0,3.3282715012293447
Italy,2020-07-16,243736.0,230.0,196.14285714285714,-0.0,59619106.0,3.2899328806248307
Italy,2020-07-17,243967.0,231.0,199.14285714285714,-0.0,59619106.0,3.340252320168255
Italy,2020-07-18,244216.0,249.0,201.14285714285714,-0.0,59619106.0,3.373798613197205
Italy,2020-07-19,244434.0,218.0,218.0,-0.0,59619106.0,3.656545940155493
Italy,2020-07-20,244624.0,190.0,228.85714285714286,-0.0,59619106.0,3.8386543880269333
Italy,2020-07-21,244752.0,128.0,231.85714285714286,-0.0,59619106.0,3.8889738275703576
Italy,2020-07-22,245032.0,280.0,235.42857142857142,-0.0,59619106.0,3.94887792226491
Italy,2020-07-23,245338.0,306.0,240.57142857142858,-0.0,59619106.0,4.035139818625066
Italy,2020-07-24,245590.0,252.0,237.42857142857142,-0.0,59619106.0,3.982424215293859
Italy,2020-07-25,245864.0,274.0,248.0,-0.0,59619106.0,4.159740335589735
Italy,2020-07-26,246118.0,254.0,249.14285714285714,-0.0,59619106.0,4.178909645891991
Italy,2020-07-27,246286.0,168.0,260.0,-0.0,59619106.0,4.361018093763432
Italy,2020-07-28,246488.0,202.0,278.14285714285717,-0.0,59619106.0,4.66533089481176
Italy,2020-07-29,246776.0,288.0,281.14285714285717,-0.0,59619106.0,4.715650334355184
Italy,2020-07-30,247158.0,382.0,278.85714285714283,-0.0,59619106.0,4.67731171375067
Italy,2020-07-31,247537.0,379.0,277.57142857142856,-0.0,59619106.0,4.655746239660631
Italy,2020-08-01,247832.0,295.0,275.85714285714283,-0.0,59619106.0,4.626992274207246
Italy,2020-08-02,248070.0,238.0,289.57142857142856,-0.0,59619106.0,4.857023997834327
Italy,2020-08-03,248229.0,159.0,292.2857142857143,-0.0,59619106.0,4.902551109802188
Italy,2020-08-04,248419.0,190.0,317.0,-0.0,59619106.0,5.317087445088492
Italy,2020-08-05,248803.0,384.0,324.42857142857144,-0.0,59619106.0,5.441687962053162
Italy,2020-08-06,249204.0,401.0,356.57142857142856,-0.0,59619106.0,5.980824814304135
Italy,2020-08-07,249756.0,552.0,370.85714285714283,-0.0,59619106.0,6.220441193082346
Italy,2020-08-08,250103.0,347.0,402.57142857142856,-0.0,59619106.0,6.752389553969974
Italy,2020-08-09,250566.0,463.0,415.7142857142857,-0.0,59619106.0,6.972836622445928
Italy,2020-08-10,250825.0,259.0,433.0,-0.0,59619106.0,7.262772440767562
Italy,2020-08-11,251237.0,412.0,436.14285714285717,-0.0,59619106.0,7.315488044098769
Italy,2020-08-12,251713.0,476.0,476.42857142857144,-0.0,59619106.0,7.991206232253322
Italy,2020-08-13,252235.0,522.0,478.42857142857144,-0.0,59619106.0,8.024752525282272
Italy,2020-08-14,252809.0,574.0,487.14285714285717,-0.0,59619106.0,8.17091851633698
Italy,2020-08-15,253438.0,629.0,485.57142857142856,-0.0,59619106.0,8.144560714671377
Italy,2020-08-16,253915.0,477.0,509.2857142857143,-0.0,59619106.0,8.542323903443206
Italy,2020-08-17,254235.0,320.0,554.7142857142857,-0.0,59619106.0,9.304303987957915
Italy,2020-08-18,254636.0,401.0,608.0,-0.0,59619106.0,10.19807308080064
Italy,2020-08-19,255278.0,642.0,671.1428571428571,-0.0,59619106.0,11.257177475000333
Italy,2020-08-20,256118.0,840.0,775.7142857142857,-0.0,59619106.0,13.011169367656834
Italy,2020-08-21,257065.0,947.0,866.1428571428571,-0.0,59619106.0,14.527941045322907
Italy,2020-08-22,258136.0,1071.0,934.0,-0.0,59619106.0,15.666118844519406
Italy,2020-08-23,259345.0,1209.0,1037.4285714285713,-0.0,59619106.0,17.400941426873647
Italy,2020-08-24,260298.0,953.0,1118.7142857142858,-0.0,59619106.0,18.76435862212167
Italy,2020-08-25,261174.0,876.0,1192.0,-0.0,59619106.0,19.99359064525389
Italy,2020-08-26,262540.0,1366.0,1245.2857142857142,-0.0,59619106.0,20.887359738096613
Italy,2020-08-27,263949.0,1409.0,1267.5714285714287,-0.0,59619106.0,21.261161288990625
Italy,2020-08-28,265409.0,1460.0,1273.7142857142858,-0.0,59619106.0,21.364196331865255
Italy,2020-08-29,266853.0,1444.0,1287.857142857143,-0.0,59619106.0,21.60141654685568
Italy,2020-08-30,268218.0,1365.0,1282.142857142857,-0.0,59619106.0,21.505569995344395
Italy,2020-08-31,269214.0,996.0,1280.4285714285713,-0.0,59619106.0,21.476816029891012
Italy,2020-09-01,270189.0,975.0,1319.2857142857142,-0.0,59619106.0,22.12857258016774
Italy,2020-09-02,271515.0,1326.0,1355.0,-0.0,59619106.0,22.72761352711327
Italy,2020-09-03,272912.0,1397.0,1345.142857142857,-0.0,59619106.0,22.562278225756305
Italy,2020-09-04,274644.0,1732.0,1367.142857142857,-0.0,59619106.0,22.931287449074752
Italy,2020-09-05,276338.0,1694.0,1423.4285714285713,-0.0,59619106.0,23.8753759814609
Italy,2020-09-06,277634.0,1296.0,1438.2857142857142,-0.0,59619106.0,24.12457701539024
Italy,2020-09-07,278784.0,1150.0,1466.857142857143,-0.0,59619106.0,24.603809772946658
Italy,2020-09-08,280153.0,1369.0,1450.2857142857142,-0.0,59619106.0,24.325854773563936
Italy,2020-09-09,281583.0,1430.0,1422.7142857142858,-0.0,59619106.0,23.86339516252199
Italy,2020-09-10,283180.0,1597.0,1445.5714285714287,-0.0,59619106.0,24.246781368567127
Italy,2020-09-11,284796.0,1616.0,1425.2857142857142,-0.0,59619106.0,23.906526110702067
Italy,2020-09-12,286297.0,1501.0,1405.2857142857142,-0.0,59619106.0,23.57106318041257
Italy,2020-09-13,287753.0,1456.0,1408.4285714285713,-0.0,59619106.0,23.623778783743777
Italy,2020-09-14,288761.0,1008.0,1406.4285714285713,-0.0,59619106.0,23.590232490714826
Italy,2020-09-15,289990.0,1229.0,1448.0,-0.0,59619106.0,24.287516152959423
Italy,2020-09-16,291442.0,1452.0,1467.4285714285713,-0.0,59619106.0,24.613394428097788
Italy,2020-09-17,293025.0,1583.0,1486.142857142857,-0.0,59619106.0,24.927291884297244
Italy,2020-09-18,294932.0,1907.0,1535.0,-0.0,59619106.0,25.746779899718724
Italy,2020-09-19,296569.0,1637.0,1558.142857142857,-0.0,59619106.0,26.134958433339424
Italy,2020-09-20,298156.0,1587.0,1585.0,-0.0,59619106.0,26.58543722544246
Italy,2020-09-21,299506.0,1350.0,1614.0,-0.0,59619106.0,27.071858474362227
Italy,2020-09-22,300897.0,1391.0,1614.7142857142858,-0.0,59619106.0,27.08383929330114
Italy,2020-09-23,302537.0,1640.0,1647.857142857143,-0.0,59619106.0,27.63974929206659
Italy,2020-09-24,304323.0,1786.0,1673.4285714285713,-0.0,59619106.0,28.068662610079585
Italy,2020-09-25,306235.0,1912.0,1694.0,-0.0,59619106.0,28.413710195520206
Italy,2020-09-26,308104.0,1869.0,1730.5714285714287,-0.0,59619106.0,29.027128125192426
Italy,2020-09-27,309870.0,1766.0,1760.5714285714287,-0.0,59619106.0,29.530322520626672
Italy,2020-09-28,311364.0,1494.0,1869.4285714285713,-0.0,59619106.0,31.356199326916627
Italy,2020-09-29,313011.0,1647.0,1953.2857142857142,-0.0,59619106.0,32.76274747034473
Italy,2020-09-30,314861.0,1850.0,2092.4285714285716,-0.0,59619106.0,35.096610999644504
Italy,2020-10-01,317409.0,2548.0,2208.4285714285716,-0.0,59619106.0,37.04229599532357
Italy,2020-10-02,319908.0,2499.0,2317.4285714285716,-0.0,59619106.0,38.87056896540132
Italy,2020-10-03,322751.0,2843.0,2464.5714285714284,-0.0,59619106.0,41.33861766681688
Italy,2020-10-04,325329.0,2578.0,2725.5714285714284,-0.0,59619106.0,45.71640890709479
Italy,2020-10-05,327586.0,2257.0,2998.4285714285716,-0.0,59619106.0,50.29308174175861
Italy,2020-10-06,330263.0,2677.0,3408.8571428571427,-0.0,59619106.0,57.1772603040566
Italy,2020-10-07,333940.0,3677.0,3820.4285714285716,-0.0,59619106.0,64.08060817665685
Italy,2020-10-08,338398.0,4458.0,4231.571428571428,-0.0,59619106.0,70.97676755789374
Italy,2020-10-09,343770.0,5372.0,4569.0,-0.0,59619106.0,76.63650642463509
Italy,2020-10-10,349494.0,5724.0,5029.142857142857,-0.0,59619106.0,84.35454998508123
Italy,2020-10-11,354950.0,5456.0,5551.285714285715,-0.0,59619106.0,93.11252862942484
Italy,2020-10-12,359569.0,4619.0,6172.0,-0.0,59619106.0,103.5238602873381
Italy,2020-10-13,365467.0,5898.0,6834.428571428572,-0.0,59619106.0,114.63487177128371
Italy,2020-10-14,372799.0,7332.0,7577.428571428572,-0.0,59619106.0,127.09731963153844
Italy,2020-10-15,381602.0,8803.0,8470.142857142857,-0.0,59619106.0,142.0709471413888
Italy,2020-10-16,391611.0,10009.0,9144.142857142857,-0.0,59619106.0,153.3760478921448
Italy,2020-10-17,402536.0,10925.0,9854.57142857143,-0.0,59619106.0,165.2921704087852
Italy,2020-10-18,414241.0,11705.0,10978.42857142857,-0.0,59619106.0,184.14279092726701
Italy,2020-10-19,423578.0,9337.0,12017.714285714286,-0.0,59619106.0,201.57488248338186
Italy,2020-10-20,434449.0,10871.0,13322.57142857143,-0.0,59619106.0,223.4614425209836
Italy,2020-10-21,449648.0,15199.0,14567.57142857143,-0.0,59619106.0,244.34400993150464
Italy,2020-10-22,465726.0,16078.0,15934.42857142857,-0.0,59619106.0,267.27050505300383
Italy,2020-10-23,484869.0,19143.0,17030.14285714286,-0.0,59619106.0,285.6490813052926
Italy,2020-10-24,504509.0,19640.0,18618.428571428572,-0.0,59619106.0,312.28963029785405
Italy,2020-10-25,525782.0,21273.0,20016.85714285714,-0.0,59619106.0,335.74567761645307
Italy,2020-10-26,542789.0,17007.0,21552.714285714286,-0.0,59619106.0,361.50683449889846
Italy,2020-10-27,564778.0,21989.0,23257.85714285714,-0.0,59619106.0,390.1074454698657
Italy,2020-10-28,589766.0,24988.0,24988.714285714286,-0.0,59619106.0,419.13936592263366
Italy,2020-10-29,616595.0,26829.0,26221.85714285714,-0.0,59619106.0,439.8230517387688
Italy,2020-10-30,647674.0,31079.0,26971.285714285714,-0.0,59619106.0,452.3933269694737
Italy,2020-10-31,679430.0,31756.0,27864.428571428572,-0.0,59619106.0,467.3741429706875
Italy,2020-11-01,709335.0,29905.0,28658.714285714286,-0.0,59619106.0,480.69681363075597
Italy,2020-11-02,731588.0,22253.0,29754.85714285714,-0.0,59619106.0,499.082578374408
Italy,2020-11-03,759829.0,28241.0,30715.285714285714,-0.0,59619106.0,515.1919875196672
Italy,2020-11-04,790377.0,30548.0,31865.714285714286,-0.0,59619106.0,534.4882945026765
Italy,2020-11-05,824879.0,34502.0,32252.714285714286,-0.0,59619106.0,540.9795022037781
Italy,2020-11-06,862681.0,37802.0,32683.571428571428,-0.0,59619106.0,548.206332187729
Italy,2020-11-07,902490.0,39809.0,33662.0,-0.0,59619106.0,564.6176579702487
Italy,2020-11-08,935104.0,32614.0,34006.71428571428,-0.0,59619106.0,570.3996011901669
Italy,2020-11-09,960373.0,25269.0,34503.142857142855,-0.0,59619106.0,578.7262703527097
Italy,2020-11-10,995463.0,35090.0,34946.0,-0.0,59619106.0,586.1543780948343
Italy,2020-11-11,1028424.0,32961.0,34580.28571428572,-0.0,59619106.0,580.0201987981121
Italy,2020-11-12,1066401.0,37977.0,34775.0,-0.0,59619106.0,583.286170040859
Italy,2020-11-13,1107303.0,40902.0,35072.57142857143,-0.0,59619106.0,588.2773792108092
Italy,2020-11-14,1144552.0,37249.0,34658.42857142857,-0.0,59619106.0,581.3309003900289
Italy,2020-11-15,1178529.0,33977.0,34846.857142857145,-0.0,59619106.0,584.4914404261135
Italy,2020-11-16,1205881.0,27352.0,34589.57142857143,-0.0,59619106.0,580.1759494443178
Italy,2020-11-17,1238072.0,32191.0,34066.28571428572,-0.0,59619106.0,571.398801489672
Italy,2020-11-18,1272352.0,34280.0,33711.28571428572,-0.0,59619106.0,565.4443344770335
Italy,2020-11-19,1308528.0,36176.0,32905.57142857143,-0.0,59619106.0,551.9299707139425
Italy,2020-11-20,1345767.0,37239.0,32273.428571428572,-0.0,59619106.0,541.3269459530067
Italy,2020-11-21,1380531.0,34764.0,30992.85714285714,-0.0,59619106.0,519.8477337593278
Italy,2020-11-22,1408868.0,28337.0,29788.85714285714,-0.0,59619106.0,499.6528653559002
Italy,2020-11-23,1431795.0,22927.0,28763.85714285714,-0.0,59619106.0,482.4603901785636
Italy,2020-11-24,1455022.0,23227.0,27492.85714285714,-0.0,59619106.0,461.14172095866616
Italy,2020-11-25,1480874.0,25852.0,26285.85714285714,-0.0,59619106.0,440.89653311569515
Italy,2020-11-26,1509875.0,29001.0,25187.14285714286,-0.0,59619106.0,422.46763742386304
Italy,2020-11-27,1538217.0,28342.0,24251.285714285714,-0.0,59619106.0,406.77036845010247
Italy,2020-11-28,1564532.0,26315.0,23697.0,-0.0,59619106.0,397.4732529535079
Italy,2020-11-29,1585178.0,20646.0,22962.285714285714,-0.0,59619106.0,385.1497825929445
Italy,2020-11-30,1601554.0,16376.0,22136.285714285714,-0.0,59619106.0,371.2951635719884
Italy,2020-12-01,1620901.0,19347.0,21531.714285714286,-0.0,59619106.0,361.1545984220945
Italy,2020-12-02,1641610.0,20709.0,20779.85714285714,-0.0,59619106.0,348.5435884069973
Italy,2020-12-03,1664829.0,23219.0,20528.571428571428,-0.0,59619106.0,344.32873630428855
Italy,2020-12-04,1688939.0,24110.0,20143.285714285714,-0.0,59619106.0,337.86628256864026
Italy,2020-12-05,1709991.0,21052.0,19499.0,-0.0,59619106.0,327.05958388574294
Italy,2020-12-06,1728878.0,18887.0,18362.714285714286,-0.0,59619106.0,308.0004971177241
Italy,2020-12-07,1742557.0,13679.0,17474.0,-0.0,59619106.0,293.0939621939316
Italy,2020-12-08,1757394.0,14837.0,16704.85714285714,-0.0,59619106.0,280.1930163605127
Italy,2020-12-09,1770149.0,12755.0,16540.571428571428,-0.0,59619106.0,277.4374280045633
Italy,2020-12-10,1787147.0,16998.0,16404.85714285714,-0.0,59619106.0,275.1610724061703
Italy,2020-12-11,1805873.0,18726.0,16168.57142857143,-0.0,59619106.0,271.1978175011787
Italy,2020-12-12,1825775.0,19902.0,16168.857142857143,-0.0,59619106.0,271.2026098287543
Italy,2020-12-13,1843712.0,17937.0,16856.428571428572,-0.0,59619106.0,282.73534613934953
Italy,2020-12-14,1855737.0,12025.0,17032.85714285714,-0.0,59619106.0,285.69460841726044
Italy,2020-12-15,1870576.0,14839.0,16557.85714285714,-0.0,59619106.0,277.7273638228849
Italy,2020-12-16,1888144.0,17568.0,16044.0,-0.0,59619106.0,269.1083626782327
Italy,2020-12-17,1906377.0,18233.0,15639.0,-0.0,59619106.0,262.31523833987046
Italy,2020-12-18,1921778.0,15401.0,15473.857142857143,-0.0,59619106.0,259.54527300119435
Italy,2020-12-19,1938083.0,16305.0,15256.285714285714,-0.0,59619106.0,255.8959155524022
Italy,2020-12-20,1953185.0,15102.0,14733.42857142857,-0.0,59619106.0,247.12595608911965
Italy,2020-12-21,1964054.0,10869.0,14705.714285714286,-0.0,59619106.0,246.66110031428994
Italy,2020-12-22,1977370.0,13316.0,15225.142857142857,-0.0,59619106.0,255.37355184666566
Italy,2020-12-23,1991278.0,13908.0,14382.285714285714,-0.0,59619106.0,241.23618549875124
Italy,2020-12-24,2009317.0,18039.0,13501.57142857143,-0.0,59619106.0,226.4638357470746
Italy,2020-12-25,2028354.0,19037.0,13174.714285714286,-0.0,59619106.0,220.98141300062915
Italy,2020-12-26,2038759.0,10405.0,12873.857142857143,-0.0,59619106.0,215.93509206356
Italy,2020-12-27,2047696.0,8937.0,13201.57142857143,-0.0,59619106.0,221.4318917927322
Italy,2020-12-28,2056277.0,8581.0,13978.42857142857,-0.0,59619106.0,234.46223047069122
Italy,2020-12-29,2067487.0,11210.0,14431.714285714286,-0.0,59619106.0,242.0652581693239
Italy,2020-12-30,2083689.0,16202.0,14634.57142857143,-0.0,59619106.0,245.46781074797448
Italy,2020-12-31,2107166.0,23477.0,15392.857142857143,-0.0,59619106.0,258.1866481335219
Italy,2021-01-01,2129376.0,22210.0,15709.57142857143,-0.0,59619106.0,263.4989432510348
Italy,2021-01-02,2141201.0,11825.0,16304.57142857143,-0.0,59619106.0,273.47896542714733
Italy,2021-01-03,2155446.0,14245.0,16893.714285714286,-0.0,59619106.0,283.36074488796066
Italy,2021-01-04,2166244.0,10798.0,16170.714285714286,-0.0,59619106.0,271.23375995799546
Italy,2021-01-05,2181619.0,15375.0,15502.0,-0.0,59619106.0,260.0173172673874
Italy,2021-01-06,2201945.0,20326.0,16666.428571428572,-0.0,59619106.0,279.54844830159936
Italy,2021-01-07,2220361.0,18416.0,17292.14285714286,-0.0,59619106.0,290.043645692085
Italy,2021-01-08,2237890.0,17529.0,17539.571428571428,-0.0,59619106.0,294.1938013725236
Italy,2021-01-09,2257866.0,19976.0,17377.714285714286,-0.0,59619106.0,291.47894780096647
Italy,2021-01-10,2276491.0,18625.0,16727.285714285714,-0.0,59619106.0,280.5692140751945
Italy,2021-01-11,2289021.0,12530.0,16559.714285714286,-0.0,59619106.0,277.7585139521261
Italy,2021-01-12,2303263.0,14242.0,16361.857142857143,-0.0,59619106.0,274.4398271060479
Italy,2021-01-13,2319036.0,15773.0,15838.142857142857,-0.0,59619106.0,265.6554906600387
Italy,2021-01-14,2336279.0,17243.0,14969.42857142857,-0.0,59619106.0,251.08441866653567
Italy,2021-01-15,2352423.0,16144.0,14440.142857142857,-0.0,59619106.0,242.206631832803
Italy,2021-01-16,2368733.0,16310.0,13905.0,-0.0,59619106.0,233.23060228377125
Italy,2021-01-17,2381277.0,12544.0,13590.0,-0.0,59619106.0,227.94706113171168
Italy,2021-01-18,2390102.0,8825.0,13134.57142857143,-0.0,59619106.0,220.30809097626238
Italy,2021-01-19,2400598.0,10496.0,12775.857142857143,-0.0,59619106.0,214.29132370514148
Italy,2021-01-20,2414166.0,13568.0,12350.285714285714,-0.0,59619106.0,207.15315178133858
Italy,2021-01-21,2428221.0,14055.0,12219.42857142857,-0.0,59619106.0,204.95826575173018
Italy,2021-01-22,2441854.0,13633.0,12181.42857142857,-0.0,59619106.0,204.32088618418013
Italy,2021-01-23,2455185.0,13331.0,12194.0,-0.0,59619106.0,204.53174859750496
Italy,2021-01-24,2466813.0,11628.0,12425.857142857143,-0.0,59619106.0,208.42072242507535
Italy,2021-01-25,2475372.0,8559.0,12469.42857142857,-0.0,59619106.0,209.15155238034885
Italy,2021-01-26,2485956.0,10584.0,12459.42857142857,-0.0,59619106.0,208.9838209152041
Italy,2021-01-27,2501147.0,15191.0,12371.142857142857,-0.0,59619106.0,207.50299169435476
Italy,2021-01-28,2515507.0,14360.0,12317.0,-0.0,59619106.0,206.59484561878534
Italy,2021-01-29,2529070.0,13563.0,12226.42857142857,-0.0,59619106.0,205.0756777773315
Italy,2021-01-30,2541783.0,12713.0,12093.142857142857,-0.0,59619106.0,202.8400569633308
Italy,2021-01-31,2553032.0,11249.0,11806.142857142857,-0.0,59619106.0,198.02616391367653
Italy,2021-02-01,2560957.0,7925.0,11705.57142857143,-0.0,59619106.0,196.33926460707798
Italy,2021-02-02,2570608.0,9651.0,11798.42857142857,-0.0,59619106.0,197.8967710691363
Italy,2021-02-03,2583790.0,13182.0,11902.142857142857,-0.0,59619106.0,199.63638597906612
Italy,2021-02-04,2597446.0,13656.0,11958.0,-0.0,59619106.0,200.57328602008894
Italy,2021-02-05,2611659.0,14213.0,11964.285714285714,-0.0,59619106.0,200.67871722675133
Italy,2021-02-06,2625098.0,13439.0,12101.57142857143,-0.0,59619106.0,202.98143062680995
Italy,2021-02-07,2636738.0,11640.0,12068.0,-0.0,59619106.0,202.41833213668113
Italy,2021-02-08,2644707.0,7969.0,12279.57142857143,-0.0,59619106.0,205.96705070638646
Italy,2021-02-09,2655319.0,10612.0,12233.857142857143,-0.0,59619106.0,205.2002782942962
Italy,2021-02-10,2668266.0,12947.0,12245.857142857143,-0.0,59619106.0,205.40155605246989
Italy,2021-02-11,2683403.0,15137.0,12163.0,-0.0,59619106.0,204.01178105555627
Italy,2021-02-12,2697296.0,13893.0,12073.714285714286,-0.0,59619106.0,202.51417868819243
Italy,2021-02-13,2710819.0,13523.0,12038.857142857143,-0.0,59619106.0,201.9295147239736
Italy,2021-02-14,2721879.0,11060.0,11913.0,-0.0,59619106.0,199.81849442693755
Italy,2021-02-15,2729223.0,7344.0,11715.57142857143,-0.0,59619106.0,196.5069960722227
Italy,2021-02-16,2739591.0,10368.0,11940.857142857143,-0.0,59619106.0,200.28574636555507
Italy,2021-02-17,2751657.0,12066.0,12139.57142857143,-0.0,59619106.0,203.61881019436
Italy,2021-02-18,2765412.0,13755.0,12481.0,-0.0,59619106.0,209.34564164715923
Italy,2021-02-19,2780882.0,15470.0,12805.714285714286,-0.0,59619106.0,214.79212193678796
Italy,2021-02-20,2795796.0,14914.0,13224.42857142857,-0.0,59619106.0,221.81527799877728
Italy,2021-02-21,2809246.0,13450.0,13843.857142857143,-0.0,59619106.0,232.20504418260052
Italy,2021-02-22,2818863.0,9617.0,14717.57142857143,-0.0,59619106.0,246.85998190867588
Italy,2021-02-23,2832162.0,13299.0,15434.42857142857,-0.0,59619106.0,258.8839317957665
Italy,2021-02-24,2848564.0,16402.0,16004.142857142857,-0.0,59619106.0,268.4398329814415
Italy,2021-02-25,2868435.0,19871.0,16574.14285714286,-0.0,59619106.0,278.0005264946921
Italy,2021-02-26,2888923.0,20488.0,17072.571428571428,-0.0,59619106.0,286.36074195026384
Italy,2021-02-27,2907825.0,18902.0,17610.285714285714,-0.0,59619106.0,295.37990244747573
Italy,2021-02-28,2925265.0,17440.0,18244.285714285714,-0.0,59619106.0,306.0140773376527
Italy,2021-03-01,2938371.0,13106.0,18669.14285714286,-0.0,59619106.0,313.1402684425167
Italy,2021-03-02,2955434.0,17063.0,19172.285714285714,-0.0,59619106.0,321.57955730308527
Italy,2021-03-03,2976274.0,20840.0,19848.14285714286,-0.0,59619106.0,332.91580818308245
Italy,2021-03-04,2999119.0,22845.0,20317.285714285714,-0.0,59619106.0,340.78481006215884
Italy,2021-03-05,3023129.0,24010.0,20428.14285714286,-0.0,59619106.0,342.64423316147776
Italy,2021-03-06,3046762.0,23633.0,20808.428571428572,-0.0,59619106.0,349.0228211645537
Italy,2021-03-07,3067486.0,20724.0,21013.428571428572,-0.0,59619106.0,352.4613162000211
Italy,2021-03-08,3081368.0,13882.0,21414.0,-0.0,59619106.0,359.1801594609621
Italy,2021-03-09,3101093.0,19725.0,21811.14285714286,-0.0,59619106.0,365.84149479099636
Italy,2021-03-10,3123368.0,22275.0,22153.714285714286,-0.0,59619106.0,371.5874955540978
Italy,2021-03-11,3149017.0,25649.0,22236.571428571428,-0.0,59619106.0,372.97727055101143
Italy,2021-03-12,3175807.0,26790.0,22432.285714285714,-0.0,59619106.0,376.26001494027287
Italy,2021-03-13,3201838.0,26031.0,22525.285714285714,-0.0,59619106.0,377.81991756611905
Italy,2021-03-14,3223142.0,21304.0,22634.571428571428,-0.0,59619106.0,379.65298286377237
Italy,2021-03-15,3238394.0,15252.0,22527.714285714286,-0.0,59619106.0,377.8606523505114
Italy,2021-03-16,3258770.0,20376.0,22373.0,-0.0,59619106.0,375.2656069683433
Italy,2021-03-17,3281810.0,23040.0,22070.428571428572,-0.0,59619106.0,370.1905320658209
Italy,2021-03-18,3306711.0,24901.0,21890.571428571428,-0.0,59619106.0,367.17376185700317
Italy,2021-03-19,3332418.0,25707.0,23211.85714285714,-0.0,59619106.0,389.33588073019985
Italy,2021-03-20,3356331.0,23913.0,22978.0,-0.0,59619106.0,385.41336060960055
Italy,2021-03-21,3376376.0,20045.0,22721.714285714286,-0.0,59619106.0,381.11464277431946
Italy,2021-03-22,3400877.0,24501.0,22547.428571428572,-0.0,59619106.0,378.1913229532253
Italy,2021-03-23,3419616.0,18739.0,22314.428571428572,-0.0,59619106.0,374.2831798153527
Italy,2021-03-24,3440862.0,21246.0,22303.14285714286,-0.0,59619106.0,374.0938828761179
Italy,2021-03-25,3464543.0,23681.0,22240.14285714286,-0.0,59619106.0,373.037174645706
Italy,2021-03-26,3488619.0,24076.0,20582.85714285714,-0.0,59619106.0,345.23927854364575
Italy,2021-03-27,3512453.0,23834.0,20199.428571428572,-0.0,59619106.0,338.8079749372386
Italy,2021-03-28,3532057.0,19604.0,20576.714285714286,-0.0,59619106.0,345.1362435007712
Italy,2021-03-29,3544957.0,12900.0,20362.85714285714,-0.0,59619106.0,341.5491863104613
Italy,2021-03-30,3561012.0,16055.0,20054.428571428572,-0.0,59619106.0,336.37586869263976
Italy,2021-03-31,3584899.0,23887.0,19684.85714285714,-0.0,59619106.0,330.17699297364743
Italy,2021-04-01,3607083.0,22184.0,19458.14285714286,-0.0,59619106.0,326.3742810424373
Italy,2021-04-02,3629000.0,21917.0,19141.0,-0.0,59619106.0,321.054797433561
Italy,2021-04-03,3650247.0,21247.0,17956.428571428572,-0.0,59619106.0,301.1858073052718
Italy,2021-04-04,3668264.0,18017.0,16499.14285714286,-0.0,59619106.0,276.74254050610654
Italy,2021-04-05,3678944.0,10680.0,15788.42857142857,-0.0,59619106.0,264.8216256618905
Italy,2021-04-06,3686707.0,7763.0,15360.857142857143,-0.0,59619106.0,257.6499074450587
Italy,2021-04-07,3700393.0,13686.0,14832.857142857143,-0.0,59619106.0,248.79368608541606
Italy,2021-04-08,3717602.0,17209.0,14507.142857142857,-0.0,59619106.0,243.3304326492728
Italy,2021-04-09,3736526.0,18924.0,14378.57142857143,-0.0,59619106.0,241.17388524026893
Italy,2021-04-10,3754077.0,17551.0,15189.42857142857,-0.0,59619106.0,254.77451089972013
Italy,2021-04-11,3769814.0,15737.0,15542.857142857143,-0.0,59619106.0,260.7026201106931
Italy,2021-04-12,3779594.0,9780.0,15507.714285714286,-0.0,59619106.0,260.11316381889867
Italy,2021-04-13,3793033.0,13439.0,15079.0,-0.0,59619106.0,252.92227629176458
Italy,2021-04-14,3809193.0,16160.0,14766.57142857143,-0.0,59619106.0,247.68186608788514
Italy,2021-04-15,3826156.0,16963.0,14331.0,-0.0,59619106.0,240.37596269893749
Italy,2021-04-16,3842079.0,15923.0,14200.0,-0.0,59619106.0,238.17868050554128
Italy,2021-04-17,3857443.0,15364.0,14004.285714285714,-0.0,59619106.0,234.8959361162798
Italy,2021-04-18,3870131.0,12688.0,13672.285714285714,-0.0,59619106.0,229.32725147347418
Italy,2021-04-19,3878994.0,8863.0,13541.285714285714,-0.0,59619106.0,227.129969280078
Italy,2021-04-20,3891063.0,12069.0,13374.857142857143,-0.0,59619106.0,224.33843846731187
Italy,2021-04-21,3904899.0,13836.0,13153.42857142857,-0.0,59619106.0,220.62438459624957
Italy,2021-04-22,3920945.0,16046.0,13220.42857142857,-0.0,59619106.0,221.74818541271938
Italy,2021-04-23,3935703.0,14758.0,13160.0,-0.0,59619106.0,220.73460813048754
Italy,2021-04-24,3949517.0,13814.0,12921.285714285714,-0.0,59619106.0,216.73061844110367
Italy,2021-04-25,3962674.0,13157.0,12856.42857142857,-0.0,59619106.0,215.64276008145058
Italy,2021-04-26,3971114.0,8440.0,12609.0,-0.0,59619106.0,211.492604401012
Italy,2021-04-27,3981512.0,10398.0,12421.42857142857,-0.0,59619106.0,208.34644134765406
Italy,2021-04-28,3994894.0,13382.0,12300.0,-0.0,59619106.0,206.30970212803928
Italy,2021-04-29,4009208.0,14314.0,11726.857142857143,-0.0,59619106.0,196.6962930114575
Italy,2021-04-30,4022653.0,13445.0,11370.57142857143,-0.0,59619106.0,190.72026052472893
Italy,2021-05-01,4035617.0,12964.0,11187.0,-0.0,59619106.0,187.64119005742893
Italy,2021-05-02,4044762.0,9145.0,10786.57142857143,-0.0,59619106.0,180.9247429602757
Italy,2021-05-03,4050708.0,5946.0,10427.142857142857,-0.0,59619106.0,174.89599487021587
Italy,2021-05-04,4059821.0,9113.0,10013.42857142857,-0.0,59619106.0,167.95670454079888
Italy,2021-05-05,4070400.0,10579.0,9614.857142857143,-0.0,59619106.0,161.27140757288683
Italy,2021-05-06,4082198.0,11798.0,9492.57142857143,-0.0,59619106.0,159.22029137054537
Italy,2021-05-07,4092747.0,10549.0,9368.42857142857,-0.0,59619106.0,157.1380250389627
Italy,2021-05-08,4102921.0,10174.0,9058.42857142857,-0.0,59619106.0,151.93834961947553
Italy,2021-05-09,4111210.0,8289.0,8668.285714285714,-0.0,59619106.0,145.39442631504258
Italy,2021-05-10,4116287.0,5077.0,8137.428571428572,-0.0,59619106.0,136.4902816796443
Italy,2021-05-11,4123230.0,6943.0,7710.714285714285,-0.0,59619106.0,129.33294044553915
Italy,2021-05-12,4131078.0,7848.0,7207.571428571428,-0.0,59619106.0,120.89365158497057
Italy,2021-05-13,4139160.0,8082.0,6844.571428571428,-0.0,59619106.0,114.80499940021623
Italy,2021-05-14,4146722.0,7562.0,6612.714285714285,-0.0,59619106.0,110.91602557264588
Italy,2021-05-15,4153374.0,6652.0,6256.428571428572,-0.0,59619106.0,104.93999308591731
Italy,2021-05-16,4159122.0,5748.0,5921.0,-0.0,59619106.0,99.31380051220493
Italy,2021-05-17,4162576.0,3454.0,5585.857142857143,-0.0,59619106.0,93.69240026606812
Italy,2021-05-18,4167025.0,4449.0,5250.571428571428,-0.0,59619106.0,88.06860385614351
Italy,2021-05-19,4172525.0,5500.0,4973.714285714285,-0.0,59619106.0,83.42483843542178
Italy,2021-05-20,4178261.0,5736.0,4723.0,-0.0,59619106.0,79.2195709878642
Italy,2021-05-21,4183476.0,5215.0,4585.142857142857,-0.0,59619106.0,76.90727293265445
Italy,2021-05-22,4188190.0,4714.0,4409.571428571428,-0.0,59619106.0,73.96238763747026
Italy,2021-05-23,4192183.0,3993.0,4186.0,-0.0,59619106.0,70.21239130959125
Italy,2021-05-24,4194672.0,2489.0,3958.4285714285716,-0.0,59619106.0,66.39530239565437
Italy,2021-05-25,4197892.0,3220.0,3747.285714285714,-0.0,59619106.0,62.85377231731241
Italy,2021-05-26,4201827.0,3935.0,3552.1428571428573,-0.0,59619106.0,59.580612583202054
Italy,2021-05-27,4205970.0,4143.0,3402.8571428571427,-0.0,59619106.0,57.07662142496975
Italy,2021-05-28,4209707.0,3737.0,3307.0,-0.0,59619106.0,55.468795523367966
Italy,2021-05-29,4213055.0,3348.0,3201.714285714286,-0.0,59619106.0,53.70282281177255
Italy,2021-05-30,4216003.0,2948.0,3053.285714285714,-0.0,59619106.0,51.21320863626694
Italy,2021-05-31,4217821.0,1818.0,2741.8571428571427,-0.0,59619106.0,45.98957157890195
Italy,2021-06-01,4220304.0,2483.0,2573.1428571428573,-0.0,59619106.0,43.15970214553129
Italy,2021-06-02,4223200.0,2896.0,2442.5714285714284,-0.0,59619106.0,40.96960844349844
Italy,2021-06-03,4225163.0,1963.0,2346.4285714285716,-0.0,59619106.0,39.35699021432109
Italy,2021-06-04,4227719.0,2556.0,2268.1428571428573,-0.0,59619106.0,38.04389245861649
Italy,2021-06-05,4230153.0,2434.0,2184.0,-0.0,59619106.0,36.63255198761283
Italy,2021-06-06,4232428.0,2275.0,2084.285714285714,-0.0,59619106.0,34.96002966374092
Italy,2021-06-07,4233698.0,1270.0,2100.714285714286,-0.0,59619106.0,35.23558849933586
Italy,2021-06-08,4235592.0,1894.0,2005.857142857143,-0.0,59619106.0,33.64453574424854
Italy,2021-06-09,4237790.0,2198.0,1904.142857142857,-0.0,59619106.0,31.938467127347685
Italy,2021-06-10,4239868.0,2078.0,1777.7142857142858,-0.0,59619106.0,29.81786217516052
Italy,2021-06-11,4241760.0,1892.0,1725.857142857143,-0.0,59619106.0,28.948054720195618
Italy,2021-06-12,4243482.0,1722.0,1634.2857142857142,-0.0,59619106.0,27.412113732227287
Italy,2021-06-13,4244872.0,1390.0,1520.2857142857142,-0.0,59619106.0,25.499975029577165
Italy,2021-06-14,4245779.0,907.0,1412.4285714285713,-0.0,59619106.0,23.690871369801677
Italy,2021-06-15,4247032.0,1253.0,1306.0,-0.0,59619106.0,21.90572934790401
Italy,2021-06-16,4248432.0,1400.0,1230.4285714285713,-0.0,59619106.0,20.638158704167274
Italy,2021-06-17,4249755.0,1323.0,1157.7142857142858,-0.0,59619106.0,19.418511336186185
Italy,2021-06-18,4250902.0,1147.0,1097.2857142857142,-0.0,59619106.0,18.404934053954353
Italy,2021-06-19,4252095.0,1193.0,1037.4285714285713,-0.0,59619106.0,17.400941426873647
Italy,2021-06-20,4252976.0,881.0,1000.2857142857143,-0.0,59619106.0,16.777938842050304
Italy,2021-06-21,4253460.0,484.0,849.2857142857143,-0.0,59619106.0,14.245193718364618
Italy,2021-06-22,4254294.0,834.0,792.7142857142857,-0.0,59619106.0,13.296312858402905
Italy,2021-06-23,4255434.0,1140.0,742.0,-0.0,59619106.0,12.445674713740257
Italy,2021-06-24,4255700.0,266.0,727.5714285714286,-0.0,59619106.0,12.203662171174264
Italy,2021-06-25,4256451.0,751.0,713.7142857142857,-0.0,59619106.0,11.971234283759397
Italy,2021-06-26,4257289.0,838.0,691.2857142857143,-0.0,59619106.0,11.59503656907761
Italy,2021-06-27,4258069.0,780.0,639.2857142857143,-0.0,59619106.0,10.722832950324923
Italy,2021-06-28,4258456.0,387.0,726.8571428571429,-0.0,59619106.0,12.191681352235353
Italy,2021-06-29,4259133.0,677.0,733.0,-0.0,59619106.0,12.294716395109983
Italy,2021-06-30,4259909.0,776.0,746.0,-0.0,59619106.0,12.512767299798154
Italy,2021-07-01,4260788.0,879.0,749.7142857142857,-0.0,59619106.0,12.57506755828049
Italy,2021-07-02,4261582.0,794.0,763.0,-0.0,59619106.0,12.797910790544226
Italy,2021-07-03,4262511.0,929.0,795.8571428571429,-0.0,59619106.0,13.349028461734111
Italy,2021-07-04,4263317.0,806.0,829.2857142857143,-0.0,59619106.0,13.909730788075125
Italy,2021-07-05,4263797.0,480.0,902.4285714285714,-0.0,59619106.0,15.13656664741956
Italy,2021-07-06,4264704.0,907.0,987.0,-0.0,59619106.0,16.555095609786566
Italy,2021-07-07,4265714.0,1010.0,1053.4285714285713,-0.0,59619106.0,17.669311771105246
Italy,2021-07-08,4267105.0,1391.0,1137.0,-0.0,59619106.0,19.071067586957778
Italy,2021-07-09,4268491.0,1386.0,1195.142857142857,-0.0,59619106.0,20.046306248585097
Italy,2021-07-10,4269885.0,1394.0,1284.142857142857,-0.0,59619106.0,21.539116288373346
Italy,2021-07-11,4271276.0,1391.0,1447.4285714285713,-0.0,59619106.0,24.277931497808293
Italy,2021-07-12,4272163.0,887.0,1602.0,-0.0,59619106.0,26.87058071618853
Italy,2021-07-13,4273693.0,1530.0,1817.5714285714287,-0.0,59619106.0,30.48639187195173
Italy,2021-07-14,4275846.0,2153.0,2063.8571428571427,-0.0,59619106.0,34.61737824208808
Italy,2021-07-15,4278319.0,2473.0,2311.714285714286,-0.0,59619106.0,38.77472241389003
Italy,2021-07-16,4281214.0,2895.0,2480.714285714286,-0.0,59619106.0,41.609384174836265
Italy,2021-07-17,4284332.0,3118.0,2770.0,-0.0,59619106.0,46.461615845095025
Italy,2021-07-18,4287458.0,3126.0,3070.1428571428573,-0.0,59619106.0,51.495955963225235
Italy,2021-07-19,4289528.0,2070.0,3439.1428571428573,-0.0,59619106.0,57.68524702706641
Italy,2021-07-20,4293083.0,3555.0,3760.1428571428573,-0.0,59619106.0,63.06942705821281
Italy,2021-07-21,4297337.0,4254.0,4048.714285714286,-0.0,59619106.0,67.90967790953266
Italy,2021-07-22,4302393.0,5056.0,4279.571428571428,-0.0,59619106.0,71.78187859058853
Italy,2021-07-23,4307535.0,5142.0,4428.857142857143,-0.0,59619106.0,74.28586974882084
Italy,2021-07-24,4312673.0,5138.0,4566.142857142857,-0.0,59619106.0,76.58858314887944
Italy,2021-07-25,4317415.0,4742.0,4771.714285714285,-0.0,59619106.0,80.03666283949788
Italy,2021-07-26,4320530.0,3115.0,4930.428571428572,-0.0,59619106.0,82.69880080772381
Italy,2021-07-27,4325046.0,4516.0,5140.571428571428,-0.0,59619106.0,86.22355773955128
Italy,2021-07-28,4330739.0,5693.0,5336.428571428572,-0.0,59619106.0,89.50869829260056
Italy,2021-07-29,4336906.0,6167.0,5419.0,-0.0,59619106.0,90.89368096193861
Italy,2021-07-30,4343519.0,6613.0,5429.0,-0.0,59619106.0,91.06141242708335
Italy,2021-07-31,4350028.0,6509.0,5475.428571428572,-0.0,59619106.0,91.84016565811254
Italy,2021-08-01,4355348.0,5320.0,5603.571428571428,-0.0,59619106.0,93.98952457575308
Italy,2021-08-02,4358533.0,3185.0,5754.571428571428,-0.0,59619106.0,96.52226969943878
Italy,2021-08-03,4363374.0,4841.0,5752.571428571428,-0.0,59619106.0,96.48872340640982
Italy,2021-08-04,4369964.0,6590.0,5808.0,-0.0,59619106.0,97.41843495606929
Italy,2021-08-05,4377188.0,7224.0,5867.0,-0.0,59619106.0,98.4080506004233
Italy,2021-08-06,4383787.0,6599.0,6012.0,-0.0,59619106.0,100.84015684502214
Italy,2021-08-07,4390684.0,6897.0,6123.857142857143,-0.0,59619106.0,102.71635309085553
Italy,2021-08-08,4396417.0,5733.0,6171.142857142857,-0.0,59619106.0,103.5094833046114
Italy,2021-08-09,4400617.0,4200.0,6177.285714285715,-0.0,59619106.0,103.61251834748603
Italy,2021-08-10,4406241.0,5624.0,6291.428571428572,-0.0,59619106.0,105.52705321392394
Italy,2021-08-11,4413162.0,6921.0,6332.0,-0.0,59619106.0,106.20756372965404
Italy,2021-08-12,4420429.0,7267.0,6321.714285714285,-0.0,59619106.0,106.03503993693373
Italy,2021-08-13,4427827.0,7398.0,6245.857142857143,-0.0,59619106.0,104.76267696562144
Italy,2021-08-14,4435008.0,7181.0,6195.0,-0.0,59619106.0,103.909642657171
Italy,2021-08-15,4440669.0,5661.0,6229.0,-0.0,59619106.0,104.47992963866315
Italy,2021-08-16,4444338.0,3669.0,6225.142857142857,-0.0,59619106.0,104.41523321639302
Italy,2021-08-17,4449606.0,5268.0,6199.714285714285,-0.0,59619106.0,103.98871606216781
Italy,2021-08-18,4456765.0,7159.0,6240.428571428572,-0.0,59619106.0,104.67162274168572
Italy,2021-08-19,4464005.0,7240.0,6277.714285714285,-0.0,59619106.0,105.29702149029684
Italy,2021-08-20,4471225.0,7220.0,6348.714285714285,-0.0,59619106.0,106.48791489282455
Italy,2021-08-21,4478691.0,7466.0,6464.428571428572,-0.0,59619106.0,108.42880756092806
Italy,2021-08-22,4484613.0,5922.0,6518.714285714285,-0.0,59619106.0,109.33934980028526
Italy,2021-08-23,4488779.0,4166.0,6515.142857142857,-0.0,59619106.0,109.2794457055907
Italy,2021-08-24,4494857.0,6078.0,6601.285714285715,-0.0,59619106.0,110.72433246962332
Italy,2021-08-25,4502396.0,7539.0,6514.428571428572,-0.0,59619106.0,109.2674648866518
Italy,2021-08-26,4509611.0,7215.0,6519.0,-0.0,59619106.0,109.34414212786082
Italy,2021-08-27,4517434.0,7823.0,6531.428571428572,-0.0,59619106.0,109.55260837739787
Italy,2021-08-28,4524292.0,6858.0,6447.714285714285,-0.0,59619106.0,108.14845639775754
Italy,2021-08-29,4530246.0,5954.0,6298.714285714285,-0.0,59619106.0,105.6492575671008
Italy,2021-08-30,4534499.0,4253.0,6232.857142857143,-0.0,59619106.0,104.54462606093327
Italy,2021-08-31,4539991.0,5492.0,6076.571428571428,-0.0,59619106.0,101.92322287709963
Italy,2021-09-01,4546487.0,6496.0,5976.285714285715,-0.0,59619106.0,100.24111589807661
Italy,2021-09-02,4553241.0,6754.0,5884.857142857143,-0.0,59619106.0,98.70757107389606
Italy,2021-09-03,4559970.0,6729.0,5755.428571428572,-0.0,59619106.0,96.53664668216547
Italy,2021-09-04,4566126.0,6156.0,5644.428571428572,-0.0,59619106.0,94.67482741905877
Italy,2021-09-05,4571440.0,5314.0,5562.285714285715,-0.0,59619106.0,93.29703324108407
Italy,2021-09-06,4574787.0,3347.0,5385.714285714285,-0.0,59619106.0,90.33537479938536
Italy,2021-09-07,4579502.0,4715.0,5226.857142857143,-0.0,59619106.0,87.67084066737169
Italy,2021-09-08,4585423.0,5921.0,5089.0,-0.0,59619106.0,85.35854261216194
Italy,2021-09-09,4590941.0,5518.0,4996.142857142857,-0.0,59619106.0,83.80103615010357
Italy,2021-09-10,4596558.0,5617.0,4916.857142857143,-0.0,59619106.0,82.47116524788451
Italy,2021-09-11,4601749.0,5191.0,4816.0,-0.0,59619106.0,80.77947361371034
Italy,2021-09-12,4606413.0,4664.0,4659.571428571428,-0.0,59619106.0,78.15567426608894
Italy,2021-09-13,4609205.0,2792.0,4602.0,-0.0,59619106.0,77.19002025961275
Italy,2021-09-14,4613214.0,4009.0,4448.714285714285,-0.0,59619106.0,74.61893651532255
Italy,2021-09-15,4618040.0,4826.0,4360.857142857143,-0.0,59619106.0,73.14529578583655
Italy,2021-09-16,4623155.0,5115.0,4242.571428571428,-0.0,59619106.0,71.16127216955297
Italy,2021-09-17,4627699.0,4544.0,4187.285714285715,-0.0,59619106.0,70.2339567836813
Italy,2021-09-18,4632275.0,4576.0,4096.571428571428,-0.0,59619106.0,68.71239277843966
Italy,2021-09-19,4636111.0,3836.0,3973.285714285714,-0.0,59619106.0,66.6445034295837
Italy,2021-09-20,4638516.0,2405.0,3821.5714285714284,-0.0,59619106.0,64.0997774869591
Italy,2021-09-21,4641890.0,3374.0,3713.8571428571427,-0.0,59619106.0,62.293069990971404
Italy,2021-09-22,4645853.0,3963.0,3562.8571428571427,-0.0,59619106.0,59.76032486728571
Italy,2021-09-23,4649906.0,4053.0,3457.5714285714284,-0.0,59619106.0,57.9943521556903
Italy,2021-09-24,4653696.0,3790.0,3367.285714285714,-0.0,59619106.0,56.47997664181201
Italy,2021-09-25,4657215.0,3519.0,3308.4285714285716,-0.0,59619106.0,55.492757161245784
Italy,2021-09-26,4660314.0,3099.0,3201.1428571428573,-0.0,59619106.0,53.693238156621426
Italy,2021-09-27,4662087.0,1773.0,3207.0,-0.0,59619106.0,53.79148087192049
Italy,2021-09-28,4665049.0,2962.0,3151.714285714286,-0.0,59619106.0,52.86416548604881
Italy,2021-09-29,4668261.0,3212.0,3121.714285714286,-0.0,59619106.0,52.36097109061457
Italy,2021-09-30,4672355.0,4094.0,3102.8571428571427,-0.0,59619106.0,52.044677470627335
Italy,2021-10-01,4675758.0,3403.0,3079.8571428571427,-0.0,59619106.0,51.65889510079442
Italy,2021-10-02,4679067.0,3309.0,3008.5714285714284,-0.0,59619106.0,50.46320937069114
Italy,2021-10-03,4682034.0,2967.0,3011.4285714285716,-0.0,59619106.0,50.51113264644679
Italy,2021-10-04,4683646.0,1612.0,2845.5714285714284,-0.0,59619106.0,47.72918648883176
Italy,2021-10-05,4686109.0,2463.0,2790.4285714285716,-0.0,59619106.0,46.80426726674787
Italy,2021-10-06,4689341.0,3232.0,2710.1428571428573,-0.0,59619106.0,45.45762321801433
Italy,2021-10-07,4692274.0,2933.0,2611.714285714286,-0.0,59619106.0,43.806666368232456
Italy,2021-10-08,4695291.0,3017.0,2598.0,-0.0,59619106.0,43.57663464460537
Italy,2021-10-09,4698038.0,2747.0,2601.285714285714,-0.0,59619106.0,43.631746411724365
Italy,2021-10-10,4700316.0,2278.0,2535.1428571428573,-0.0,59619106.0,42.52232257798125
Italy,2021-10-11,4701832.0,1516.0,2497.0,-0.0,59619106.0,41.88254684664342
Italy,2021-10-12,4704318.0,2486.0,2455.8571428571427,-0.0,59619106.0,41.19245167576218
Italy,2021-10-13,4707087.0,2769.0,2489.4285714285716,-0.0,59619106.0,41.75555016589097
Italy,2021-10-14,4709753.0,2666.0,2511.8571428571427,-0.0,59619106.0,42.13174788057276
Italy,2021-10-15,4712482.0,2729.0,2523.0,-0.0,59619106.0,42.31864865601976
Italy,2021-10-16,4715464.0,2982.0,2552.8571428571427,-0.0,59619106.0,42.81944688766622
Italy,2021-10-17,4717899.0,2435.0,2685.714285714286,-0.0,59619106.0,45.047879210303584
Italy,2021-10-18,4719493.0,1594.0,2846.4285714285716,-0.0,59619106.0,47.74356347155845
Italy,2021-10-19,4722188.0,2695.0,3010.714285714286,-0.0,59619106.0,50.49915182750787
Italy,2021-10-20,4725887.0,3699.0,3142.5714285714284,-0.0,59619106.0,52.71081100363076
Italy,2021-10-21,4729678.0,3791.0,3326.5714285714284,-0.0,59619106.0,55.79706996229411
Italy,2021-10-22,4733557.0,3879.0,3461.0,-0.0,59619106.0,58.051860086597074
Italy,2021-10-23,4737462.0,3905.0,3655.0,-0.0,59619106.0,61.30585051040517
Italy,2021-10-24,4741185.0,3723.0,3783.0,-0.0,59619106.0,63.45281326425794
Italy,2021-10-25,4743720.0,2535.0,3936.1428571428573,-0.0,59619106.0,66.02150084476035
Italy,2021-10-26,4747773.0,4053.0,4143.714285714285,-0.0,59619106.0,69.50312682840774
Italy,2021-10-27,4752368.0,4595.0,4282.571428571428,-0.0,59619106.0,71.83219803013196
Italy,2021-10-28,4757231.0,4863.0,4397.142857142857,-0.0,59619106.0,73.7539213879332
Italy,2021-10-29,4762563.0,5332.0,4437.571428571428,-0.0,59619106.0,74.43203573987554
Italy,2021-10-30,4767440.0,4877.0,4263.0,-0.0,59619106.0,71.50392359120582
Italy,2021-10-31,4771965.0,4525.0,4347.714285714285,-0.0,59619106.0,72.9248487173606
Italy,2021-11-01,4774783.0,2818.0,4496.142857142857,-0.0,59619106.0,75.4144628928662
Italy,2021-11-02,4777614.0,2831.0,4700.285714285715,-0.0,59619106.0,78.83858094560684
Italy,2021-11-03,4782802.0,5188.0,4969.285714285715,-0.0,59619106.0,83.35055735800056
Italy,2021-11-04,4788704.0,5902.0,5154.571428571428,-0.0,59619106.0,86.45838179075393
Italy,2021-11-05,4795465.0,6761.0,5401.571428571428,-0.0,59619106.0,90.60134897982918
Italy,2021-11-06,4802225.0,6760.0,5870.142857142857,-0.0,59619106.0,98.4607662037545
Italy,2021-11-07,4808047.0,5822.0,6276.571428571428,-0.0,59619106.0,105.27785217999458
Italy,2021-11-08,4812594.0,4547.0,6675.857142857143,-0.0,59619106.0,111.97512996684559
Italy,2021-11-09,4818705.0,6111.0,6927.428571428572,-0.0,59619106.0,116.19477439712986
Italy,2021-11-10,4826738.0,8033.0,7181.571428571428,-0.0,59619106.0,120.45754977559423
Italy,2021-11-11,4835435.0,8697.0,7430.571428571428,-0.0,59619106.0,124.63406325769843
Italy,2021-11-12,4843957.0,8522.0,7523.714285714285,-0.0,59619106.0,126.19636204733237
Italy,2021-11-13,4852496.0,8539.0,7767.142857142857,-0.0,59619106.0,130.2794251417131
Italy,2021-11-14,4860061.0,7565.0,8072.0,-0.0,59619106.0,135.3928386648401
Italy,2021-11-15,4865260.0,5199.0,8350.285714285714,-0.0,59619106.0,140.06056572343962
Italy,2021-11-16,4873075.0,7815.0,8640.57142857143,-0.0,59619106.0,144.9295705402129
Italy,2021-11-17,4883242.0,10167.0,9069.285714285714,-0.0,59619106.0,152.12045806734696
Italy,2021-11-18,4893887.0,10645.0,9375.285714285714,-0.0,59619106.0,157.25304090077623
Italy,2021-11-19,4904441.0,10554.0,9547.285714285714,-0.0,59619106.0,160.13802210126588
Italy,2021-11-20,4915981.0,11540.0,9865.714285714286,-0.0,59619106.0,165.4790711842322
Italy,2021-11-21,4925688.0,9707.0,10191.857142857143,-0.0,59619106.0,170.94951311173878
Italy,2021-11-22,4932091.0,6403.0,10636.285714285714,-0.0,59619106.0,178.40397865552887
Italy,2021-11-23,4942135.0,10044.0,11083.0,-0.0,59619106.0,185.89678281992354
Italy,2021-11-24,4954585.0,12450.0,11272.857142857143,-0.0,59619106.0,189.08128449388596
Italy,2021-11-25,4968341.0,13756.0,11732.857142857143,-0.0,59619106.0,196.79693189054433
Italy,2021-11-26,4982022.0,13681.0,11957.0,-0.0,59619106.0,200.55651287357446
Italy,2021-11-27,4994891.0,12869.0,12344.57142857143,-0.0,59619106.0,207.05730522982734
Italy,2021-11-28,5007818.0,12927.0,12719.285714285714,-0.0,59619106.0,213.34244284517976
Italy,2021-11-29,5015790.0,7972.0,13155.57142857143,-0.0,59619106.0,220.66032705306634
Italy,2021-11-30,5028547.0,12757.0,13631.857142857143,-0.0,59619106.0,228.64913712153185
Italy,2021-12-01,5043620.0,15073.0,14168.714285714286,-0.0,59619106.0,237.653920636017
Italy,2021-12-02,5060430.0,16810.0,14466.285714285714,-0.0,59619106.0,242.64512980596712
Italy,2021-12-03,5077445.0,17015.0,14683.714285714286,-0.0,59619106.0,246.29209109097152
Italy,2021-12-04,5094072.0,16627.0,15110.142857142857,-0.0,59619106.0,253.4446399975011
Italy,2021-12-05,5109082.0,15010.0,15520.57142857143,-0.0,59619106.0,260.3288185597991
Italy,2021-12-06,5118576.0,9494.0,14907.142857142857,-0.0,59619106.0,250.0396912550627
Italy,2021-12-07,5134318.0,15742.0,15403.57142857143,-0.0,59619106.0,258.36636041760556
Italy,2021-12-08,5152264.0,17946.0,16033.285714285714,-0.0,59619106.0,268.92865039414903
Italy,2021-12-09,5164780.0,12516.0,16633.571428571428,-0.0,59619106.0,278.99733063040946
Italy,2021-12-10,5185270.0,20490.0,17092.14285714286,-0.0,59619106.0,286.68901638919004
Italy,2021-12-11,5206305.0,21035.0,17795.428571428572,-0.0,59619106.0,298.48533071644135
Italy,2021-12-12,5225517.0,19212.0,18544.571428571428,-0.0,59619106.0,311.0508136195707
Italy,2021-12-13,5238221.0,12704.0,20485.714285714286,-0.0,59619106.0,343.60988716795396
Italy,2021-12-14,5258886.0,20665.0,21646.428571428572,-0.0,59619106.0,363.07871794368356
Italy,2021-12-15,5282076.0,23190.0,22649.571428571428,-0.0,59619106.0,379.90458006148947
Italy,2021-12-16,5308180.0,26104.0,23376.85714285714,-0.0,59619106.0,392.10344990508815
Italy,2021-12-17,5336795.0,28615.0,23877.0,-0.0,59619106.0,400.49241932611335
Italy,2021-12-18,5364852.0,28057.0,25322.428571428572,-0.0,59619106.0,424.7368045308927
Italy,2021-12-19,5389155.0,24303.0,27199.0,-0.0,59619106.0,456.21281204719844
Italy,2021-12-20,5405360.0,16205.0,29839.14285714286,-0.0,59619106.0,500.4963150091995
Italy,2021-12-21,5436143.0,30783.0,32978.42857142857,-0.0,59619106.0,553.1520142457113
Italy,2021-12-22,5472469.0,36326.0,36797.0,-0.0,59619106.0,617.2014722931269
Italy,2021-12-23,5517054.0,44585.0,36879.71428571428,-0.0,59619106.0,618.5888511262528
Italy,2021-12-24,5567644.0,50590.0,38964.57142857143,-0.0,59619106.0,653.5584654451449
Italy,2021-12-25,5622431.0,54787.0,45752.71428571428,-0.0,59619106.0,767.4169801491871
Italy,2021-12-26,5647313.0,24882.0,54565.57142857143,-0.0,59619106.0,915.2363242174652
Italy,2021-12-27,5678112.0,30799.0,66339.14285714286,-0.0,59619106.0,1112.7161627875275
Italy,2021-12-28,5756412.0,78300.0,79719.85714285714,-0.0,59619106.0,1337.1528439701385
Italy,2021-12-29,5854428.0,98016.0,92072.57142857143,-0.0,59619106.0,1544.3467305358695
Italy,2021-12-30,5981428.0,127000.0,97251.85714285714,-0.0,59619106.0,1631.2196486619096
Italy,2021-12-31,6125683.0,144255.0,102571.14285714286,-0.0,59619106.0,1720.440807299976
Italy,2022-01-01,6266939.0,141256.0,115790.71428571429,-0.0,59619106.0,1942.174615729969
Italy,2022-01-02,6328076.0,61137.0,128801.0,-0.0,59619106.0,2160.3980442108605
Italy,2022-01-03,6396110.0,68034.0,142005.2857142857,-0.0,59619106.0,2381.875463115561
Italy,2022-01-04,6566947.0,170837.0,136868.42857142858,-0.0,59619106.0,2295.714205634492
Italy,2022-01-05,6756035.0,189088.0,144908.2857142857,-0.0,59619106.0,2430.567907447081
Italy,2022-01-06,6975465.0,219430.0,158409.0,-0.0,59619106.0,2657.017366211429
Italy,2022-01-07,7083762.0,108297.0,165462.0,-0.0,59619106.0,2775.3183685780195
Italy,2022-01-08,7281297.0,197535.0,172559.42857142858,-0.0,59619106.0,2894.36457788261
Italy,2022-01-09,7436939.0,155642.0,173576.14285714287,-0.0,59619106.0,2911.418075560255
Italy,2022-01-10,7554344.0,117405.0,168597.14285714287,-0.0,59619106.0,2827.9045790646855
Italy,2022-01-11,7774863.0,220519.0,181821.7142857143,-0.0,59619106.0,3049.7222532272503
Italy,2022-01-12,7971068.0,196205.0,181164.7142857143,-0.0,59619106.0,3038.702295967241
Italy,2022-01-13,8155645.0,184577.0,181425.14285714287,-0.0,59619106.0,3043.0705025523675
Italy,2022-01-14,8356514.0,200869.0,176565.42857142858,-0.0,59619106.0,2961.5578028195955
Italy,2022-01-15,8549450.0,192936.0,177651.7142857143,-0.0,59619106.0,2979.778232261891
Italy,2022-01-16,8706915.0,157465.0,178331.85714285713,-0.0,59619106.0,2991.186368055521
Italy,2022-01-17,8790302.0,83387.0,180373.0,-0.0,59619106.0,3025.422756255352
Italy,2022-01-18,9018425.0,228123.0,178191.7142857143,-0.0,59619106.0,2988.8357313797073
Italy,2022-01-19,9219391.0,200966.0,175963.0,-0.0,59619106.0,2951.4531801265184
Italy,2022-01-20,9418256.0,198865.0,173823.2857142857,-0.0,59619106.0,2915.563438913118
Italy,2022-01-21,9603856.0,185600.0,173006.0,-0.0,59619106.0,2901.8549858832166
Italy,2022-01-22,9781191.0,177335.0,170599.42857142858,-0.0,59619106.0,2861.4892107142396
Italy,2022-01-23,9923678.0,142487.0,166310.0,-0.0,59619106.0,2789.541996822294
Italy,2022-01-24,10001344.0,77666.0,160192.14285714287,-0.0,59619106.0,2686.9262826105255
Italy,2022-01-25,10212621.0,211277.0,154298.85714285713,-0.0,59619106.0,2588.0773378731496
Italy,2022-01-26,10383561.0,170940.0,148597.7142857143,-0.0,59619106.0,2492.4512334303417
Italy,2022-01-27,10539601.0,156040.0,143115.2857142857,-0.0,59619106.0,2400.4936557466276
Italy,2022-01-28,10683948.0,144347.0,140253.14285714287,-0.0,59619106.0,2352.4865142584135
Italy,2022-01-29,10821375.0,137427.0,129114.42857142857,-0.0,59619106.0,2165.655227561255
Italy,2022-01-30,10925485.0,104110.0,121740.57142857143,-0.0,59619106.0,2041.972441327306
Italy,2022-01-31,10983116.0,57631.0,115585.71428571429,-0.0,59619106.0,1938.7361206945016
Italy,2022-02-01,11116422.0,133306.0,109379.0,-0.0,59619106.0,1834.6299926067325
Italy,2022-02-02,11235745.0,119323.0,103059.71428571429,-0.0,59619106.0,1728.6356874541912
Italy,2022-02-03,11348701.0,112956.0,99464.42857142857,-0.0,59619106.0,1668.3314334070787
Italy,2022-02-04,11449601.0,100900.0,97174.57142857143,-0.0,59619106.0,1629.9233240527194
Italy,2022-02-05,11542793.0,93192.0,92763.57142857143,-0.0,59619106.0,1555.9369747773715
Italy,2022-02-06,11621736.0,78943.0,87384.42857142857,-0.0,59619106.0,1465.7118235122239
Italy,2022-02-07,11663338.0,41602.0,82132.85714285714,-0.0,59619106.0,1377.626446509566
Italy,2022-02-08,11765767.0,102429.0,77358.28571428571,-0.0,59619106.0,1297.5418603943124
Italy,2022-02-09,11847436.0,81669.0,72933.85714285714,-0.0,59619106.0,1223.330271722913
Italy,2022-02-10,11923631.0,76195.0,69134.14285714286,-0.0,59619106.0,1159.5971072954844
Italy,2022-02-11,11991109.0,67478.0,67301.85714285714,-0.0,59619106.0,1128.8639105533912
Italy,2022-02-12,12053330.0,62221.0,62815.28571428572,-0.0,59619106.0,1053.6099906343063
Italy,2022-02-13,12105675.0,52345.0,59701.0,-0.0,59619106.0,1001.3736200606563
Italy,2022-02-14,12134451.0,28776.0,57109.57142857143,-0.0,59619106.0,957.9072089502889
Italy,2022-02-15,12205474.0,71023.0,55141.28571428572,-0.0,59619106.0,924.8928642822273
Italy,2022-02-16,12265343.0,59869.0,53491.857142857145,-0.0,59619106.0,897.226757188495
Italy,2022-02-17,12323398.0,58055.0,52042.857142857145,-0.0,59619106.0,872.922467889021
Italy,2022-02-18,12377098.0,53700.0,51429.71428571428,-0.0,59619106.0,862.6381329118602
Italy,2022-02-19,12427773.0,50675.0,49874.57142857143,-0.0,59619106.0,836.5534939180643
Italy,2022-02-20,12469975.0,42202.0,48345.0,-0.0,59619106.0,810.8977682422812
Italy,2022-02-21,12494459.0,24484.0,46836.142857142855,-0.0,59619106.0,785.5894863157266
Italy,2022-02-22,12554596.0,60137.0,45174.57142857143,-0.0,59619106.0,757.7197053000331
Italy,2022-02-23,12603758.0,49162.0,43558.142857142855,-0.0,59619106.0,730.6071120412785
Italy,2022-02-24,12651251.0,47493.0,42083.28571428572,-0.0,59619106.0,705.8691170962161
Italy,2022-02-25,12693320.0,42069.0,41196.71428571428,-0.0,59619106.0,690.9985246292401
Italy,2022-02-26,12732680.0,39360.0,39339.42857142857,-0.0,59619106.0,659.845999224285
Italy,2022-02-27,12764558.0,31878.0,37737.142857142855,-0.0,59619106.0,632.970626180521
Italy,2022-02-28,12782836.0,18278.0,37036.42857142857,-0.0,59619106.0,621.2174428014498
Italy,2022-03-01,12829972.0,47136.0,36505.57142857143,-0.0,59619106.0,612.3132981660515
Italy,2022-03-02,12867918.0,37946.0,36791.857142857145,-0.0,59619106.0,617.1152103967669
Italy,2022-03-03,12910506.0,42588.0,37364.857142857145,-0.0,59619106.0,626.7262233495609
Italy,2022-03-04,12948859.0,38353.0,37991.142857142855,-0.0,59619106.0,637.2310053951976
Italy,2022-03-05,12990223.0,41364.0,39936.42857142857,-0.0,59619106.0,669.8595676934265
Italy,2022-03-06,13026112.0,35889.0,41632.0,-0.0,59619106.0,698.2996356906124
Italy,2022-03-07,13048774.0,22662.0,43427.42857142857,-0.0,59619106.0,728.4146221754579
Italy,2022-03-08,13109527.0,60753.0,45657.142857142855,-0.0,59619106.0,765.8139465751609
Italy,2022-03-09,13159342.0,49815.0,47565.142857142855,-0.0,59619106.0,797.8171101247787
Italy,2022-03-10,13214498.0,55156.0,49585.0,-0.0,59619106.0,831.6964699202299
Italy,2022-03-11,13268459.0,53961.0,50590.142857142855,-0.0,59619106.0,848.5558783310647
Italy,2022-03-12,13323179.0,54720.0,54256.0,-0.0,59619106.0,910.0438372893414
Italy,2022-03-13,13373207.0,50028.0,57732.0,-0.0,59619106.0,968.3472945736556
Italy,2022-03-14,13402905.0,29698.0,61619.42857142857,-0.0,59619106.0,1033.5517035667822
Italy,2022-03-15,13489319.0,86414.0,65136.0,-0.0,59619106.0,1092.5356713668266
Italy,2022-03-16,13563466.0,74147.0,68142.85714285714,-0.0,59619106.0,1142.9701267720643
Italy,2022-03-17,13645834.0,82368.0,69790.85714285714,-0.0,59619106.0,1170.6122722279188
Italy,2022-03-18,13724411.0,78577.0,70326.14285714286,-0.0,59619106.0,1179.5906979407382
Italy,2022-03-19,13800179.0,75768.0,71824.71428571429,-0.0,59619106.0,1204.7264560745725
Italy,2022-03-20,13861743.0,61564.0,72426.28571428571,-0.0,59619106.0,1214.816701784923
Italy,2022-03-21,13895188.0,33445.0,72466.28571428571,-0.0,59619106.0,1215.4876276455018
Italy,2022-03-22,13992092.0,96904.0,72154.85714285714,-0.0,59619106.0,1210.263990588137
Italy,2022-03-23,14070450.0,78358.0,71990.28571428571,-0.0,59619106.0,1207.503609904612
Italy,2022-03-24,14153098.0,82648.0,71854.28571428571,-0.0,59619106.0,1205.2224619786434
Italy,2022-03-25,14229495.0,76397.0,71585.0,-0.0,59619106.0,1200.7056932386743
Italy,2022-03-26,14304111.0,74616.0,72069.57142857143,-0.0,59619106.0,1208.8334808068312
Italy,2022-03-27,14364723.0,60612.0,71077.14285714286,-0.0,59619106.0,1192.1873309731088
Italy,2022-03-28,14396283.0,31560.0,69893.71428571429,-0.0,59619106.0,1172.337510155122
Italy,2022-03-29,14496579.0,100296.0,69985.57142857143,-0.0,59619106.0,1173.878243470666
Italy,2022-03-30,14567990.0,71411.0,69527.85714285714,-0.0,59619106.0,1166.200934694612
Italy,2022-03-31,14642354.0,74364.0,68727.42857142857,-0.0,59619106.0,1152.7752289916687
Italy,2022-04-01,14719394.0,77040.0,68694.42857142857,-0.0,59619106.0,1152.221715156691
Italy,2022-04-02,14790806.0,71412.0,67068.42857142857,-0.0,59619106.0,1124.948578924155
Italy,2022-04-03,14845815.0,55009.0,66850.42857142857,-0.0,59619106.0,1121.2920329839994
Italy,2022-04-04,14877144.0,31329.0,66244.57142857143,-0.0,59619106.0,1111.1299023600159
Italy,2022-04-05,14966058.0,88914.0,64901.857142857145,-0.0,59619106.0,1088.6083589186517
Italy,2022-04-06,15035943.0,69885.0,63903.142857142855,-0.0,59619106.0,1071.856777878267
Italy,2022-04-07,15106066.0,70123.0,63747.57142857143,-0.0,59619106.0,1069.2473555133724
Italy,2022-04-08,15173707.0,67641.0,63372.71428571428,-0.0,59619106.0,1062.9598217342318
Italy,2022-04-09,15238128.0,64421.0,62678.71428571428,-0.0,59619106.0,1051.3192580531866
Italy,2022-04-10,15292048.0,53920.0,61636.0,-0.0,59619106.0,1033.8296585661649
Italy,2022-04-11,15320753.0,28705.0,60992.28571428572,-0.0,59619106.0,1023.0325445384188
Italy,2022-04-12,15404809.0,84056.0,60227.857142857145,-0.0,59619106.0,1010.2106721099968
Italy,2022-04-13,15467395.0,62586.0,60243.857142857145,-0.0,59619106.0,1010.4790424542284
Italy,2022-04-14,15533012.0,65617.0,60005.71428571428,-0.0,59619106.0,1006.4846374199957
Italy,2022-04-15,15595302.0,62290.0,58560.42857142857,-0.0,59619106.0,982.2426483790041
Italy,2022-04-16,15659835.0,64533.0,50456.142857142855,-0.0,59619106.0,846.3082766981252
Italy,2022-04-17,15712088.0,52253.0,55863.857142857145,-0.0,59619106.0,937.0126607208291
Italy,2022-04-18,15730676.0,18588.0,57346.42857142857,-0.0,59619106.0,961.8800485104317
Italy,2022-04-19,15758002.0,27326.0,58982.71428571428,-0.0,59619106.0,989.3257085356879
Italy,2022-04-20,15858442.0,100440.0,59910.57142857143,-0.0,59619106.0,1004.8887923373327
Italy,2022-04-21,15934437.0,75995.0,60567.0,-0.0,59619106.0,1015.8991649421914
Italy,2022-04-22,16008181.0,73744.0,61523.28571428572,-0.0,59619106.0,1031.939085337605
Italy,2022-04-23,16079209.0,71028.0,61903.0,-0.0,59619106.0,1038.3080886855298
Italy,2022-04-24,16136057.0,56848.0,60187.42857142857,-0.0,59619106.0,1009.5325577580544
Italy,2022-04-25,16161339.0,25282.0,59335.857142857145,-0.0,59619106.0,995.2490254190853
Italy,2022-04-26,16191323.0,29984.0,57286.0,-0.0,59619106.0,960.8664712281999
Italy,2022-04-27,16279754.0,88431.0,54855.857142857145,-0.0,59619106.0,920.1053290342385
Italy,2022-04-28,16349788.0,70034.0,52676.28571428572,-0.0,59619106.0,883.547058124047
Italy,2022-04-29,16409183.0,59395.0,51788.57142857143,-0.0,59619106.0,868.6572963467688
Italy,2022-04-30,16463200.0,54017.0,56420.71428571428,-0.0,59619106.0,946.3529071656036
Italy,2022-05-01,16504791.0,41591.0,50593.857142857145,-0.0,59619106.0,848.6181785895473
Italy,2022-05-02,16523859.0,19068.0,47548.28571428572,-0.0,59619106.0,797.5343627978204
Italy,2022-05-03,16586268.0,62409.0,45401.0,-0.0,59619106.0,761.5176249036676
Italy,2022-05-04,16633911.0,47643.0,43510.42857142857,-0.0,59619106.0,729.8067933361593
Italy,2022-05-05,16682626.0,48715.0,42029.57142857143,-0.0,59619106.0,704.9681595120098
Italy,2022-05-06,16726990.0,44364.0,41794.28571428572,-0.0,59619106.0,701.0216777535329
Italy,2022-05-07,16767773.0,40783.0,40907.142857142855,-0.0,59619106.0,686.141500631406
Italy,2022-05-08,16798998.0,31225.0,40198.57142857143,-0.0,59619106.0,674.2565282440066
Italy,2022-05-09,16816419.0,17421.0,38879.71428571428,-0.0,59619106.0,652.1351441552022
Italy,2022-05-10,16872618.0,56199.0,38117.57142857143,-0.0,59619106.0,639.3516103473847
Italy,2022-05-11,16915301.0,42683.0,37482.0,-0.0,59619106.0,628.6910776555421
Italy,2022-05-12,16954784.0,39483.0,36982.142857142855,-0.0,59619106.0,620.3069005620926
Italy,2022-05-13,16993813.0,39029.0,36461.42857142857,-0.0,59619106.0,611.5728835556267
Italy,2022-05-14,17030147.0,36334.0,34847.42857142857,-0.0,59619106.0,584.5010250812646
Italy,2022-05-15,17057873.0,27726.0,33168.0,-0.0,59619106.0,556.3317235920981
Italy,2022-05-16,17071649.0,13776.0,31916.428571428572,-0.0,59619106.0,535.3389326473391
Italy,2022-05-17,17116550.0,44901.0,30172.0,-0.0,59619106.0,506.07937663473183
Italy,2022-05-18,17147477.0,30927.0,28445.14285714286,-0.0,59619106.0,477.11454876802173
Italy,2022-05-19,17178199.0,30722.0,27097.0,-0.0,59619106.0,454.50195110272205
Italy,2022-05-20,17205017.0,26818.0,26560.571428571428,-0.0,59619106.0,445.50435607960014
Italy,2022-05-21,17229263.0,24246.0,24533.85714285714,-0.0,59619106.0,411.50998042233545
Italy,2022-05-22,17247552.0,18289.0,23565.0,-0.0,59619106.0,395.2591976135972
Italy,2022-05-23,17257573.0,10021.0,22157.14285714286,-0.0,59619106.0,371.64500348500457
Italy,2022-05-24,17288287.0,30714.0,21443.14285714286,-0.0,59619106.0,359.66897687366964
Italy,2022-05-25,17312432.0,24145.0,20639.714285714286,-0.0,59619106.0,346.1929517311831
Italy,2022-05-26,17333299.0,20867.0,20189.285714285714,-0.0,59619106.0,338.63784730830605
Italy,2022-05-27,17355119.0,21820.0,19878.571428571428,-0.0,59619106.0,333.42619106987996
Italy,2022-05-28,17373741.0,18622.0,19017.571428571428,-0.0,59619106.0,318.98451192091727
Italy,2022-05-29,17388877.0,15136.0,18257.14285714286,-0.0,59619106.0,306.2297320785531
Italy,2022-05-30,17396723.0,7846.0,17807.285714285714,-0.0,59619106.0,298.68421231082726
Italy,2022-05-31,17421410.0,24687.0,16074.714285714286,-0.0,59619106.0,269.62353789260584
Italy,2022-06-01,17440232.0,18822.0,16672.85714285714,-0.0,59619106.0,279.6562756720495
Italy,2022-06-02,17457950.0,17718.0,16728.0,-0.0,59619106.0,280.58119489413343
Italy,2022-06-03,17467642.0,9692.0,16838.0,-0.0,59619106.0,282.4262410107257
Italy,2022-06-04,17490451.0,22809.0,17389.428571428572,-0.0,59619106.0,291.67543323156457
Italy,2022-06-05,17505973.0,15522.0,17975.571428571428,-0.0,59619106.0,301.5068932528345
Italy,2022-06-06,17514589.0,8616.0,18806.428571428572,-0.0,59619106.0,315.4429818425753
Italy,2022-06-07,17543136.0,28547.0,20566.428571428572,-0.0,59619106.0,344.96371970805086
Italy,2022-06-08,17566061.0,22925.0,20516.285714285714,-0.0,59619106.0,344.1226662185393
Italy,2022-06-09,17589595.0,23534.0,21057.428571428572,-0.0,59619106.0,353.1993346466579
Italy,2022-06-10,17611607.0,22012.0,21350.571428571428,-0.0,59619106.0,358.1162627391868
Italy,2022-06-11,17634065.0,22458.0,22964.428571428572,-0.0,59619106.0,385.1857250497613
Italy,2022-06-12,17653375.0,19310.0,24376.428571428572,-0.0,59619106.0,408.8694079281996
Italy,2022-06-13,17664043.0,10668.0,26309.85714285714,-0.0,59619106.0,441.2990886320426
Italy,2022-06-14,17703887.0,39844.0,28332.428571428572,-0.0,59619106.0,475.22397553946166
Italy,2022-06-15,17736696.0,32809.0,30120.0,-0.0,59619106.0,505.20717301597915
Italy,2022-06-16,17773764.0,37068.0,32255.0,-0.0,59619106.0,541.0178408243828
Italy,2022-06-17,17809934.0,36170.0,33146.0,-0.0,59619106.0,555.9627143687798
Italy,2022-06-18,17844905.0,34971.0,36491.71428571428,-0.0,59619106.0,612.0808702786366
Italy,2022-06-19,17879160.0,34255.0,39643.71428571428,-0.0,59619106.0,664.949828092261
Italy,2022-06-20,17896065.0,16905.0,42552.857142857145,-0.0,59619106.0,713.7453074666558
Italy,2022-06-21,17959329.0,63264.0,45444.28571428572,-0.0,59619106.0,762.2436625313657
Italy,2022-06-22,18014202.0,54873.0,48573.142857142855,-0.0,59619106.0,814.7244418113693
Italy,2022-06-23,18071634.0,57432.0,50726.0,-0.0,59619106.0,850.8346300932457
Italy,2022-06-24,18128044.0,56410.0,51885.142857142855,-0.0,59619106.0,870.2771030673096
Italy,2022-06-25,18184917.0,56873.0,54870.42857142857,-0.0,59619106.0,920.3497377405922
Italy,2022-06-26,18234242.0,49325.0,60667.857142857145,-0.0,59619106.0,1017.5908565763657
Italy,2022-06-27,18259261.0,25019.0,64496.71428571428,-0.0,59619106.0,1081.8128384165018
Italy,2022-06-28,18343422.0,84161.0,68852.42857142857,-0.0,59619106.0,1154.8718723059778
Italy,2022-06-29,18438877.0,95455.0,73005.28571428571,-0.0,59619106.0,1224.5283536168038
Italy,2022-06-30,18523111.0,84234.0,76375.57142857143,-0.0,59619106.0,1281.0586496981596
Italy,2022-07-01,18610011.0,86900.0,78070.71428571429,-0.0,59619106.0,1309.4915292039818
Italy,2022-07-02,18695954.0,85943.0,85049.85714285714,-0.0,59619106.0,1426.5537148922888
Italy,2022-07-03,18768871.0,72917.0,87130.14285714286,-0.0,59619106.0,1461.4466519699718
Italy,2022-07-04,18805756.0,36885.0,90580.42857142857,-0.0,59619106.0,1519.3187997724851
Italy,2022-07-05,18938771.0,133015.0,92718.0,-0.0,59619106.0,1555.1725985290689
Italy,2022-07-06,19048788.0,110017.0,94569.14285714286,-0.0,59619106.0,1586.2220888911495
Italy,2022-07-07,19157174.0,108386.0,95804.28571428571,-0.0,59619106.0,1606.9393210003134
Italy,2022-07-08,19259037.0,101863.0,102500.85714285714,-0.0,59619106.0,1719.2618947163876
Italy,2022-07-09,19357938.0,98901.0,104078.42857142857,-0.0,59619106.0,1745.7227314248653
Italy,2022-07-10,19439501.0,81563.0,104303.28571428571,-0.0,59619106.0,1749.494293226834
Italy,2022-07-11,19523262.0,83761.0,104338.42857142857,-0.0,59619106.0,1750.0837495186286
Italy,2022-07-12,19667320.0,144058.0,103777.42857142857,-0.0,59619106.0,1740.6740143240083
Italy,2022-07-13,19778911.0,111591.0,102703.57142857143,-0.0,59619106.0,1722.6620511312503
Italy,2022-07-14,19887543.0,108632.0,100908.28571428571,-0.0,59619106.0,1692.5494608101926
Italy,2022-07-15,19985479.0,97936.0,93521.14285714286,-0.0,59619106.0,1568.6438313439799
Italy,2022-07-16,20076863.0,91384.0,90241.85714285714,-0.0,59619106.0,1513.6398915954417
Italy,2022-07-17,20145859.0,68996.0,86700.42857142857,-0.0,59619106.0,1454.238991296323
Italy,2022-07-18,20177910.0,32051.0,82829.42857142857,-0.0,59619106.0,1389.3101411387913
Italy,2022-07-19,20299013.0,121103.0,79076.71428571429,-0.0,59619106.0,1326.3653145975434
Italy,2022-07-20,20385814.0,86801.0,75903.85714285714,-0.0,59619106.0,1273.1465168709028
Italy,2022-07-21,20467349.0,81535.0,73458.0,-0.0,59619106.0,1232.1217966602853
Italy,2022-07-22,20539016.0,71667.0,72324.57142857143,-0.0,59619106.0,1213.1106331680223
Italy,2022-07-23,20608190.0,69174.0,67688.57142857143,-0.0,59619106.0,1135.3503259269173
Italy,2022-07-24,20660065.0,51875.0,64488.42857142857,-0.0,59619106.0,1081.6738609168103
Italy,2022-07-25,20684182.0,24117.0,61530.0,-0.0,59619106.0,1032.0517050356307
Italy,2022-07-26,20772833.0,88651.0,59065.71428571428,-0.0,59619106.0,990.7178796963894
Italy,2022-07-27,20837233.0,64400.0,56369.0,-0.0,59619106.0,945.4854958744265
Italy,2022-07-28,20898059.0,60826.0,54280.0,-0.0,59619106.0,910.4463928056889
Italy,2022-07-29,20952476.0,54417.0,53623.28571428572,-0.0,59619106.0,899.4312278732546
Italy,2022-07-30,21002773.0,50297.0,50258.71428571428,-0.0,59619106.0,842.9967783434103
Italy,2022-07-31,21040025.0,37252.0,47623.857142857145,-0.0,59619106.0,798.8019334415573
Italy,2022-08-01,21059545.0,19520.0,45071.42857142857,-0.0,59619106.0,755.9896750452543
Italy,2022-08-02,21124644.0,65099.0,42756.857142857145,-0.0,59619106.0,717.1670293556086
Italy,2022-08-03,21170600.0,45956.0,40571.142857142855,-0.0,59619106.0,680.5057234025423
Italy,2022-08-04,21213559.0,42959.0,39057.42857142857,-0.0,59619106.0,655.1159719072032
Italy,2022-08-05,21251774.0,38215.0,37979.57142857143,-0.0,59619106.0,637.0369161283872
Italy,2022-08-06,21286771.0,34997.0,34833.71428571428,-0.0,59619106.0,584.2709933576375
Italy,2022-08-07,21313427.0,26656.0,32797.0,-0.0,59619106.0,550.1088862352279
Italy,2022-08-08,21325402.0,11975.0,30720.428571428572,-0.0,59619106.0,515.2782494160273
Italy,2022-08-09,21368480.0,43078.0,29073.85714285714,-0.0,59619106.0,487.6600655980508
Italy,2022-08-10,21400179.0,31699.0,27615.0,-0.0,59619106.0,463.1904409972199
Italy,2022-08-11,21428602.0,28423.0,26586.285714285714,-0.0,59619106.0,445.935665561401
Italy,2022-08-12,21455291.0,26689.0,26288.85714285714,-0.0,59619106.0,440.9468525552386
Italy,2022-08-13,21480076.0,24785.0,21412.14285714286,-0.0,59619106.0,359.1490093317209
Italy,2022-08-14,21499531.0,19455.0,22063.85714285714,-0.0,59619106.0,370.08030853158283
Italy,2022-08-15,21509424.0,9893.0,21902.14285714286,-0.0,59619106.0,367.3678511238135
Italy,2022-08-16,21518365.0,8941.0,21616.428571428572,-0.0,59619106.0,362.5755235482493
Italy,2022-08-17,21554626.0,36261.0,21560.285714285714,-0.0,59619106.0,361.63383117965094
Italy,2022-08-18,21581917.0,27291.0,21562.428571428572,-0.0,59619106.0,361.66977363646765
Italy,2022-08-19,21606606.0,24689.0,21637.285714285714,-0.0,59619106.0,362.9253634612655
Italy,2022-08-20,21630998.0,24392.0,25411.0,-0.0,59619106.0,426.2224260793176
Italy,2022-08-21,21650468.0,19470.0,23857.714285714286,-0.0,59619106.0,400.16893721476276
Italy,2022-08-22,21660885.0,10417.0,23306.85714285714,-0.0,59619106.0,390.92932964907493
Italy,2022-08-23,21696242.0,35357.0,22922.0,-0.0,59619106.0,384.47406440479
Italy,2022-08-24,21721630.0,25388.0,22552.0,-0.0,59619106.0,378.2680001944343
Italy,2022-08-25,21745065.0,23435.0,22291.571428571428,-0.0,59619106.0,373.8997936093075
Italy,2022-08-26,21767060.0,21995.0,21995.85714285714,-0.0,59619106.0,368.9397345685985
Italy,2022-08-27,21788862.0,21802.0,21385.85714285714,-0.0,59619106.0,358.70811519476894
Italy,2022-08-28,21806509.0,17647.0,20875.285714285714,-0.0,59619106.0,350.14422581723574
Italy,2022-08-29,21814856.0,8347.0,20455.714285714286,-0.0,59619106.0,343.1066927725197
Italy,2022-08-30,21845943.0,31087.0,20050.428571428572,-0.0,59619106.0,336.3087761065819
Italy,2022-08-31,21867757.0,21814.0,19458.714285714286,-0.0,59619106.0,326.3838656975884
Italy,2022-09-01,21888255.0,20498.0,18822.85714285714,-0.0,59619106.0,315.7185406781702
Italy,2022-09-02,21907413.0,19158.0,18574.428571428572,-0.0,59619106.0,311.55161185121716
Italy,2022-09-03,21925073.0,17660.0,17683.14285714286,-0.0,59619106.0,296.6019459792446
Italy,2022-09-04,21938269.0,13196.0,17076.85714285714,-0.0,59619106.0,286.4326268638973
Italy,2022-09-05,21944877.0,6608.0,16622.428571428572,-0.0,59619106.0,278.8104298549625
Italy,2022-09-06,21969725.0,24848.0,16105.857142857143,-0.0,59619106.0,270.1459015983424
Italy,2022-09-07,21987295.0,17570.0,15745.42857142857,-0.0,59619106.0,264.1003803617681
Italy,2022-09-08,22004612.0,17317.0,15560.42857142857,-0.0,59619106.0,260.99734825659027
Italy,2022-09-09,22020154.0,15542.0,15652.285714285714,-0.0,59619106.0,262.53808157213416
Italy,2022-09-10,22035291.0,15137.0,15410.857142857143,-0.0,59619106.0,258.48856477078243
Italy,2022-09-11,22047192.0,11901.0,15593.57142857143,-0.0,59619106.0,261.55325825535573
Italy,2022-09-12,22054443.0,7251.0,15687.285714285714,-0.0,59619106.0,263.1251417001408
Italy,2022-09-13,22077601.0,23158.0,15947.285714285714,-0.0,59619106.0,267.4861597939042
Italy,2022-09-14,22096450.0,18849.0,16234.857142857143,-0.0,59619106.0,272.3096374987096
Italy,2022-09-15,22114423.0,17973.0,16260.57142857143,-0.0,59619106.0,272.7409469805104
Italy,2022-09-16,22131785.0,17362.0,16404.285714285714,-0.0,59619106.0,275.15148775101915
Italy,2022-09-17,22148935.0,17150.0,17151.0,-0.0,59619106.0,287.6762358697562
Italy,2022-09-18,22161016.0,12081.0,17485.14285714286,-0.0,59619106.0,293.28086296937863
Italy,2022-09-19,22169273.0,8257.0,18135.14285714286,-0.0,59619106.0,304.1834082037872
Italy,2022-09-20,22197658.0,28385.0,18666.714285714286,-0.0,59619106.0,313.0995336581244
Italy,2022-09-21,22218846.0,21188.0,19411.0,-0.0,59619106.0,325.58354699246917
Italy,2022-09-22,22241369.0,22523.0,20370.0,-0.0,59619106.0,341.66899449985044
Italy,2022-09-23,22262452.0,21083.0,20619.85714285714,-0.0,59619106.0,345.85988496468127
Italy,2022-09-24,22284812.0,22360.0,22975.571428571428,-0.0,59619106.0,385.3726258252083
Italy,2022-09-25,22303606.0,18794.0,25205.14285714286,-0.0,59619106.0,422.76955406112364
Italy,2022-09-26,22313612.0,10006.0,27347.714285714286,-0.0,59619106.0,458.7072185502796
Italy,2022-09-27,22358487.0,44875.0,29260.85714285714,-0.0,59619106.0,490.7966439962575
Italy,2022-09-28,22395282.0,36795.0,30790.571428571428,-0.0,59619106.0,516.4547658358283
Italy,2022-09-29,22432803.0,37521.0,32235.14285714286,-0.0,59619106.0,540.684774057881
Italy,2022-09-30,22467278.0,34475.0,32708.0,-0.0,59619106.0,548.6160761954397
Italy,2022-10-01,22500346.0,33068.0,34907.57142857143,-0.0,59619106.0,585.5098100359209
Italy,2022-10-02,22529252.0,28906.0,36111.57142857143,-0.0,59619106.0,605.7046784393484
Italy,2022-10-03,22542568.0,13316.0,37158.42857142857,-0.0,59619106.0,623.2637666762157
Italy,2022-10-04,22602840.0,60272.0,38614.142857142855,-0.0,59619106.0,647.6806756737153
Italy,2022-10-05,22648063.0,45223.0,40135.28571428572,-0.0,59619106.0,673.1950276860193
Italy,2022-10-06,22692912.0,44849.0,40926.28571428572,-0.0,59619106.0,686.4625865789687
Italy,2022-10-07,22737577.0,44665.0,41179.57142857143,-0.0,59619106.0,690.7109849747063
Italy,2022-10-08,22781293.0,43716.0,41986.0,-0.0,59619106.0,704.2373295567364
Italy,2022-10-09,22815736.0,34443.0,42347.57142857143,-0.0,59619106.0,710.3020201036129
Italy,2022-10-10,22830825.0,15089.0,42469.857142857145,-0.0,59619106.0,712.3531363059544
Italy,2022-10-11,22896742.0,65917.0,41885.71428571428,-0.0,59619106.0,702.5552225777133
Italy,2022-10-12,22944496.0,47754.0,41207.42857142857,-0.0,59619106.0,691.1782369133239
Italy,2022-10-13,22990201.0,45705.0,40606.71428571428,-0.0,59619106.0,681.1023681857001
Italy,2022-10-14,23030777.0,40576.0,40455.42857142857,-0.0,59619106.0,678.5648307344389
Italy,2022-10-15,23069745.0,38968.0,39375.42857142857,-0.0,59619106.0,660.4498324988062
Italy,2022-10-16,23099983.0,30238.0,38511.0,-0.0,59619106.0,645.9506454189367
Italy,2022-10-17,23114013.0,14030.0,37776.0,-0.0,59619106.0,633.6223827307977
Italy,2022-10-18,23172370.0,58357.0,37138.57142857143,-0.0,59619106.0,622.930699909714
Italy,2022-10-19,23214073.0,41703.0,36111.0,-0.0,59619106.0,605.6950937841973
Italy,2022-10-20,23254633.0,40560.0,35441.71428571428,-0.0,59619106.0,594.4690664384381
Italy,2022-10-21,23290747.0,36114.0,35095.28571428572,-0.0,59619106.0,588.6583692530666
Italy,2022-10-22,23322522.0,31775.0,33717.57142857143,-0.0,59619106.0,565.5497656836958
Italy,2022-10-23,23348075.0,25553.0,32765.14285714286,-0.0,59619106.0,549.5745417105527
Italy,2022-10-24,23359680.0,11605.0,31507.714285714286,-0.0,59619106.0,528.4835080504945
Italy,2022-10-25,23408393.0,48713.0,30496.714285714286,-0.0,59619106.0,511.52585692436054
Italy,2022-10-26,23443429.0,35036.0,29785.85714285714,-0.0,59619106.0,499.60254591635675
Italy,2022-10-27,23475187.0,31758.0,26135.428571428572,-0.0,59619106.0,438.3733726471607
Italy,2022-10-28,23504224.0,29037.0,24477.571428571428,-0.0,59619106.0,410.56589188994934
Italy,2022-10-29,23531023.0,26799.0,17518.571428571428,-0.0,59619106.0,293.8415652957196
Italy,2022-10-30,23531023.0,0.0,12513.42857142857,-0.0,59619106.0,209.88957082698573
Italy,2022-10-31,23531023.0,0.0,7976.571428571428,-0.0,59619106.0,133.79220125460165
Italy,2022-11-01,23531023.0,0.0,19683.85714285714,-0.0,59619106.0,330.16021982713295
Italy,2022-11-02,23531023.0,0.0,15855.42857142857,-0.0,59619106.0,265.94542647836033
Italy,2022-11-03,23531023.0,0.0,15855.42857142857,-0.0,59619106.0,265.94542647836033
Italy,2022-11-04,23642011.0,110988.0,15855.42857142857,-0.0,59619106.0,265.94542647836033
Italy,2022-11-05,23642011.0,0.0,15855.42857142857,-0.0,59619106.0,265.94542647836033
Italy,2022-11-06,23642011.0,0.0,15855.42857142857,-0.0,59619106.0,265.94542647836033
Italy,2022-11-07,23642011.0,0.0,15855.42857142857,-0.0,59619106.0,265.94542647836033
Italy,2022-11-08,23642011.0,0.0,25883.0,-0.0,59619106.0,434.1393512341497
Italy,2022-11-09,23642011.0,0.0,25883.0,-0.0,59619106.0,434.1393512341497
Italy,2022-11-10,23642011.0,0.0,25883.0,-0.0,59619106.0,434.1393512341497
Italy,2022-11-11,23823192.0,181181.0,25883.0,-0.0,59619106.0,434.1393512341497
Italy,2022-11-12,23823192.0,0.0,25883.0,-0.0,59619106.0,434.1393512341497
Italy,2022-11-13,23823192.0,0.0,25883.0,-0.0,59619106.0,434.1393512341497
Italy,2022-11-14,23823192.0,0.0,25883.0,-0.0,59619106.0,434.1393512341497
Italy,2022-11-15,23823192.0,0.0,29763.714285714286,-0.0,59619106.0,499.2311405292506
Italy,2022-11-16,23823192.0,0.0,29763.714285714286,-0.0,59619106.0,499.2311405292506
Italy,2022-11-17,23823192.0,0.0,29763.714285714286,-0.0,59619106.0,499.2311405292506
Italy,2022-11-18,24031538.0,208346.0,29763.714285714286,-0.0,59619106.0,499.2311405292506
Italy,2022-11-19,24031538.0,0.0,29763.714285714286,-0.0,59619106.0,499.2311405292506
Italy,2022-11-20,24031538.0,0.0,29763.714285714286,-0.0,59619106.0,499.2311405292506
Italy,2022-11-21,24031538.0,0.0,29763.714285714286,-0.0,59619106.0,499.2311405292506
Italy,2022-11-22,24031538.0,0.0,32731.714285714286,-0.0,59619106.0,549.0138393842116
Italy,2022-11-23,24031538.0,0.0,32731.714285714286,-0.0,59619106.0,549.0138393842116
Italy,2022-11-24,24031538.0,0.0,32731.714285714286,-0.0,59619106.0,549.0138393842116
Italy,2022-11-25,24260660.0,229122.0,32731.714285714286,-0.0,59619106.0,549.0138393842116
Italy,2022-11-26,24260660.0,0.0,32731.714285714286,-0.0,59619106.0,549.0138393842116
Italy,2022-11-27,24260660.0,0.0,32731.714285714286,-0.0,59619106.0,549.0138393842116
Italy,2022-11-28,24260660.0,0.0,32731.714285714286,-0.0,59619106.0,549.0138393842116
Italy,2022-11-29,24260660.0,0.0,32488.571428571428,-0.0,59619106.0,544.9355686174064
Italy,2022-11-30,24260660.0,0.0,32488.571428571428,-0.0,59619106.0,544.9355686174064
Italy,2022-12-01,24260660.0,0.0,32488.571428571428,-0.0,59619106.0,544.9355686174064
Italy,2022-12-02,24488080.0,227420.0,32488.571428571428,-0.0,59619106.0,544.9355686174064
Italy,2022-12-03,24488080.0,0.0,32488.571428571428,-0.0,59619106.0,544.9355686174064
Italy,2022-12-04,24488080.0,0.0,32488.571428571428,-0.0,59619106.0,544.9355686174064
Italy,2022-12-05,24488080.0,0.0,32488.571428571428,-0.0,59619106.0,544.9355686174064
Italy,2022-12-06,24488080.0,0.0,31617.714285714286,-0.0,59619106.0,530.3285541670867
Italy,2022-12-07,24488080.0,0.0,31617.714285714286,-0.0,59619106.0,530.3285541670867
Italy,2022-12-08,24488080.0,0.0,31617.714285714286,-0.0,59619106.0,530.3285541670867
Italy,2022-12-09,24709404.0,221324.0,31617.714285714286,-0.0,59619106.0,530.3285541670867
Italy,2022-12-10,24709404.0,0.0,31617.714285714286,-0.0,59619106.0,530.3285541670867
Italy,2022-12-11,24709404.0,0.0,31617.714285714286,-0.0,59619106.0,530.3285541670867
Italy,2022-12-12,24709404.0,0.0,31617.714285714286,-0.0,59619106.0,530.3285541670867
Italy,2022-12-13,24709404.0,0.0,24947.14285714286,-0.0,59619106.0,418.44208226038916
Italy,2022-12-14,24709404.0,0.0,24947.14285714286,-0.0,59619106.0,418.44208226038916
Italy,2022-12-15,24709404.0,0.0,24947.14285714286,-0.0,59619106.0,418.44208226038916
Italy,2022-12-16,24884034.0,174630.0,24947.14285714286,-0.0,59619106.0,418.44208226038916
Italy,2022-12-17,24884034.0,0.0,24947.14285714286,-0.0,59619106.0,418.44208226038916
Italy,2022-12-18,24884034.0,0.0,24947.14285714286,-0.0,59619106.0,418.44208226038916
Italy,2022-12-19,24884034.0,0.0,24947.14285714286,-0.0,59619106.0,418.44208226038916
Italy,2022-12-20,24884034.0,0.0,19653.14285714286,-0.0,59619106.0,329.6450446127599
Italy,2022-12-21,24884034.0,0.0,19653.14285714286,-0.0,59619106.0,329.6450446127599
Italy,2022-12-22,24884034.0,0.0,19653.14285714286,-0.0,59619106.0,329.6450446127599
Italy,2022-12-23,25021606.0,137572.0,19653.14285714286,-0.0,59619106.0,329.6450446127599
Italy,2022-12-24,25021606.0,0.0,19653.14285714286,-0.0,59619106.0,329.6450446127599
Italy,2022-12-25,25021606.0,0.0,19653.14285714286,-0.0,59619106.0,329.6450446127599
Italy,2022-12-26,25021606.0,0.0,19653.14285714286,-0.0,59619106.0,329.6450446127599
Italy,2022-12-27,25021606.0,0.0,17442.714285714286,-0.0,59619106.0,292.5692023244073
Italy,2022-12-28,25021606.0,0.0,17442.714285714286,-0.0,59619106.0,292.5692023244073
Italy,2022-12-29,25021606.0,0.0,17442.714285714286,-0.0,59619106.0,292.5692023244073
Italy,2022-12-30,25143705.0,122099.0,17442.714285714286,-0.0,59619106.0,292.5692023244073
Italy,2022-12-31,25143705.0,0.0,17442.714285714286,-0.0,59619106.0,292.5692023244073
Italy,2023-01-01,25143705.0,0.0,17442.714285714286,-0.0,59619106.0,292.5692023244073
Italy,2023-01-02,25143705.0,0.0,17442.714285714286,-0.0,59619106.0,292.5692023244073
Italy,2023-01-03,25143705.0,0.0,19425.285714285714,-0.0,59619106.0,325.82316337124735
Italy,2023-01-04,25143705.0,0.0,19425.285714285714,-0.0,59619106.0,325.82316337124735
Italy,2023-01-05,25143705.0,0.0,19425.285714285714,-0.0,59619106.0,325.82316337124735
Italy,2023-01-06,25279682.0,135977.0,19425.285714285714,-0.0,59619106.0,325.82316337124735
Italy,2023-01-07,25279682.0,0.0,19425.285714285714,-0.0,59619106.0,325.82316337124735
Italy,2023-01-08,25279682.0,0.0,19425.285714285714,-0.0,59619106.0,325.82316337124735
Italy,2023-01-09,25279682.0,0.0,19425.285714285714,-0.0,59619106.0,325.82316337124735
Italy,2023-01-10,25279682.0,0.0,12008.57142857143,-0.0,59619106.0,201.4215280009638
Italy,2023-01-11,25279682.0,0.0,12008.57142857143,-0.0,59619106.0,201.4215280009638
Italy,2023-01-12,25279682.0,0.0,12008.57142857143,-0.0,59619106.0,201.4215280009638
Italy,2023-01-13,25363742.0,84060.0,12008.57142857143,-0.0,59619106.0,201.4215280009638
Italy,2023-01-14,25363742.0,0.0,12008.57142857143,-0.0,59619106.0,201.4215280009638
Italy,2023-01-15,25363742.0,0.0,12008.57142857143,-0.0,59619106.0,201.4215280009638
Italy,2023-01-16,25363742.0,0.0,12008.57142857143,-0.0,59619106.0,201.4215280009638
Italy,2023-01-17,25363742.0,0.0,7412.571428571428,-0.0,59619106.0,124.33214662043788
Italy,2023-01-18,25363742.0,0.0,7412.571428571428,-0.0,59619106.0,124.33214662043788
Italy,2023-01-19,25363742.0,0.0,7412.571428571428,-0.0,59619106.0,124.33214662043788
Italy,2023-01-20,25415630.0,51888.0,7412.571428571428,-0.0,59619106.0,124.33214662043788
Italy,2023-01-21,25415630.0,0.0,7412.571428571428,-0.0,59619106.0,124.33214662043788
Italy,2023-01-22,25415630.0,0.0,7412.571428571428,-0.0,59619106.0,124.33214662043788
Italy,2023-01-23,25415630.0,0.0,7412.571428571428,-0.0,59619106.0,124.33214662043788
Italy,2023-01-24,25415630.0,0.0,5451.285714285715,-0.0,59619106.0,91.43521397797737
Italy,2023-01-25,25415630.0,0.0,5451.285714285715,-0.0,59619106.0,91.43521397797737
Italy,2023-01-26,25415630.0,0.0,5451.285714285715,-0.0,59619106.0,91.43521397797737
Italy,2023-01-27,25453789.0,38159.0,5451.285714285715,-0.0,59619106.0,91.43521397797737
Italy,2023-01-28,25453789.0,0.0,5451.285714285715,-0.0,59619106.0,91.43521397797737
Italy,2023-01-29,25453789.0,0.0,5451.285714285715,-0.0,59619106.0,91.43521397797737
Italy,2023-01-30,25453789.0,0.0,5451.285714285715,-0.0,59619106.0,91.43521397797737
Italy,2023-01-31,25453789.0,0.0,4911.0,-0.0,59619106.0,82.37292253258545
Italy,2023-02-01,25453789.0,0.0,4911.0,-0.0,59619106.0,82.37292253258545
Italy,2023-02-02,25453789.0,0.0,4911.0,-0.0,59619106.0,82.37292253258545
Italy,2023-02-03,25488166.0,34377.0,4911.0,-0.0,59619106.0,82.37292253258545
Italy,2023-02-04,25488166.0,0.0,4911.0,-0.0,59619106.0,82.37292253258545
Italy,2023-02-05,25488166.0,0.0,4911.0,-0.0,59619106.0,82.37292253258545
Italy,2023-02-06,25488166.0,0.0,4911.0,-0.0,59619106.0,82.37292253258545
Italy,2023-02-07,25488166.0,0.0,4414.428571428572,-0.0,59619106.0,74.04385720625484
Italy,2023-02-08,25488166.0,0.0,4414.428571428572,-0.0,59619106.0,74.04385720625484
Italy,2023-02-09,25488166.0,0.0,4414.428571428572,-0.0,59619106.0,74.04385720625484
Italy,2023-02-10,25519067.0,30901.0,4414.428571428572,-0.0,59619106.0,74.04385720625484
Italy,2023-02-11,25519067.0,0.0,4414.428571428572,-0.0,59619106.0,74.04385720625484
Italy,2023-02-12,25519067.0,0.0,4414.428571428572,-0.0,59619106.0,74.04385720625484
Italy,2023-02-13,25519067.0,0.0,4414.428571428572,-0.0,59619106.0,74.04385720625484
Italy,2023-02-14,25519067.0,0.0,4049.5714285714284,-0.0,59619106.0,67.92405489225933
Italy,2023-02-15,25519067.0,0.0,4049.5714285714284,-0.0,59619106.0,67.92405489225933
Italy,2023-02-16,25519067.0,0.0,4049.5714285714284,-0.0,59619106.0,67.92405489225933
Italy,2023-02-17,25547414.0,28347.0,4049.5714285714284,-0.0,59619106.0,67.92405489225933
Italy,2023-02-18,25547414.0,0.0,4049.5714285714284,-0.0,59619106.0,67.92405489225933
Italy,2023-02-19,25547414.0,0.0,4049.5714285714284,-0.0,59619106.0,67.92405489225933
Italy,2023-02-20,25547414.0,0.0,4049.5714285714284,-0.0,59619106.0,67.92405489225933
Italy,2023-02-21,25547414.0,0.0,4205.428571428572,-0.0,59619106.0,70.53826958472963
Italy,2023-02-22,25547414.0,0.0,4205.428571428572,-0.0,59619106.0,70.53826958472963
Italy,2023-02-23,25547414.0,0.0,4205.428571428572,-0.0,59619106.0,70.53826958472963
Italy,2023-02-24,25576852.0,29438.0,4205.428571428572,-0.0,59619106.0,70.53826958472963
Italy,2023-02-25,25576852.0,0.0,4205.428571428572,-0.0,59619106.0,70.53826958472963
Italy,2023-02-26,25576852.0,0.0,4205.428571428572,-0.0,59619106.0,70.53826958472963
Italy,2023-02-27,25576852.0,0.0,4205.428571428572,-0.0,59619106.0,70.53826958472963
Italy,2023-02-28,25576852.0,0.0,3808.285714285714,-0.0,59619106.0,63.87693425469537
Italy,2023-03-01,25576852.0,0.0,3808.285714285714,-0.0,59619106.0,63.87693425469537
Italy,2023-03-02,25576852.0,0.0,3808.285714285714,-0.0,59619106.0,63.87693425469537
Italy,2023-03-03,25603510.0,26658.0,3808.285714285714,-0.0,59619106.0,63.87693425469537
Italy,2023-03-04,25603510.0,0.0,3808.285714285714,-0.0,59619106.0,63.87693425469537
Italy,2023-03-05,25603510.0,0.0,3808.285714285714,-0.0,59619106.0,63.87693425469537
Italy,2023-03-06,25603510.0,0.0,3808.285714285714,-0.0,59619106.0,63.87693425469537
Italy,2023-03-07,25603510.0,0.0,0.0,-0.0,59619106.0,0.0
Italy,2023-03-08,25603510.0,0.0,0.0,-0.0,59619106.0,0.0
Italy,2023-03-09,25603510.0,0.0,0.0,-0.0,59619106.0,0.0
South Africa,2020-01-22,0.0,0.0,0.0,-0.0,62378417.0,0.0
South Africa,2020-01-23,0.0,0.0,0.0,-0.0,62378417.0,0.0
South Africa,2020-01-24,0.0,0.0,0.0,-0.0,62378417.0,0.0
South Africa,2020-01-25,0.0,0.0,0.0,-0.0,62378417.0,0.0
South Africa,2020-01-26,0.0,0.0,0.0,-0.0,62378417.0,0.0
South Africa,2020-01-27,0.0,0.0,0.0,-0.0,62378417.0,0.0
South Africa,2020-01-28,0.0,0.0,0.0,-0.0,62378417.0,0.0
South Africa,2020-01-29,0.0,0.0,0.0,-0.0,62378417.0,0.0
South Africa,2020-01-30,0.0,0.0,0.0,-0.0,62378417.0,0.0
South Africa,2020-01-31,0.0,0.0,0.0,-0.0,62378417.0,0.0
South Africa,2020-02-01,0.0,0.0,0.0,-0.0,62378417.0,0.0
South Africa,2020-02-02,0.0,0.0,0.0,-0.0,62378417.0,0.0
South Africa,2020-02-03,0.0,0.0,0.0,-0.0,62378417.0,0.0
South Africa,2020-02-04,0.0,0.0,0.0,-0.0,62378417.0,0.0
South Africa,2020-02-05,0.0,0.0,0.0,-0.0,62378417.0,0.0
South Africa,2020-02-06,0.0,0.0,0.0,-0.0,62378417.0,0.0
South Africa,2020-02-07,0.0,0.0,0.0,-0.0,62378417.0,0.0
South Africa,2020-02-08,0.0,0.0,0.0,-0.0,62378417.0,0.0
South Africa,2020-02-09,0.0,0.0,0.0,-0.0,62378417.0,0.0
South Africa,2020-02-10,0.0,0.0,0.0,-0.0,62378417.0,0.0
South Africa,2020-02-11,0.0,0.0,0.0,-0.0,62378417.0,0.0
South Africa,2020-02-12,0.0,0.0,0.0,-0.0,62378417.0,0.0
South Africa,2020-02-13,0.0,0.0,0.0,-0.0,62378417.0,0.0
South Africa,2020-02-14,0.0,0.0,0.0,-0.0,62378417.0,0.0
South Africa,2020-02-15,0.0,0.0,0.0,-0.0,62378417.0,0.0
South Africa,2020-02-16,0.0,0.0,0.0,-0.0,62378417.0,0.0
South Africa,2020-02-17,0.0,0.0,0.0,-0.0,62378417.0,0.0
South Africa,2020-02-18,0.0,0.0,0.0,-0.0,62378417.0,0.0
South Africa,2020-02-19,0.0,0.0,0.0,-0.0,62378417.0,0.0
South Africa,2020-02-20,0.0,0.0,0.0,-0.0,62378417.0,0.0
South Africa,2020-02-21,0.0,0.0,0.0,-0.0,62378417.0,0.0
South Africa,2020-02-22,0.0,0.0,0.0,-0.0,62378417.0,0.0
South Africa,2020-02-23,0.0,0.0,0.0,-0.0,62378417.0,0.0
South Africa,2020-02-24,0.0,0.0,0.0,-0.0,62378417.0,0.0
South Africa,2020-02-25,0.0,0.0,0.0,-0.0,62378417.0,0.0
South Africa,2020-02-26,0.0,0.0,0.0,-0.0,62378417.0,0.0
South Africa,2020-02-27,0.0,0.0,0.0,-0.0,62378417.0,0.0
South Africa,2020-02-28,0.0,0.0,0.0,-0.0,62378417.0,0.0
South Africa,2020-02-29,0.0,0.0,0.0,-0.0,62378417.0,0.0
South Africa,2020-03-01,0.0,0.0,0.0,-0.0,62378417.0,0.0
South Africa,2020-03-02,0.0,0.0,0.14285714285714285,-0.0,62378417.0,0.0022901694164047613
South Africa,2020-03-03,0.0,0.0,0.14285714285714285,-0.0,62378417.0,0.0022901694164047613
South Africa,2020-03-04,0.0,0.0,0.14285714285714285,-0.0,62378417.0,0.0022901694164047613
South Africa,2020-03-05,1.0,1.0,0.42857142857142855,-0.0,62378417.0,0.006870508249214285
South Africa,2020-03-06,1.0,0.0,0.42857142857142855,-0.0,62378417.0,0.006870508249214285
South Africa,2020-03-07,1.0,0.0,1.0,-0.0,62378417.0,0.01603118591483333
South Africa,2020-03-08,3.0,2.0,1.8571428571428572,-0.0,62378417.0,0.0297722024132619
South Africa,2020-03-09,3.0,0.0,2.2857142857142856,-0.0,62378417.0,0.03664271066247618
South Africa,2020-03-10,7.0,4.0,3.2857142857142856,-0.0,62378417.0,0.05267389657730951
South Africa,2020-03-11,13.0,6.0,5.285714285714286,-0.0,62378417.0,0.08473626840697618
South Africa,2020-03-12,17.0,4.0,6.857142857142857,-0.0,62378417.0,0.10992813198742855
South Africa,2020-03-13,24.0,7.0,8.428571428571429,-0.0,62378417.0,0.13511999556788096
South Africa,2020-03-14,38.0,14.0,7.857142857142857,-0.0,62378417.0,0.1259593179022619
South Africa,2020-03-15,51.0,13.0,14.714285714285714,-0.0,62378417.0,0.23588744988969043
South Africa,2020-03-16,62.0,11.0,19.0,-0.0,62378417.0,0.30459253238183326
South Africa,2020-03-17,62.0,0.0,25.428571428571427,-0.0,62378417.0,0.40765015612004757
South Africa,2020-03-18,116.0,54.0,28.857142857142858,-0.0,62378417.0,0.4626142221137618
South Africa,2020-03-19,150.0,34.0,31.857142857142858,-0.0,62378417.0,0.5107077798582619
South Africa,2020-03-20,202.0,52.0,48.57142857142857,-0.0,62378417.0,0.7786576015776189
South Africa,2020-03-21,240.0,38.0,70.28571428571429,-0.0,62378417.0,1.126763352871143
South Africa,2020-03-22,274.0,34.0,84.71428571428571,-0.0,62378417.0,1.3580704639280237
South Africa,2020-03-23,402.0,128.0,111.0,-0.0,62378417.0,1.7794616365464997
South Africa,2020-03-24,554.0,152.0,138.28571428571428,-0.0,62378417.0,2.216883995079809
South Africa,2020-03-25,709.0,155.0,135.28571428571428,-0.0,62378417.0,2.1687904373353093
South Africa,2020-03-26,927.0,218.0,143.71428571428572,-0.0,62378417.0,2.3039104329031903
South Africa,2020-03-27,1170.0,243.0,132.0,-0.0,62378417.0,2.116116540758
South Africa,2020-03-28,1187.0,17.0,114.14285714285714,-0.0,62378417.0,1.8298453637074044
South Africa,2020-03-29,1280.0,93.0,95.85714285714286,-0.0,62378417.0,1.5367036784075951
South Africa,2020-03-30,1326.0,46.0,76.42857142857143,-0.0,62378417.0,1.2252406377765475
South Africa,2020-03-31,1353.0,27.0,47.857142857142854,-0.0,62378417.0,0.7672067544955951
South Africa,2020-04-01,1380.0,27.0,56.857142857142854,-0.0,62378417.0,0.9114874277290951
South Africa,2020-04-02,1462.0,82.0,53.57142857142857,-0.0,62378417.0,0.8588135311517855
South Africa,2020-04-03,1505.0,43.0,51.42857142857143,-0.0,62378417.0,0.8244609899057141
South Africa,2020-04-04,1585.0,80.0,56.57142857142857,-0.0,62378417.0,0.9069070888962855
South Africa,2020-04-05,1655.0,70.0,66.42857142857143,-0.0,62378417.0,1.0649287786282142
South Africa,2020-04-06,1686.0,31.0,67.42857142857143,-0.0,62378417.0,1.0809599645430477
South Africa,2020-04-07,1749.0,63.0,71.14285714285714,-0.0,62378417.0,1.1405043693695713
South Africa,2020-04-08,1845.0,96.0,63.285714285714285,-0.0,62378417.0,1.0145450514673093
South Africa,2020-04-09,1934.0,89.0,74.0,-0.0,62378417.0,1.1863077576976666
South Africa,2020-04-10,2003.0,69.0,83.71428571428571,-0.0,62378417.0,1.3420392780131902
South Africa,2020-04-11,2028.0,25.0,95.14285714285714,-0.0,62378417.0,1.5252528313255713
South Africa,2020-04-12,2173.0,145.0,94.42857142857143,-0.0,62378417.0,1.5138019842435475
South Africa,2020-04-13,2272.0,99.0,95.85714285714286,-0.0,62378417.0,1.5367036784075951
South Africa,2020-04-14,2415.0,143.0,111.42857142857143,-0.0,62378417.0,1.7863321447957141
South Africa,2020-04-15,2506.0,91.0,143.71428571428572,-0.0,62378417.0,2.3039104329031903
South Africa,2020-04-16,2605.0,99.0,140.71428571428572,-0.0,62378417.0,2.2558168751586902
South Africa,2020-04-17,2783.0,178.0,146.85714285714286,-0.0,62378417.0,2.354294160064095
South Africa,2020-04-18,3034.0,251.0,150.0,-0.0,62378417.0,2.4046778872249996
South Africa,2020-04-19,3158.0,124.0,161.28571428571428,-0.0,62378417.0,2.5856012711209755
South Africa,2020-04-20,3300.0,142.0,192.57142857142858,-0.0,62378417.0,3.0871483733136187
South Africa,2020-04-21,3465.0,165.0,205.28571428571428,-0.0,62378417.0,3.290973451373642
South Africa,2020-04-22,3635.0,170.0,189.57142857142858,-0.0,62378417.0,3.039054815569119
South Africa,2020-04-23,3953.0,318.0,198.28571428571428,-0.0,62378417.0,3.178755149969809
South Africa,2020-04-24,4220.0,267.0,213.28571428571428,-0.0,62378417.0,3.419222938692309
South Africa,2020-04-25,4361.0,141.0,218.71428571428572,-0.0,62378417.0,3.50624937651569
South Africa,2020-04-26,4546.0,185.0,245.0,-0.0,62378417.0,3.9276405491341655
South Africa,2020-04-27,4793.0,247.0,242.0,-0.0,62378417.0,3.8795469913896663
South Africa,2020-04-28,4996.0,203.0,247.28571428571428,-0.0,62378417.0,3.964283259796642
South Africa,2020-04-29,5350.0,354.0,282.14285714285717,-0.0,62378417.0,4.5230845973994045
South Africa,2020-04-30,5647.0,297.0,319.57142857142856,-0.0,62378417.0,5.123108984497451
South Africa,2020-05-01,5951.0,304.0,346.7142857142857,-0.0,62378417.0,5.558241173614356
South Africa,2020-05-02,6336.0,385.0,368.0,-0.0,62378417.0,5.899476416658666
South Africa,2020-05-03,6783.0,447.0,351.14285714285717,-0.0,62378417.0,5.629236425522905
South Africa,2020-05-04,7220.0,437.0,369.2857142857143,-0.0,62378417.0,5.920087941406309
South Africa,2020-05-05,7572.0,352.0,420.57142857142856,-0.0,62378417.0,6.742258761895617
South Africa,2020-05-06,7808.0,236.0,440.57142857142856,-0.0,62378417.0,7.062882480192284
South Africa,2020-05-07,8232.0,424.0,461.7142857142857,-0.0,62378417.0,7.401827553820189
South Africa,2020-05-08,8895.0,663.0,490.2857142857143,-0.0,62378417.0,7.8598614371011415
South Africa,2020-05-09,9420.0,525.0,539.7142857142857,-0.0,62378417.0,8.652260055177189
South Africa,2020-05-10,10015.0,595.0,609.4285714285714,-0.0,62378417.0,9.769862730382712
South Africa,2020-05-11,10652.0,637.0,643.8571428571429,-0.0,62378417.0,10.32179355973626
South Africa,2020-05-12,11350.0,698.0,661.2857142857143,-0.0,62378417.0,10.601194228537642
South Africa,2020-05-13,12074.0,724.0,705.0,-0.0,62378417.0,11.301986069957497
South Africa,2020-05-14,12739.0,665.0,785.7142857142857,-0.0,62378417.0,12.595931790226189
South Africa,2020-05-15,13524.0,785.0,825.8571428571429,-0.0,62378417.0,13.239469396235927
South Africa,2020-05-16,14355.0,831.0,835.7142857142857,-0.0,62378417.0,13.397491085967854
South Africa,2020-05-17,15515.0,1160.0,847.0,-0.0,62378417.0,13.578414469863832
South Africa,2020-05-18,16433.0,918.0,914.0,-0.0,62378417.0,14.652503926157666
South Africa,2020-05-19,17200.0,767.0,943.0,-0.0,62378417.0,15.11740831768783
South Africa,2020-05-20,18003.0,803.0,998.2857142857143,-0.0,62378417.0,16.003703881836476
South Africa,2020-05-21,19137.0,1134.0,1009.7142857142857,-0.0,62378417.0,16.186917435148853
South Africa,2020-05-22,20125.0,988.0,1026.0,-0.0,62378417.0,16.447996748618998
South Africa,2020-05-23,21343.0,1218.0,1009.1428571428571,-0.0,62378417.0,16.177756757483234
South Africa,2020-05-24,22583.0,1240.0,1133.4285714285713,-0.0,62378417.0,18.170204149755378
South Africa,2020-05-25,23615.0,1032.0,1180.857142857143,-0.0,62378417.0,18.93054039600176
South Africa,2020-05-26,24264.0,649.0,1302.142857142857,-0.0,62378417.0,20.8748942305294
South Africa,2020-05-27,25937.0,1673.0,1374.857142857143,-0.0,62378417.0,22.040590463479425
South Africa,2020-05-28,27403.0,1466.0,1442.857142857143,-0.0,62378417.0,23.13071110568809
South Africa,2020-05-29,29240.0,1837.0,1534.5714285714287,-0.0,62378417.0,24.600999871019948
South Africa,2020-05-30,30967.0,1727.0,1649.7142857142858,-0.0,62378417.0,26.446876420642187
South Africa,2020-05-31,32683.0,1716.0,1655.4285714285713,-0.0,62378417.0,26.538483197298376
South Africa,2020-06-01,34357.0,1674.0,1912.7142857142858,-0.0,62378417.0,30.663078316243357
South Africa,2020-06-02,35812.0,1455.0,2027.7142857142858,-0.0,62378417.0,32.506664696449185
South Africa,2020-06-03,37525.0,1713.0,2143.714285714286,-0.0,62378417.0,34.366282262569854
South Africa,2020-06-04,40792.0,3267.0,2228.8571428571427,-0.0,62378417.0,35.73122323474709
South Africa,2020-06-05,43434.0,2642.0,2360.285714285714,-0.0,62378417.0,37.83817909783947
South Africa,2020-06-06,45973.0,2539.0,2454.1428571428573,-0.0,62378417.0,39.342820404417395
South Africa,2020-06-07,48285.0,2312.0,2556.5714285714284,-0.0,62378417.0,40.98487187597961
South Africa,2020-06-08,50879.0,2594.0,2539.4285714285716,-0.0,62378417.0,40.710051546011044
South Africa,2020-06-09,52991.0,2112.0,2641.8571428571427,-0.0,62378417.0,42.35210301757325
South Africa,2020-06-10,55421.0,2430.0,2823.285714285714,-0.0,62378417.0,45.260618176407306
South Africa,2020-06-11,58568.0,3147.0,3107.5714285714284,-0.0,62378417.0,49.818055315052774
South Africa,2020-06-12,61927.0,3359.0,3236.285714285714,-0.0,62378417.0,51.881497959233464
South Africa,2020-06-13,65736.0,3809.0,3334.714285714286,-0.0,62378417.0,53.459424687136355
South Africa,2020-06-14,70038.0,4302.0,3570.1428571428573,-0.0,62378417.0,57.233623885371394
South Africa,2020-06-15,73533.0,3495.0,3617.4285714285716,-0.0,62378417.0,57.99166996220137
South Africa,2020-06-16,76334.0,2801.0,3684.0,-0.0,62378417.0,59.05888891024599
South Africa,2020-06-17,80412.0,4078.0,3849.285714285714,-0.0,62378417.0,61.7086149250263
South Africa,2020-06-18,83890.0,3478.0,3894.8571428571427,-0.0,62378417.0,62.439178968859416
South Africa,2020-06-19,87715.0,3825.0,4008.1428571428573,-0.0,62378417.0,64.2552833160684
South Africa,2020-06-20,92681.0,4966.0,4253.428571428572,-0.0,62378417.0,68.18750420403538
South Africa,2020-06-21,97302.0,4621.0,4483.428571428572,-0.0,62378417.0,71.87467696444703
South Africa,2020-06-22,101590.0,4288.0,4926.428571428572,-0.0,62378417.0,78.97649232471821
South Africa,2020-06-23,106108.0,4518.0,5267.857142857143,-0.0,62378417.0,84.44999722992559
South Africa,2020-06-24,111796.0,5688.0,5588.428571428572,-0.0,62378417.0,89.58913740033786
South Africa,2020-06-25,118375.0,6579.0,5833.142857142857,-0.0,62378417.0,93.51219761063922
South Africa,2020-06-26,124590.0,6215.0,6096.285714285715,-0.0,62378417.0,97.73068967565679
South Africa,2020-06-27,131800.0,7210.0,6443.0,-0.0,62378417.0,103.28893084927115
South Africa,2020-06-28,138134.0,6334.0,6791.0,-0.0,62378417.0,108.86778354763315
South Africa,2020-06-29,144264.0,6130.0,7098.0,-0.0,62378417.0,113.78935762348698
South Africa,2020-06-30,151209.0,6945.0,7504.857142857143,-0.0,62378417.0,120.31176012140774
South Africa,2020-07-01,159333.0,8124.0,8025.285714285715,-0.0,62378417.0,128.6548473053703
South Africa,2020-07-02,168061.0,8728.0,8373.714285714286,-0.0,62378417.0,134.2405705119815
South Africa,2020-07-03,177124.0,9063.0,8779.57142857143,-0.0,62378417.0,140.74694182398744
South Africa,2020-07-04,187977.0,10853.0,9235.142857142857,-0.0,62378417.0,148.05029209290223
South Africa,2020-07-05,196750.0,8773.0,9333.142857142857,-0.0,62378417.0,149.62134831255588
South Africa,2020-07-06,205721.0,8971.0,10039.714285714286,-0.0,62378417.0,160.94852624609385
South Africa,2020-07-07,215855.0,10134.0,10509.0,-0.0,62378417.0,168.47173277898347
South Africa,2020-07-08,224665.0,8810.0,10886.714285714286,-0.0,62378417.0,174.52694071595766
South Africa,2020-07-09,238339.0,13674.0,11356.0,-0.0,62378417.0,182.0501472488473
South Africa,2020-07-10,250687.0,12348.0,11725.0,-0.0,62378417.0,187.96565485142082
South Africa,2020-07-11,264184.0,13497.0,11776.714285714286,-0.0,62378417.0,188.79469618015932
South Africa,2020-07-12,276242.0,12058.0,12340.57142857143,-0.0,62378417.0,197.83399486670893
South Africa,2020-07-13,287796.0,11554.0,12268.857142857143,-0.0,62378417.0,196.68432981967374
South Africa,2020-07-14,298292.0,10496.0,12415.285714285714,-0.0,62378417.0,199.0317534714886
South Africa,2020-07-15,311049.0,12757.0,12385.0,-0.0,62378417.0,198.54623755521078
South Africa,2020-07-16,324221.0,13172.0,12583.714285714286,-0.0,62378417.0,201.73186321342982
South Africa,2020-07-17,337594.0,13373.0,12261.714285714286,-0.0,62378417.0,196.56982134885348
South Africa,2020-07-18,350879.0,13285.0,11929.42857142857,-0.0,62378417.0,191.242887286296
South Africa,2020-07-19,364328.0,13449.0,11985.57142857143,-0.0,62378417.0,192.14292386694308
South Africa,2020-07-20,373628.0,9300.0,11975.857142857143,-0.0,62378417.0,191.98719234662758
South Africa,2020-07-21,381798.0,8170.0,12057.42857142857,-0.0,62378417.0,193.29487908339468
South Africa,2020-07-22,394948.0,13150.0,11903.0,-0.0,62378417.0,190.81920594426114
South Africa,2020-07-23,408052.0,13104.0,11586.42857142857,-0.0,62378417.0,185.74419051750817
South Africa,2020-07-24,421996.0,13944.0,11271.57142857143,-0.0,62378417.0,180.69665712375212
South Africa,2020-07-25,434200.0,12204.0,11137.57142857143,-0.0,62378417.0,178.54847821116442
South Africa,2020-07-26,445433.0,11233.0,10882.142857142857,-0.0,62378417.0,174.4536552946327
South Africa,2020-07-27,452529.0,7096.0,10588.142857142857,-0.0,62378417.0,169.74048663567172
South Africa,2020-07-28,459761.0,7232.0,10169.57142857143,-0.0,62378417.0,163.03029024560578
South Africa,2020-07-29,471123.0,11362.0,9870.0,-0.0,62378417.0,158.227804979405
South Africa,2020-07-30,482169.0,11046.0,9436.0,-0.0,62378417.0,151.2702702923673
South Africa,2020-07-31,493183.0,11014.0,9190.42857142857,-0.0,62378417.0,147.3334690655675
South Africa,2020-08-01,503290.0,10107.0,8793.857142857143,-0.0,62378417.0,140.97595876562792
South Africa,2020-08-02,511485.0,8195.0,8393.42857142857,-0.0,62378417.0,134.55661389144535
South Africa,2020-08-03,516862.0,5377.0,8002.142857142857,-0.0,62378417.0,128.28383985991272
South Africa,2020-08-04,521318.0,4456.0,7470.428571428572,-0.0,62378417.0,119.75982929205419
South Africa,2020-08-05,529877.0,8559.0,7128.285714285715,-0.0,62378417.0,114.2748735397648
South Africa,2020-08-06,538184.0,8307.0,6910.571428571428,-0.0,62378417.0,110.78465534916394
South Africa,2020-08-07,545476.0,7292.0,6676.571428571428,-0.0,62378417.0,107.03335784509294
South Africa,2020-08-08,553188.0,7712.0,6398.714285714285,-0.0,62378417.0,102.57897833018566
South Africa,2020-08-09,559859.0,6671.0,5577.428571428572,-0.0,62378417.0,89.4127943552747
South Africa,2020-08-10,563598.0,3739.0,4954.428571428572,-0.0,62378417.0,79.42536553033354
South Africa,2020-08-11,566109.0,2511.0,4809.142857142857,-0.0,62378417.0,77.09626323384988
South Africa,2020-08-12,568919.0,2810.0,4352.142857142857,-0.0,62378417.0,69.77001127077105
South Africa,2020-08-13,572865.0,3946.0,3926.5714285714284,-0.0,62378417.0,62.947596579301276
South Africa,2020-08-14,579140.0,6275.0,3755.4285714285716,-0.0,62378417.0,60.20397361844837
South Africa,2020-08-15,583653.0,4513.0,3719.285714285714,-0.0,62378417.0,59.624560756097964
South Africa,2020-08-16,587345.0,3692.0,3877.285714285714,-0.0,62378417.0,62.15748813064163
South Africa,2020-08-17,589886.0,2541.0,3867.8571428571427,-0.0,62378417.0,62.006336949158914
South Africa,2020-08-18,592144.0,2258.0,3456.8571428571427,-0.0,62378417.0,55.417519538162416
South Africa,2020-08-19,596060.0,3916.0,3341.714285714286,-0.0,62378417.0,53.571642988540184
South Africa,2020-08-20,599940.0,3880.0,3204.0,-0.0,62378417.0,51.36391967112599
South Africa,2020-08-21,603338.0,3398.0,3080.5714285714284,-0.0,62378417.0,49.38521329535227
South Africa,2020-08-22,607045.0,3707.0,2981.8571428571427,-0.0,62378417.0,47.802706228616586
South Africa,2020-08-23,609773.0,2728.0,2805.8571428571427,-0.0,62378417.0,44.98121750760591
South Africa,2020-08-24,611450.0,1677.0,2620.8571428571427,-0.0,62378417.0,42.01544811336176
South Africa,2020-08-25,613017.0,1567.0,2399.1428571428573,-0.0,62378417.0,38.46110517910157
South Africa,2020-08-26,615701.0,2684.0,2215.1428571428573,-0.0,62378417.0,35.51136697077224
South Africa,2020-08-27,618286.0,2585.0,2183.285714285714,-0.0,62378417.0,35.00065919091397
South Africa,2020-08-28,620132.0,1846.0,2227.285714285714,-0.0,62378417.0,35.70603137116664
South Africa,2020-08-29,622551.0,2419.0,2177.4285714285716,-0.0,62378417.0,34.906762244841374
South Africa,2020-08-30,625056.0,2505.0,2127.714285714286,-0.0,62378417.0,34.109783287932515
South Africa,2020-08-31,627041.0,1985.0,2104.1428571428573,-0.0,62378417.0,33.731905334225736
South Africa,2020-09-01,628259.0,1218.0,2135.1428571428573,-0.0,62378417.0,34.22887209758557
South Africa,2020-09-02,630595.0,2336.0,2047.5714285714287,-0.0,62378417.0,32.82499824532945
South Africa,2020-09-03,633015.0,2420.0,1923.0,-0.0,62378417.0,30.827970514224496
South Africa,2020-09-04,635078.0,2063.0,1760.142857142857,-0.0,62378417.0,28.21717737952307
South Africa,2020-09-05,636884.0,1806.0,1740.2857142857142,-0.0,62378417.0,27.898843830642804
South Africa,2020-09-06,638517.0,1633.0,1690.857142857143,-0.0,62378417.0,27.106445212566758
South Africa,2020-09-07,639362.0,845.0,1631.857142857143,-0.0,62378417.0,26.16060524359159
South Africa,2020-09-08,640441.0,1079.0,1617.142857142857,-0.0,62378417.0,25.924717793701898
South Africa,2020-09-09,642431.0,1990.0,1618.5714285714287,-0.0,62378417.0,25.94761948786595
South Africa,2020-09-10,644438.0,2007.0,1610.857142857143,-0.0,62378417.0,25.823950339380094
South Africa,2020-09-11,646398.0,1960.0,1626.7142857142858,-0.0,62378417.0,26.07815914460102
South Africa,2020-09-12,648214.0,1816.0,1582.857142857143,-0.0,62378417.0,25.37507713376476
South Africa,2020-09-13,649793.0,1579.0,1573.2857142857142,-0.0,62378417.0,25.22163578286564
South Africa,2020-09-14,650749.0,956.0,1590.5714285714287,-0.0,62378417.0,25.498746282250615
South Africa,2020-09-15,651521.0,772.0,1604.142857142857,-0.0,62378417.0,25.716312376809068
South Africa,2020-09-16,653444.0,1923.0,1634.5714285714287,-0.0,62378417.0,26.204118462503285
South Africa,2020-09-17,655572.0,2128.0,1631.142857142857,-0.0,62378417.0,26.14915439650957
South Africa,2020-09-18,657627.0,2055.0,1598.142857142857,-0.0,62378417.0,25.620125261320066
South Africa,2020-09-19,659656.0,2029.0,1680.142857142857,-0.0,62378417.0,26.9346825063364
South Africa,2020-09-20,661211.0,1555.0,1677.7142857142858,-0.0,62378417.0,26.895749626257523
South Africa,2020-09-21,661936.0,725.0,1639.5714285714287,-0.0,62378417.0,26.28427439207745
South Africa,2020-09-22,663282.0,1346.0,1557.4285714285713,-0.0,62378417.0,24.96742697764471
South Africa,2020-09-23,665188.0,1906.0,1406.0,-0.0,62378417.0,22.539847396255663
South Africa,2020-09-24,667049.0,1861.0,1365.0,-0.0,62378417.0,21.882568773747497
South Africa,2020-09-25,668529.0,1480.0,1390.4285714285713,-0.0,62378417.0,22.290218929867542
South Africa,2020-09-26,669498.0,969.0,1327.142857142857,-0.0,62378417.0,21.275673878400234
South Africa,2020-09-27,670766.0,1268.0,1307.2857142857142,-0.0,62378417.0,20.957340329519972
South Africa,2020-09-28,671669.0,903.0,1290.7142857142858,-0.0,62378417.0,20.691680677217022
South Africa,2020-09-29,672572.0,903.0,1329.142857142857,-0.0,62378417.0,21.3077362502299
South Africa,2020-09-30,674339.0,1767.0,1459.7142857142858,-0.0,62378417.0,23.400951096823857
South Africa,2020-10-01,676084.0,1745.0,1503.2857142857142,-0.0,62378417.0,24.099452768827305
South Africa,2020-10-02,677833.0,1749.0,1506.5714285714287,-0.0,62378417.0,24.152126665404616
South Africa,2020-10-03,679716.0,1883.0,1524.2857142857142,-0.0,62378417.0,24.436107673038805
South Africa,2020-10-04,681289.0,1573.0,1545.142857142857,-0.0,62378417.0,24.770472407833903
South Africa,2020-10-05,682215.0,926.0,1543.857142857143,-0.0,62378417.0,24.74986088308626
South Africa,2020-10-06,683242.0,1027.0,1502.7142857142858,-0.0,62378417.0,24.090292091161686
South Africa,2020-10-07,685155.0,1913.0,1597.142857142857,-0.0,62378417.0,25.604094075405232
South Africa,2020-10-08,686891.0,1736.0,1597.4285714285713,-0.0,62378417.0,25.608674414238042
South Africa,2020-10-09,688352.0,1461.0,1592.0,-0.0,62378417.0,25.521647976414663
South Africa,2020-10-10,690896.0,2544.0,1613.5714285714287,-0.0,62378417.0,25.867463558291785
South Africa,2020-10-11,692471.0,1575.0,1608.4285714285713,-0.0,62378417.0,25.78501745930121
South Africa,2020-10-12,693359.0,888.0,1613.2857142857142,-0.0,62378417.0,25.862883219458972
South Africa,2020-10-13,694537.0,1178.0,1693.0,-0.0,62378417.0,27.14079775381283
South Africa,2020-10-14,696414.0,1877.0,1605.0,-0.0,62378417.0,25.730053393307497
South Africa,2020-10-15,698184.0,1770.0,1617.4285714285713,-0.0,62378417.0,25.92929813253471
South Africa,2020-10-16,700203.0,2019.0,1699.2857142857142,-0.0,62378417.0,27.241565208134638
South Africa,2020-10-17,702131.0,1928.0,1681.0,-0.0,62378417.0,26.948423522834826
South Africa,2020-10-18,703793.0,1662.0,1706.4285714285713,-0.0,62378417.0,27.356073678954875
South Africa,2020-10-19,705254.0,1461.0,1761.5714285714287,-0.0,62378417.0,28.240079073687117
South Africa,2020-10-20,706304.0,1050.0,1744.142857142857,-0.0,62378417.0,27.960678404885734
South Africa,2020-10-21,708359.0,2055.0,1730.7142857142858,-0.0,62378417.0,27.74540247974369
South Africa,2020-10-22,710515.0,2156.0,1725.0,-0.0,62378417.0,27.653795703087496
South Africa,2020-10-23,712412.0,1897.0,1643.5714285714287,-0.0,62378417.0,26.348399135736784
South Africa,2020-10-24,714246.0,1834.0,1649.5714285714287,-0.0,62378417.0,26.444586251225783
South Africa,2020-10-25,715868.0,1622.0,1622.142857142857,-0.0,62378417.0,26.004873723276066
South Africa,2020-10-26,716759.0,891.0,1607.857142857143,-0.0,62378417.0,25.775856781635593
South Africa,2020-10-27,717851.0,1092.0,1610.0,-0.0,62378417.0,25.81020932288166
South Africa,2020-10-28,719714.0,1863.0,1600.857142857143,-0.0,62378417.0,25.66363848023176
South Africa,2020-10-29,721770.0,2056.0,1565.0,-0.0,62378417.0,25.08880595671416
South Africa,2020-10-30,723682.0,1912.0,1548.0,-0.0,62378417.0,24.816275796161996
South Africa,2020-10-31,725452.0,1770.0,1569.2857142857142,-0.0,62378417.0,25.1575110392063
South Africa,2020-11-01,726823.0,1371.0,1547.7142857142858,-0.0,62378417.0,24.811695457329186
South Africa,2020-11-02,727595.0,772.0,1520.5714285714287,-0.0,62378417.0,24.376563268212283
South Africa,2020-11-03,728836.0,1241.0,1499.0,-0.0,62378417.0,24.030747686335165
South Africa,2020-11-04,730548.0,1712.0,1493.4285714285713,-0.0,62378417.0,23.941431079095377
South Africa,2020-11-05,732414.0,1866.0,1493.5714285714287,-0.0,62378417.0,23.943721248511782
South Africa,2020-11-06,734175.0,1761.0,1561.4285714285713,-0.0,62378417.0,25.03155172130404
South Africa,2020-11-07,735906.0,1731.0,1631.142857142857,-0.0,62378417.0,26.14915439650957
South Africa,2020-11-08,737278.0,1372.0,1692.2857142857142,-0.0,62378417.0,27.129346906730802
South Africa,2020-11-09,738525.0,1247.0,1759.7142857142858,-0.0,62378417.0,28.210306871273854
South Africa,2020-11-10,740254.0,1729.0,1824.2857142857142,-0.0,62378417.0,29.245463447488806
South Africa,2020-11-11,742394.0,2140.0,1896.5714285714287,-0.0,62378417.0,30.404289172189618
South Africa,2020-11-12,744732.0,2338.0,1963.7142857142858,-0.0,62378417.0,31.480668797899856
South Africa,2020-11-13,746945.0,2213.0,1963.4285714285713,-0.0,62378417.0,31.47608845906704
South Africa,2020-11-14,749182.0,2237.0,2000.2857142857142,-0.0,62378417.0,32.06695216849947
South Africa,2020-11-15,751024.0,1842.0,2107.1428571428573,-0.0,62378417.0,33.77999889197023
South Africa,2020-11-16,752269.0,1245.0,2132.285714285714,-0.0,62378417.0,34.18306870925747
South Africa,2020-11-17,754256.0,1987.0,2259.714285714286,-0.0,62378417.0,36.22589982869052
South Africa,2020-11-18,757144.0,2888.0,2318.1428571428573,-0.0,62378417.0,37.16257912000007
South Africa,2020-11-19,759658.0,2514.0,2379.285714285714,-0.0,62378417.0,38.142771630221304
South Africa,2020-11-20,762763.0,3105.0,2498.5714285714284,-0.0,62378417.0,40.055063092919276
South Africa,2020-11-21,765409.0,2646.0,2570.8571428571427,-0.0,62378417.0,41.21388881762008
South Africa,2020-11-22,767679.0,2270.0,2622.5714285714284,-0.0,62378417.0,42.042930146358614
South Africa,2020-11-23,769759.0,2080.0,2701.8571428571427,-0.0,62378417.0,43.313974172463254
South Africa,2020-11-24,772252.0,2493.0,2739.714285714286,-0.0,62378417.0,43.92086906781052
South Africa,2020-11-25,775502.0,3250.0,2818.5714285714284,-0.0,62378417.0,45.18504258566595
South Africa,2020-11-26,778571.0,3069.0,2860.4285714285716,-0.0,62378417.0,45.85606222467254
South Africa,2020-11-27,781941.0,3370.0,2892.1428571428573,-0.0,62378417.0,46.3644798351144
South Africa,2020-11-28,785139.0,3198.0,2863.8571428571427,-0.0,62378417.0,45.91102629066625
South Africa,2020-11-29,787702.0,2563.0,2995.714285714286,-0.0,62378417.0,48.02485266200785
South Africa,2020-11-30,790004.0,2302.0,3185.8571428571427,-0.0,62378417.0,51.07306815524258
South Africa,2020-12-01,792299.0,2295.0,3409.0,-0.0,62378417.0,54.65031278366683
South Africa,2020-12-02,796472.0,4173.0,3615.714285714286,-0.0,62378417.0,57.96418792920451
South Africa,2020-12-03,800872.0,4400.0,3837.5714285714284,-0.0,62378417.0,61.52082103288111
South Africa,2020-12-04,805804.0,4932.0,3982.0,-0.0,62378417.0,63.83618231286632
South Africa,2020-12-05,810449.0,4645.0,4227.142857142857,-0.0,62378417.0,67.7661130314169
South Africa,2020-12-06,814565.0,4116.0,4589.428571428572,-0.0,62378417.0,73.57398267141937
South Africa,2020-12-07,817878.0,3313.0,5127.428571428572,-0.0,62378417.0,82.19876069359971
South Africa,2020-12-08,821889.0,4011.0,5611.285714285715,-0.0,62378417.0,89.95556450696263
South Africa,2020-12-09,828598.0,6709.0,6073.714285714285,-0.0,62378417.0,97.36884290786483
South Africa,2020-12-10,836764.0,8166.0,6628.428571428572,-0.0,62378417.0,106.26157075176454
South Africa,2020-12-11,845083.0,8319.0,6892.714285714285,-0.0,62378417.0,110.49838417211333
South Africa,2020-12-12,852965.0,7882.0,7398.571428571428,-0.0,62378417.0,118.6078740756026
South Africa,2020-12-13,860964.0,7999.0,7869.857142857143,-0.0,62378417.0,126.16314298032191
South Africa,2020-12-14,866127.0,5163.0,8007.0,-0.0,62378417.0,128.36170562007047
South Africa,2020-12-15,873679.0,7552.0,8065.0,-0.0,62378417.0,129.2915144031308
South Africa,2020-12-16,883687.0,10008.0,8501.714285714286,-0.0,62378417.0,136.29256230908018
South Africa,2020-12-17,892813.0,9126.0,8708.285714285714,-0.0,62378417.0,139.60414728520144
South Africa,2020-12-18,901538.0,8725.0,9226.285714285714,-0.0,62378417.0,147.9083015890851
South Africa,2020-12-19,912477.0,10939.0,9504.714285714286,-0.0,62378417.0,152.37184178165802
South Africa,2020-12-20,921922.0,9445.0,10081.57142857143,-0.0,62378417.0,161.61954588510045
South Africa,2020-12-21,930711.0,8789.0,10821.42857142857,-0.0,62378417.0,173.48033329266067
South Africa,2020-12-22,940212.0,9501.0,11688.714285714286,-0.0,62378417.0,187.383951819654
South Africa,2020-12-23,954258.0,14046.0,11776.285714285714,-0.0,62378417.0,188.7878256719101
South Africa,2020-12-24,968563.0,14305.0,11784.42857142857,-0.0,62378417.0,188.91836532864517
South Africa,2020-12-25,983359.0,14796.0,11594.285714285714,-0.0,62378417.0,185.87014983541044
South Africa,2020-12-26,994911.0,11552.0,11605.57142857143,-0.0,62378417.0,186.05107321930643
South Africa,2020-12-27,1004413.0,9502.0,12129.0,-0.0,62378417.0,194.44225396101348
South Africa,2020-12-28,1011871.0,7458.0,12656.857142857143,-0.0,62378417.0,202.90442995462905
South Africa,2020-12-29,1021451.0,9580.0,12932.57142857143,-0.0,62378417.0,207.32445692829026
South Africa,2020-12-30,1039161.0,17710.0,13425.42857142857,-0.0,62378417.0,215.2255414148867
South Africa,2020-12-31,1057161.0,18000.0,13762.142857142857,-0.0,62378417.0,220.6234707293527
South Africa,2021-01-01,1073887.0,16726.0,14496.857142857143,-0.0,62378417.0,232.40181203792238
South Africa,2021-01-02,1088889.0,15002.0,15186.857142857143,-0.0,62378417.0,243.4633303191574
South Africa,2021-01-03,1100748.0,11859.0,15775.714285714286,-0.0,62378417.0,252.90340865357786
South Africa,2021-01-04,1113349.0,12601.0,16204.142857142857,-0.0,62378417.0,259.7716267333757
South Africa,2021-01-05,1127759.0,14410.0,16954.714285714286,-0.0,62378417.0,271.80417684716633
South Africa,2021-01-06,1149591.0,21832.0,17898.14285714286,-0.0,62378417.0,286.92845567310343
South Africa,2021-01-07,1170590.0,20999.0,18692.714285714286,-0.0,62378417.0,299.6663779671467
South Africa,2021-01-08,1192570.0,21980.0,19042.0,-0.0,62378417.0,305.26584219025625
South Africa,2021-01-09,1214176.0,21606.0,18855.571428571428,-0.0,62378417.0,302.27717110184807
South Africa,2021-01-10,1231597.0,17421.0,18387.428571428572,-0.0,62378417.0,294.7722859242897
South Africa,2021-01-11,1246643.0,15046.0,18030.85714285714,-0.0,62378417.0,289.05602306094335
South Africa,2021-01-12,1259748.0,13105.0,17016.571428571428,-0.0,62378417.0,272.7958202044695
South Africa,2021-01-13,1278303.0,18555.0,15926.142857142857,-0.0,62378417.0,255.31495704905203
South Africa,2021-01-14,1296806.0,18503.0,15189.857142857143,-0.0,62378417.0,243.5114238769019
South Africa,2021-01-15,1311686.0,14880.0,14327.57142857143,-0.0,62378417.0,229.68796127948275
South Africa,2021-01-16,1325659.0,13973.0,13852.57142857143,-0.0,62378417.0,222.07314796993694
South Africa,2021-01-17,1337926.0,12267.0,13017.57142857143,-0.0,62378417.0,208.6871077310511
South Africa,2021-01-18,1346936.0,9010.0,12000.142857142857,-0.0,62378417.0,192.37652114741636
South Africa,2021-01-19,1356716.0,9780.0,11554.57142857143,-0.0,62378417.0,185.23348273764995
South Africa,2021-01-20,1369426.0,12710.0,11311.42857142857,-0.0,62378417.0,181.335614390929
South Africa,2021-01-21,1380807.0,11381.0,10722.857142857143,-0.0,62378417.0,171.9001163953414
South Africa,2021-01-22,1392568.0,11761.0,10085.857142857143,-0.0,62378417.0,161.68825096759258
South Africa,2021-01-23,1404839.0,12271.0,9551.714285714286,-0.0,62378417.0,153.12530751965517
South Africa,2021-01-24,1412986.0,8147.0,8746.0,-0.0,62378417.0,140.2087520111323
South Africa,2021-01-25,1417537.0,4551.0,8141.571428571428,-0.0,62378417.0,130.51904521032378
South Africa,2021-01-26,1423578.0,6041.0,7338.714285714285,-0.0,62378417.0,117.648293090129
South Africa,2021-01-27,1430648.0,7070.0,6342.428571428572,-0.0,62378417.0,101.67665158012221
South Africa,2021-01-28,1437798.0,7150.0,5825.0,-0.0,62378417.0,93.38165795390415
South Africa,2021-01-29,1443939.0,6141.0,5538.857142857143,-0.0,62378417.0,88.79444861284541
South Africa,2021-01-30,1449236.0,5297.0,5054.285714285715,-0.0,62378417.0,81.02619395240046
South Africa,2021-01-31,1453761.0,4525.0,4624.0,-0.0,62378417.0,74.12820367018932
South Africa,2021-02-01,1456309.0,2548.0,4138.428571428572,-0.0,62378417.0,66.34391782382954
South Africa,2021-02-02,1458958.0,2649.0,3796.714285714286,-0.0,62378417.0,60.86583257978935
South Africa,2021-02-03,1463016.0,4058.0,3494.8571428571427,-0.0,62378417.0,56.02670460292608
South Africa,2021-02-04,1466767.0,3751.0,3196.285714285714,-0.0,62378417.0,51.24025052264013
South Africa,2021-02-05,1470516.0,3749.0,3028.8571428571427,-0.0,62378417.0,48.55617196661375
South Africa,2021-02-06,1473700.0,3184.0,2899.285714285714,-0.0,62378417.0,46.478988305934635
South Africa,2021-02-07,1476135.0,2435.0,2770.8571428571427,-0.0,62378417.0,44.420126000586755
South Africa,2021-02-08,1477511.0,1376.0,2590.4285714285716,-0.0,62378417.0,41.52764202766755
South Africa,2021-02-09,1479253.0,1742.0,2452.1428571428573,-0.0,62378417.0,39.310758032587735
South Africa,2021-02-10,1482412.0,3159.0,2337.5714285714284,-0.0,62378417.0,37.474042160631114
South Africa,2021-02-11,1484900.0,2488.0,2238.8571428571427,-0.0,62378417.0,35.89153509389542
South Africa,2021-02-12,1487681.0,2781.0,2199.714285714286,-0.0,62378417.0,35.26402867380052
South Africa,2021-02-13,1490063.0,2382.0,2123.714285714286,-0.0,62378417.0,34.04565854427319
South Africa,2021-02-14,1491807.0,1744.0,2003.857142857143,-0.0,62378417.0,32.12420640390959
South Africa,2021-02-15,1492909.0,1102.0,1980.857142857143,-0.0,62378417.0,31.755489127868426
South Africa,2021-02-16,1494119.0,1210.0,1856.5714285714287,-0.0,62378417.0,29.763041735596282
South Africa,2021-02-17,1496439.0,2320.0,1757.7142857142858,-0.0,62378417.0,28.178244499444187
South Africa,2021-02-18,1498766.0,2327.0,1712.7142857142858,-0.0,62378417.0,27.456841133276686
South Africa,2021-02-19,1500677.0,1911.0,1668.4285714285713,-0.0,62378417.0,26.74688861419121
South Africa,2021-02-20,1502367.0,1690.0,1638.142857142857,-0.0,62378417.0,26.261372697913398
South Africa,2021-02-21,1503796.0,1429.0,1572.7142857142858,-0.0,62378417.0,25.21247510520002
South Africa,2021-02-22,1504588.0,792.0,1479.7142857142858,-0.0,62378417.0,23.721574815120523
South Africa,2021-02-23,1505586.0,998.0,1443.0,-0.0,62378417.0,23.133001275104498
South Africa,2021-02-24,1507448.0,1862.0,1408.2857142857142,-0.0,62378417.0,22.57649010691814
South Africa,2021-02-25,1509124.0,1676.0,1371.0,-0.0,62378417.0,21.978755889236496
South Africa,2021-02-26,1510778.0,1654.0,1338.7142857142858,-0.0,62378417.0,21.46117760112902
South Africa,2021-02-27,1512225.0,1447.0,1318.4285714285713,-0.0,62378417.0,21.135973543999544
South Africa,2021-02-28,1513393.0,1168.0,1259.142857142857,-0.0,62378417.0,20.185553236191566
South Africa,2021-03-01,1513959.0,566.0,1220.2857142857142,-0.0,62378417.0,19.562627154929473
South Africa,2021-03-02,1514815.0,856.0,1171.5714285714287,-0.0,62378417.0,18.78167938393545
South Africa,2021-03-03,1516262.0,1447.0,1140.142857142857,-0.0,62378417.0,18.277842112326404
South Africa,2021-03-04,1517666.0,1404.0,1096.4285714285713,-0.0,62378417.0,17.577050270906543
South Africa,2021-03-05,1518979.0,1313.0,1106.7142857142858,-0.0,62378417.0,17.74194246888769
South Africa,2021-03-06,1520206.0,1227.0,1126.0,-0.0,62378417.0,18.05111534010233
South Africa,2021-03-07,1521068.0,862.0,1130.2857142857142,-0.0,62378417.0,18.119820422594472
South Africa,2021-03-08,1521706.0,638.0,1140.2857142857142,-0.0,62378417.0,18.280132281742805
South Africa,2021-03-09,1522697.0,991.0,1127.7142857142858,-0.0,62378417.0,18.078597373099186
South Africa,2021-03-10,1524174.0,1477.0,1172.5714285714287,-0.0,62378417.0,18.797710569850285
South Africa,2021-03-11,1525648.0,1474.0,1193.142857142857,-0.0,62378417.0,19.127494965812566
South Africa,2021-03-12,1526873.0,1225.0,1189.5714285714287,-0.0,62378417.0,19.070240730402453
South Africa,2021-03-13,1528414.0,1541.0,1181.2857142857142,-0.0,62378417.0,18.93741090425097
South Africa,2021-03-14,1529420.0,1006.0,1189.0,-0.0,62378417.0,19.06108005273683
South Africa,2021-03-15,1530033.0,613.0,1187.5714285714287,-0.0,62378417.0,19.038178358572782
South Africa,2021-03-16,1530966.0,933.0,1221.4285714285713,-0.0,62378417.0,19.58094851026071
South Africa,2021-03-17,1532497.0,1531.0,1198.142857142857,-0.0,62378417.0,19.207650895386735
South Africa,2021-03-18,1533961.0,1464.0,1204.5714285714287,-0.0,62378417.0,19.31070851912495
South Africa,2021-03-19,1535423.0,1462.0,1202.5714285714287,-0.0,62378417.0,19.278646147295284
South Africa,2021-03-20,1536801.0,1378.0,1142.142857142857,-0.0,62378417.0,18.309904484156068
South Africa,2021-03-21,1537852.0,1051.0,1073.142857142857,-0.0,62378417.0,17.20375265603257
South Africa,2021-03-22,1538451.0,599.0,1086.0,-0.0,62378417.0,17.409867903509
South Africa,2021-03-23,1538961.0,510.0,1093.7142857142858,-0.0,62378417.0,17.533537051994855
South Africa,2021-03-24,1540009.0,1048.0,1095.0,-0.0,62378417.0,17.5541485767425
South Africa,2021-03-25,1541563.0,1554.0,1082.7142857142858,-0.0,62378417.0,17.35719400693169
South Africa,2021-03-26,1543079.0,1516.0,1075.4285714285713,-0.0,62378417.0,17.240395366695044
South Africa,2021-03-27,1544466.0,1387.0,1110.5714285714287,-0.0,62378417.0,17.803777043130616
South Africa,2021-03-28,1545431.0,965.0,1164.0,-0.0,62378417.0,18.660300404865996
South Africa,2021-03-29,1545979.0,548.0,1126.857142857143,-0.0,62378417.0,18.06485635660076
South Africa,2021-03-30,1546735.0,756.0,1092.142857142857,-0.0,62378417.0,17.508345188414403
South Africa,2021-03-31,1548157.0,1422.0,1005.0,-0.0,62378417.0,16.111341844407498
South Africa,2021-04-01,1549451.0,1294.0,933.2857142857143,-0.0,62378417.0,14.961676797372307
South Africa,2021-04-02,1550724.0,1273.0,919.5714285714286,-0.0,62378417.0,14.74182053339745
South Africa,2021-04-03,1551501.0,777.0,874.0,-0.0,62378417.0,14.01125648956433
South Africa,2021-04-04,1551964.0,463.0,778.8571428571429,-0.0,62378417.0,12.48600365823876
South Africa,2021-04-05,1552416.0,452.0,789.1428571428571,-0.0,62378417.0,12.650895856219902
South Africa,2021-04-06,1552853.0,437.0,788.2857142857143,-0.0,62378417.0,12.637154839721475
South Africa,2021-04-07,1553609.0,756.0,860.8571428571429,-0.0,62378417.0,13.800560903255093
South Africa,2021-04-08,1554975.0,1366.0,927.7142857142857,-0.0,62378417.0,14.87236019013252
South Africa,2021-04-09,1556242.0,1267.0,956.7142857142857,-0.0,62378417.0,15.337264581662685
South Africa,2021-04-10,1557527.0,1285.0,1015.2857142857143,-0.0,62378417.0,16.27623404238864
South Africa,2021-04-11,1558458.0,931.0,1135.7142857142858,-0.0,62378417.0,18.206846860417855
South Africa,2021-04-12,1559113.0,655.0,1136.5714285714287,-0.0,62378417.0,18.220587876916284
South Africa,2021-04-13,1559960.0,847.0,1159.0,-0.0,62378417.0,18.580144475291828
South Africa,2021-04-14,1561559.0,1599.0,1164.7142857142858,-0.0,62378417.0,18.67175125194802
South Africa,2021-04-15,1562931.0,1372.0,1187.2857142857142,-0.0,62378417.0,19.033598019739973
South Africa,2021-04-16,1564355.0,1424.0,1200.0,-0.0,62378417.0,19.237423097799997
South Africa,2021-04-17,1565680.0,1325.0,1200.857142857143,-0.0,62378417.0,19.251164114298426
South Africa,2021-04-18,1566769.0,1089.0,1196.5714285714287,-0.0,62378417.0,19.18245903180628
South Africa,2021-04-19,1567513.0,744.0,1202.4285714285713,-0.0,62378417.0,19.27635597787888
South Africa,2021-04-20,1568366.0,853.0,1232.857142857143,-0.0,62378417.0,19.764162063573092
South Africa,2021-04-21,1569935.0,1569.0,1241.4285714285713,-0.0,62378417.0,19.901572228557377
South Africa,2021-04-22,1571348.0,1413.0,1243.142857142857,-0.0,62378417.0,19.929054261554235
South Africa,2021-04-23,1572985.0,1637.0,1258.142857142857,-0.0,62378417.0,20.169522050276736
South Africa,2021-04-24,1574370.0,1385.0,1262.0,-0.0,62378417.0,20.231356624519663
South Africa,2021-04-25,1575471.0,1101.0,1216.4285714285713,-0.0,62378417.0,19.500792580686543
South Africa,2021-04-26,1576320.0,849.0,1169.7142857142858,-0.0,62378417.0,18.75190718152219
South Africa,2021-04-27,1577200.0,880.0,1175.0,-0.0,62378417.0,18.836643449929163
South Africa,2021-04-28,1578450.0,1250.0,1210.2857142857142,-0.0,62378417.0,19.40231529578114
South Africa,2021-04-29,1579536.0,1086.0,1227.5714285714287,-0.0,62378417.0,19.679425795166118
South Africa,2021-04-30,1581210.0,1674.0,1234.4285714285713,-0.0,62378417.0,19.78935392715354
South Africa,2021-05-01,1582842.0,1632.0,1278.2857142857142,-0.0,62378417.0,20.492435937989804
South Africa,2021-05-02,1584064.0,1222.0,1395.857142857143,-0.0,62378417.0,22.37724536769093
South Africa,2021-05-03,1584961.0,897.0,1547.7142857142858,-0.0,62378417.0,24.811695457329186
South Africa,2021-05-04,1586148.0,1187.0,1630.857142857143,-0.0,62378417.0,26.14457405767676
South Africa,2021-05-05,1588221.0,2073.0,1397.7142857142858,-0.0,62378417.0,22.407017570104188
South Africa,2021-05-06,1590370.0,2149.0,1790.142857142857,-0.0,62378417.0,28.698112956968068
South Africa,2021-05-07,1592626.0,2256.0,1823.2857142857142,-0.0,62378417.0,29.229432261573972
South Africa,2021-05-08,1592626.0,0.0,1874.857142857143,-0.0,62378417.0,30.05618342089609
South Africa,2021-05-09,1596595.0,3969.0,1972.857142857143,-0.0,62378417.0,31.627239640549753
South Africa,2021-05-10,1597724.0,1129.0,2126.0,-0.0,62378417.0,34.08230125493566
South Africa,2021-05-11,1599272.0,1548.0,2252.4285714285716,-0.0,62378417.0,36.10910118845388
South Africa,2021-05-12,1602031.0,2759.0,2645.285714285714,-0.0,62378417.0,42.40706708356697
South Africa,2021-05-13,1605252.0,3221.0,2447.5714285714284,-0.0,62378417.0,39.23747261126278
South Africa,2021-05-14,1608393.0,3141.0,2537.285714285714,-0.0,62378417.0,40.67569900476497
South Africa,2021-05-15,1611143.0,2750.0,2652.5714285714284,-0.0,62378417.0,42.52386572380361
South Africa,2021-05-16,1613728.0,2585.0,2761.5714285714284,-0.0,62378417.0,44.27126498852044
South Africa,2021-05-17,1615485.0,1757.0,2821.5714285714284,-0.0,62378417.0,45.23313614341044
South Africa,2021-05-18,1617840.0,2355.0,2848.8571428571427,-0.0,62378417.0,45.67055850194375
South Africa,2021-05-19,1621362.0,3522.0,3061.1428571428573,-0.0,62378417.0,49.07375025472123
South Africa,2021-05-20,1625003.0,3641.0,3105.285714285714,-0.0,62378417.0,49.7814126043903
South Africa,2021-05-21,1628335.0,3332.0,3194.714285714286,-0.0,62378417.0,51.21505865905968
South Africa,2021-05-22,1632571.0,4236.0,2858.285714285714,-0.0,62378417.0,45.82170968342647
South Africa,2021-05-23,1635465.0,2894.0,3456.1428571428573,-0.0,62378417.0,55.4060686910804
South Africa,2021-05-24,1637848.0,2383.0,3567.714285714286,-0.0,62378417.0,57.19469100529252
South Africa,2021-05-25,1637848.0,0.0,3745.1428571428573,-0.0,62378417.0,60.03908142046723
South Africa,2021-05-26,1645555.0,7707.0,3785.5714285714284,-0.0,62378417.0,60.68719936530977
South Africa,2021-05-27,1649977.0,4422.0,3372.1428571428573,-0.0,62378417.0,54.0594490742344
South Africa,2021-05-28,1654551.0,4574.0,3967.0,-0.0,62378417.0,63.59571452414382
South Africa,2021-05-29,1659070.0,4519.0,4483.285714285715,-0.0,62378417.0,71.87238679503064
South Africa,2021-05-30,1659070.0,0.0,4208.285714285715,-0.0,62378417.0,67.46381066845147
South Africa,2021-05-31,1665617.0,6547.0,4342.285714285715,-0.0,62378417.0,69.61198958103914
South Africa,2021-06-01,1669231.0,3614.0,4498.571428571428,-0.0,62378417.0,72.11743492258594
South Africa,2021-06-02,1675013.0,5782.0,4631.571428571428,-0.0,62378417.0,74.24958264925877
South Africa,2021-06-03,1680373.0,5360.0,5356.285714285715,-0.0,62378417.0,85.86761209868014
South Africa,2021-06-04,1686041.0,5668.0,4890.285714285715,-0.0,62378417.0,78.3970794623678
South Africa,2021-06-05,1691491.0,5450.0,4975.285714285715,-0.0,62378417.0,79.75973026512864
South Africa,2021-06-06,1696564.0,5073.0,5418.0,-0.0,62378417.0,86.85696528656699
South Africa,2021-06-07,1699849.0,3285.0,5959.0,-0.0,62378417.0,95.52983686649182
South Africa,2021-06-08,1704058.0,4209.0,6295.0,-0.0,62378417.0,100.91631533387581
South Africa,2021-06-09,1712939.0,8881.0,6847.714285714285,-0.0,62378417.0,109.77698080594584
South Africa,2021-06-10,1722086.0,9147.0,7216.857142857143,-0.0,62378417.0,115.69477857793575
South Africa,2021-06-11,1730106.0,8020.0,7540.142857142857,-0.0,62378417.0,120.87743196725972
South Africa,2021-06-12,1739425.0,9319.0,8144.0,-0.0,62378417.0,130.55797809040266
South Africa,2021-06-13,1747082.0,7657.0,8767.57142857143,-0.0,62378417.0,140.55456759300944
South Africa,2021-06-14,1752630.0,5548.0,9141.857142857143,-0.0,62378417.0,146.55481146398992
South Africa,2021-06-15,1761066.0,8436.0,9497.57142857143,-0.0,62378417.0,152.25733331083777
South Africa,2021-06-16,1774312.0,13246.0,10105.57142857143,-0.0,62378417.0,162.00429434705643
South Africa,2021-06-17,1786079.0,11767.0,10891.0,-0.0,62378417.0,174.59564579844982
South Africa,2021-06-18,1796589.0,10510.0,11407.0,-0.0,62378417.0,182.8677377305038
South Africa,2021-06-19,1810164.0,13575.0,11786.57142857143,-0.0,62378417.0,188.95271786989127
South Africa,2021-06-20,1823319.0,13155.0,12393.285714285714,-0.0,62378417.0,198.67906738136227
South Africa,2021-06-21,1832479.0,9160.0,13009.142857142857,-0.0,62378417.0,208.5519877354832
South Africa,2021-06-22,1843572.0,11093.0,14188.0,-0.0,62378417.0,227.4504657596553
South Africa,2021-06-23,1861065.0,17493.0,14813.857142857143,-0.0,62378417.0,237.48369797292455
South Africa,2021-06-24,1877143.0,16078.0,15082.57142857143,-0.0,62378417.0,241.79150664518193
South Africa,2021-06-25,1895905.0,18762.0,15520.0,-0.0,62378417.0,248.80400539821326
South Africa,2021-06-26,1913861.0,17956.0,15842.0,-0.0,62378417.0,253.9660472627896
South Africa,2021-06-27,1928897.0,15036.0,16129.57142857143,-0.0,62378417.0,258.57615829801244
South Africa,2021-06-28,1941119.0,12222.0,16916.14285714286,-0.0,62378417.0,271.1858311047371
South Africa,2021-06-29,1954466.0,13347.0,17703.0,-0.0,62378417.0,283.80008425029445
South Africa,2021-06-30,1973972.0,19506.0,18921.428571428572,-0.0,62378417.0,303.3329392028107
South Africa,2021-07-01,1995556.0,21584.0,19142.714285714286,-0.0,62378417.0,306.88041162882166
South Africa,2021-07-02,2019826.0,24270.0,19184.285714285714,-0.0,62378417.0,307.5468509289954
South Africa,2021-07-03,2046311.0,26485.0,19491.85714285714,-0.0,62378417.0,312.47758568251487
South Africa,2021-07-04,2062896.0,16585.0,19766.285714285714,-0.0,62378417.0,316.8770011314284
South Africa,2021-07-05,2075409.0,12513.0,19955.714285714286,-0.0,62378417.0,319.91376577758115
South Africa,2021-07-06,2090909.0,15500.0,19694.428571428572,-0.0,62378417.0,315.7250459149768
South Africa,2021-07-07,2112336.0,21427.0,18998.0,-0.0,62378417.0,304.5604700100036
South Africa,2021-07-08,2135246.0,22910.0,18957.571428571428,-0.0,62378417.0,303.9123520651611
South Africa,2021-07-09,2157687.0,22441.0,18767.428571428572,-0.0,62378417.0,300.8641365719264
South Africa,2021-07-10,2179297.0,21610.0,18343.85714285714,-0.0,62378417.0,294.0737842522862
South Africa,2021-07-11,2195599.0,16302.0,17781.285714285714,-0.0,62378417.0,285.05509709048425
South Africa,2021-07-12,2206781.0,11182.0,16856.285714285714,-0.0,62378417.0,270.22625011926345
South Africa,2021-07-13,2219316.0,12535.0,15927.42857142857,-0.0,62378417.0,255.33556857379966
South Africa,2021-07-14,2236805.0,17489.0,14940.42857142857,-0.0,62378417.0,239.51278807585916
South Africa,2021-07-15,2253240.0,16435.0,14213.714285714286,-0.0,62378417.0,227.86269625460818
South Africa,2021-07-16,2269179.0,15939.0,13646.142857142857,-0.0,62378417.0,218.76385316323203
South Africa,2021-07-17,2283880.0,14701.0,13130.857142857143,-0.0,62378417.0,210.50321207826008
South Africa,2021-07-18,2295095.0,11215.0,12952.42857142857,-0.0,62378417.0,207.6427904771705
South Africa,2021-07-19,2302304.0,7209.0,12727.142857142857,-0.0,62378417.0,204.03119330750022
South Africa,2021-07-20,2311232.0,8928.0,12410.0,-0.0,62378417.0,198.94701720308163
South Africa,2021-07-21,2327472.0,16240.0,12032.142857142857,-0.0,62378417.0,192.88951909669106
South Africa,2021-07-22,2342330.0,14858.0,11818.285714285714,-0.0,62378417.0,189.4611354803331
South Africa,2021-07-23,2356049.0,13719.0,11598.0,-0.0,62378417.0,185.92969424023698
South Africa,2021-07-24,2368105.0,12056.0,11427.285714285714,-0.0,62378417.0,183.1929417876333
South Africa,2021-07-25,2377823.0,9718.0,11579.0,-0.0,62378417.0,185.62510170785512
South Africa,2021-07-26,2383490.0,5667.0,11403.0,-0.0,62378417.0,182.80361298684446
South Africa,2021-07-27,2391223.0,7733.0,11283.857142857143,-0.0,62378417.0,180.89361169356292
South Africa,2021-07-28,2408525.0,17302.0,11335.57142857143,-0.0,62378417.0,181.72265302230142
South Africa,2021-07-29,2422151.0,13626.0,11194.42857142857,-0.0,62378417.0,179.4599656388935
South Africa,2021-07-30,2435036.0,12885.0,11181.142857142857,-0.0,62378417.0,179.24697988316785
South Africa,2021-07-31,2447454.0,12418.0,11360.42857142857,-0.0,62378417.0,182.12114250075584
South Africa,2021-08-01,2456184.0,8730.0,10783.42857142857,-0.0,62378417.0,172.871148227897
South Africa,2021-08-02,2461758.0,5574.0,10786.285714285714,-0.0,62378417.0,172.9169516162251
South Africa,2021-08-03,2470746.0,8988.0,10877.42857142857,-0.0,62378417.0,174.37807970389133
South Africa,2021-08-04,2484009.0,13263.0,10862.0,-0.0,62378417.0,174.13074140691964
South Africa,2021-08-05,2497655.0,13646.0,11040.285714285714,-0.0,62378417.0,176.98887283859275
South Africa,2021-08-06,2511178.0,13523.0,11209.142857142857,-0.0,62378417.0,179.69585308878322
South Africa,2021-08-07,2523488.0,12310.0,10859.42857142857,-0.0,62378417.0,174.08951835742434
South Africa,2021-08-08,2533466.0,9978.0,10033.0,-0.0,62378417.0,160.84088828352282
South Africa,2021-08-09,2540222.0,6756.0,10122.285714285714,-0.0,62378417.0,162.27224416877579
South Africa,2021-08-10,2546762.0,6540.0,10178.42857142857,-0.0,62378417.0,163.17228074942284
South Africa,2021-08-11,2554240.0,7478.0,10279.857142857143,-0.0,62378417.0,164.79830103507024
South Africa,2021-08-12,2568511.0,14271.0,10302.857142857143,-0.0,62378417.0,165.1670183111114
South Africa,2021-08-13,2582427.0,13916.0,10478.142857142857,-0.0,62378417.0,167.97705618504006
South Africa,2021-08-14,2595447.0,13020.0,11070.285714285714,-0.0,62378417.0,177.46980841603778
South Africa,2021-08-15,2605586.0,10139.0,12105.857142857143,-0.0,62378417.0,194.0712465155559
South Africa,2021-08-16,2613569.0,7983.0,12020.142857142857,-0.0,62378417.0,192.69714486571303
South Africa,2021-08-17,2624254.0,10685.0,12076.714285714286,-0.0,62378417.0,193.60405195460933
South Africa,2021-08-18,2638981.0,14727.0,12111.142857142857,-0.0,62378417.0,194.15598278396288
South Africa,2021-08-19,2652652.0,13671.0,12198.142857142857,-0.0,62378417.0,195.55069595855338
South Africa,2021-08-20,2666964.0,14312.0,12148.0,-0.0,62378417.0,194.7468464933953
South Africa,2021-08-21,2680225.0,13261.0,12099.57142857143,-0.0,62378417.0,193.9704790612341
South Africa,2021-08-22,2690973.0,10748.0,11888.714285714286,-0.0,62378417.0,190.59018900262066
South Africa,2021-08-23,2698605.0,7632.0,11760.142857142857,-0.0,62378417.0,188.52903652785636
South Africa,2021-08-24,2708951.0,10346.0,11436.285714285714,-0.0,62378417.0,183.33722246086677
South Africa,2021-08-25,2722202.0,13251.0,10995.142857142857,-0.0,62378417.0,176.26517930300886
South Africa,2021-08-26,2734973.0,12771.0,10565.42857142857,-0.0,62378417.0,169.37634969846334
South Africa,2021-08-27,2747018.0,12045.0,10281.42857142857,-0.0,62378417.0,164.82349289865067
South Africa,2021-08-28,2757191.0,10173.0,9815.42857142857,-0.0,62378417.0,157.35296026233834
South Africa,2021-08-29,2764931.0,7740.0,9285.857142857143,-0.0,62378417.0,148.8633022357259
South Africa,2021-08-30,2770575.0,5644.0,8776.0,-0.0,62378417.0,140.68968758857733
South Africa,2021-08-31,2777659.0,7084.0,8369.42857142857,-0.0,62378417.0,134.17186542948934
South Africa,2021-09-01,2787203.0,9544.0,8117.571428571428,-0.0,62378417.0,130.13429674836775
South Africa,2021-09-02,2796405.0,9202.0,7859.142857142857,-0.0,62378417.0,125.99138027409155
South Africa,2021-09-03,2805604.0,9199.0,7641.142857142857,-0.0,62378417.0,122.49658174465789
South Africa,2021-09-04,2814014.0,8410.0,7453.571428571428,-0.0,62378417.0,119.48958930091842
South Africa,2021-09-05,2819945.0,5931.0,7081.428571428572,-0.0,62378417.0,113.52369797118402
South Africa,2021-09-06,2824063.0,4118.0,6662.428571428572,-0.0,62378417.0,106.80663107286887
South Africa,2021-09-07,2829834.0,5771.0,6188.714285714285,-0.0,62378417.0,99.21242928807067
South Africa,2021-09-08,2836773.0,6939.0,5745.714285714285,-0.0,62378417.0,92.1106139277995
South Africa,2021-09-09,2843042.0,6269.0,5464.285714285715,-0.0,62378417.0,87.59898017748213
South Africa,2021-09-10,2848925.0,5883.0,5253.142857142857,-0.0,62378417.0,84.21410978003588
South Africa,2021-09-11,2854234.0,5309.0,4957.142857142857,-0.0,62378417.0,79.46887874924522
South Africa,2021-09-12,2858195.0,3961.0,4632.571428571428,-0.0,62378417.0,74.2656138351736
South Africa,2021-09-13,2860835.0,2640.0,4339.0,-0.0,62378417.0,69.55931568446182
South Africa,2021-09-14,2864534.0,3699.0,4019.714285714286,-0.0,62378417.0,64.44078703879718
South Africa,2021-09-15,2869201.0,4667.0,3730.714285714286,-0.0,62378417.0,59.80777430941035
South Africa,2021-09-16,2873415.0,4214.0,3490.714285714286,-0.0,62378417.0,55.96028968985035
South Africa,2021-09-17,2877063.0,3648.0,3328.4285714285716,-0.0,62378417.0,53.358657232814544
South Africa,2021-09-18,2880349.0,3286.0,3113.8571428571427,-0.0,62378417.0,49.91882276937458
South Africa,2021-09-19,2882630.0,2281.0,2871.0,-0.0,62378417.0,46.02553476148649
South Africa,2021-09-20,2884134.0,1504.0,2666.5714285714284,-0.0,62378417.0,42.74830232661128
South Africa,2021-09-21,2886331.0,2197.0,2468.4285714285716,-0.0,62378417.0,39.571837346057876
South Africa,2021-09-22,2889298.0,2967.0,2232.4285714285716,-0.0,62378417.0,35.78847747015721
South Africa,2021-09-23,2892081.0,2783.0,2044.7142857142858,-0.0,62378417.0,32.77919485700136
South Africa,2021-09-24,2894342.0,2261.0,1912.4285714285713,-0.0,62378417.0,30.658497977410537
South Africa,2021-09-25,2895976.0,1634.0,1793.857142857143,-0.0,62378417.0,28.757657361794593
South Africa,2021-09-26,2896943.0,967.0,1370.0,-0.0,62378417.0,21.962724703321662
South Africa,2021-09-27,2897521.0,578.0,1513.0,-0.0,62378417.0,24.25518428914283
South Africa,2021-09-28,2898888.0,1367.0,1423.5714285714287,-0.0,62378417.0,22.82153823447345
South Africa,2021-09-29,2898888.0,0.0,1376.7142857142858,-0.0,62378417.0,22.070362665892688
South Africa,2021-09-30,2902672.0,3784.0,1354.142857142857,-0.0,62378417.0,21.708515898100735
South Africa,2021-10-01,2904307.0,1635.0,1332.857142857143,-0.0,62378417.0,21.367280655056426
South Africa,2021-10-02,2905613.0,1306.0,1247.2857142857142,-0.0,62378417.0,19.99546917462997
South Africa,2021-10-03,2906422.0,809.0,1411.4285714285713,-0.0,62378417.0,22.626873834079042
South Africa,2021-10-04,2906851.0,429.0,1012.1428571428571,-0.0,62378417.0,16.225850315227735
South Africa,2021-10-05,2907619.0,768.0,910.5714285714286,-0.0,62378417.0,14.59753986016395
South Africa,2021-10-06,2908768.0,1149.0,840.5714285714286,-0.0,62378417.0,13.475356846125617
South Africa,2021-10-07,2909757.0,989.0,817.5714285714286,-0.0,62378417.0,13.10663957008445
South Africa,2021-10-08,2910681.0,924.0,785.0,-0.0,62378417.0,12.584480943144165
South Africa,2021-10-09,2911497.0,816.0,759.8571428571429,-0.0,62378417.0,12.181411125856927
South Africa,2021-10-10,2912145.0,648.0,730.2857142857143,-0.0,62378417.0,11.707346056661143
South Africa,2021-10-11,2912346.0,201.0,724.2857142857143,-0.0,62378417.0,11.61115894117214
South Africa,2021-10-12,2912938.0,592.0,697.0,-0.0,62378417.0,11.173736582638833
South Africa,2021-10-13,2913880.0,942.0,668.8571428571429,-0.0,62378417.0,10.722573207607093
South Africa,2021-10-14,2914827.0,947.0,635.4285714285714,-0.0,62378417.0,10.18667356416838
South Africa,2021-10-15,2915560.0,733.0,636.7142857142857,-0.0,62378417.0,10.207285088916022
South Africa,2021-10-16,2916179.0,619.0,616.7142857142857,-0.0,62378417.0,9.886661370619356
South Africa,2021-10-17,2916593.0,414.0,566.5714285714286,-0.0,62378417.0,9.082811905461284
South Africa,2021-10-18,2916803.0,210.0,505.57142857142856,-0.0,62378417.0,8.10490956465645
South Africa,2021-10-19,2917255.0,452.0,474.7142857142857,-0.0,62378417.0,7.610232970713023
South Africa,2021-10-20,2917846.0,591.0,450.42857142857144,-0.0,62378417.0,7.220904169924213
South Africa,2021-10-21,2918366.0,520.0,434.14285714285717,-0.0,62378417.0,6.959824856454071
South Africa,2021-10-22,2918883.0,517.0,425.0,-0.0,62378417.0,6.8132540138041655
South Africa,2021-10-23,2919332.0,449.0,407.7142857142857,-0.0,62378417.0,6.53614351441919
South Africa,2021-10-24,2919632.0,300.0,390.7142857142857,-0.0,62378417.0,6.263613353867023
South Africa,2021-10-25,2919778.0,146.0,392.57142857142856,-0.0,62378417.0,6.293385556280285
South Africa,2021-10-26,2920109.0,331.0,386.57142857142856,-0.0,62378417.0,6.197198440791285
South Africa,2021-10-27,2920581.0,472.0,364.85714285714283,-0.0,62378417.0,5.84909268949776
South Africa,2021-10-28,2921114.0,533.0,354.85714285714283,-0.0,62378417.0,5.688780830349427
South Africa,2021-10-29,2921589.0,475.0,349.14285714285717,-0.0,62378417.0,5.597174053693237
South Africa,2021-10-30,2921886.0,297.0,326.0,-0.0,62378417.0,5.2261666082356655
South Africa,2021-10-31,2922116.0,230.0,307.7142857142857,-0.0,62378417.0,4.933024922935856
South Africa,2021-11-01,2922222.0,106.0,277.14285714285717,-0.0,62378417.0,4.442928667825238
South Africa,2021-11-02,2922391.0,169.0,257.7142857142857,-0.0,62378417.0,4.13146562719419
South Africa,2021-11-03,2922735.0,344.0,266.42857142857144,-0.0,62378417.0,4.271165961594881
South Africa,2021-11-04,2923054.0,319.0,262.85714285714283,-0.0,62378417.0,4.213911726184761
South Africa,2021-11-05,2923393.0,339.0,264.2857142857143,-0.0,62378417.0,4.236813420348809
South Africa,2021-11-06,2923751.0,358.0,275.14285714285717,-0.0,62378417.0,4.410866295995571
South Africa,2021-11-07,2923956.0,205.0,269.57142857142856,-0.0,62378417.0,4.321549688755785
South Africa,2021-11-08,2924072.0,116.0,274.85714285714283,-0.0,62378417.0,4.406285957162761
South Africa,2021-11-09,2924317.0,245.0,282.57142857142856,-0.0,62378417.0,4.529955105648618
South Africa,2021-11-10,2924622.0,305.0,275.14285714285717,-0.0,62378417.0,4.410866295995571
South Africa,2021-11-11,2924978.0,356.0,283.2857142857143,-0.0,62378417.0,4.541405952730642
South Africa,2021-11-12,2925371.0,393.0,286.14285714285717,-0.0,62378417.0,4.587209341058738
South Africa,2021-11-13,2925677.0,306.0,290.14285714285717,-0.0,62378417.0,4.651334084718071
South Africa,2021-11-14,2925939.0,262.0,327.42857142857144,-0.0,62378417.0,5.249068302399714
South Africa,2021-11-15,2926075.0,136.0,360.14285714285717,-0.0,62378417.0,5.773517098756405
South Africa,2021-11-16,2926348.0,273.0,416.7142857142857,-0.0,62378417.0,6.68042418765269
South Africa,2021-11-17,2926914.0,566.0,499.7142857142857,-0.0,62378417.0,8.011012618583857
South Africa,2021-11-18,2927499.0,585.0,560.4285714285714,-0.0,62378417.0,8.98433462055588
South Africa,2021-11-19,2928288.0,789.0,585.5714285714286,-0.0,62378417.0,9.387404437843118
South Africa,2021-11-20,2929175.0,887.0,3201.714285714286,-0.0,62378417.0,51.32727696046352
South Africa,2021-11-21,2929862.0,687.0,3303.0,-0.0,62378417.0,52.95100707669449
South Africa,2021-11-22,2930174.0,312.0,3571.5714285714284,-0.0,62378417.0,57.25652557953544
South Africa,2021-11-23,2948760.0,18586.0,3862.8571428571427,-0.0,62378417.0,61.92618101958475
South Africa,2021-11-24,2950035.0,1275.0,4196.142857142857,-0.0,62378417.0,67.26914626805706
South Africa,2021-11-25,2952500.0,2465.0,4506.285714285715,-0.0,62378417.0,72.2411040710718
South Africa,2021-11-26,2955328.0,2828.0,4786.428571428572,-0.0,62378417.0,76.73212629664154
South Africa,2021-11-27,2958548.0,3220.0,2756.0,-0.0,62378417.0,44.18194838128066
South Africa,2021-11-28,2961406.0,2858.0,3796.8571428571427,-0.0,62378417.0,60.86812274920575
South Africa,2021-11-29,2963679.0,2273.0,5092.571428571428,-0.0,62378417.0,81.63995935599694
South Africa,2021-11-30,2968052.0,4373.0,6982.142857142857,-0.0,62378417.0,111.93203022678271
South Africa,2021-12-01,2976613.0,8561.0,8860.142857142857,-0.0,62378417.0,142.0385973748397
South Africa,2021-12-02,2988148.0,11535.0,10041.142857142857,-0.0,62378417.0,160.97142794025788
South Africa,2021-12-03,3004203.0,16055.0,10628.0,-0.0,62378417.0,170.37944390284864
South Africa,2021-12-04,3020569.0,16366.0,11881.42857142857,-0.0,62378417.0,190.473390362384
South Africa,2021-12-05,3031694.0,11125.0,13493.0,-0.0,62378417.0,216.30879154884613
South Africa,2021-12-06,3038075.0,6381.0,15043.42857142857,-0.0,62378417.0,241.164000225087
South Africa,2021-12-07,3051222.0,13147.0,15466.57142857143,-0.0,62378417.0,247.94748203647794
South Africa,2021-12-08,3071064.0,19842.0,15579.0,-0.0,62378417.0,249.74984536718847
South Africa,2021-12-09,3093452.0,22388.0,19400.428571428572,-0.0,62378417.0,311.01187725601585
South Africa,2021-12-10,3112469.0,19017.0,20387.14285714286,-0.0,62378417.0,326.8300774151235
South Africa,2021-12-11,3129622.0,17153.0,21917.14285714286,-0.0,62378417.0,351.3577918648186
South Africa,2021-12-12,3167497.0,37875.0,22852.428571428572,-0.0,62378417.0,366.3515310340205
South Africa,2021-12-13,3180785.0,13288.0,23194.85714285714,-0.0,62378417.0,371.8410671251427
South Africa,2021-12-14,3204642.0,23857.0,23437.14285714286,-0.0,62378417.0,375.7251944553652
South Africa,2021-12-15,3231031.0,26389.0,23283.85714285714,-0.0,62378417.0,373.26784267156285
South Africa,2021-12-16,3255816.0,24785.0,20082.428571428572,-0.0,62378417.0,321.9451460499322
South Africa,2021-12-17,3276529.0,20713.0,19400.0,-0.0,62378417.0,311.00500674776663
South Africa,2021-12-18,3292609.0,16080.0,18195.14285714286,-0.0,62378417.0,291.6897178898089
South Africa,2021-12-19,3308074.0,15465.0,17439.285714285714,-0.0,62378417.0,279.57243150761127
South Africa,2021-12-20,3316585.0,8511.0,16920.85714285714,-0.0,62378417.0,271.26140669547834
South Africa,2021-12-21,3332008.0,15423.0,16654.285714285714,-0.0,62378417.0,266.9879505644671
South Africa,2021-12-22,3353106.0,21098.0,16475.428571428572,-0.0,62378417.0,264.12065845512836
South Africa,2021-12-23,3374262.0,21156.0,15066.57142857143,-0.0,62378417.0,241.5350076705446
South Africa,2021-12-24,3393109.0,18847.0,14390.42857142857,-0.0,62378417.0,230.69563582270084
South Africa,2021-12-25,3407937.0,14828.0,13218.0,-0.0,62378417.0,211.90021542226697
South Africa,2021-12-26,3413540.0,5603.0,11492.57142857143,-0.0,62378417.0,184.23954921093028
South Africa,2021-12-27,3417318.0,3778.0,10324.285714285714,-0.0,62378417.0,165.5105437235721
South Africa,2021-12-28,3424534.0,7216.0,9311.0,-0.0,62378417.0,149.26637205301316
South Africa,2021-12-29,3433554.0,9020.0,8591.714285714286,-0.0,62378417.0,137.73536904141517
South Africa,2021-12-30,3446532.0,12978.0,8413.714285714286,-0.0,62378417.0,134.88181794857485
South Africa,2021-12-31,3458286.0,11754.0,8313.42857142857,-0.0,62378417.0,133.2741190182587
South Africa,2022-01-01,3468079.0,9793.0,8436.57142857143,-0.0,62378417.0,135.24824505519962
South Africa,2022-01-02,3472436.0,4357.0,8734.57142857143,-0.0,62378417.0,140.02553845781995
South Africa,2022-01-03,3475512.0,3076.0,8288.857142857143,-0.0,62378417.0,132.8802098786371
South Africa,2022-01-04,3483590.0,8078.0,7932.428571428572,-0.0,62378417.0,127.16623718470719
South Africa,2022-01-05,3494696.0,11106.0,7641.857142857143,-0.0,62378417.0,122.50803259173992
South Africa,2022-01-06,3504554.0,9858.0,7659.714285714285,-0.0,62378417.0,122.7943037687905
South Africa,2022-01-07,3513813.0,9259.0,7564.428571428572,-0.0,62378417.0,121.26676076804853
South Africa,2022-01-08,3521572.0,7759.0,7220.142857142857,-0.0,62378417.0,115.74745247451304
South Africa,2022-01-09,3526054.0,4482.0,6599.285714285715,-0.0,62378417.0,105.79437619081797
South Africa,2022-01-10,3528463.0,2409.0,6036.285714285715,-0.0,62378417.0,96.7688185207668
South Africa,2022-01-11,3534131.0,5668.0,5461.428571428572,-0.0,62378417.0,87.55317678915404
South Africa,2022-01-12,3540891.0,6760.0,5008.714285714285,-0.0,62378417.0,80.29562990856734
South Africa,2022-01-13,3546808.0,5917.0,4748.285714285715,-0.0,62378417.0,76.12065106246146
South Africa,2022-01-14,3552043.0,5235.0,4636.857142857143,-0.0,62378417.0,74.33431891766575
South Africa,2022-01-15,3556633.0,4590.0,4349.571428571428,-0.0,62378417.0,69.72878822127578
South Africa,2022-01-16,3559292.0,2659.0,3383.8571428571427,-0.0,62378417.0,54.24724296637958
South Africa,2022-01-17,3560921.0,1629.0,3721.714285714286,-0.0,62378417.0,59.66349363617685
South Africa,2022-01-18,3564578.0,3657.0,3476.5714285714284,-0.0,62378417.0,55.73356291762627
South Africa,2022-01-19,3564578.0,0.0,3256.4285714285716,-0.0,62378417.0,52.20441184694654
South Africa,2022-01-20,3572860.0,8282.0,3152.4285714285716,-0.0,62378417.0,50.53716851180388
South Africa,2022-01-21,3576379.0,3519.0,3110.0,-0.0,62378417.0,49.856988195131656
South Africa,2022-01-22,3579428.0,3049.0,3044.285714285714,-0.0,62378417.0,48.803510263585466
South Africa,2022-01-23,3581359.0,1931.0,3688.714285714286,-0.0,62378417.0,59.13446450098735
South Africa,2022-01-24,3582691.0,1332.0,3091.285714285714,-0.0,62378417.0,49.55697600158263
South Africa,2022-01-25,3585888.0,3197.0,3129.8571428571427,-0.0,62378417.0,50.17532174401192
South Africa,2022-01-26,3590399.0,4511.0,3171.714285714286,-0.0,62378417.0,50.84634138301851
South Africa,2022-01-27,3594499.0,4100.0,3213.8571428571427,-0.0,62378417.0,51.52194136085792
South Africa,2022-01-28,3598288.0,3789.0,3218.714285714286,-0.0,62378417.0,51.59980712101569
South Africa,2022-01-29,3601630.0,3342.0,3202.714285714286,-0.0,62378417.0,51.34330814637835
South Africa,2022-01-30,3603856.0,2226.0,3201.4285714285716,-0.0,62378417.0,51.32269662163071
South Africa,2022-01-31,3605222.0,1366.0,3082.285714285714,-0.0,62378417.0,49.41269532834913
South Africa,2022-02-01,3608307.0,3085.0,2541.0,-0.0,62378417.0,40.7352434095915
South Africa,2022-02-02,3612809.0,4502.0,2940.0,-0.0,62378417.0,47.13168658961
South Africa,2022-02-03,3616075.0,3266.0,2872.285714285714,-0.0,62378417.0,46.04614628623413
South Africa,2022-02-04,3616075.0,0.0,2852.5714285714284,-0.0,62378417.0,45.73010290677028
South Africa,2022-02-05,3622210.0,6135.0,2529.5714285714284,-0.0,62378417.0,40.55202985627911
South Africa,2022-02-06,3623962.0,1752.0,2690.4285714285716,-0.0,62378417.0,43.13076061915088
South Africa,2022-02-07,3625190.0,1228.0,2676.5714285714284,-0.0,62378417.0,42.90861418575961
South Africa,2022-02-08,3626014.0,824.0,3085.4285714285716,-0.0,62378417.0,49.46307905551004
South Africa,2022-02-09,3631642.0,5628.0,2564.5714285714284,-0.0,62378417.0,41.113121363298276
South Africa,2022-02-10,3634811.0,3169.0,2549.8571428571427,-0.0,62378417.0,40.87723391340858
South Africa,2022-02-11,3637673.0,2862.0,2530.714285714286,-0.0,62378417.0,40.57035121161035
South Africa,2022-02-12,3640162.0,2489.0,2750.714285714286,-0.0,62378417.0,44.097212112873684
South Africa,2022-02-13,3641811.0,1649.0,2475.1428571428573,-0.0,62378417.0,39.6794753086289
South Africa,2022-02-14,3642905.0,1094.0,2459.0,-0.0,62378417.0,39.420686164575166
South Africa,2022-02-15,3645269.0,2364.0,2450.1428571428573,-0.0,62378417.0,39.27869566075807
South Africa,2022-02-16,3648968.0,3699.0,2418.4285714285716,-0.0,62378417.0,38.770278050316215
South Africa,2022-02-17,3652024.0,3056.0,2390.8571428571427,-0.0,62378417.0,38.32827535295009
South Africa,2022-02-18,3654824.0,2800.0,2399.0,-0.0,62378417.0,38.45881500968516
South Africa,2022-02-19,3657091.0,2267.0,2394.714285714286,-0.0,62378417.0,38.390109927193016
South Africa,2022-02-20,3658547.0,1456.0,2311.5714285714284,-0.0,62378417.0,37.05723132684545
South Africa,2022-02-21,3659698.0,1151.0,2219.4285714285716,-0.0,62378417.0,35.58007205326438
South Africa,2022-02-22,3662032.0,2334.0,2121.0,-0.0,62378417.0,34.0021453253615
South Africa,2022-02-23,3665149.0,3117.0,2128.5714285714284,-0.0,62378417.0,34.123524304430944
South Africa,2022-02-24,3667560.0,2411.0,2101.4285714285716,-0.0,62378417.0,33.68839211531404
South Africa,2022-02-25,3669671.0,2111.0,2049.1428571428573,-0.0,62378417.0,32.8501901089099
South Africa,2022-02-26,3671991.0,2320.0,1951.2857142857142,-0.0,62378417.0,31.281424058672638
South Africa,2022-02-27,3673257.0,1266.0,1791.0,-0.0,62378417.0,28.711853973466496
South Africa,2022-02-28,3674042.0,785.0,1711.2857142857142,-0.0,62378417.0,27.43393943911264
South Africa,2022-03-01,3675691.0,1649.0,1680.857142857143,-0.0,62378417.0,26.946133353418425
South Africa,2022-03-02,3677686.0,1995.0,1597.2857142857142,-0.0,62378417.0,25.606384244821637
South Africa,2022-03-03,3679539.0,1853.0,1580.2857142857142,-0.0,62378417.0,25.333854084269472
South Africa,2022-03-04,3681437.0,1898.0,1582.5714285714287,-0.0,62378417.0,25.37049679493195
South Africa,2022-03-05,3683172.0,1735.0,1552.142857142857,-0.0,62378417.0,24.882690709237732
South Africa,2022-03-06,3684319.0,1147.0,1533.857142857143,-0.0,62378417.0,24.589549023937927
South Africa,2022-03-07,3685120.0,801.0,1536.0,-0.0,62378417.0,24.623901565183996
South Africa,2022-03-08,3686556.0,1436.0,1503.5714285714287,-0.0,62378417.0,24.104033107660115
South Africa,2022-03-09,3688423.0,1867.0,1480.0,-0.0,62378417.0,23.726155153953332
South Africa,2022-03-10,3690291.0,1868.0,1455.0,-0.0,62378417.0,23.325375506082498
South Africa,2022-03-11,3691962.0,1671.0,1436.4285714285713,-0.0,62378417.0,23.027653481949876
South Africa,2022-03-12,3693532.0,1570.0,1466.7142857142858,-0.0,62378417.0,23.51316939822769
South Africa,2022-03-13,3694504.0,972.0,1482.857142857143,-0.0,62378417.0,23.77195854228143
South Africa,2022-03-14,3695175.0,671.0,1456.142857142857,-0.0,62378417.0,23.343696861413733
South Africa,2022-03-15,3696823.0,1648.0,1440.0,-0.0,62378417.0,23.084907717359997
South Africa,2022-03-16,3698803.0,1980.0,1399.5714285714287,-0.0,62378417.0,22.43678977251745
South Africa,2022-03-17,3700484.0,1681.0,1387.7142857142858,-0.0,62378417.0,22.246705710955855
South Africa,2022-03-18,3702042.0,1558.0,1372.7142857142858,-0.0,62378417.0,22.006237922233357
South Africa,2022-03-19,3703329.0,1287.0,1267.5714285714287,-0.0,62378417.0,20.320673231759454
South Africa,2022-03-20,3704218.0,889.0,1183.7142857142858,-0.0,62378417.0,18.976343784329856
South Africa,2022-03-21,3704784.0,566.0,1246.4285714285713,-0.0,62378417.0,19.981728158131542
South Africa,2022-03-22,3705696.0,912.0,1246.2857142857142,-0.0,62378417.0,19.97943798871514
South Africa,2022-03-23,3707089.0,1393.0,1276.2857142857142,-0.0,62378417.0,20.46037356616014
South Africa,2022-03-24,3709209.0,2120.0,1290.5714285714287,-0.0,62378417.0,20.689390507800617
South Africa,2022-03-25,3710766.0,1557.0,1292.7142857142858,-0.0,62378417.0,20.72374304904669
South Africa,2022-03-26,3712263.0,1497.0,1384.857142857143,-0.0,62378417.0,22.20090232262776
South Africa,2022-03-27,3713252.0,989.0,1425.4285714285713,-0.0,62378417.0,22.85131043688671
South Africa,2022-03-28,3713833.0,581.0,1392.0,-0.0,62378417.0,22.315410793447995
South Africa,2022-03-29,3715390.0,1557.0,1169.5714285714287,-0.0,62378417.0,18.749617012105784
South Africa,2022-03-30,3717067.0,1677.0,955.7142857142857,-0.0,62378417.0,15.321233395747855
South Africa,2022-03-31,3718953.0,1886.0,1386.0,-0.0,62378417.0,22.219223677958997
South Africa,2022-04-01,3718953.0,0.0,1303.0,-0.0,62378417.0,20.88863524702783
South Africa,2022-04-02,3718953.0,0.0,1398.142857142857,-0.0,62378417.0,22.4138880783534
South Africa,2022-04-03,3722954.0,4001.0,1448.7142857142858,-0.0,62378417.0,23.22460805176069
South Africa,2022-04-04,3722954.0,0.0,1390.857142857143,-0.0,62378417.0,22.29708943811676
South Africa,2022-04-05,3725177.0,2223.0,1587.5714285714287,-0.0,62378417.0,25.450652724506117
South Africa,2022-04-06,3727208.0,2031.0,1756.2857142857142,-0.0,62378417.0,28.15534280528014
South Africa,2022-04-07,3728689.0,1481.0,1303.0,-0.0,62378417.0,20.88863524702783
South Africa,2022-04-08,3730066.0,1377.0,1382.0,-0.0,62378417.0,22.155098934299662
South Africa,2022-04-09,3731247.0,1181.0,1248.857142857143,-0.0,62378417.0,20.020661038210424
South Africa,2022-04-10,3732075.0,828.0,1195.7142857142858,-0.0,62378417.0,19.168718015307856
South Africa,2022-04-11,3732628.0,553.0,1236.7142857142858,-0.0,62378417.0,19.825996637816022
South Africa,2022-04-12,3733919.0,1291.0,1303.7142857142858,-0.0,62378417.0,20.900086094109856
South Africa,2022-04-13,3735578.0,1659.0,1307.2857142857142,-0.0,62378417.0,20.957340329519972
South Africa,2022-04-14,3737346.0,1768.0,1307.857142857143,-0.0,62378417.0,20.96650100718559
South Africa,2022-04-15,3739192.0,1846.0,1354.142857142857,-0.0,62378417.0,21.708515898100735
South Africa,2022-04-16,3740398.0,1206.0,1380.4285714285713,-0.0,62378417.0,22.12990707071921
South Africa,2022-04-17,3741230.0,832.0,1549.4285714285713,-0.0,62378417.0,24.839177490326044
South Africa,2022-04-18,3742107.0,877.0,1926.2857142857142,-0.0,62378417.0,30.880644410801803
South Africa,2022-04-19,3743582.0,1475.0,2323.8571428571427,-0.0,62378417.0,37.25418589665625
South Africa,2022-04-20,3746424.0,2842.0,2755.8571428571427,-0.0,62378417.0,44.17965821186425
South Africa,2022-04-21,3750830.0,4406.0,3097.285714285714,-0.0,62378417.0,49.653163117071635
South Africa,2022-04-22,3755459.0,4629.0,3251.1428571428573,-0.0,62378417.0,52.11967557853957
South Africa,2022-04-23,3759689.0,4230.0,3763.5714285714284,-0.0,62378417.0,60.33451327518344
South Africa,2022-04-24,3762911.0,3222.0,4267.714285714285,-0.0,62378417.0,68.41652114567584
South Africa,2022-04-25,3764865.0,1954.0,4230.571428571428,-0.0,62378417.0,67.82107709741061
South Africa,2022-04-26,3769927.0,5062.0,4277.0,-0.0,62378417.0,68.56538215774215
South Africa,2022-04-27,3776298.0,6371.0,4490.857142857143,-0.0,62378417.0,71.99376577410008
South Africa,2022-04-28,3780444.0,4146.0,4693.142857142857,-0.0,62378417.0,75.23664566772922
South Africa,2022-04-29,3785398.0,4954.0,4792.571428571428,-0.0,62378417.0,76.83060358154694
South Africa,2022-04-30,3791125.0,5727.0,4610.142857142857,-0.0,62378417.0,73.90605723679806
South Africa,2022-05-01,3795763.0,4638.0,4581.428571428572,-0.0,62378417.0,73.44573318410072
South Africa,2022-05-02,3798413.0,2650.0,5383.0,-0.0,62378417.0,86.29587377954782
South Africa,2022-05-03,3802198.0,3785.0,5997.142857142857,-0.0,62378417.0,96.14131210067188
South Africa,2022-05-04,3808368.0,6170.0,6396.714285714285,-0.0,62378417.0,102.546915958356
South Africa,2022-05-05,3818125.0,9757.0,6517.857142857143,-0.0,62378417.0,104.48897962346724
South Africa,2022-05-06,3827378.0,9253.0,6601.714285714285,-0.0,62378417.0,105.83330907089683
South Africa,2022-05-07,3835902.0,8524.0,7135.714285714285,-0.0,62378417.0,114.39396234941783
South Africa,2022-05-08,3841388.0,5486.0,7685.285714285715,-0.0,62378417.0,123.20424409432697
South Africa,2022-05-09,3844625.0,3237.0,7565.714285714285,-0.0,62378417.0,121.28737229279616
South Africa,2022-05-10,3852148.0,7523.0,7436.571428571428,-0.0,62378417.0,119.21705914036626
South Africa,2022-05-11,3862165.0,10017.0,7363.857142857143,-0.0,62378417.0,118.05136290741625
South Africa,2022-05-12,3871085.0,8920.0,7200.714285714285,-0.0,62378417.0,115.435989433882
South Africa,2022-05-13,3879434.0,8349.0,7160.0,-0.0,62378417.0,114.78329115020665
South Africa,2022-05-14,3887449.0,8015.0,6813.285714285715,-0.0,62378417.0,109.22504997659229
South Africa,2022-05-15,3891793.0,4344.0,6550.714285714285,-0.0,62378417.0,105.01571858924034
South Africa,2022-05-16,3894745.0,2952.0,5276.428571428572,-0.0,62378417.0,84.58740739490987
South Africa,2022-05-17,3899841.0,5096.0,6028.428571428572,-0.0,62378417.0,96.64285920286454
South Africa,2022-05-18,3908020.0,8179.0,5600.428571428572,-0.0,62378417.0,89.78151163131588
South Africa,2022-05-19,3908020.0,0.0,5439.857142857143,-0.0,62378417.0,87.20736120727692
South Africa,2022-05-20,3921633.0,13613.0,5255.571428571428,-0.0,62378417.0,84.25304266011477
South Africa,2022-05-21,3926652.0,5019.0,5131.428571428572,-0.0,62378417.0,82.26288543725904
South Africa,2022-05-22,3929872.0,3220.0,4717.857142857143,-0.0,62378417.0,75.63284497676725
South Africa,2022-05-23,3931534.0,1662.0,5260.714285714285,-0.0,62378417.0,84.33548875910535
South Africa,2022-05-24,3935761.0,4227.0,3783.714285714286,-0.0,62378417.0,60.65742716289652
South Africa,2022-05-25,3941045.0,5284.0,3648.714285714286,-0.0,62378417.0,58.49321706439402
South Africa,2022-05-26,3944845.0,3800.0,3442.1428571428573,-0.0,62378417.0,55.181632088272735
South Africa,2022-05-27,3948119.0,3274.0,3348.1428571428573,-0.0,62378417.0,53.6747006122784
South Africa,2022-05-28,3952193.0,4074.0,3145.1428571428573,-0.0,62378417.0,50.42036987156723
South Africa,2022-05-29,3953967.0,1774.0,2768.4285714285716,-0.0,62378417.0,44.381193120507874
South Africa,2022-05-30,3954971.0,1004.0,2649.8571428571427,-0.0,62378417.0,42.48035250489192
South Africa,2022-05-31,3957777.0,2806.0,2471.8571428571427,-0.0,62378417.0,39.626801412051584
South Africa,2022-06-01,3960424.0,2647.0,2126.4285714285716,-0.0,62378417.0,34.08917176318488
South Africa,2022-06-02,3963394.0,2970.0,2034.0,-0.0,62378417.0,32.607432150771
South Africa,2022-06-03,3965422.0,2028.0,1890.5714285714287,-0.0,62378417.0,30.308102056700616
South Africa,2022-06-04,3967078.0,1656.0,1888.0,-0.0,62378417.0,30.26687900720533
South Africa,2022-06-05,3968205.0,1127.0,1808.857142857143,-0.0,62378417.0,28.99812515051709
South Africa,2022-06-06,3968205.0,0.0,1666.857142857143,-0.0,62378417.0,26.72169675061076
South Africa,2022-06-07,3970993.0,2788.0,1604.4285714285713,-0.0,62378417.0,25.720892715641874
South Africa,2022-06-08,3973086.0,2093.0,1507.142857142857,-0.0,62378417.0,24.161287343070235
South Africa,2022-06-09,3975062.0,1976.0,1483.5714285714287,-0.0,62378417.0,23.78340938936345
South Africa,2022-06-10,3976653.0,1591.0,1560.142857142857,-0.0,62378417.0,25.0109401965564
South Africa,2022-06-11,3977628.0,975.0,1263.2857142857142,-0.0,62378417.0,20.251968149267306
South Africa,2022-06-12,3978590.0,962.0,1236.142857142857,-0.0,62378417.0,19.816835960150403
South Africa,2022-06-13,3979126.0,536.0,1230.4285714285713,-0.0,62378417.0,19.72522918349421
South Africa,2022-06-14,3979836.0,710.0,1141.857142857143,-0.0,62378417.0,18.305324145323258
South Africa,2022-06-15,3981739.0,1903.0,1002.5714285714286,-0.0,62378417.0,16.072408964328616
South Africa,2022-06-16,3983675.0,1936.0,1144.4285714285713,-0.0,62378417.0,18.346547194818545
South Africa,2022-06-17,3984646.0,971.0,1109.4285714285713,-0.0,62378417.0,17.785455687799377
South Africa,2022-06-18,3984646.0,0.0,1008.0,-0.0,62378417.0,16.159435402152
South Africa,2022-06-19,3986601.0,1955.0,1038.2857142857142,-0.0,62378417.0,16.644951318429804
South Africa,2022-06-20,3986892.0,291.0,911.7142857142857,-0.0,62378417.0,14.615861215495187
South Africa,2022-06-21,3986892.0,0.0,908.1428571428571,-0.0,62378417.0,14.558606980085068
South Africa,2022-06-22,3989007.0,2115.0,1042.5714285714287,-0.0,62378417.0,16.713656400921952
South Africa,2022-06-23,3990057.0,1050.0,835.4285714285714,-0.0,62378417.0,13.392910747135046
South Africa,2022-06-24,3991003.0,946.0,824.1428571428571,-0.0,62378417.0,13.21198736323907
South Africa,2022-06-25,3991944.0,941.0,873.1428571428571,-0.0,62378417.0,13.997515473065903
South Africa,2022-06-26,3992449.0,505.0,633.8571428571429,-0.0,62378417.0,10.161481700587927
South Africa,2022-06-27,3992661.0,212.0,483.85714285714283,-0.0,62378417.0,7.756803813362927
South Africa,2022-06-28,3993004.0,343.0,405.7142857142857,-0.0,62378417.0,6.504081142589523
South Africa,2022-06-29,3993444.0,440.0,325.57142857142856,-0.0,62378417.0,5.219296099986452
South Africa,2022-06-30,3993444.0,0.0,406.0,-0.0,62378417.0,6.508661481422333
South Africa,2022-07-01,3993843.0,399.0,375.7142857142857,-0.0,62378417.0,6.023145565144524
South Africa,2022-07-02,3994223.0,380.0,397.14285714285717,-0.0,62378417.0,6.366670977605238
South Africa,2022-07-03,3995291.0,1068.0,334.2857142857143,-0.0,62378417.0,5.358996434387142
South Africa,2022-07-04,3995291.0,0.0,494.2857142857143,-0.0,62378417.0,7.923986180760475
South Africa,2022-07-05,3995784.0,493.0,489.42857142857144,-0.0,62378417.0,7.8461204206027135
South Africa,2022-07-06,3995784.0,0.0,435.14285714285717,-0.0,62378417.0,6.975856042368904
South Africa,2022-07-07,3996904.0,1120.0,282.57142857142856,-0.0,62378417.0,4.529955105648618
South Africa,2022-07-08,3997269.0,365.0,383.42857142857144,-0.0,62378417.0,6.146814713630381
South Africa,2022-07-09,3997269.0,0.0,313.0,-0.0,62378417.0,5.017761191342832
South Africa,2022-07-10,3997269.0,0.0,383.14285714285717,-0.0,62378417.0,6.142234374797571
South Africa,2022-07-11,3997975.0,706.0,223.14285714285714,-0.0,62378417.0,3.577244628424238
South Africa,2022-07-12,3997975.0,0.0,171.0,-0.0,62378417.0,2.7413327914364998
South Africa,2022-07-13,3998466.0,491.0,354.57142857142856,-0.0,62378417.0,5.684200491516618
South Africa,2022-07-14,3998466.0,0.0,354.57142857142856,-0.0,62378417.0,5.684200491516618
South Africa,2022-07-15,3998466.0,0.0,253.71428571428572,-0.0,62378417.0,4.067340883534857
South Africa,2022-07-16,3999751.0,1285.0,417.0,-0.0,62378417.0,6.685004526485499
South Africa,2022-07-17,3999751.0,0.0,425.42857142857144,-0.0,62378417.0,6.82012452205338
South Africa,2022-07-18,3999751.0,0.0,478.57142857142856,-0.0,62378417.0,7.67206754495595
South Africa,2022-07-19,4000894.0,1143.0,523.8571428571429,-0.0,62378417.0,8.39805124995626
South Africa,2022-07-20,4001444.0,550.0,340.2857142857143,-0.0,62378417.0,5.455183549876143
South Africa,2022-07-21,4001816.0,372.0,340.2857142857143,-0.0,62378417.0,5.455183549876143
South Africa,2022-07-22,4002133.0,317.0,461.42857142857144,-0.0,62378417.0,7.39724721498738
South Africa,2022-07-23,4002133.0,0.0,298.14285714285717,-0.0,62378417.0,4.779583572036738
South Africa,2022-07-24,4002133.0,0.0,219.57142857142858,-0.0,62378417.0,3.5199903930141185
South Africa,2022-07-25,4002981.0,848.0,340.7142857142857,-0.0,62378417.0,5.462054058125356
South Africa,2022-07-26,4002981.0,0.0,346.0,-0.0,62378417.0,5.546790326532332
South Africa,2022-07-27,4002981.0,0.0,346.0,-0.0,62378417.0,5.546790326532332
South Africa,2022-07-28,4004201.0,1220.0,427.2857142857143,-0.0,62378417.0,6.8498967244666416
South Africa,2022-07-29,4004555.0,354.0,306.14285714285717,-0.0,62378417.0,4.907833059355404
South Africa,2022-07-30,4004555.0,0.0,306.14285714285717,-0.0,62378417.0,4.907833059355404
South Africa,2022-07-31,4005124.0,569.0,306.14285714285717,-0.0,62378417.0,4.907833059355404
South Africa,2022-08-01,4005124.0,0.0,131.85714285714286,-0.0,62378417.0,2.113826371341595
South Africa,2022-08-02,4005124.0,0.0,81.28571428571429,-0.0,62378417.0,1.3031063979343094
South Africa,2022-08-03,4005124.0,0.0,81.28571428571429,-0.0,62378417.0,1.3031063979343094
South Africa,2022-08-04,4005124.0,0.0,249.57142857142858,-0.0,62378417.0,4.000925970459119
South Africa,2022-08-05,4005124.0,0.0,249.57142857142858,-0.0,62378417.0,4.000925970459119
South Africa,2022-08-06,4005124.0,0.0,256.0,-0.0,62378417.0,4.103983594197333
South Africa,2022-08-07,4006871.0,1747.0,256.0,-0.0,62378417.0,4.103983594197333
South Africa,2022-08-08,4006871.0,0.0,279.42857142857144,-0.0,62378417.0,4.479571378487713
South Africa,2022-08-09,4006916.0,45.0,279.42857142857144,-0.0,62378417.0,4.479571378487713
South Africa,2022-08-10,4006916.0,0.0,400.14285714285717,-0.0,62378417.0,6.414764535349737
South Africa,2022-08-11,4007080.0,164.0,184.71428571428572,-0.0,62378417.0,2.961189055411357
South Africa,2022-08-12,4007080.0,0.0,224.57142857142858,-0.0,62378417.0,3.6001463225882855
South Africa,2022-08-13,4007925.0,845.0,254.28571428571428,-0.0,62378417.0,4.076501561200476
South Africa,2022-08-14,4008164.0,239.0,296.0,-0.0,62378417.0,4.745231030790666
South Africa,2022-08-15,4008443.0,279.0,309.0,-0.0,62378417.0,4.953636447683499
South Africa,2022-08-16,4008696.0,253.0,347.0,-0.0,62378417.0,5.562821512447166
South Africa,2022-08-17,4008988.0,292.0,257.85714285714283,-0.0,62378417.0,4.133755796610594
South Africa,2022-08-18,4009243.0,255.0,223.71428571428572,-0.0,62378417.0,3.5864053060898566
South Africa,2022-08-19,4009509.0,266.0,222.42857142857142,-0.0,62378417.0,3.565793781342214
South Africa,2022-08-20,4009730.0,221.0,215.85714285714286,-0.0,62378417.0,3.460445988187595
South Africa,2022-08-21,4009730.0,0.0,209.28571428571428,-0.0,62378417.0,3.3550981950329755
South Africa,2022-08-22,4010000.0,270.0,215.57142857142858,-0.0,62378417.0,3.4558656493547852
South Africa,2022-08-23,4010207.0,207.0,212.85714285714286,-0.0,62378417.0,3.4123524304430948
South Africa,2022-08-24,4010453.0,246.0,211.42857142857142,-0.0,62378417.0,3.3894507362790467
South Africa,2022-08-25,4010752.0,299.0,232.42857142857142,-0.0,62378417.0,3.726105640490547
South Africa,2022-08-26,4010999.0,247.0,204.42857142857142,-0.0,62378417.0,3.2772324348752138
South Africa,2022-08-27,4011210.0,211.0,207.14285714285714,-0.0,62378417.0,3.3207456537869042
South Africa,2022-08-28,4011357.0,147.0,212.0,-0.0,62378417.0,3.398611413944666
South Africa,2022-08-29,4011431.0,74.0,212.42857142857142,-0.0,62378417.0,3.40548192219388
South Africa,2022-08-30,4011657.0,226.0,212.28571428571428,-0.0,62378417.0,3.4031917527774755
South Africa,2022-08-31,4011937.0,280.0,206.14285714285714,-0.0,62378417.0,3.3047144678720706
South Africa,2022-09-01,4012239.0,302.0,207.85714285714286,-0.0,62378417.0,3.332196500868928
South Africa,2022-09-02,4012485.0,246.0,212.71428571428572,-0.0,62378417.0,3.41006226102669
South Africa,2022-09-03,4012653.0,168.0,180.42857142857142,-0.0,62378417.0,2.892483972919214
South Africa,2022-09-04,4012812.0,159.0,215.57142857142858,-0.0,62378417.0,3.4558656493547852
South Africa,2022-09-05,4012920.0,108.0,211.71428571428572,-0.0,62378417.0,3.3940310751118568
South Africa,2022-09-06,4012920.0,0.0,223.57142857142858,-0.0,62378417.0,3.5841151366734523
South Africa,2022-09-07,4013446.0,526.0,232.0,-0.0,62378417.0,3.719235132241333
South Africa,2022-09-08,4013721.0,275.0,227.57142857142858,-0.0,62378417.0,3.648239880332785
South Africa,2022-09-09,4014050.0,329.0,223.57142857142858,-0.0,62378417.0,3.5841151366734523
South Africa,2022-09-10,4014277.0,227.0,257.7142857142857,-0.0,62378417.0,4.13146562719419
South Africa,2022-09-11,4014405.0,128.0,220.0,-0.0,62378417.0,3.526860901263333
South Africa,2022-09-12,4014485.0,80.0,232.28571428571428,-0.0,62378417.0,3.723815471074142
South Africa,2022-09-13,4014724.0,239.0,225.14285714285714,-0.0,62378417.0,3.609307000253904
South Africa,2022-09-14,4014986.0,262.0,229.0,-0.0,62378417.0,3.6711415744968328
South Africa,2022-09-15,4015347.0,361.0,210.71428571428572,-0.0,62378417.0,3.377999889197023
South Africa,2022-09-16,4015626.0,279.0,238.85714285714286,-0.0,62378417.0,3.829163264228761
South Africa,2022-09-17,4015880.0,254.0,204.71428571428572,-0.0,62378417.0,3.2818127737080234
South Africa,2022-09-18,4015880.0,0.0,210.57142857142858,-0.0,62378417.0,3.3757097197806187
South Africa,2022-09-19,4016157.0,277.0,237.71428571428572,-0.0,62378417.0,3.8108419088975234
South Africa,2022-09-20,4016157.0,0.0,219.57142857142858,-0.0,62378417.0,3.5199903930141185
South Africa,2022-09-21,4016460.0,303.0,183.28571428571428,-0.0,62378417.0,2.9382873612473093
South Africa,2022-09-22,4017011.0,551.0,238.85714285714286,-0.0,62378417.0,3.829163264228761
South Africa,2022-09-23,4017163.0,152.0,233.0,-0.0,62378417.0,3.735266318156166
South Africa,2022-09-24,4017163.0,0.0,277.85714285714283,-0.0,62378417.0,4.45437951490726
South Africa,2022-09-25,4017552.0,389.0,234.57142857142858,-0.0,62378417.0,3.760458181736619
South Africa,2022-09-26,4017788.0,236.0,251.14285714285714,-0.0,62378417.0,4.02611783403957
South Africa,2022-09-27,4018102.0,314.0,273.42857142857144,-0.0,62378417.0,4.383384262998714
South Africa,2022-09-28,4018102.0,0.0,273.42857142857144,-0.0,62378417.0,4.383384262998714
South Africa,2022-09-29,4018769.0,667.0,217.85714285714286,-0.0,62378417.0,3.4925083600172617
South Africa,2022-09-30,4019077.0,308.0,184.14285714285714,-0.0,62378417.0,2.9520283777457377
South Africa,2022-10-01,4019077.0,0.0,242.57142857142858,-0.0,62378417.0,3.8887076690552855
South Africa,2022-10-02,4019077.0,0.0,291.42857142857144,-0.0,62378417.0,4.6719456094657135
South Africa,2022-10-03,4019077.0,0.0,237.14285714285714,-0.0,62378417.0,3.801681231231904
South Africa,2022-10-04,4019800.0,723.0,244.42857142857142,-0.0,62378417.0,3.9184798714685467
South Africa,2022-10-05,4020142.0,342.0,244.42857142857142,-0.0,62378417.0,3.9184798714685467
South Africa,2022-10-06,4020429.0,287.0,310.7142857142857,-0.0,62378417.0,4.981118480680357
South Africa,2022-10-07,4020788.0,359.0,329.85714285714283,-0.0,62378417.0,5.288001182478594
South Africa,2022-10-08,4020788.0,0.0,278.0,-0.0,62378417.0,4.456669684323666
South Africa,2022-10-09,4021252.0,464.0,280.7142857142857,-0.0,62378417.0,4.500182903235356
South Africa,2022-10-10,4021386.0,134.0,306.85714285714283,-0.0,62378417.0,4.919283906437427
South Africa,2022-10-11,4021746.0,360.0,312.14285714285717,-0.0,62378417.0,5.004020174844404
South Africa,2022-10-12,4022107.0,361.0,367.14285714285717,-0.0,62378417.0,5.885735400160238
South Africa,2022-10-13,4022577.0,470.0,300.85714285714283,-0.0,62378417.0,4.823096790948427
South Africa,2022-10-14,4022973.0,396.0,335.14285714285717,-0.0,62378417.0,5.3727374508855705
South Africa,2022-10-15,4023358.0,385.0,340.42857142857144,-0.0,62378417.0,5.4574737192925475
South Africa,2022-10-16,4023358.0,0.0,349.42857142857144,-0.0,62378417.0,5.601754392526047
South Africa,2022-10-17,4023732.0,374.0,340.2857142857143,-0.0,62378417.0,5.455183549876143
South Africa,2022-10-18,4024129.0,397.0,343.14285714285717,-0.0,62378417.0,5.500986938204238
South Africa,2022-10-19,4024553.0,424.0,288.14285714285717,-0.0,62378417.0,4.619271712888405
South Africa,2022-10-20,4024959.0,406.0,288.14285714285717,-0.0,62378417.0,4.619271712888405
South Africa,2022-10-21,4025375.0,416.0,333.7142857142857,-0.0,62378417.0,5.349835756721523
South Africa,2022-10-22,4025375.0,0.0,329.7142857142857,-0.0,62378417.0,5.2857110130621905
South Africa,2022-10-23,4025375.0,0.0,319.0,-0.0,62378417.0,5.1139483068318325
South Africa,2022-10-24,4026068.0,693.0,314.0,-0.0,62378417.0,5.033792377257665
South Africa,2022-10-25,4026437.0,369.0,313.14285714285717,-0.0,62378417.0,5.020051360759237
South Africa,2022-10-26,4026786.0,349.0,338.42857142857144,-0.0,62378417.0,5.42541134746288
South Africa,2022-10-27,4027157.0,371.0,397.85714285714283,-0.0,62378417.0,6.378121824687261
South Africa,2022-10-28,4027567.0,410.0,320.0,-0.0,62378417.0,5.129979492746666
South Africa,2022-10-29,4027744.0,177.0,316.2857142857143,-0.0,62378417.0,5.070435087920142
South Africa,2022-10-30,4028160.0,416.0,320.14285714285717,-0.0,62378417.0,5.132269662163071
South Africa,2022-10-31,4028308.0,148.0,334.14285714285717,-0.0,62378417.0,5.356706264970738
South Africa,2022-11-01,4028651.0,343.0,310.0,-0.0,62378417.0,4.969667633598333
South Africa,2022-11-02,4029027.0,376.0,284.7142857142857,-0.0,62378417.0,4.56430764689469
South Africa,2022-11-03,4029496.0,469.0,254.57142857142858,-0.0,62378417.0,4.081081900033285
South Africa,2022-11-04,4029737.0,241.0,336.0,-0.0,62378417.0,5.3864784673839985
South Africa,2022-11-05,4029737.0,0.0,349.2857142857143,-0.0,62378417.0,5.599464223109641
South Africa,2022-11-06,4029942.0,205.0,371.0,-0.0,62378417.0,5.947569974403166
South Africa,2022-11-07,4030660.0,718.0,373.2857142857143,-0.0,62378417.0,5.984212685065642
South Africa,2022-11-08,4031096.0,436.0,425.85714285714283,-0.0,62378417.0,6.826995030302594
South Africa,2022-11-09,4031624.0,528.0,492.14285714285717,-0.0,62378417.0,7.889633639514403
South Africa,2022-11-10,4032109.0,485.0,462.85714285714283,-0.0,62378417.0,7.420148909151427
South Africa,2022-11-11,4032718.0,609.0,526.1428571428571,-0.0,62378417.0,8.434693960618736
South Africa,2022-11-12,4033182.0,464.0,632.2857142857143,-0.0,62378417.0,10.136289837007475
South Africa,2022-11-13,4033182.0,0.0,648.7142857142857,-0.0,62378417.0,10.399659319894022
South Africa,2022-11-14,4034343.0,1161.0,644.8571428571429,-0.0,62378417.0,10.337824745651094
South Africa,2022-11-15,4035522.0,1179.0,643.2857142857143,-0.0,62378417.0,10.312632882070643
South Africa,2022-11-16,4036165.0,643.0,577.0,-0.0,62378417.0,9.249994272858832
South Africa,2022-11-17,4036623.0,458.0,577.0,-0.0,62378417.0,9.249994272858832
South Africa,2022-11-18,4037221.0,598.0,539.7142857142857,-0.0,62378417.0,8.652260055177189
South Africa,2022-11-19,4037221.0,0.0,425.57142857142856,-0.0,62378417.0,6.822414691469784
South Africa,2022-11-20,4037221.0,0.0,454.14285714285717,-0.0,62378417.0,7.2804485747507375
South Africa,2022-11-21,4038121.0,900.0,462.14285714285717,-0.0,62378417.0,7.408698062069404
South Africa,2022-11-22,4038501.0,380.0,438.2857142857143,-0.0,62378417.0,7.026239769529808
South Africa,2022-11-23,4039344.0,843.0,438.2857142857143,-0.0,62378417.0,7.026239769529808
South Africa,2022-11-24,4039858.0,514.0,498.7142857142857,-0.0,62378417.0,7.9949814326690225
South Africa,2022-11-25,4040289.0,431.0,408.42857142857144,-0.0,62378417.0,6.547594361501214
South Africa,2022-11-26,4040289.0,0.0,420.57142857142856,-0.0,62378417.0,6.742258761895617
South Africa,2022-11-27,4040712.0,423.0,363.7142857142857,-0.0,62378417.0,5.830771334166523
South Africa,2022-11-28,4040980.0,268.0,335.7142857142857,-0.0,62378417.0,5.38189812855119
South Africa,2022-11-29,4041445.0,465.0,318.7142857142857,-0.0,62378417.0,5.109367967999023
South Africa,2022-11-30,4041890.0,445.0,354.2857142857143,-0.0,62378417.0,5.679620152683809
South Africa,2022-12-01,4042208.0,318.0,314.2857142857143,-0.0,62378417.0,5.038372716090476
South Africa,2022-12-02,4042520.0,312.0,291.0,-0.0,62378417.0,4.665075101216499
South Africa,2022-12-03,4042769.0,249.0,256.7142857142857,-0.0,62378417.0,4.115434441279357
South Africa,2022-12-04,4042912.0,143.0,236.14285714285714,-0.0,62378417.0,3.7856500453170705
South Africa,2022-12-05,4043017.0,105.0,316.2857142857143,-0.0,62378417.0,5.070435087920142
South Africa,2022-12-06,4043242.0,225.0,320.14285714285717,-0.0,62378417.0,5.132269662163071
South Africa,2022-12-07,4043543.0,301.0,328.7142857142857,-0.0,62378417.0,5.269679827147356
South Africa,2022-12-08,4044422.0,879.0,335.7142857142857,-0.0,62378417.0,5.38189812855119
South Africa,2022-12-09,4044761.0,339.0,320.7142857142857,-0.0,62378417.0,5.14143033982869
South Africa,2022-12-10,4045070.0,309.0,318.57142857142856,-0.0,62378417.0,5.107077798582618
South Africa,2022-12-11,4045262.0,192.0,275.57142857142856,-0.0,62378417.0,4.417736804244785
South Africa,2022-12-12,4045262.0,0.0,246.85714285714286,-0.0,62378417.0,3.957412751547428
South Africa,2022-12-13,4045472.0,210.0,258.14285714285717,-0.0,62378417.0,4.138336135443404
South Africa,2022-12-14,4045472.0,0.0,219.0,-0.0,62378417.0,3.5108297153484997
South Africa,2022-12-15,4046150.0,678.0,191.57142857142858,-0.0,62378417.0,3.0711171873987855
South Africa,2022-12-16,4046568.0,418.0,191.57142857142858,-0.0,62378417.0,3.0711171873987855
South Africa,2022-12-17,4046603.0,35.0,216.28571428571428,-0.0,62378417.0,3.467316496436809
South Africa,2022-12-18,4046603.0,0.0,216.28571428571428,-0.0,62378417.0,3.467316496436809
South Africa,2022-12-19,4046603.0,0.0,160.42857142857142,-0.0,62378417.0,2.571860254622547
South Africa,2022-12-20,4046986.0,383.0,159.0,-0.0,62378417.0,2.5489585604584994
South Africa,2022-12-21,4046986.0,0.0,206.28571428571428,-0.0,62378417.0,3.307004637288476
South Africa,2022-12-22,4047273.0,287.0,228.0,-0.0,62378417.0,3.655110388581999
South Africa,2022-12-23,4047681.0,408.0,239.71428571428572,-0.0,62378417.0,3.84290428072719
South Africa,2022-12-24,4048047.0,366.0,207.0,-0.0,62378417.0,3.3184554843704994
South Africa,2022-12-25,4048199.0,152.0,227.71428571428572,-0.0,62378417.0,3.65053004974919
South Africa,2022-12-26,4048281.0,82.0,186.71428571428572,-0.0,62378417.0,2.9932514272410233
South Africa,2022-12-27,4048435.0,154.0,188.14285714285714,-0.0,62378417.0,3.016153121405071
South Africa,2022-12-28,4048580.0,145.0,165.0,-0.0,62378417.0,2.6451456759474996
South Africa,2022-12-29,4048580.0,0.0,160.0,-0.0,62378417.0,2.564989746373333
South Africa,2022-12-30,4048998.0,418.0,155.0,-0.0,62378417.0,2.4848338167991666
South Africa,2022-12-31,4049202.0,204.0,145.57142857142858,-0.0,62378417.0,2.3336826353164524
South Africa,2023-01-01,4049319.0,117.0,128.42857142857142,-0.0,62378417.0,2.0588623053478807
South Africa,2023-01-02,4049366.0,47.0,179.42857142857142,-0.0,62378417.0,2.8764527870043803
South Africa,2023-01-03,4049454.0,88.0,150.28571428571428,-0.0,62378417.0,2.409258226057809
South Africa,2023-01-04,4049479.0,25.0,121.14285714285714,-0.0,62378417.0,1.9420636651112377
South Africa,2023-01-05,4049836.0,357.0,109.0,-0.0,62378417.0,1.747399264716833
South Africa,2023-01-06,4050050.0,214.0,131.71428571428572,-0.0,62378417.0,2.1115362019251904
South Africa,2023-01-07,4050050.0,0.0,119.14285714285714,-0.0,62378417.0,1.9100012932815709
South Africa,2023-01-08,4050082.0,32.0,201.57142857142858,-0.0,62378417.0,3.2314290465471185
South Africa,2023-01-09,4050288.0,206.0,174.85714285714286,-0.0,62378417.0,2.8031673656794283
South Africa,2023-01-10,4050288.0,0.0,170.42857142857142,-0.0,62378417.0,2.73217211377088
South Africa,2023-01-11,4050890.0,602.0,222.42857142857142,-0.0,62378417.0,3.565793781342214
South Africa,2023-01-12,4051060.0,170.0,243.57142857142858,-0.0,62378417.0,3.9047388549701183
South Africa,2023-01-13,4051243.0,183.0,229.0,-0.0,62378417.0,3.6711415744968328
South Africa,2023-01-14,4051607.0,364.0,260.85714285714283,-0.0,62378417.0,4.181849354355094
South Africa,2023-01-15,4051787.0,180.0,299.7142857142857,-0.0,62378417.0,4.80477543561719
South Africa,2023-01-16,4051891.0,104.0,352.42857142857144,-0.0,62378417.0,5.649847950270547
South Africa,2023-01-17,4052114.0,223.0,364.7142857142857,-0.0,62378417.0,5.846802520081356
South Africa,2023-01-18,4052988.0,874.0,312.7142857142857,-0.0,62378417.0,5.013180852510024
South Africa,2023-01-19,4053527.0,539.0,339.0,-0.0,62378417.0,5.4345720251284995
South Africa,2023-01-20,4053796.0,269.0,339.42857142857144,-0.0,62378417.0,5.441442533377713
South Africa,2023-01-21,4053796.0,0.0,344.0,-0.0,62378417.0,5.514727954702666
South Africa,2023-01-22,4054160.0,364.0,259.2857142857143,-0.0,62378417.0,4.156657490774642
South Africa,2023-01-23,4054267.0,107.0,218.14285714285714,-0.0,62378417.0,3.4970886988500705
South Africa,2023-01-24,4054522.0,255.0,212.57142857142858,-0.0,62378417.0,3.4077720916102856
South Africa,2023-01-25,4054803.0,281.0,212.57142857142858,-0.0,62378417.0,3.4077720916102856
South Africa,2023-01-26,4055054.0,251.0,179.42857142857142,-0.0,62378417.0,2.8764527870043803
South Africa,2023-01-27,4055284.0,230.0,207.57142857142858,-0.0,62378417.0,3.3276161620361187
South Africa,2023-01-28,4055284.0,0.0,206.28571428571428,-0.0,62378417.0,3.307004637288476
South Africa,2023-01-29,4055416.0,132.0,199.71428571428572,-0.0,62378417.0,3.201656844133857
South Africa,2023-01-30,4055720.0,304.0,200.57142857142858,-0.0,62378417.0,3.2153978606322857
South Africa,2023-01-31,4055966.0,246.0,202.42857142857142,-0.0,62378417.0,3.245170063045547
South Africa,2023-02-01,4056201.0,235.0,202.42857142857142,-0.0,62378417.0,3.245170063045547
South Africa,2023-02-02,4056458.0,257.0,183.57142857142858,-0.0,62378417.0,2.942867700080119
South Africa,2023-02-03,4056701.0,243.0,213.0,-0.0,62378417.0,3.4146425998594996
South Africa,2023-02-04,4056701.0,0.0,177.85714285714286,-0.0,62378417.0,2.851260923423928
South Africa,2023-02-05,4056701.0,0.0,144.28571428571428,-0.0,62378417.0,2.3130711105688087
South Africa,2023-02-06,4057211.0,510.0,107.57142857142857,-0.0,62378417.0,1.7244975705527854
South Africa,2023-02-07,4057211.0,0.0,72.85714285714286,-0.0,62378417.0,1.1679864023664284
South Africa,2023-02-08,4057211.0,0.0,72.85714285714286,-0.0,62378417.0,1.1679864023664284
South Africa,2023-02-09,4057211.0,0.0,72.85714285714286,-0.0,62378417.0,1.1679864023664284
South Africa,2023-02-10,4057211.0,0.0,250.71428571428572,-0.0,62378417.0,4.0192473257903565
South Africa,2023-02-11,4057211.0,0.0,305.2857142857143,-0.0,62378417.0,4.894092042856975
South Africa,2023-02-12,4057211.0,0.0,305.2857142857143,-0.0,62378417.0,4.894092042856975
South Africa,2023-02-13,4058966.0,1755.0,409.42857142857144,-0.0,62378417.0,6.563625547416047
South Africa,2023-02-14,4059348.0,382.0,448.2857142857143,-0.0,62378417.0,7.186551628678141
South Africa,2023-02-15,4059348.0,0.0,448.2857142857143,-0.0,62378417.0,7.186551628678141
South Africa,2023-02-16,4060077.0,729.0,448.2857142857143,-0.0,62378417.0,7.186551628678141
South Africa,2023-02-17,4060349.0,272.0,302.7142857142857,-0.0,62378417.0,4.85286899336169
South Africa,2023-02-18,4060349.0,0.0,248.14285714285714,-0.0,62378417.0,3.978024276295071
South Africa,2023-02-19,4060349.0,0.0,248.14285714285714,-0.0,62378417.0,3.978024276295071
South Africa,2023-02-20,4061085.0,736.0,144.0,-0.0,62378417.0,2.308490771736
South Africa,2023-02-21,4061085.0,0.0,147.71428571428572,-0.0,62378417.0,2.3680351765625236
South Africa,2023-02-22,4061085.0,0.0,147.71428571428572,-0.0,62378417.0,2.3680351765625236
South Africa,2023-02-23,4061085.0,0.0,147.71428571428572,-0.0,62378417.0,2.3680351765625236
South Africa,2023-02-24,4061383.0,298.0,307.42857142857144,-0.0,62378417.0,4.9284445841030475
South Africa,2023-02-25,4061383.0,0.0,355.42857142857144,-0.0,62378417.0,5.697941508015047
South Africa,2023-02-26,4061383.0,0.0,396.85714285714283,-0.0,62378417.0,6.362090638772427
South Africa,2023-02-27,4063237.0,1854.0,481.7142857142857,-0.0,62378417.0,7.722451272116857
South Africa,2023-02-28,4063573.0,336.0,500.85714285714283,-0.0,62378417.0,8.029333973915094
South Africa,2023-03-01,4063863.0,290.0,500.85714285714283,-0.0,62378417.0,8.029333973915094
South Africa,2023-03-02,4064457.0,594.0,500.85714285714283,-0.0,62378417.0,8.029333973915094
South Africa,2023-03-03,4064889.0,432.0,374.2857142857143,-0.0,62378417.0,6.0002438709804755
South Africa,2023-03-04,4064889.0,0.0,353.0,-0.0,62378417.0,5.659008627936166
South Africa,2023-03-05,4064889.0,0.0,396.85714285714283,-0.0,62378417.0,6.362090638772427
South Africa,2023-03-06,4065857.0,968.0,372.85714285714283,-0.0,62378417.0,5.977342176816427
South Africa,2023-03-07,4066044.0,187.0,363.0,-0.0,62378417.0,5.819320487084499
South Africa,2023-03-08,4066641.0,597.0,435.6,-0.0,62378417.0,6.983184584501399
South Africa,2023-03-09,4067067.0,426.0,544.5,-0.0,62378417.0,8.728980730626748
