wave_id,country,variant,date,day,observed_cases,daily_cases_raw_clipped,daily_cases_7d_per_million,population
IT01,Italy,Ancestral,2020-02-29,0,311.42857142857144,240.0,5.22363705736499,59619106.0
IT01,Italy,Ancestral,2020-03-01,1,376.57142857142856,566.0,6.31628774459363,59619106.0
IT01,Italy,Ancestral,2020-03-02,2,457.57142857142856,342.0,7.674912612266083,59619106.0
IT01,Italy,Ancestral,2020-03-03,3,535.4285714285714,466.0,8.980821876607333,59619106.0
IT01,Italy,Ancestral,2020-03-04,4,679.2857142857143,587.0,11.393758810903913,59619106.0
IT01,Italy,Ancestral,2020-03-05,5,811.5714285714286,769.0,13.612606478390141,59619106.0
IT01,Italy,Ancestral,2020-03-06,6,1019.4285714285714,778.0,17.099024789613104,59619106.0
IT01,Italy,Ancestral,2020-03-07,7,1092.4285714285713,1247.0,18.323464485169758,59619106.0
IT01,Italy,Ancestral,2020-03-08,8,1339.0,1492.0,22.459243182881675,59619106.0
IT01,Italy,Ancestral,2020-03-09,9,1607.857142857143,1797.0,26.9688234314876,59619106.0
IT01,Italy,Ancestral,2020-03-10,10,1860.5714285714287,977.0,31.207637172074143,59619106.0
IT01,Italy,Ancestral,2020-03-11,11,2182.0,2313.0,36.59900569458388,59619106.0
IT01,Italy,Ancestral,2020-03-12,12,2481.714285714286,2651.0,41.62615732135074,59619106.0
IT01,Italy,Ancestral,2020-03-13,13,2686.8571428571427,2547.0,45.067048520605844,59619106.0
IT01,Italy,Ancestral,2020-03-14,14,3051.0,3497.0,51.17487001566243,59619106.0
IT01,Italy,Ancestral,2020-03-15,15,3321.5714285714284,3590.0,55.71320422972174,59619106.0
IT01,Italy,Ancestral,2020-03-16,16,3703.1428571428573,3233.0,62.11335770688775,59619106.0
IT01,Italy,Ancestral,2020-03-17,17,4194.428571428572,3526.0,70.3537649730704,59619106.0
IT01,Italy,Ancestral,2020-03-18,18,4631.571428571428,4207.0,77.68602616368365,59619106.0
IT01,Italy,Ancestral,2020-03-19,19,4913.0,5322.0,82.4064688256144,59619106.0
IT01,Italy,Ancestral,2020-03-20,20,5135.285714285715,5986.0,86.13489967940335,59619106.0
IT01,Italy,Ancestral,2020-03-21,21,5381.428571428572,6557.0,90.26348988575192,59619106.0
IT01,Italy,Ancestral,2020-03-22,22,5524.714285714285,5560.0,92.66684216489736,59619106.0
IT01,Italy,Ancestral,2020-03-23,23,5650.571428571428,4789.0,94.77786246193341,59619106.0
IT01,Italy,Ancestral,2020-03-24,24,5639.571428571428,5249.0,94.59335785027417,59619106.0
IT01,Italy,Ancestral,2020-03-25,25,5556.285714285715,5210.0,93.19639436199722,59619106.0
IT01,Italy,Ancestral,2020-03-26,26,5507.285714285715,6203.0,92.37451018278796,59619106.0
IT01,Italy,Ancestral,2020-03-27,27,5401.714285714285,5909.0,90.60374514361698,59619106.0
IT01,Italy,Ancestral,2020-03-28,28,5230.857142857143,5974.0,87.73793325342957,59619106.0
IT01,Italy,Ancestral,2020-03-29,29,5169.714285714285,5217.0,86.71237515225883,59619106.0
IT01,Italy,Ancestral,2020-03-30,30,4950.428571428572,4050.0,83.03426373801331,59619106.0
IT01,Italy,Ancestral,2020-03-31,31,4761.285714285715,4053.0,79.8617428829898,59619106.0
IT01,Italy,Ancestral,2020-04-01,32,4594.285714285715,4782.0,77.06062741507252,59619106.0
IT01,Italy,Ancestral,2020-04-02,33,4465.571428571428,4668.0,74.90168384228083,59619106.0
IT01,Italy,Ancestral,2020-04-03,34,4401.142857142857,4585.0,73.82101397399111,59619106.0
IT01,Italy,Ancestral,2020-04-04,35,4256.285714285715,4805.0,71.39130389318007,59619106.0
IT01,Italy,Ancestral,2020-04-05,36,4121.142857142857,4316.0,69.12453294993819,59619106.0
IT01,Italy,Ancestral,2020-04-06,37,4054.8571428571427,3599.0,68.01271295240728,59619106.0
IT01,Italy,Ancestral,2020-04-07,38,3964.285714285714,3039.0,66.49354511095343,59619106.0
IT01,Italy,Ancestral,2020-04-08,39,3948.4285714285716,3836.0,66.22757093050961,59619106.0
IT01,Italy,Ancestral,2020-04-09,40,3916.4285714285716,4204.0,65.69083024204642,59619106.0
IT01,Italy,Ancestral,2020-04-10,41,3852.714285714286,3951.0,64.62214119269561,59619106.0
IT01,Italy,Ancestral,2020-04-11,42,3843.1428571428573,4694.0,64.4615982189142,59619106.0
IT01,Italy,Ancestral,2020-04-12,43,3676.1428571428573,4092.0,61.66048275099692,59619106.0
IT01,Italy,Ancestral,2020-04-13,44,3616.4285714285716,3153.0,60.658886287704,59619106.0
IT01,Italy,Ancestral,2020-04-14,45,3551.0,2972.0,59.5614432728998,59619106.0
IT01,Italy,Ancestral,2020-04-15,46,3379.1428571428573,2667.0,56.67885823619793,59619106.0
IT01,Italy,Ancestral,2020-04-16,47,3229.8571428571427,3786.0,54.17486707796562,59619106.0
IT01,Italy,Ancestral,2020-04-17,48,3101.714285714286,3493.0,52.025508160325074,59619106.0
IT01,Italy,Ancestral,2020-04-18,49,3067.0,3491.0,51.44324035989403,59619106.0
IT01,Italy,Ancestral,2020-04-19,50,3167.4285714285716,3047.0,53.127743502704845,59619106.0
IT01,Italy,Ancestral,2020-04-20,51,3004.5714285714284,2256.0,50.39611678463324,59619106.0
IT01,Italy,Ancestral,2020-04-21,52,2937.1428571428573,2729.0,49.265127476800096,59619106.0
IT01,Italy,Ancestral,2020-04-22,53,2775.1428571428573,3370.0,46.54787774145519,59619106.0
IT01,Italy,Ancestral,2020-04-23,54,2671.8571428571427,2646.0,44.81545132288872,59619106.0
IT01,Italy,Ancestral,2020-04-24,55,2598.0,3021.0,43.57663464460537,59619106.0
IT01,Italy,Ancestral,2020-04-25,56,2506.8571428571427,2357.0,42.04788214800038,59619106.0
IT01,Italy,Ancestral,2020-04-26,57,2323.4285714285716,2324.0,38.97120784448816,59619106.0
IT01,Italy,Ancestral,2020-04-27,58,2212.8571428571427,1739.0,37.11657707274481,59619106.0
IT01,Italy,Ancestral,2020-04-28,59,2062.0,2091.0,34.58622811284691,59619106.0
IT01,Italy,Ancestral,2020-04-29,60,1996.7142857142858,2086.0,33.49118126183049,59619106.0
IT01,Italy,Ancestral,2020-04-30,61,1863.142857142857,1872.0,31.250768120254218,59619106.0
IT01,Italy,Ancestral,2020-05-01,62,1789.142857142857,1965.0,30.00955527818309,59619106.0
IT01,Italy,Ancestral,2020-05-02,63,1644.0,1900.0,27.575052869796473,59619106.0
IT01,Italy,Ancestral,2020-05-03,64,1552.2857142857142,1389.0,26.03671571804036,59619106.0
IT01,Italy,Ancestral,2020-05-04,65,1485.0,1221.0,24.908122573994987,59619106.0
IT01,Italy,Ancestral,2020-05-05,66,1393.857142857143,1075.0,23.379370077390004,59619106.0
IT01,Italy,Ancestral,2020-05-06,67,1277.142857142857,1444.0,21.42170426277202,59619106.0
IT01,Italy,Ancestral,2020-05-07,68,1193.2857142857142,1401.0,20.015156119343928,59619106.0
IT01,Italy,Ancestral,2020-05-08,69,1125.142857142857,1327.0,18.872185992571865,59619106.0
IT01,Italy,Ancestral,2020-05-09,70,1171.857142857143,1083.0,19.65573155117661,59619106.0
IT01,Italy,Ancestral,2020-05-10,71,1092.4285714285713,802.0,18.323464485169758,59619106.0
IT01,Italy,Ancestral,2020-05-11,72,1034.0,744.0,17.343433495966877,59619106.0
IT01,Italy,Ancestral,2020-05-12,73,957.1428571428571,1402.0,16.054297378140106,59619106.0
IT01,Italy,Ancestral,2020-05-13,74,927.4285714285714,888.0,15.55589531028143,59619106.0
IT01,Italy,Ancestral,2020-05-14,75,909.2857142857143,992.0,15.251582509233103,59619106.0
IT01,Italy,Ancestral,2020-05-15,76,867.4285714285714,789.0,14.549506519412946,59619106.0
IT01,Italy,Ancestral,2020-05-16,77,783.2857142857143,875.0,13.138166048409285,59619106.0
IT01,Italy,Ancestral,2020-05-17,78,751.4285714285714,675.0,12.603821523733876,59619106.0
IT01,Italy,Ancestral,2020-05-18,79,701.4285714285714,451.0,11.765164198010138,59619106.0
IT01,Italy,Ancestral,2020-05-19,80,681.8571428571429,813.0,11.436889759083991,59619106.0
IT01,Italy,Ancestral,2020-05-20,81,652.4285714285714,665.0,10.943280018800877,59619106.0
IT01,Italy,Ancestral,2020-05-21,82,631.8571428571429,642.0,10.598232433360254,59619106.0
IT01,Italy,Ancestral,2020-05-22,83,610.2857142857143,652.0,10.236411701405155,59619106.0
IT01,Italy,Ancestral,2020-05-23,84,550.8571428571429,669.0,9.239607565687798,59619106.0
IT01,Italy,Ancestral,2020-05-24,85,539.2857142857143,531.0,9.04551829887745,59619106.0
IT01,Italy,Ancestral,2020-05-25,86,532.2857142857143,300.0,8.928106273276125,59619106.0
IT01,Italy,Ancestral,2020-05-26,87,512.8571428571429,397.0,8.60222799813776,59619106.0
IT01,Italy,Ancestral,2020-05-27,88,476.7142857142857,584.0,7.9959985598288865,59619106.0
IT01,Italy,Ancestral,2020-05-28,89,448.42857142857144,593.0,7.52155812984803,59619106.0
IT01,Italy,Ancestral,2020-05-29,90,434.14285714285717,516.0,7.2819417510698194,59619106.0
IT01,Italy,Ancestral,2020-05-30,91,422.85714285714283,416.0,7.092644811835032,59619106.0
IT01,Italy,Ancestral,2020-05-31,92,385.2857142857143,333.0,6.462453735648339,59619106.0
IT01,Italy,Ancestral,2020-06-01,93,325.85714285714283,200.0,5.465649599930982,59619106.0
IT01,Italy,Ancestral,2020-06-02,94,326.14285714285717,318.0,5.470441927506547,59619106.0
IT01,Italy,Ancestral,2020-06-03,95,305.2857142857143,321.0,5.12060201449036,59619106.0
IT01,Italy,Ancestral,2020-06-04,96,285.85714285714283,177.0,4.794723739351993,59619106.0
IT01,Italy,Ancestral,2020-06-05,97,297.2857142857143,518.0,4.986416842374561,59619106.0
IT01,Italy,Ancestral,2020-06-06,98,292.2857142857143,270.0,4.902551109802188,59619106.0
IT01,Italy,Ancestral,2020-06-07,99,275.2857142857143,197.0,4.6174076190561175,59619106.0
IT01,Italy,Ancestral,2020-06-08,100,304.14285714285717,280.0,5.101432704188103,59619106.0
IT01,Italy,Ancestral,2020-06-09,101,253.42857142857142,283.0,4.250794559525455,59619106.0
IT01,Italy,Ancestral,2020-06-10,102,264.2857142857143,202.0,4.432903007396895,59619106.0
IT01,Italy,Ancestral,2020-06-11,103,284.42857142857144,379.0,4.770762101474173,59619106.0
IT01,Italy,Ancestral,2020-06-12,104,287.42857142857144,163.0,4.8210815410175965,59619106.0
IT01,Italy,Ancestral,2020-06-13,105,277.0,346.0,4.646161584509503,59619106.0
IT01,Italy,Ancestral,2020-06-14,106,295.0,338.0,4.948078221770047,59619106.0
IT01,Italy,Ancestral,2020-06-15,107,288.14285714285717,301.0,4.833062359956507,59619106.0
IT01,Italy,Ancestral,2020-06-16,108,264.85714285714283,210.0,4.442487662548023,59619106.0
IT01,Italy,Ancestral,2020-06-17,109,253.14285714285714,328.0,4.246002231949891,59619106.0
IT01,Italy,Ancestral,2020-06-18,110,236.85714285714286,331.0,3.972839560142731,59619106.0
IT01,Italy,Ancestral,2020-06-19,111,225.42857142857142,0.0,3.7811464571201627,59619106.0
IT01,Italy,Ancestral,2020-06-20,112,211.57142857142858,264.0,3.5487185697052985,59619106.0
IT01,Italy,Ancestral,2020-06-21,113,247.14285714285714,224.0,4.1453633528630425,59619106.0
IT01,Italy,Ancestral,2020-06-22,114,242.14285714285714,221.0,4.061497620290669,59619106.0
IT01,Italy,Ancestral,2020-06-23,115,278.57142857142856,113.0,4.6725193861751055,59619106.0
IT01,Italy,Ancestral,2020-06-24,116,265.85714285714283,577.0,4.459260809062497,59619106.0
IT01,Italy,Ancestral,2020-06-25,117,258.7142857142857,296.0,4.339452619673394,59619106.0
IT01,Italy,Ancestral,2020-06-26,118,245.14285714285714,255.0,4.1118170598340935,59619106.0
IT01,Italy,Ancestral,2020-06-27,119,249.28571428571428,175.0,4.181305809679774,59619106.0
IT01,Italy,Ancestral,2020-06-28,120,192.85714285714286,174.0,3.2348211135058427,59619106.0
IT01,Italy,Ancestral,2020-06-29,121,179.28571428571428,126.0,3.007185553666542,59619106.0
IT01,Italy,Ancestral,2020-06-30,122,174.71428571428572,142.0,2.9305083124575155,59619106.0
IT02,Italy,Ancestral,2020-08-05,0,324.42857142857144,384.0,5.441687962053162,59619106.0
IT02,Italy,Ancestral,2020-08-06,1,356.57142857142856,401.0,5.980824814304135,59619106.0
IT02,Italy,Ancestral,2020-08-07,2,370.85714285714283,552.0,6.220441193082346,59619106.0
IT02,Italy,Ancestral,2020-08-08,3,402.57142857142856,347.0,6.752389553969974,59619106.0
IT02,Italy,Ancestral,2020-08-09,4,415.7142857142857,463.0,6.972836622445928,59619106.0
IT02,Italy,Ancestral,2020-08-10,5,433.0,259.0,7.262772440767562,59619106.0
IT02,Italy,Ancestral,2020-08-11,6,436.14285714285717,412.0,7.315488044098769,59619106.0
IT02,Italy,Ancestral,2020-08-12,7,476.42857142857144,476.0,7.991206232253322,59619106.0
IT02,Italy,Ancestral,2020-08-13,8,478.42857142857144,522.0,8.024752525282272,59619106.0
IT02,Italy,Ancestral,2020-08-14,9,487.14285714285717,574.0,8.17091851633698,59619106.0
IT02,Italy,Ancestral,2020-08-15,10,485.57142857142856,629.0,8.144560714671377,59619106.0
IT02,Italy,Ancestral,2020-08-16,11,509.2857142857143,477.0,8.542323903443206,59619106.0
IT02,Italy,Ancestral,2020-08-17,12,554.7142857142857,320.0,9.304303987957915,59619106.0
IT02,Italy,Ancestral,2020-08-18,13,608.0,401.0,10.19807308080064,59619106.0
IT02,Italy,Ancestral,2020-08-19,14,671.1428571428571,642.0,11.257177475000333,59619106.0
IT02,Italy,Ancestral,2020-08-20,15,775.7142857142857,840.0,13.011169367656834,59619106.0
IT02,Italy,Ancestral,2020-08-21,16,866.1428571428571,947.0,14.527941045322907,59619106.0
IT02,Italy,Ancestral,2020-08-22,17,934.0,1071.0,15.666118844519406,59619106.0
IT02,Italy,Ancestral,2020-08-23,18,1037.4285714285713,1209.0,17.400941426873647,59619106.0
IT02,Italy,Ancestral,2020-08-24,19,1118.7142857142858,953.0,18.76435862212167,59619106.0
IT02,Italy,Ancestral,2020-08-25,20,1192.0,876.0,19.99359064525389,59619106.0
IT02,Italy,Ancestral,2020-08-26,21,1245.2857142857142,1366.0,20.887359738096613,59619106.0
IT02,Italy,Ancestral,2020-08-27,22,1267.5714285714287,1409.0,21.261161288990625,59619106.0
IT02,Italy,Ancestral,2020-08-28,23,1273.7142857142858,1460.0,21.364196331865255,59619106.0
IT02,Italy,Ancestral,2020-08-29,24,1287.857142857143,1444.0,21.60141654685568,59619106.0
IT02,Italy,Ancestral,2020-08-30,25,1282.142857142857,1365.0,21.505569995344395,59619106.0
IT02,Italy,Ancestral,2020-08-31,26,1280.4285714285713,996.0,21.476816029891012,59619106.0
IT02,Italy,Ancestral,2020-09-01,27,1319.2857142857142,975.0,22.12857258016774,59619106.0
IT02,Italy,Ancestral,2020-09-02,28,1355.0,1326.0,22.72761352711327,59619106.0
IT02,Italy,Ancestral,2020-09-03,29,1345.142857142857,1397.0,22.562278225756305,59619106.0
IT02,Italy,Ancestral,2020-09-04,30,1367.142857142857,1732.0,22.931287449074752,59619106.0
IT02,Italy,Ancestral,2020-09-05,31,1423.4285714285713,1694.0,23.8753759814609,59619106.0
IT02,Italy,Ancestral,2020-09-06,32,1438.2857142857142,1296.0,24.12457701539024,59619106.0
IT02,Italy,Ancestral,2020-09-07,33,1466.857142857143,1150.0,24.603809772946658,59619106.0
IT02,Italy,Ancestral,2020-09-08,34,1450.2857142857142,1369.0,24.325854773563936,59619106.0
IT02,Italy,Ancestral,2020-09-09,35,1422.7142857142858,1430.0,23.86339516252199,59619106.0
IT02,Italy,Ancestral,2020-09-10,36,1445.5714285714287,1597.0,24.246781368567127,59619106.0
IT02,Italy,Ancestral,2020-09-11,37,1425.2857142857142,1616.0,23.906526110702067,59619106.0
IT02,Italy,Ancestral,2020-09-12,38,1405.2857142857142,1501.0,23.57106318041257,59619106.0
IT02,Italy,Ancestral,2020-09-13,39,1408.4285714285713,1456.0,23.623778783743777,59619106.0
IT02,Italy,Ancestral,2020-09-14,40,1406.4285714285713,1008.0,23.590232490714826,59619106.0
IT02,Italy,Ancestral,2020-09-15,41,1448.0,1229.0,24.287516152959423,59619106.0
IT02,Italy,Ancestral,2020-09-16,42,1467.4285714285713,1452.0,24.613394428097788,59619106.0
IT02,Italy,Ancestral,2020-09-17,43,1486.142857142857,1583.0,24.927291884297244,59619106.0
IT02,Italy,Ancestral,2020-09-18,44,1535.0,1907.0,25.746779899718724,59619106.0
IT02,Italy,Ancestral,2020-09-19,45,1558.142857142857,1637.0,26.134958433339424,59619106.0
IT02,Italy,Ancestral,2020-09-20,46,1585.0,1587.0,26.58543722544246,59619106.0
IT02,Italy,Ancestral,2020-09-21,47,1614.0,1350.0,27.071858474362227,59619106.0
IT02,Italy,Ancestral,2020-09-22,48,1614.7142857142858,1391.0,27.08383929330114,59619106.0
IT02,Italy,Ancestral,2020-09-23,49,1647.857142857143,1640.0,27.63974929206659,59619106.0
IT02,Italy,Ancestral,2020-09-24,50,1673.4285714285713,1786.0,28.068662610079585,59619106.0
IT02,Italy,Ancestral,2020-09-25,51,1694.0,1912.0,28.413710195520206,59619106.0
IT02,Italy,Ancestral,2020-09-26,52,1730.5714285714287,1869.0,29.027128125192426,59619106.0
IT02,Italy,Ancestral,2020-09-27,53,1760.5714285714287,1766.0,29.530322520626672,59619106.0
IT02,Italy,Ancestral,2020-09-28,54,1869.4285714285713,1494.0,31.356199326916627,59619106.0
IT02,Italy,Ancestral,2020-09-29,55,1953.2857142857142,1647.0,32.76274747034473,59619106.0
IT02,Italy,Ancestral,2020-09-30,56,2092.4285714285716,1850.0,35.096610999644504,59619106.0
IT02,Italy,Ancestral,2020-10-01,57,2208.4285714285716,2548.0,37.04229599532357,59619106.0
IT02,Italy,Ancestral,2020-10-02,58,2317.4285714285716,2499.0,38.87056896540132,59619106.0
IT02,Italy,Ancestral,2020-10-03,59,2464.5714285714284,2843.0,41.33861766681688,59619106.0
IT02,Italy,Ancestral,2020-10-04,60,2725.5714285714284,2578.0,45.71640890709479,59619106.0
IT02,Italy,Ancestral,2020-10-05,61,2998.4285714285716,2257.0,50.29308174175861,59619106.0
IT02,Italy,Ancestral,2020-10-06,62,3408.8571428571427,2677.0,57.1772603040566,59619106.0
IT02,Italy,Ancestral,2020-10-07,63,3820.4285714285716,3677.0,64.08060817665685,59619106.0
IT02,Italy,Ancestral,2020-10-08,64,4231.571428571428,4458.0,70.97676755789374,59619106.0
IT02,Italy,Ancestral,2020-10-09,65,4569.0,5372.0,76.63650642463509,59619106.0
IT02,Italy,Ancestral,2020-10-10,66,5029.142857142857,5724.0,84.35454998508123,59619106.0
IT02,Italy,Ancestral,2020-10-11,67,5551.285714285715,5456.0,93.11252862942484,59619106.0
IT02,Italy,Ancestral,2020-10-12,68,6172.0,4619.0,103.5238602873381,59619106.0
IT02,Italy,Ancestral,2020-10-13,69,6834.428571428572,5898.0,114.63487177128371,59619106.0
IT02,Italy,Ancestral,2020-10-14,70,7577.428571428572,7332.0,127.09731963153844,59619106.0
IT02,Italy,Ancestral,2020-10-15,71,8470.142857142857,8803.0,142.0709471413888,59619106.0
IT02,Italy,Ancestral,2020-10-16,72,9144.142857142857,10009.0,153.3760478921448,59619106.0
IT02,Italy,Ancestral,2020-10-17,73,9854.57142857143,10925.0,165.2921704087852,59619106.0
IT02,Italy,Ancestral,2020-10-18,74,10978.42857142857,11705.0,184.14279092726701,59619106.0
IT02,Italy,Ancestral,2020-10-19,75,12017.714285714286,9337.0,201.57488248338186,59619106.0
IT02,Italy,Ancestral,2020-10-20,76,13322.57142857143,10871.0,223.4614425209836,59619106.0
IT02,Italy,Ancestral,2020-10-21,77,14567.57142857143,15199.0,244.34400993150464,59619106.0
IT02,Italy,Ancestral,2020-10-22,78,15934.42857142857,16078.0,267.27050505300383,59619106.0
IT02,Italy,Ancestral,2020-10-23,79,17030.14285714286,19143.0,285.6490813052926,59619106.0
IT02,Italy,Ancestral,2020-10-24,80,18618.428571428572,19640.0,312.28963029785405,59619106.0
IT02,Italy,Ancestral,2020-10-25,81,20016.85714285714,21273.0,335.74567761645307,59619106.0
IT02,Italy,Ancestral,2020-10-26,82,21552.714285714286,17007.0,361.50683449889846,59619106.0
IT02,Italy,Ancestral,2020-10-27,83,23257.85714285714,21989.0,390.1074454698657,59619106.0
IT02,Italy,Ancestral,2020-10-28,84,24988.714285714286,24988.0,419.13936592263366,59619106.0
IT02,Italy,Ancestral,2020-10-29,85,26221.85714285714,26829.0,439.8230517387688,59619106.0
IT02,Italy,Ancestral,2020-10-30,86,26971.285714285714,31079.0,452.3933269694737,59619106.0
IT02,Italy,Ancestral,2020-10-31,87,27864.428571428572,31756.0,467.3741429706875,59619106.0
IT02,Italy,Ancestral,2020-11-01,88,28658.714285714286,29905.0,480.69681363075597,59619106.0
IT02,Italy,Ancestral,2020-11-02,89,29754.85714285714,22253.0,499.082578374408,59619106.0
IT02,Italy,Ancestral,2020-11-03,90,30715.285714285714,28241.0,515.1919875196672,59619106.0
IT02,Italy,Ancestral,2020-11-04,91,31865.714285714286,30548.0,534.4882945026765,59619106.0
IT02,Italy,Ancestral,2020-11-05,92,32252.714285714286,34502.0,540.9795022037781,59619106.0
IT02,Italy,Ancestral,2020-11-06,93,32683.571428571428,37802.0,548.206332187729,59619106.0
IT02,Italy,Ancestral,2020-11-07,94,33662.0,39809.0,564.6176579702487,59619106.0
IT02,Italy,Ancestral,2020-11-08,95,34006.71428571428,32614.0,570.3996011901669,59619106.0
IT02,Italy,Ancestral,2020-11-09,96,34503.142857142855,25269.0,578.7262703527097,59619106.0
IT02,Italy,Ancestral,2020-11-10,97,34946.0,35090.0,586.1543780948343,59619106.0
IT02,Italy,Ancestral,2020-11-11,98,34580.28571428572,32961.0,580.0201987981121,59619106.0
IT02,Italy,Ancestral,2020-11-12,99,34775.0,37977.0,583.286170040859,59619106.0
IT02,Italy,Ancestral,2020-11-13,100,35072.57142857143,40902.0,588.2773792108092,59619106.0
IT02,Italy,Ancestral,2020-11-14,101,34658.42857142857,37249.0,581.3309003900289,59619106.0
IT02,Italy,Ancestral,2020-11-15,102,34846.857142857145,33977.0,584.4914404261135,59619106.0
IT02,Italy,Ancestral,2020-11-16,103,34589.57142857143,27352.0,580.1759494443178,59619106.0
IT02,Italy,Ancestral,2020-11-17,104,34066.28571428572,32191.0,571.398801489672,59619106.0
IT02,Italy,Ancestral,2020-11-18,105,33711.28571428572,34280.0,565.4443344770335,59619106.0
IT02,Italy,Ancestral,2020-11-19,106,32905.57142857143,36176.0,551.9299707139425,59619106.0
IT02,Italy,Ancestral,2020-11-20,107,32273.428571428572,37239.0,541.3269459530067,59619106.0
IT02,Italy,Ancestral,2020-11-21,108,30992.85714285714,34764.0,519.8477337593278,59619106.0
IT02,Italy,Ancestral,2020-11-22,109,29788.85714285714,28337.0,499.6528653559002,59619106.0
IT02,Italy,Ancestral,2020-11-23,110,28763.85714285714,22927.0,482.4603901785636,59619106.0
IT02,Italy,Ancestral,2020-11-24,111,27492.85714285714,23227.0,461.14172095866616,59619106.0
IT02,Italy,Ancestral,2020-11-25,112,26285.85714285714,25852.0,440.89653311569515,59619106.0
IT02,Italy,Ancestral,2020-11-26,113,25187.14285714286,29001.0,422.46763742386304,59619106.0
IT02,Italy,Ancestral,2020-11-27,114,24251.285714285714,28342.0,406.77036845010247,59619106.0
IT02,Italy,Ancestral,2020-11-28,115,23697.0,26315.0,397.4732529535079,59619106.0
IT02,Italy,Ancestral,2020-11-29,116,22962.285714285714,20646.0,385.1497825929445,59619106.0
IT02,Italy,Ancestral,2020-11-30,117,22136.285714285714,16376.0,371.2951635719884,59619106.0
IT02,Italy,Ancestral,2020-12-01,118,21531.714285714286,19347.0,361.1545984220945,59619106.0
IT02,Italy,Ancestral,2020-12-02,119,20779.85714285714,20709.0,348.5435884069973,59619106.0
IT02,Italy,Ancestral,2020-12-03,120,20528.571428571428,23219.0,344.32873630428855,59619106.0
IT02,Italy,Ancestral,2020-12-04,121,20143.285714285714,24110.0,337.86628256864026,59619106.0
IT02,Italy,Ancestral,2020-12-05,122,19499.0,21052.0,327.05958388574294,59619106.0
IT02,Italy,Ancestral,2020-12-06,123,18362.714285714286,18887.0,308.0004971177241,59619106.0
IT02,Italy,Ancestral,2020-12-07,124,17474.0,13679.0,293.0939621939316,59619106.0
IT02,Italy,Ancestral,2020-12-08,125,16704.85714285714,14837.0,280.1930163605127,59619106.0
IT02,Italy,Ancestral,2020-12-09,126,16540.571428571428,12755.0,277.4374280045633,59619106.0
IT02,Italy,Ancestral,2020-12-10,127,16404.85714285714,16998.0,275.1610724061703,59619106.0
IT02,Italy,Ancestral,2020-12-11,128,16168.57142857143,18726.0,271.1978175011787,59619106.0
IT02,Italy,Ancestral,2020-12-12,129,16168.857142857143,19902.0,271.2026098287543,59619106.0
IT02,Italy,Ancestral,2020-12-13,130,16856.428571428572,17937.0,282.73534613934953,59619106.0
IT02,Italy,Ancestral,2020-12-14,131,17032.85714285714,12025.0,285.69460841726044,59619106.0
IT02,Italy,Ancestral,2020-12-15,132,16557.85714285714,14839.0,277.7273638228849,59619106.0
IT02,Italy,Ancestral,2020-12-16,133,16044.0,17568.0,269.1083626782327,59619106.0
IT02,Italy,Ancestral,2020-12-17,134,15639.0,18233.0,262.31523833987046,59619106.0
IT02,Italy,Ancestral,2020-12-18,135,15473.857142857143,15401.0,259.54527300119435,59619106.0
IT02,Italy,Ancestral,2020-12-19,136,15256.285714285714,16305.0,255.8959155524022,59619106.0
IT02,Italy,Ancestral,2020-12-20,137,14733.42857142857,15102.0,247.12595608911965,59619106.0
IT02,Italy,Ancestral,2020-12-21,138,14705.714285714286,10869.0,246.66110031428994,59619106.0
IT02,Italy,Ancestral,2020-12-22,139,15225.142857142857,13316.0,255.37355184666566,59619106.0
IT02,Italy,Ancestral,2020-12-23,140,14382.285714285714,13908.0,241.23618549875124,59619106.0
IT02,Italy,Ancestral,2020-12-24,141,13501.57142857143,18039.0,226.4638357470746,59619106.0
IT02,Italy,Ancestral,2020-12-25,142,13174.714285714286,19037.0,220.98141300062915,59619106.0
IT02,Italy,Ancestral,2020-12-26,143,12873.857142857143,10405.0,215.93509206356,59619106.0
IT02,Italy,Ancestral,2020-12-27,144,13201.57142857143,8937.0,221.4318917927322,59619106.0
IT02,Italy,Ancestral,2020-12-28,145,13978.42857142857,8581.0,234.46223047069122,59619106.0
IT02,Italy,Ancestral,2020-12-29,146,14431.714285714286,11210.0,242.0652581693239,59619106.0
IT02,Italy,Ancestral,2020-12-30,147,14634.57142857143,16202.0,245.46781074797448,59619106.0
IT02,Italy,Ancestral,2020-12-31,148,15392.857142857143,23477.0,258.1866481335219,59619106.0
IT02,Italy,Ancestral,2021-01-01,149,15709.57142857143,22210.0,263.4989432510348,59619106.0
IT02,Italy,Ancestral,2021-01-02,150,16304.57142857143,11825.0,273.47896542714733,59619106.0
IT02,Italy,Ancestral,2021-01-03,151,16893.714285714286,14245.0,283.36074488796066,59619106.0
IT02,Italy,Ancestral,2021-01-04,152,16170.714285714286,10798.0,271.23375995799546,59619106.0
IT02,Italy,Ancestral,2021-01-05,153,15502.0,15375.0,260.0173172673874,59619106.0
IT02,Italy,Ancestral,2021-01-06,154,16666.428571428572,20326.0,279.54844830159936,59619106.0
IT02,Italy,Ancestral,2021-01-07,155,17292.14285714286,18416.0,290.043645692085,59619106.0
IT02,Italy,Ancestral,2021-01-08,156,17539.571428571428,17529.0,294.1938013725236,59619106.0
IT02,Italy,Ancestral,2021-01-09,157,17377.714285714286,19976.0,291.47894780096647,59619106.0
IT02,Italy,Ancestral,2021-01-10,158,16727.285714285714,18625.0,280.5692140751945,59619106.0
IT02,Italy,Ancestral,2021-01-11,159,16559.714285714286,12530.0,277.7585139521261,59619106.0
IT02,Italy,Ancestral,2021-01-12,160,16361.857142857143,14242.0,274.4398271060479,59619106.0
IT02,Italy,Ancestral,2021-01-13,161,15838.142857142857,15773.0,265.6554906600387,59619106.0
IT02,Italy,Ancestral,2021-01-14,162,14969.42857142857,17243.0,251.08441866653567,59619106.0
IT02,Italy,Ancestral,2021-01-15,163,14440.142857142857,16144.0,242.206631832803,59619106.0
IT02,Italy,Ancestral,2021-01-16,164,13905.0,16310.0,233.23060228377125,59619106.0
IT02,Italy,Ancestral,2021-01-17,165,13590.0,12544.0,227.94706113171168,59619106.0
IT02,Italy,Ancestral,2021-01-18,166,13134.57142857143,8825.0,220.30809097626238,59619106.0
IT02,Italy,Ancestral,2021-01-19,167,12775.857142857143,10496.0,214.29132370514148,59619106.0
IT02,Italy,Ancestral,2021-01-20,168,12350.285714285714,13568.0,207.15315178133858,59619106.0
IT02,Italy,Ancestral,2021-01-21,169,12219.42857142857,14055.0,204.95826575173018,59619106.0
IT02,Italy,Ancestral,2021-01-22,170,12181.42857142857,13633.0,204.32088618418013,59619106.0
IT02,Italy,Ancestral,2021-01-23,171,12194.0,13331.0,204.53174859750496,59619106.0
IT02,Italy,Ancestral,2021-01-24,172,12425.857142857143,11628.0,208.42072242507535,59619106.0
IT02,Italy,Ancestral,2021-01-25,173,12469.42857142857,8559.0,209.15155238034885,59619106.0
IT02,Italy,Ancestral,2021-01-26,174,12459.42857142857,10584.0,208.9838209152041,59619106.0
IT02,Italy,Ancestral,2021-01-27,175,12371.142857142857,15191.0,207.50299169435476,59619106.0
IT02,Italy,Ancestral,2021-01-28,176,12317.0,14360.0,206.59484561878534,59619106.0
IT02,Italy,Ancestral,2021-01-29,177,12226.42857142857,13563.0,205.0756777773315,59619106.0
IT02,Italy,Ancestral,2021-01-30,178,12093.142857142857,12713.0,202.8400569633308,59619106.0
IT02,Italy,Ancestral,2021-01-31,179,11806.142857142857,11249.0,198.02616391367653,59619106.0
IT02,Italy,Ancestral,2021-02-01,180,11705.57142857143,7925.0,196.33926460707798,59619106.0
IT03,Italy,Alpha,2021-02-02,0,11798.42857142857,9651.0,197.8967710691363,59619106.0
IT03,Italy,Alpha,2021-02-03,1,11902.142857142857,13182.0,199.63638597906612,59619106.0
IT03,Italy,Alpha,2021-02-04,2,11958.0,13656.0,200.57328602008894,59619106.0
IT03,Italy,Alpha,2021-02-05,3,11964.285714285714,14213.0,200.67871722675133,59619106.0
IT03,Italy,Alpha,2021-02-06,4,12101.57142857143,13439.0,202.98143062680995,59619106.0
IT03,Italy,Alpha,2021-02-07,5,12068.0,11640.0,202.41833213668113,59619106.0
IT03,Italy,Alpha,2021-02-08,6,12279.57142857143,7969.0,205.96705070638646,59619106.0
IT03,Italy,Alpha,2021-02-09,7,12233.857142857143,10612.0,205.2002782942962,59619106.0
IT03,Italy,Alpha,2021-02-10,8,12245.857142857143,12947.0,205.40155605246989,59619106.0
IT03,Italy,Alpha,2021-02-11,9,12163.0,15137.0,204.01178105555627,59619106.0
IT03,Italy,Alpha,2021-02-12,10,12073.714285714286,13893.0,202.51417868819243,59619106.0
IT03,Italy,Alpha,2021-02-13,11,12038.857142857143,13523.0,201.9295147239736,59619106.0
IT03,Italy,Alpha,2021-02-14,12,11913.0,11060.0,199.81849442693755,59619106.0
IT03,Italy,Alpha,2021-02-15,13,11715.57142857143,7344.0,196.5069960722227,59619106.0
IT03,Italy,Alpha,2021-02-16,14,11940.857142857143,10368.0,200.28574636555507,59619106.0
IT03,Italy,Alpha,2021-02-17,15,12139.57142857143,12066.0,203.61881019436,59619106.0
IT03,Italy,Alpha,2021-02-18,16,12481.0,13755.0,209.34564164715923,59619106.0
IT03,Italy,Alpha,2021-02-19,17,12805.714285714286,15470.0,214.79212193678796,59619106.0
IT03,Italy,Alpha,2021-02-20,18,13224.42857142857,14914.0,221.81527799877728,59619106.0
IT03,Italy,Alpha,2021-02-21,19,13843.857142857143,13450.0,232.20504418260052,59619106.0
IT03,Italy,Alpha,2021-02-22,20,14717.57142857143,9617.0,246.85998190867588,59619106.0
IT03,Italy,Alpha,2021-02-23,21,15434.42857142857,13299.0,258.8839317957665,59619106.0
IT03,Italy,Alpha,2021-02-24,22,16004.142857142857,16402.0,268.4398329814415,59619106.0
IT03,Italy,Alpha,2021-02-25,23,16574.14285714286,19871.0,278.0005264946921,59619106.0
IT03,Italy,Alpha,2021-02-26,24,17072.571428571428,20488.0,286.36074195026384,59619106.0
IT03,Italy,Alpha,2021-02-27,25,17610.285714285714,18902.0,295.37990244747573,59619106.0
IT03,Italy,Alpha,2021-02-28,26,18244.285714285714,17440.0,306.0140773376527,59619106.0
IT03,Italy,Alpha,2021-03-01,27,18669.14285714286,13106.0,313.1402684425167,59619106.0
IT03,Italy,Alpha,2021-03-02,28,19172.285714285714,17063.0,321.57955730308527,59619106.0
IT03,Italy,Alpha,2021-03-03,29,19848.14285714286,20840.0,332.91580818308245,59619106.0
IT03,Italy,Alpha,2021-03-04,30,20317.285714285714,22845.0,340.78481006215884,59619106.0
IT03,Italy,Alpha,2021-03-05,31,20428.14285714286,24010.0,342.64423316147776,59619106.0
IT03,Italy,Alpha,2021-03-06,32,20808.428571428572,23633.0,349.0228211645537,59619106.0
IT03,Italy,Alpha,2021-03-07,33,21013.428571428572,20724.0,352.4613162000211,59619106.0
IT03,Italy,Alpha,2021-03-08,34,21414.0,13882.0,359.1801594609621,59619106.0
IT03,Italy,Alpha,2021-03-09,35,21811.14285714286,19725.0,365.84149479099636,59619106.0
IT03,Italy,Alpha,2021-03-10,36,22153.714285714286,22275.0,371.5874955540978,59619106.0
IT03,Italy,Alpha,2021-03-11,37,22236.571428571428,25649.0,372.97727055101143,59619106.0
IT03,Italy,Alpha,2021-03-12,38,22432.285714285714,26790.0,376.26001494027287,59619106.0
IT03,Italy,Alpha,2021-03-13,39,22525.285714285714,26031.0,377.81991756611905,59619106.0
IT03,Italy,Alpha,2021-03-14,40,22634.571428571428,21304.0,379.65298286377237,59619106.0
IT03,Italy,Alpha,2021-03-15,41,22527.714285714286,15252.0,377.8606523505114,59619106.0
IT03,Italy,Alpha,2021-03-16,42,22373.0,20376.0,375.2656069683433,59619106.0
IT03,Italy,Alpha,2021-03-17,43,22070.428571428572,23040.0,370.1905320658209,59619106.0
IT03,Italy,Alpha,2021-03-18,44,21890.571428571428,24901.0,367.17376185700317,59619106.0
IT03,Italy,Alpha,2021-03-19,45,23211.85714285714,25707.0,389.33588073019985,59619106.0
IT03,Italy,Alpha,2021-03-20,46,22978.0,23913.0,385.41336060960055,59619106.0
IT03,Italy,Alpha,2021-03-21,47,22721.714285714286,20045.0,381.11464277431946,59619106.0
IT03,Italy,Alpha,2021-03-22,48,22547.428571428572,24501.0,378.1913229532253,59619106.0
IT03,Italy,Alpha,2021-03-23,49,22314.428571428572,18739.0,374.2831798153527,59619106.0
IT03,Italy,Alpha,2021-03-24,50,22303.14285714286,21246.0,374.0938828761179,59619106.0
IT03,Italy,Alpha,2021-03-25,51,22240.14285714286,23681.0,373.037174645706,59619106.0
IT03,Italy,Alpha,2021-03-26,52,20582.85714285714,24076.0,345.23927854364575,59619106.0
IT03,Italy,Alpha,2021-03-27,53,20199.428571428572,23834.0,338.8079749372386,59619106.0
IT03,Italy,Alpha,2021-03-28,54,20576.714285714286,19604.0,345.1362435007712,59619106.0
IT03,Italy,Alpha,2021-03-29,55,20362.85714285714,12900.0,341.5491863104613,59619106.0
IT03,Italy,Alpha,2021-03-30,56,20054.428571428572,16055.0,336.37586869263976,59619106.0
IT03,Italy,Alpha,2021-03-31,57,19684.85714285714,23887.0,330.17699297364743,59619106.0
IT03,Italy,Alpha,2021-04-01,58,19458.14285714286,22184.0,326.3742810424373,59619106.0
IT03,Italy,Alpha,2021-04-02,59,19141.0,21917.0,321.054797433561,59619106.0
IT03,Italy,Alpha,2021-04-03,60,17956.428571428572,21247.0,301.1858073052718,59619106.0
IT03,Italy,Alpha,2021-04-04,61,16499.14285714286,18017.0,276.74254050610654,59619106.0
IT03,Italy,Alpha,2021-04-05,62,15788.42857142857,10680.0,264.8216256618905,59619106.0
IT03,Italy,Alpha,2021-04-06,63,15360.857142857143,7763.0,257.6499074450587,59619106.0
IT03,Italy,Alpha,2021-04-07,64,14832.857142857143,13686.0,248.79368608541606,59619106.0
IT03,Italy,Alpha,2021-04-08,65,14507.142857142857,17209.0,243.3304326492728,59619106.0
IT03,Italy,Alpha,2021-04-09,66,14378.57142857143,18924.0,241.17388524026893,59619106.0
IT03,Italy,Alpha,2021-04-10,67,15189.42857142857,17551.0,254.77451089972013,59619106.0
IT03,Italy,Alpha,2021-04-11,68,15542.857142857143,15737.0,260.7026201106931,59619106.0
IT03,Italy,Alpha,2021-04-12,69,15507.714285714286,9780.0,260.11316381889867,59619106.0
IT03,Italy,Alpha,2021-04-13,70,15079.0,13439.0,252.92227629176458,59619106.0
IT03,Italy,Alpha,2021-04-14,71,14766.57142857143,16160.0,247.68186608788514,59619106.0
IT03,Italy,Alpha,2021-04-15,72,14331.0,16963.0,240.37596269893749,59619106.0
IT03,Italy,Alpha,2021-04-16,73,14200.0,15923.0,238.17868050554128,59619106.0
IT03,Italy,Alpha,2021-04-17,74,14004.285714285714,15364.0,234.8959361162798,59619106.0
IT03,Italy,Alpha,2021-04-18,75,13672.285714285714,12688.0,229.32725147347418,59619106.0
IT03,Italy,Alpha,2021-04-19,76,13541.285714285714,8863.0,227.129969280078,59619106.0
IT03,Italy,Alpha,2021-04-20,77,13374.857142857143,12069.0,224.33843846731187,59619106.0
IT03,Italy,Alpha,2021-04-21,78,13153.42857142857,13836.0,220.62438459624957,59619106.0
IT03,Italy,Alpha,2021-04-22,79,13220.42857142857,16046.0,221.74818541271938,59619106.0
IT03,Italy,Alpha,2021-04-23,80,13160.0,14758.0,220.73460813048754,59619106.0
IT03,Italy,Alpha,2021-04-24,81,12921.285714285714,13814.0,216.73061844110367,59619106.0
IT03,Italy,Alpha,2021-04-25,82,12856.42857142857,13157.0,215.64276008145058,59619106.0
IT03,Italy,Alpha,2021-04-26,83,12609.0,8440.0,211.492604401012,59619106.0
IT03,Italy,Alpha,2021-04-27,84,12421.42857142857,10398.0,208.34644134765406,59619106.0
IT03,Italy,Alpha,2021-04-28,85,12300.0,13382.0,206.30970212803928,59619106.0
IT03,Italy,Alpha,2021-04-29,86,11726.857142857143,14314.0,196.6962930114575,59619106.0
IT03,Italy,Alpha,2021-04-30,87,11370.57142857143,13445.0,190.72026052472893,59619106.0
IT03,Italy,Alpha,2021-05-01,88,11187.0,12964.0,187.64119005742893,59619106.0
IT03,Italy,Alpha,2021-05-02,89,10786.57142857143,9145.0,180.9247429602757,59619106.0
IT03,Italy,Alpha,2021-05-03,90,10427.142857142857,5946.0,174.89599487021587,59619106.0
IT03,Italy,Alpha,2021-05-04,91,10013.42857142857,9113.0,167.95670454079888,59619106.0
IT03,Italy,Alpha,2021-05-05,92,9614.857142857143,10579.0,161.27140757288683,59619106.0
IT03,Italy,Alpha,2021-05-06,93,9492.57142857143,11798.0,159.22029137054537,59619106.0
IT03,Italy,Alpha,2021-05-07,94,9368.42857142857,10549.0,157.1380250389627,59619106.0
IT03,Italy,Alpha,2021-05-08,95,9058.42857142857,10174.0,151.93834961947553,59619106.0
IT03,Italy,Alpha,2021-05-09,96,8668.285714285714,8289.0,145.39442631504258,59619106.0
IT03,Italy,Alpha,2021-05-10,97,8137.428571428572,5077.0,136.4902816796443,59619106.0
IT03,Italy,Alpha,2021-05-11,98,7710.714285714285,6943.0,129.33294044553915,59619106.0
IT03,Italy,Alpha,2021-05-12,99,7207.571428571428,7848.0,120.89365158497057,59619106.0
IT03,Italy,Alpha,2021-05-13,100,6844.571428571428,8082.0,114.80499940021623,59619106.0
IT03,Italy,Alpha,2021-05-14,101,6612.714285714285,7562.0,110.91602557264588,59619106.0
IT03,Italy,Alpha,2021-05-15,102,6256.428571428572,6652.0,104.93999308591731,59619106.0
IT03,Italy,Alpha,2021-05-16,103,5921.0,5748.0,99.31380051220493,59619106.0
IT03,Italy,Alpha,2021-05-17,104,5585.857142857143,3454.0,93.69240026606812,59619106.0
IT03,Italy,Alpha,2021-05-18,105,5250.571428571428,4449.0,88.06860385614351,59619106.0
IT03,Italy,Alpha,2021-05-19,106,4973.714285714285,5500.0,83.42483843542178,59619106.0
IT03,Italy,Alpha,2021-05-20,107,4723.0,5736.0,79.2195709878642,59619106.0
IT03,Italy,Alpha,2021-05-21,108,4585.142857142857,5215.0,76.90727293265445,59619106.0
IT03,Italy,Alpha,2021-05-22,109,4409.571428571428,4714.0,73.96238763747026,59619106.0
IT03,Italy,Alpha,2021-05-23,110,4186.0,3993.0,70.21239130959125,59619106.0
IT03,Italy,Alpha,2021-05-24,111,3958.4285714285716,2489.0,66.39530239565437,59619106.0
IT03,Italy,Alpha,2021-05-25,112,3747.285714285714,3220.0,62.85377231731241,59619106.0
IT03,Italy,Alpha,2021-05-26,113,3552.1428571428573,3935.0,59.580612583202054,59619106.0
IT03,Italy,Alpha,2021-05-27,114,3402.8571428571427,4143.0,57.07662142496975,59619106.0
IT03,Italy,Alpha,2021-05-28,115,3307.0,3737.0,55.468795523367966,59619106.0
IT03,Italy,Alpha,2021-05-29,116,3201.714285714286,3348.0,53.70282281177255,59619106.0
IT03,Italy,Alpha,2021-05-30,117,3053.285714285714,2948.0,51.21320863626694,59619106.0
IT03,Italy,Alpha,2021-05-31,118,2741.8571428571427,1818.0,45.98957157890195,59619106.0
IT03,Italy,Alpha,2021-06-01,119,2573.1428571428573,2483.0,43.15970214553129,59619106.0
IT03,Italy,Alpha,2021-06-02,120,2442.5714285714284,2896.0,40.96960844349844,59619106.0
IT03,Italy,Alpha,2021-06-03,121,2346.4285714285716,1963.0,39.35699021432109,59619106.0
IT03,Italy,Alpha,2021-06-04,122,2268.1428571428573,2556.0,38.04389245861649,59619106.0
IT03,Italy,Alpha,2021-06-05,123,2184.0,2434.0,36.63255198761283,59619106.0
IT03,Italy,Alpha,2021-06-06,124,2084.285714285714,2275.0,34.96002966374092,59619106.0
IT03,Italy,Alpha,2021-06-07,125,2100.714285714286,1270.0,35.23558849933586,59619106.0
IT03,Italy,Alpha,2021-06-08,126,2005.857142857143,1894.0,33.64453574424854,59619106.0
IT03,Italy,Alpha,2021-06-09,127,1904.142857142857,2198.0,31.938467127347685,59619106.0
IT03,Italy,Alpha,2021-06-10,128,1777.7142857142858,2078.0,29.81786217516052,59619106.0
IT03,Italy,Alpha,2021-06-11,129,1725.857142857143,1892.0,28.948054720195618,59619106.0
IT03,Italy,Alpha,2021-06-12,130,1634.2857142857142,1722.0,27.412113732227287,59619106.0
IT03,Italy,Alpha,2021-06-13,131,1520.2857142857142,1390.0,25.499975029577165,59619106.0
IT03,Italy,Alpha,2021-06-14,132,1412.4285714285713,907.0,23.690871369801677,59619106.0
IT03,Italy,Alpha,2021-06-15,133,1306.0,1253.0,21.90572934790401,59619106.0
IT03,Italy,Alpha,2021-06-16,134,1230.4285714285713,1400.0,20.638158704167274,59619106.0
IT03,Italy,Alpha,2021-06-17,135,1157.7142857142858,1323.0,19.418511336186185,59619106.0
IT03,Italy,Alpha,2021-06-18,136,1097.2857142857142,1147.0,18.404934053954353,59619106.0
IT03,Italy,Alpha,2021-06-19,137,1037.4285714285713,1193.0,17.400941426873647,59619106.0
IT03,Italy,Alpha,2021-06-20,138,1000.2857142857143,881.0,16.777938842050304,59619106.0
IT03,Italy,Alpha,2021-06-21,139,849.2857142857143,484.0,14.245193718364618,59619106.0
IT03,Italy,Alpha,2021-06-22,140,792.7142857142857,834.0,13.296312858402905,59619106.0
IT03,Italy,Alpha,2021-06-23,141,742.0,1140.0,12.445674713740257,59619106.0
IT03,Italy,Alpha,2021-06-24,142,727.5714285714286,266.0,12.203662171174264,59619106.0
IT03,Italy,Alpha,2021-06-25,143,713.7142857142857,751.0,11.971234283759397,59619106.0
IT03,Italy,Alpha,2021-06-26,144,691.2857142857143,838.0,11.59503656907761,59619106.0
IT03,Italy,Alpha,2021-06-27,145,639.2857142857143,780.0,10.722832950324923,59619106.0
IT04,Italy,Delta,2021-06-28,0,726.8571428571429,387.0,12.191681352235353,59619106.0
IT04,Italy,Delta,2021-06-29,1,733.0,677.0,12.294716395109983,59619106.0
IT04,Italy,Delta,2021-06-30,2,746.0,776.0,12.512767299798154,59619106.0
IT04,Italy,Delta,2021-07-01,3,749.7142857142857,879.0,12.57506755828049,59619106.0
IT04,Italy,Delta,2021-07-02,4,763.0,794.0,12.797910790544226,59619106.0
IT04,Italy,Delta,2021-07-03,5,795.8571428571429,929.0,13.349028461734111,59619106.0
IT04,Italy,Delta,2021-07-04,6,829.2857142857143,806.0,13.909730788075125,59619106.0
IT04,Italy,Delta,2021-07-05,7,902.4285714285714,480.0,15.13656664741956,59619106.0
IT04,Italy,Delta,2021-07-06,8,987.0,907.0,16.555095609786566,59619106.0
IT04,Italy,Delta,2021-07-07,9,1053.4285714285713,1010.0,17.669311771105246,59619106.0
IT04,Italy,Delta,2021-07-08,10,1137.0,1391.0,19.071067586957778,59619106.0
IT04,Italy,Delta,2021-07-09,11,1195.142857142857,1386.0,20.046306248585097,59619106.0
IT04,Italy,Delta,2021-07-10,12,1284.142857142857,1394.0,21.539116288373346,59619106.0
IT04,Italy,Delta,2021-07-11,13,1447.4285714285713,1391.0,24.277931497808293,59619106.0
IT04,Italy,Delta,2021-07-12,14,1602.0,887.0,26.87058071618853,59619106.0
IT04,Italy,Delta,2021-07-13,15,1817.5714285714287,1530.0,30.48639187195173,59619106.0
IT04,Italy,Delta,2021-07-14,16,2063.8571428571427,2153.0,34.61737824208808,59619106.0
IT04,Italy,Delta,2021-07-15,17,2311.714285714286,2473.0,38.77472241389003,59619106.0
IT04,Italy,Delta,2021-07-16,18,2480.714285714286,2895.0,41.609384174836265,59619106.0
IT04,Italy,Delta,2021-07-17,19,2770.0,3118.0,46.461615845095025,59619106.0
IT04,Italy,Delta,2021-07-18,20,3070.1428571428573,3126.0,51.495955963225235,59619106.0
IT04,Italy,Delta,2021-07-19,21,3439.1428571428573,2070.0,57.68524702706641,59619106.0
IT04,Italy,Delta,2021-07-20,22,3760.1428571428573,3555.0,63.06942705821281,59619106.0
IT04,Italy,Delta,2021-07-21,23,4048.714285714286,4254.0,67.90967790953266,59619106.0
IT04,Italy,Delta,2021-07-22,24,4279.571428571428,5056.0,71.78187859058853,59619106.0
IT04,Italy,Delta,2021-07-23,25,4428.857142857143,5142.0,74.28586974882084,59619106.0
IT04,Italy,Delta,2021-07-24,26,4566.142857142857,5138.0,76.58858314887944,59619106.0
IT04,Italy,Delta,2021-07-25,27,4771.714285714285,4742.0,80.03666283949788,59619106.0
IT04,Italy,Delta,2021-07-26,28,4930.428571428572,3115.0,82.69880080772381,59619106.0
IT04,Italy,Delta,2021-07-27,29,5140.571428571428,4516.0,86.22355773955128,59619106.0
IT04,Italy,Delta,2021-07-28,30,5336.428571428572,5693.0,89.50869829260056,59619106.0
IT04,Italy,Delta,2021-07-29,31,5419.0,6167.0,90.89368096193861,59619106.0
IT04,Italy,Delta,2021-07-30,32,5429.0,6613.0,91.06141242708335,59619106.0
IT04,Italy,Delta,2021-07-31,33,5475.428571428572,6509.0,91.84016565811254,59619106.0
IT04,Italy,Delta,2021-08-01,34,5603.571428571428,5320.0,93.98952457575308,59619106.0
IT04,Italy,Delta,2021-08-02,35,5754.571428571428,3185.0,96.52226969943878,59619106.0
IT04,Italy,Delta,2021-08-03,36,5752.571428571428,4841.0,96.48872340640982,59619106.0
IT04,Italy,Delta,2021-08-04,37,5808.0,6590.0,97.41843495606929,59619106.0
IT04,Italy,Delta,2021-08-05,38,5867.0,7224.0,98.4080506004233,59619106.0
IT04,Italy,Delta,2021-08-06,39,6012.0,6599.0,100.84015684502214,59619106.0
IT04,Italy,Delta,2021-08-07,40,6123.857142857143,6897.0,102.71635309085553,59619106.0
IT04,Italy,Delta,2021-08-08,41,6171.142857142857,5733.0,103.5094833046114,59619106.0
IT04,Italy,Delta,2021-08-09,42,6177.285714285715,4200.0,103.61251834748603,59619106.0
IT04,Italy,Delta,2021-08-10,43,6291.428571428572,5624.0,105.52705321392394,59619106.0
IT04,Italy,Delta,2021-08-11,44,6332.0,6921.0,106.20756372965404,59619106.0
IT04,Italy,Delta,2021-08-12,45,6321.714285714285,7267.0,106.03503993693373,59619106.0
IT04,Italy,Delta,2021-08-13,46,6245.857142857143,7398.0,104.76267696562144,59619106.0
IT04,Italy,Delta,2021-08-14,47,6195.0,7181.0,103.909642657171,59619106.0
IT04,Italy,Delta,2021-08-15,48,6229.0,5661.0,104.47992963866315,59619106.0
IT04,Italy,Delta,2021-08-16,49,6225.142857142857,3669.0,104.41523321639302,59619106.0
IT04,Italy,Delta,2021-08-17,50,6199.714285714285,5268.0,103.98871606216781,59619106.0
IT04,Italy,Delta,2021-08-18,51,6240.428571428572,7159.0,104.67162274168572,59619106.0
IT04,Italy,Delta,2021-08-19,52,6277.714285714285,7240.0,105.29702149029684,59619106.0
IT04,Italy,Delta,2021-08-20,53,6348.714285714285,7220.0,106.48791489282455,59619106.0
IT04,Italy,Delta,2021-08-21,54,6464.428571428572,7466.0,108.42880756092806,59619106.0
IT04,Italy,Delta,2021-08-22,55,6518.714285714285,5922.0,109.33934980028526,59619106.0
IT04,Italy,Delta,2021-08-23,56,6515.142857142857,4166.0,109.2794457055907,59619106.0
IT04,Italy,Delta,2021-08-24,57,6601.285714285715,6078.0,110.72433246962332,59619106.0
IT04,Italy,Delta,2021-08-25,58,6514.428571428572,7539.0,109.2674648866518,59619106.0
IT04,Italy,Delta,2021-08-26,59,6519.0,7215.0,109.34414212786082,59619106.0
IT04,Italy,Delta,2021-08-27,60,6531.428571428572,7823.0,109.55260837739787,59619106.0
IT04,Italy,Delta,2021-08-28,61,6447.714285714285,6858.0,108.14845639775754,59619106.0
IT04,Italy,Delta,2021-08-29,62,6298.714285714285,5954.0,105.6492575671008,59619106.0
IT04,Italy,Delta,2021-08-30,63,6232.857142857143,4253.0,104.54462606093327,59619106.0
IT04,Italy,Delta,2021-08-31,64,6076.571428571428,5492.0,101.92322287709963,59619106.0
IT04,Italy,Delta,2021-09-01,65,5976.285714285715,6496.0,100.24111589807661,59619106.0
IT04,Italy,Delta,2021-09-02,66,5884.857142857143,6754.0,98.70757107389606,59619106.0
IT04,Italy,Delta,2021-09-03,67,5755.428571428572,6729.0,96.53664668216547,59619106.0
IT04,Italy,Delta,2021-09-04,68,5644.428571428572,6156.0,94.67482741905877,59619106.0
IT04,Italy,Delta,2021-09-05,69,5562.285714285715,5314.0,93.29703324108407,59619106.0
IT04,Italy,Delta,2021-09-06,70,5385.714285714285,3347.0,90.33537479938536,59619106.0
IT04,Italy,Delta,2021-09-07,71,5226.857142857143,4715.0,87.67084066737169,59619106.0
IT04,Italy,Delta,2021-09-08,72,5089.0,5921.0,85.35854261216194,59619106.0
IT04,Italy,Delta,2021-09-09,73,4996.142857142857,5518.0,83.80103615010357,59619106.0
IT04,Italy,Delta,2021-09-10,74,4916.857142857143,5617.0,82.47116524788451,59619106.0
IT04,Italy,Delta,2021-09-11,75,4816.0,5191.0,80.77947361371034,59619106.0
IT04,Italy,Delta,2021-09-12,76,4659.571428571428,4664.0,78.15567426608894,59619106.0
IT04,Italy,Delta,2021-09-13,77,4602.0,2792.0,77.19002025961275,59619106.0
IT04,Italy,Delta,2021-09-14,78,4448.714285714285,4009.0,74.61893651532255,59619106.0
IT04,Italy,Delta,2021-09-15,79,4360.857142857143,4826.0,73.14529578583655,59619106.0
IT04,Italy,Delta,2021-09-16,80,4242.571428571428,5115.0,71.16127216955297,59619106.0
IT04,Italy,Delta,2021-09-17,81,4187.285714285715,4544.0,70.2339567836813,59619106.0
IT04,Italy,Delta,2021-09-18,82,4096.571428571428,4576.0,68.71239277843966,59619106.0
IT04,Italy,Delta,2021-09-19,83,3973.285714285714,3836.0,66.6445034295837,59619106.0
IT04,Italy,Delta,2021-09-20,84,3821.5714285714284,2405.0,64.0997774869591,59619106.0
IT04,Italy,Delta,2021-09-21,85,3713.8571428571427,3374.0,62.293069990971404,59619106.0
IT04,Italy,Delta,2021-09-22,86,3562.8571428571427,3963.0,59.76032486728571,59619106.0
IT04,Italy,Delta,2021-09-23,87,3457.5714285714284,4053.0,57.9943521556903,59619106.0
IT04,Italy,Delta,2021-09-24,88,3367.285714285714,3790.0,56.47997664181201,59619106.0
IT04,Italy,Delta,2021-09-25,89,3308.4285714285716,3519.0,55.492757161245784,59619106.0
IT04,Italy,Delta,2021-09-26,90,3201.1428571428573,3099.0,53.693238156621426,59619106.0
IT04,Italy,Delta,2021-09-27,91,3207.0,1773.0,53.79148087192049,59619106.0
IT04,Italy,Delta,2021-09-28,92,3151.714285714286,2962.0,52.86416548604881,59619106.0
IT04,Italy,Delta,2021-09-29,93,3121.714285714286,3212.0,52.36097109061457,59619106.0
IT04,Italy,Delta,2021-09-30,94,3102.8571428571427,4094.0,52.044677470627335,59619106.0
IT04,Italy,Delta,2021-10-01,95,3079.8571428571427,3403.0,51.65889510079442,59619106.0
IT04,Italy,Delta,2021-10-02,96,3008.5714285714284,3309.0,50.46320937069114,59619106.0
IT04,Italy,Delta,2021-10-03,97,3011.4285714285716,2967.0,50.51113264644679,59619106.0
IT04,Italy,Delta,2021-10-04,98,2845.5714285714284,1612.0,47.72918648883176,59619106.0
IT04,Italy,Delta,2021-10-05,99,2790.4285714285716,2463.0,46.80426726674787,59619106.0
IT04,Italy,Delta,2021-10-06,100,2710.1428571428573,3232.0,45.45762321801433,59619106.0
IT04,Italy,Delta,2021-10-07,101,2611.714285714286,2933.0,43.806666368232456,59619106.0
IT04,Italy,Delta,2021-10-08,102,2598.0,3017.0,43.57663464460537,59619106.0
IT04,Italy,Delta,2021-10-09,103,2601.285714285714,2747.0,43.631746411724365,59619106.0
IT04,Italy,Delta,2021-10-10,104,2535.1428571428573,2278.0,42.52232257798125,59619106.0
IT04,Italy,Delta,2021-10-11,105,2497.0,1516.0,41.88254684664342,59619106.0
IT04,Italy,Delta,2021-10-12,106,2455.8571428571427,2486.0,41.19245167576218,59619106.0
IT05,Italy,Omicron BA.1,2021-10-13,0,2489.4285714285716,2769.0,41.75555016589097,59619106.0
IT05,Italy,Omicron BA.1,2021-10-14,1,2511.8571428571427,2666.0,42.13174788057276,59619106.0
IT05,Italy,Omicron BA.1,2021-10-15,2,2523.0,2729.0,42.31864865601976,59619106.0
IT05,Italy,Omicron BA.1,2021-10-16,3,2552.8571428571427,2982.0,42.81944688766622,59619106.0
IT05,Italy,Omicron BA.1,2021-10-17,4,2685.714285714286,2435.0,45.047879210303584,59619106.0
IT05,Italy,Omicron BA.1,2021-10-18,5,2846.4285714285716,1594.0,47.74356347155845,59619106.0
IT05,Italy,Omicron BA.1,2021-10-19,6,3010.714285714286,2695.0,50.49915182750787,59619106.0
IT05,Italy,Omicron BA.1,2021-10-20,7,3142.5714285714284,3699.0,52.71081100363076,59619106.0
IT05,Italy,Omicron BA.1,2021-10-21,8,3326.5714285714284,3791.0,55.79706996229411,59619106.0
IT05,Italy,Omicron BA.1,2021-10-22,9,3461.0,3879.0,58.051860086597074,59619106.0
IT05,Italy,Omicron BA.1,2021-10-23,10,3655.0,3905.0,61.30585051040517,59619106.0
IT05,Italy,Omicron BA.1,2021-10-24,11,3783.0,3723.0,63.45281326425794,59619106.0
IT05,Italy,Omicron BA.1,2021-10-25,12,3936.1428571428573,2535.0,66.02150084476035,59619106.0
IT05,Italy,Omicron BA.1,2021-10-26,13,4143.714285714285,4053.0,69.50312682840774,59619106.0
IT05,Italy,Omicron BA.1,2021-10-27,14,4282.571428571428,4595.0,71.83219803013196,59619106.0
IT05,Italy,Omicron BA.1,2021-10-28,15,4397.142857142857,4863.0,73.7539213879332,59619106.0
IT05,Italy,Omicron BA.1,2021-10-29,16,4437.571428571428,5332.0,74.43203573987554,59619106.0
IT05,Italy,Omicron BA.1,2021-10-30,17,4263.0,4877.0,71.50392359120582,59619106.0
IT05,Italy,Omicron BA.1,2021-10-31,18,4347.714285714285,4525.0,72.9248487173606,59619106.0
IT05,Italy,Omicron BA.1,2021-11-01,19,4496.142857142857,2818.0,75.4144628928662,59619106.0
IT05,Italy,Omicron BA.1,2021-11-02,20,4700.285714285715,2831.0,78.83858094560684,59619106.0
IT05,Italy,Omicron BA.1,2021-11-03,21,4969.285714285715,5188.0,83.35055735800056,59619106.0
IT05,Italy,Omicron BA.1,2021-11-04,22,5154.571428571428,5902.0,86.45838179075393,59619106.0
IT05,Italy,Omicron BA.1,2021-11-05,23,5401.571428571428,6761.0,90.60134897982918,59619106.0
IT05,Italy,Omicron BA.1,2021-11-06,24,5870.142857142857,6760.0,98.4607662037545,59619106.0
IT05,Italy,Omicron BA.1,2021-11-07,25,6276.571428571428,5822.0,105.27785217999458,59619106.0
IT05,Italy,Omicron BA.1,2021-11-08,26,6675.857142857143,4547.0,111.97512996684559,59619106.0
IT05,Italy,Omicron BA.1,2021-11-09,27,6927.428571428572,6111.0,116.19477439712986,59619106.0
IT05,Italy,Omicron BA.1,2021-11-10,28,7181.571428571428,8033.0,120.45754977559423,59619106.0
IT05,Italy,Omicron BA.1,2021-11-11,29,7430.571428571428,8697.0,124.63406325769843,59619106.0
IT05,Italy,Omicron BA.1,2021-11-12,30,7523.714285714285,8522.0,126.19636204733237,59619106.0
IT05,Italy,Omicron BA.1,2021-11-13,31,7767.142857142857,8539.0,130.2794251417131,59619106.0
IT05,Italy,Omicron BA.1,2021-11-14,32,8072.0,7565.0,135.3928386648401,59619106.0
IT05,Italy,Omicron BA.1,2021-11-15,33,8350.285714285714,5199.0,140.06056572343962,59619106.0
IT05,Italy,Omicron BA.1,2021-11-16,34,8640.57142857143,7815.0,144.9295705402129,59619106.0
IT05,Italy,Omicron BA.1,2021-11-17,35,9069.285714285714,10167.0,152.12045806734696,59619106.0
IT05,Italy,Omicron BA.1,2021-11-18,36,9375.285714285714,10645.0,157.25304090077623,59619106.0
IT05,Italy,Omicron BA.1,2021-11-19,37,9547.285714285714,10554.0,160.13802210126588,59619106.0
IT05,Italy,Omicron BA.1,2021-11-20,38,9865.714285714286,11540.0,165.4790711842322,59619106.0
IT05,Italy,Omicron BA.1,2021-11-21,39,10191.857142857143,9707.0,170.94951311173878,59619106.0
IT05,Italy,Omicron BA.1,2021-11-22,40,10636.285714285714,6403.0,178.40397865552887,59619106.0
IT05,Italy,Omicron BA.1,2021-11-23,41,11083.0,10044.0,185.89678281992354,59619106.0
IT05,Italy,Omicron BA.1,2021-11-24,42,11272.857142857143,12450.0,189.08128449388596,59619106.0
IT05,Italy,Omicron BA.1,2021-11-25,43,11732.857142857143,13756.0,196.79693189054433,59619106.0
IT05,Italy,Omicron BA.1,2021-11-26,44,11957.0,13681.0,200.55651287357446,59619106.0
IT05,Italy,Omicron BA.1,2021-11-27,45,12344.57142857143,12869.0,207.05730522982734,59619106.0
IT05,Italy,Omicron BA.1,2021-11-28,46,12719.285714285714,12927.0,213.34244284517976,59619106.0
IT05,Italy,Omicron BA.1,2021-11-29,47,13155.57142857143,7972.0,220.66032705306634,59619106.0
IT05,Italy,Omicron BA.1,2021-11-30,48,13631.857142857143,12757.0,228.64913712153185,59619106.0
IT05,Italy,Omicron BA.1,2021-12-01,49,14168.714285714286,15073.0,237.653920636017,59619106.0
IT05,Italy,Omicron BA.1,2021-12-02,50,14466.285714285714,16810.0,242.64512980596712,59619106.0
IT05,Italy,Omicron BA.1,2021-12-03,51,14683.714285714286,17015.0,246.29209109097152,59619106.0
IT05,Italy,Omicron BA.1,2021-12-04,52,15110.142857142857,16627.0,253.4446399975011,59619106.0
IT05,Italy,Omicron BA.1,2021-12-05,53,15520.57142857143,15010.0,260.3288185597991,59619106.0
IT05,Italy,Omicron BA.1,2021-12-06,54,14907.142857142857,9494.0,250.0396912550627,59619106.0
IT05,Italy,Omicron BA.1,2021-12-07,55,15403.57142857143,15742.0,258.36636041760556,59619106.0
IT05,Italy,Omicron BA.1,2021-12-08,56,16033.285714285714,17946.0,268.92865039414903,59619106.0
IT05,Italy,Omicron BA.1,2021-12-09,57,16633.571428571428,12516.0,278.99733063040946,59619106.0
IT05,Italy,Omicron BA.1,2021-12-10,58,17092.14285714286,20490.0,286.68901638919004,59619106.0
IT05,Italy,Omicron BA.1,2021-12-11,59,17795.428571428572,21035.0,298.48533071644135,59619106.0
IT05,Italy,Omicron BA.1,2021-12-12,60,18544.571428571428,19212.0,311.0508136195707,59619106.0
IT05,Italy,Omicron BA.1,2021-12-13,61,20485.714285714286,12704.0,343.60988716795396,59619106.0
IT05,Italy,Omicron BA.1,2021-12-14,62,21646.428571428572,20665.0,363.07871794368356,59619106.0
IT05,Italy,Omicron BA.1,2021-12-15,63,22649.571428571428,23190.0,379.90458006148947,59619106.0
IT05,Italy,Omicron BA.1,2021-12-16,64,23376.85714285714,26104.0,392.10344990508815,59619106.0
IT05,Italy,Omicron BA.1,2021-12-17,65,23877.0,28615.0,400.49241932611335,59619106.0
IT05,Italy,Omicron BA.1,2021-12-18,66,25322.428571428572,28057.0,424.7368045308927,59619106.0
IT05,Italy,Omicron BA.1,2021-12-19,67,27199.0,24303.0,456.21281204719844,59619106.0
IT05,Italy,Omicron BA.1,2021-12-20,68,29839.14285714286,16205.0,500.4963150091995,59619106.0
IT05,Italy,Omicron BA.1,2021-12-21,69,32978.42857142857,30783.0,553.1520142457113,59619106.0
IT05,Italy,Omicron BA.1,2021-12-22,70,36797.0,36326.0,617.2014722931269,59619106.0
IT05,Italy,Omicron BA.1,2021-12-23,71,36879.71428571428,44585.0,618.5888511262528,59619106.0
IT05,Italy,Omicron BA.1,2021-12-24,72,38964.57142857143,50590.0,653.5584654451449,59619106.0
IT05,Italy,Omicron BA.1,2021-12-25,73,45752.71428571428,54787.0,767.4169801491871,59619106.0
IT05,Italy,Omicron BA.1,2021-12-26,74,54565.57142857143,24882.0,915.2363242174652,59619106.0
IT05,Italy,Omicron BA.1,2021-12-27,75,66339.14285714286,30799.0,1112.7161627875275,59619106.0
IT05,Italy,Omicron BA.1,2021-12-28,76,79719.85714285714,78300.0,1337.1528439701385,59619106.0
IT05,Italy,Omicron BA.1,2021-12-29,77,92072.57142857143,98016.0,1544.3467305358695,59619106.0
IT05,Italy,Omicron BA.1,2021-12-30,78,97251.85714285714,127000.0,1631.2196486619096,59619106.0
IT05,Italy,Omicron BA.1,2021-12-31,79,102571.14285714286,144255.0,1720.440807299976,59619106.0
IT05,Italy,Omicron BA.1,2022-01-01,80,115790.71428571429,141256.0,1942.174615729969,59619106.0
IT05,Italy,Omicron BA.1,2022-01-02,81,128801.0,61137.0,2160.3980442108605,59619106.0
IT05,Italy,Omicron BA.1,2022-01-03,82,142005.2857142857,68034.0,2381.875463115561,59619106.0
IT05,Italy,Omicron BA.1,2022-01-04,83,136868.42857142858,170837.0,2295.714205634492,59619106.0
IT05,Italy,Omicron BA.1,2022-01-05,84,144908.2857142857,189088.0,2430.567907447081,59619106.0
IT05,Italy,Omicron BA.1,2022-01-06,85,158409.0,219430.0,2657.017366211429,59619106.0
IT05,Italy,Omicron BA.1,2022-01-07,86,165462.0,108297.0,2775.3183685780195,59619106.0
IT05,Italy,Omicron BA.1,2022-01-08,87,172559.42857142858,197535.0,2894.36457788261,59619106.0
IT05,Italy,Omicron BA.1,2022-01-09,88,173576.14285714287,155642.0,2911.418075560255,59619106.0
IT05,Italy,Omicron BA.1,2022-01-10,89,168597.14285714287,117405.0,2827.9045790646855,59619106.0
IT05,Italy,Omicron BA.1,2022-01-11,90,181821.7142857143,220519.0,3049.7222532272503,59619106.0
IT05,Italy,Omicron BA.1,2022-01-12,91,181164.7142857143,196205.0,3038.702295967241,59619106.0
IT05,Italy,Omicron BA.1,2022-01-13,92,181425.14285714287,184577.0,3043.0705025523675,59619106.0
IT05,Italy,Omicron BA.1,2022-01-14,93,176565.42857142858,200869.0,2961.5578028195955,59619106.0
IT05,Italy,Omicron BA.1,2022-01-15,94,177651.7142857143,192936.0,2979.778232261891,59619106.0
IT05,Italy,Omicron BA.1,2022-01-16,95,178331.85714285713,157465.0,2991.186368055521,59619106.0
IT05,Italy,Omicron BA.1,2022-01-17,96,180373.0,83387.0,3025.422756255352,59619106.0
IT05,Italy,Omicron BA.1,2022-01-18,97,178191.7142857143,228123.0,2988.8357313797073,59619106.0
IT05,Italy,Omicron BA.1,2022-01-19,98,175963.0,200966.0,2951.4531801265184,59619106.0
IT05,Italy,Omicron BA.1,2022-01-20,99,173823.2857142857,198865.0,2915.563438913118,59619106.0
IT05,Italy,Omicron BA.1,2022-01-21,100,173006.0,185600.0,2901.8549858832166,59619106.0
IT05,Italy,Omicron BA.1,2022-01-22,101,170599.42857142858,177335.0,2861.4892107142396,59619106.0
IT05,Italy,Omicron BA.1,2022-01-23,102,166310.0,142487.0,2789.541996822294,59619106.0
IT05,Italy,Omicron BA.1,2022-01-24,103,160192.14285714287,77666.0,2686.9262826105255,59619106.0
IT05,Italy,Omicron BA.1,2022-01-25,104,154298.85714285713,211277.0,2588.0773378731496,59619106.0
IT05,Italy,Omicron BA.1,2022-01-26,105,148597.7142857143,170940.0,2492.4512334303417,59619106.0
IT05,Italy,Omicron BA.1,2022-01-27,106,143115.2857142857,156040.0,2400.4936557466276,59619106.0
IT05,Italy,Omicron BA.1,2022-01-28,107,140253.14285714287,144347.0,2352.4865142584135,59619106.0
IT05,Italy,Omicron BA.1,2022-01-29,108,129114.42857142857,137427.0,2165.655227561255,59619106.0
IT05,Italy,Omicron BA.1,2022-01-30,109,121740.57142857143,104110.0,2041.972441327306,59619106.0
IT05,Italy,Omicron BA.1,2022-01-31,110,115585.71428571429,57631.0,1938.7361206945016,59619106.0
IT05,Italy,Omicron BA.1,2022-02-01,111,109379.0,133306.0,1834.6299926067325,59619106.0
IT05,Italy,Omicron BA.1,2022-02-02,112,103059.71428571429,119323.0,1728.6356874541912,59619106.0
IT05,Italy,Omicron BA.1,2022-02-03,113,99464.42857142857,112956.0,1668.3314334070787,59619106.0
IT05,Italy,Omicron BA.1,2022-02-04,114,97174.57142857143,100900.0,1629.9233240527194,59619106.0
IT05,Italy,Omicron BA.1,2022-02-05,115,92763.57142857143,93192.0,1555.9369747773715,59619106.0
IT05,Italy,Omicron BA.1,2022-02-06,116,87384.42857142857,78943.0,1465.7118235122239,59619106.0
IT05,Italy,Omicron BA.1,2022-02-07,117,82132.85714285714,41602.0,1377.626446509566,59619106.0
IT05,Italy,Omicron BA.1,2022-02-08,118,77358.28571428571,102429.0,1297.5418603943124,59619106.0
IT05,Italy,Omicron BA.1,2022-02-09,119,72933.85714285714,81669.0,1223.330271722913,59619106.0
IT05,Italy,Omicron BA.1,2022-02-10,120,69134.14285714286,76195.0,1159.5971072954844,59619106.0
IT05,Italy,Omicron BA.1,2022-02-11,121,67301.85714285714,67478.0,1128.8639105533912,59619106.0
IT05,Italy,Omicron BA.1,2022-02-12,122,62815.28571428572,62221.0,1053.6099906343063,59619106.0
IT05,Italy,Omicron BA.1,2022-02-13,123,59701.0,52345.0,1001.3736200606563,59619106.0
IT05,Italy,Omicron BA.1,2022-02-14,124,57109.57142857143,28776.0,957.9072089502889,59619106.0
IT05,Italy,Omicron BA.1,2022-02-15,125,55141.28571428572,71023.0,924.8928642822273,59619106.0
IT05,Italy,Omicron BA.1,2022-02-16,126,53491.857142857145,59869.0,897.226757188495,59619106.0
IT05,Italy,Omicron BA.1,2022-02-17,127,52042.857142857145,58055.0,872.922467889021,59619106.0
IT05,Italy,Omicron BA.1,2022-02-18,128,51429.71428571428,53700.0,862.6381329118602,59619106.0
IT05,Italy,Omicron BA.1,2022-02-19,129,49874.57142857143,50675.0,836.5534939180643,59619106.0
IT05,Italy,Omicron BA.1,2022-02-20,130,48345.0,42202.0,810.8977682422812,59619106.0
IT05,Italy,Omicron BA.1,2022-02-21,131,46836.142857142855,24484.0,785.5894863157266,59619106.0
IT05,Italy,Omicron BA.1,2022-02-22,132,45174.57142857143,60137.0,757.7197053000331,59619106.0
IT05,Italy,Omicron BA.1,2022-02-23,133,43558.142857142855,49162.0,730.6071120412785,59619106.0
IT05,Italy,Omicron BA.1,2022-02-24,134,42083.28571428572,47493.0,705.8691170962161,59619106.0
IT05,Italy,Omicron BA.1,2022-02-25,135,41196.71428571428,42069.0,690.9985246292401,59619106.0
IT05,Italy,Omicron BA.1,2022-02-26,136,39339.42857142857,39360.0,659.845999224285,59619106.0
IT05,Italy,Omicron BA.1,2022-02-27,137,37737.142857142855,31878.0,632.970626180521,59619106.0
IT05,Italy,Omicron BA.1,2022-02-28,138,37036.42857142857,18278.0,621.2174428014498,59619106.0
IT05,Italy,Omicron BA.1,2022-03-01,139,36505.57142857143,47136.0,612.3132981660515,59619106.0
IT06,Italy,Omicron BA.2,2022-03-02,0,36791.857142857145,37946.0,617.1152103967669,59619106.0
IT06,Italy,Omicron BA.2,2022-03-03,1,37364.857142857145,42588.0,626.7262233495609,59619106.0
IT06,Italy,Omicron BA.2,2022-03-04,2,37991.142857142855,38353.0,637.2310053951976,59619106.0
IT06,Italy,Omicron BA.2,2022-03-05,3,39936.42857142857,41364.0,669.8595676934265,59619106.0
IT06,Italy,Omicron BA.2,2022-03-06,4,41632.0,35889.0,698.2996356906124,59619106.0
IT06,Italy,Omicron BA.2,2022-03-07,5,43427.42857142857,22662.0,728.4146221754579,59619106.0
IT06,Italy,Omicron BA.2,2022-03-08,6,45657.142857142855,60753.0,765.8139465751609,59619106.0
IT06,Italy,Omicron BA.2,2022-03-09,7,47565.142857142855,49815.0,797.8171101247787,59619106.0
IT06,Italy,Omicron BA.2,2022-03-10,8,49585.0,55156.0,831.6964699202299,59619106.0
IT06,Italy,Omicron BA.2,2022-03-11,9,50590.142857142855,53961.0,848.5558783310647,59619106.0
IT06,Italy,Omicron BA.2,2022-03-12,10,54256.0,54720.0,910.0438372893414,59619106.0
IT06,Italy,Omicron BA.2,2022-03-13,11,57732.0,50028.0,968.3472945736556,59619106.0
IT06,Italy,Omicron BA.2,2022-03-14,12,61619.42857142857,29698.0,1033.5517035667822,59619106.0
IT06,Italy,Omicron BA.2,2022-03-15,13,65136.0,86414.0,1092.5356713668266,59619106.0
IT06,Italy,Omicron BA.2,2022-03-16,14,68142.85714285714,74147.0,1142.9701267720643,59619106.0
IT06,Italy,Omicron BA.2,2022-03-17,15,69790.85714285714,82368.0,1170.6122722279188,59619106.0
IT06,Italy,Omicron BA.2,2022-03-18,16,70326.14285714286,78577.0,1179.5906979407382,59619106.0
IT06,Italy,Omicron BA.2,2022-03-19,17,71824.71428571429,75768.0,1204.7264560745725,59619106.0
IT06,Italy,Omicron BA.2,2022-03-20,18,72426.28571428571,61564.0,1214.816701784923,59619106.0
IT06,Italy,Omicron BA.2,2022-03-21,19,72466.28571428571,33445.0,1215.4876276455018,59619106.0
IT06,Italy,Omicron BA.2,2022-03-22,20,72154.85714285714,96904.0,1210.263990588137,59619106.0
IT06,Italy,Omicron BA.2,2022-03-23,21,71990.28571428571,78358.0,1207.503609904612,59619106.0
IT06,Italy,Omicron BA.2,2022-03-24,22,71854.28571428571,82648.0,1205.2224619786434,59619106.0
IT06,Italy,Omicron BA.2,2022-03-25,23,71585.0,76397.0,1200.7056932386743,59619106.0
IT06,Italy,Omicron BA.2,2022-03-26,24,72069.57142857143,74616.0,1208.8334808068312,59619106.0
IT06,Italy,Omicron BA.2,2022-03-27,25,71077.14285714286,60612.0,1192.1873309731088,59619106.0
IT06,Italy,Omicron BA.2,2022-03-28,26,69893.71428571429,31560.0,1172.337510155122,59619106.0
IT06,Italy,Omicron BA.2,2022-03-29,27,69985.57142857143,100296.0,1173.878243470666,59619106.0
IT06,Italy,Omicron BA.2,2022-03-30,28,69527.85714285714,71411.0,1166.200934694612,59619106.0
IT06,Italy,Omicron BA.2,2022-03-31,29,68727.42857142857,74364.0,1152.7752289916687,59619106.0
IT06,Italy,Omicron BA.2,2022-04-01,30,68694.42857142857,77040.0,1152.221715156691,59619106.0
IT06,Italy,Omicron BA.2,2022-04-02,31,67068.42857142857,71412.0,1124.948578924155,59619106.0
IT06,Italy,Omicron BA.2,2022-04-03,32,66850.42857142857,55009.0,1121.2920329839994,59619106.0
IT06,Italy,Omicron BA.2,2022-04-04,33,66244.57142857143,31329.0,1111.1299023600159,59619106.0
IT06,Italy,Omicron BA.2,2022-04-05,34,64901.857142857145,88914.0,1088.6083589186517,59619106.0
IT06,Italy,Omicron BA.2,2022-04-06,35,63903.142857142855,69885.0,1071.856777878267,59619106.0
IT06,Italy,Omicron BA.2,2022-04-07,36,63747.57142857143,70123.0,1069.2473555133724,59619106.0
IT06,Italy,Omicron BA.2,2022-04-08,37,63372.71428571428,67641.0,1062.9598217342318,59619106.0
IT06,Italy,Omicron BA.2,2022-04-09,38,62678.71428571428,64421.0,1051.3192580531866,59619106.0
IT06,Italy,Omicron BA.2,2022-04-10,39,61636.0,53920.0,1033.8296585661649,59619106.0
IT06,Italy,Omicron BA.2,2022-04-11,40,60992.28571428572,28705.0,1023.0325445384188,59619106.0
IT06,Italy,Omicron BA.2,2022-04-12,41,60227.857142857145,84056.0,1010.2106721099968,59619106.0
IT06,Italy,Omicron BA.2,2022-04-13,42,60243.857142857145,62586.0,1010.4790424542284,59619106.0
IT06,Italy,Omicron BA.2,2022-04-14,43,60005.71428571428,65617.0,1006.4846374199957,59619106.0
IT06,Italy,Omicron BA.2,2022-04-15,44,58560.42857142857,62290.0,982.2426483790041,59619106.0
IT06,Italy,Omicron BA.2,2022-04-16,45,50456.142857142855,64533.0,846.3082766981252,59619106.0
IT06,Italy,Omicron BA.2,2022-04-17,46,55863.857142857145,52253.0,937.0126607208291,59619106.0
IT06,Italy,Omicron BA.2,2022-04-18,47,57346.42857142857,18588.0,961.8800485104317,59619106.0
IT06,Italy,Omicron BA.2,2022-04-19,48,58982.71428571428,27326.0,989.3257085356879,59619106.0
IT06,Italy,Omicron BA.2,2022-04-20,49,59910.57142857143,100440.0,1004.8887923373327,59619106.0
IT06,Italy,Omicron BA.2,2022-04-21,50,60567.0,75995.0,1015.8991649421914,59619106.0
IT06,Italy,Omicron BA.2,2022-04-22,51,61523.28571428572,73744.0,1031.939085337605,59619106.0
IT06,Italy,Omicron BA.2,2022-04-23,52,61903.0,71028.0,1038.3080886855298,59619106.0
IT06,Italy,Omicron BA.2,2022-04-24,53,60187.42857142857,56848.0,1009.5325577580544,59619106.0
IT06,Italy,Omicron BA.2,2022-04-25,54,59335.857142857145,25282.0,995.2490254190853,59619106.0
IT06,Italy,Omicron BA.2,2022-04-26,55,57286.0,29984.0,960.8664712281999,59619106.0
IT06,Italy,Omicron BA.2,2022-04-27,56,54855.857142857145,88431.0,920.1053290342385,59619106.0
IT06,Italy,Omicron BA.2,2022-04-28,57,52676.28571428572,70034.0,883.547058124047,59619106.0
IT06,Italy,Omicron BA.2,2022-04-29,58,51788.57142857143,59395.0,868.6572963467688,59619106.0
IT06,Italy,Omicron BA.2,2022-04-30,59,56420.71428571428,54017.0,946.3529071656036,59619106.0
IT06,Italy,Omicron BA.2,2022-05-01,60,50593.857142857145,41591.0,848.6181785895473,59619106.0
IT06,Italy,Omicron BA.2,2022-05-02,61,47548.28571428572,19068.0,797.5343627978204,59619106.0
IT06,Italy,Omicron BA.2,2022-05-03,62,45401.0,62409.0,761.5176249036676,59619106.0
IT06,Italy,Omicron BA.2,2022-05-04,63,43510.42857142857,47643.0,729.8067933361593,59619106.0
IT06,Italy,Omicron BA.2,2022-05-05,64,42029.57142857143,48715.0,704.9681595120098,59619106.0
IT06,Italy,Omicron BA.2,2022-05-06,65,41794.28571428572,44364.0,701.0216777535329,59619106.0
IT06,Italy,Omicron BA.2,2022-05-07,66,40907.142857142855,40783.0,686.141500631406,59619106.0
IT06,Italy,Omicron BA.2,2022-05-08,67,40198.57142857143,31225.0,674.2565282440066,59619106.0
IT06,Italy,Omicron BA.2,2022-05-09,68,38879.71428571428,17421.0,652.1351441552022,59619106.0
IT06,Italy,Omicron BA.2,2022-05-10,69,38117.57142857143,56199.0,639.3516103473847,59619106.0
IT06,Italy,Omicron BA.2,2022-05-11,70,37482.0,42683.0,628.6910776555421,59619106.0
IT06,Italy,Omicron BA.2,2022-05-12,71,36982.142857142855,39483.0,620.3069005620926,59619106.0
IT06,Italy,Omicron BA.2,2022-05-13,72,36461.42857142857,39029.0,611.5728835556267,59619106.0
IT06,Italy,Omicron BA.2,2022-05-14,73,34847.42857142857,36334.0,584.5010250812646,59619106.0
IT06,Italy,Omicron BA.2,2022-05-15,74,33168.0,27726.0,556.3317235920981,59619106.0
IT06,Italy,Omicron BA.2,2022-05-16,75,31916.428571428572,13776.0,535.3389326473391,59619106.0
IT06,Italy,Omicron BA.2,2022-05-17,76,30172.0,44901.0,506.07937663473183,59619106.0
IT06,Italy,Omicron BA.2,2022-05-18,77,28445.14285714286,30927.0,477.11454876802173,59619106.0
IT06,Italy,Omicron BA.2,2022-05-19,78,27097.0,30722.0,454.50195110272205,59619106.0
IT06,Italy,Omicron BA.2,2022-05-20,79,26560.571428571428,26818.0,445.50435607960014,59619106.0
IT06,Italy,Omicron BA.2,2022-05-21,80,24533.85714285714,24246.0,411.50998042233545,59619106.0
IT06,Italy,Omicron BA.2,2022-05-22,81,23565.0,18289.0,395.2591976135972,59619106.0
IT06,Italy,Omicron BA.2,2022-05-23,82,22157.14285714286,10021.0,371.64500348500457,59619106.0
IT06,Italy,Omicron BA.2,2022-05-24,83,21443.14285714286,30714.0,359.66897687366964,59619106.0
IT06,Italy,Omicron BA.2,2022-05-25,84,20639.714285714286,24145.0,346.1929517311831,59619106.0
IT06,Italy,Omicron BA.2,2022-05-26,85,20189.285714285714,20867.0,338.63784730830605,59619106.0
IT06,Italy,Omicron BA.2,2022-05-27,86,19878.571428571428,21820.0,333.42619106987996,59619106.0
IT06,Italy,Omicron BA.2,2022-05-28,87,19017.571428571428,18622.0,318.98451192091727,59619106.0
IT06,Italy,Omicron BA.2,2022-05-29,88,18257.14285714286,15136.0,306.2297320785531,59619106.0
IT06,Italy,Omicron BA.2,2022-05-30,89,17807.285714285714,7846.0,298.68421231082726,59619106.0
IT06,Italy,Omicron BA.2,2022-05-31,90,16074.714285714286,24687.0,269.62353789260584,59619106.0
IT07,Italy,Omicron BA.5,2022-06-01,0,16672.85714285714,18822.0,279.6562756720495,59619106.0
IT07,Italy,Omicron BA.5,2022-06-02,1,16728.0,17718.0,280.58119489413343,59619106.0
IT07,Italy,Omicron BA.5,2022-06-03,2,16838.0,9692.0,282.4262410107257,59619106.0
IT07,Italy,Omicron BA.5,2022-06-04,3,17389.428571428572,22809.0,291.67543323156457,59619106.0
IT07,Italy,Omicron BA.5,2022-06-05,4,17975.571428571428,15522.0,301.5068932528345,59619106.0
IT07,Italy,Omicron BA.5,2022-06-06,5,18806.428571428572,8616.0,315.4429818425753,59619106.0
IT07,Italy,Omicron BA.5,2022-06-07,6,20566.428571428572,28547.0,344.96371970805086,59619106.0
IT07,Italy,Omicron BA.5,2022-06-08,7,20516.285714285714,22925.0,344.1226662185393,59619106.0
IT07,Italy,Omicron BA.5,2022-06-09,8,21057.428571428572,23534.0,353.1993346466579,59619106.0
IT07,Italy,Omicron BA.5,2022-06-10,9,21350.571428571428,22012.0,358.1162627391868,59619106.0
IT07,Italy,Omicron BA.5,2022-06-11,10,22964.428571428572,22458.0,385.1857250497613,59619106.0
IT07,Italy,Omicron BA.5,2022-06-12,11,24376.428571428572,19310.0,408.8694079281996,59619106.0
IT07,Italy,Omicron BA.5,2022-06-13,12,26309.85714285714,10668.0,441.2990886320426,59619106.0
IT07,Italy,Omicron BA.5,2022-06-14,13,28332.428571428572,39844.0,475.22397553946166,59619106.0
IT07,Italy,Omicron BA.5,2022-06-15,14,30120.0,32809.0,505.20717301597915,59619106.0
IT07,Italy,Omicron BA.5,2022-06-16,15,32255.0,37068.0,541.0178408243828,59619106.0
IT07,Italy,Omicron BA.5,2022-06-17,16,33146.0,36170.0,555.9627143687798,59619106.0
IT07,Italy,Omicron BA.5,2022-06-18,17,36491.71428571428,34971.0,612.0808702786366,59619106.0
IT07,Italy,Omicron BA.5,2022-06-19,18,39643.71428571428,34255.0,664.949828092261,59619106.0
IT07,Italy,Omicron BA.5,2022-06-20,19,42552.857142857145,16905.0,713.7453074666558,59619106.0
IT07,Italy,Omicron BA.5,2022-06-21,20,45444.28571428572,63264.0,762.2436625313657,59619106.0
IT07,Italy,Omicron BA.5,2022-06-22,21,48573.142857142855,54873.0,814.7244418113693,59619106.0
IT07,Italy,Omicron BA.5,2022-06-23,22,50726.0,57432.0,850.8346300932457,59619106.0
IT07,Italy,Omicron BA.5,2022-06-24,23,51885.142857142855,56410.0,870.2771030673096,59619106.0
IT07,Italy,Omicron BA.5,2022-06-25,24,54870.42857142857,56873.0,920.3497377405922,59619106.0
IT07,Italy,Omicron BA.5,2022-06-26,25,60667.857142857145,49325.0,1017.5908565763657,59619106.0
IT07,Italy,Omicron BA.5,2022-06-27,26,64496.71428571428,25019.0,1081.8128384165018,59619106.0
IT07,Italy,Omicron BA.5,2022-06-28,27,68852.42857142857,84161.0,1154.8718723059778,59619106.0
IT07,Italy,Omicron BA.5,2022-06-29,28,73005.28571428571,95455.0,1224.5283536168038,59619106.0
IT07,Italy,Omicron BA.5,2022-06-30,29,76375.57142857143,84234.0,1281.0586496981596,59619106.0
IT07,Italy,Omicron BA.5,2022-07-01,30,78070.71428571429,86900.0,1309.4915292039818,59619106.0
IT07,Italy,Omicron BA.5,2022-07-02,31,85049.85714285714,85943.0,1426.5537148922888,59619106.0
IT07,Italy,Omicron BA.5,2022-07-03,32,87130.14285714286,72917.0,1461.4466519699718,59619106.0
IT07,Italy,Omicron BA.5,2022-07-04,33,90580.42857142857,36885.0,1519.3187997724851,59619106.0
IT07,Italy,Omicron BA.5,2022-07-05,34,92718.0,133015.0,1555.1725985290689,59619106.0
IT07,Italy,Omicron BA.5,2022-07-06,35,94569.14285714286,110017.0,1586.2220888911495,59619106.0
IT07,Italy,Omicron BA.5,2022-07-07,36,95804.28571428571,108386.0,1606.9393210003134,59619106.0
IT07,Italy,Omicron BA.5,2022-07-08,37,102500.85714285714,101863.0,1719.2618947163876,59619106.0
IT07,Italy,Omicron BA.5,2022-07-09,38,104078.42857142857,98901.0,1745.7227314248653,59619106.0
IT07,Italy,Omicron BA.5,2022-07-10,39,104303.28571428571,81563.0,1749.494293226834,59619106.0
IT07,Italy,Omicron BA.5,2022-07-11,40,104338.42857142857,83761.0,1750.0837495186286,59619106.0
IT07,Italy,Omicron BA.5,2022-07-12,41,103777.42857142857,144058.0,1740.6740143240083,59619106.0
IT07,Italy,Omicron BA.5,2022-07-13,42,102703.57142857143,111591.0,1722.6620511312503,59619106.0
IT07,Italy,Omicron BA.5,2022-07-14,43,100908.28571428571,108632.0,1692.5494608101926,59619106.0
IT07,Italy,Omicron BA.5,2022-07-15,44,93521.14285714286,97936.0,1568.6438313439799,59619106.0
IT07,Italy,Omicron BA.5,2022-07-16,45,90241.85714285714,91384.0,1513.6398915954417,59619106.0
IT07,Italy,Omicron BA.5,2022-07-17,46,86700.42857142857,68996.0,1454.238991296323,59619106.0
IT07,Italy,Omicron BA.5,2022-07-18,47,82829.42857142857,32051.0,1389.3101411387913,59619106.0
IT07,Italy,Omicron BA.5,2022-07-19,48,79076.71428571429,121103.0,1326.3653145975434,59619106.0
IT07,Italy,Omicron BA.5,2022-07-20,49,75903.85714285714,86801.0,1273.1465168709028,59619106.0
IT07,Italy,Omicron BA.5,2022-07-21,50,73458.0,81535.0,1232.1217966602853,59619106.0
IT07,Italy,Omicron BA.5,2022-07-22,51,72324.57142857143,71667.0,1213.1106331680223,59619106.0
IT07,Italy,Omicron BA.5,2022-07-23,52,67688.57142857143,69174.0,1135.3503259269173,59619106.0
IT07,Italy,Omicron BA.5,2022-07-24,53,64488.42857142857,51875.0,1081.6738609168103,59619106.0
IT07,Italy,Omicron BA.5,2022-07-25,54,61530.0,24117.0,1032.0517050356307,59619106.0
IT07,Italy,Omicron BA.5,2022-07-26,55,59065.71428571428,88651.0,990.7178796963894,59619106.0
IT07,Italy,Omicron BA.5,2022-07-27,56,56369.0,64400.0,945.4854958744265,59619106.0
IT07,Italy,Omicron BA.5,2022-07-28,57,54280.0,60826.0,910.4463928056889,59619106.0
IT07,Italy,Omicron BA.5,2022-07-29,58,53623.28571428572,54417.0,899.4312278732546,59619106.0
IT07,Italy,Omicron BA.5,2022-07-30,59,50258.71428571428,50297.0,842.9967783434103,59619106.0
IT07,Italy,Omicron BA.5,2022-07-31,60,47623.857142857145,37252.0,798.8019334415573,59619106.0
IT07,Italy,Omicron BA.5,2022-08-01,61,45071.42857142857,19520.0,755.9896750452543,59619106.0
IT07,Italy,Omicron BA.5,2022-08-02,62,42756.857142857145,65099.0,717.1670293556086,59619106.0
IT07,Italy,Omicron BA.5,2022-08-03,63,40571.142857142855,45956.0,680.5057234025423,59619106.0
IT07,Italy,Omicron BA.5,2022-08-04,64,39057.42857142857,42959.0,655.1159719072032,59619106.0
IT07,Italy,Omicron BA.5,2022-08-05,65,37979.57142857143,38215.0,637.0369161283872,59619106.0
IT07,Italy,Omicron BA.5,2022-08-06,66,34833.71428571428,34997.0,584.2709933576375,59619106.0
IT07,Italy,Omicron BA.5,2022-08-07,67,32797.0,26656.0,550.1088862352279,59619106.0
IT07,Italy,Omicron BA.5,2022-08-08,68,30720.428571428572,11975.0,515.2782494160273,59619106.0
IT07,Italy,Omicron BA.5,2022-08-09,69,29073.85714285714,43078.0,487.6600655980508,59619106.0
IT07,Italy,Omicron BA.5,2022-08-10,70,27615.0,31699.0,463.1904409972199,59619106.0
IT07,Italy,Omicron BA.5,2022-08-11,71,26586.285714285714,28423.0,445.935665561401,59619106.0
IT07,Italy,Omicron BA.5,2022-08-12,72,26288.85714285714,26689.0,440.9468525552386,59619106.0
IT07,Italy,Omicron BA.5,2022-08-13,73,21412.14285714286,24785.0,359.1490093317209,59619106.0
IT07,Italy,Omicron BA.5,2022-08-14,74,22063.85714285714,19455.0,370.08030853158283,59619106.0
IT07,Italy,Omicron BA.5,2022-08-15,75,21902.14285714286,9893.0,367.3678511238135,59619106.0
IT07,Italy,Omicron BA.5,2022-08-16,76,21616.428571428572,8941.0,362.5755235482493,59619106.0
IT07,Italy,Omicron BA.5,2022-08-17,77,21560.285714285714,36261.0,361.63383117965094,59619106.0
IT07,Italy,Omicron BA.5,2022-08-18,78,21562.428571428572,27291.0,361.66977363646765,59619106.0
IT07,Italy,Omicron BA.5,2022-08-19,79,21637.285714285714,24689.0,362.9253634612655,59619106.0
IT07,Italy,Omicron BA.5,2022-08-20,80,25411.0,24392.0,426.2224260793176,59619106.0
IT07,Italy,Omicron BA.5,2022-08-21,81,23857.714285714286,19470.0,400.16893721476276,59619106.0
IT07,Italy,Omicron BA.5,2022-08-22,82,23306.85714285714,10417.0,390.92932964907493,59619106.0
IT07,Italy,Omicron BA.5,2022-08-23,83,22922.0,35357.0,384.47406440479,59619106.0
IT07,Italy,Omicron BA.5,2022-08-24,84,22552.0,25388.0,378.2680001944343,59619106.0
IT07,Italy,Omicron BA.5,2022-08-25,85,22291.571428571428,23435.0,373.8997936093075,59619106.0
IT07,Italy,Omicron BA.5,2022-08-26,86,21995.85714285714,21995.0,368.9397345685985,59619106.0
IT07,Italy,Omicron BA.5,2022-08-27,87,21385.85714285714,21802.0,358.70811519476894,59619106.0
IT07,Italy,Omicron BA.5,2022-08-28,88,20875.285714285714,17647.0,350.14422581723574,59619106.0
IT07,Italy,Omicron BA.5,2022-08-29,89,20455.714285714286,8347.0,343.1066927725197,59619106.0
IT07,Italy,Omicron BA.5,2022-08-30,90,20050.428571428572,31087.0,336.3087761065819,59619106.0
IT07,Italy,Omicron BA.5,2022-08-31,91,19458.714285714286,21814.0,326.3838656975884,59619106.0
IT07,Italy,Omicron BA.5,2022-09-01,92,18822.85714285714,20498.0,315.7185406781702,59619106.0
IT07,Italy,Omicron BA.5,2022-09-02,93,18574.428571428572,19158.0,311.55161185121716,59619106.0
IT07,Italy,Omicron BA.5,2022-09-03,94,17683.14285714286,17660.0,296.6019459792446,59619106.0
IT07,Italy,Omicron BA.5,2022-09-04,95,17076.85714285714,13196.0,286.4326268638973,59619106.0
IT07,Italy,Omicron BA.5,2022-09-05,96,16622.428571428572,6608.0,278.8104298549625,59619106.0
IT07,Italy,Omicron BA.5,2022-09-06,97,16105.857142857143,24848.0,270.1459015983424,59619106.0
IT07,Italy,Omicron BA.5,2022-09-07,98,15745.42857142857,17570.0,264.1003803617681,59619106.0
IT07,Italy,Omicron BA.5,2022-09-08,99,15560.42857142857,17317.0,260.99734825659027,59619106.0
IT07,Italy,Omicron BA.5,2022-09-09,100,15652.285714285714,15542.0,262.53808157213416,59619106.0
IT07,Italy,Omicron BA.5,2022-09-10,101,15410.857142857143,15137.0,258.48856477078243,59619106.0
IT08,Italy,Omicron BA.5/BQ.1,2022-09-11,0,15593.57142857143,11901.0,261.55325825535573,59619106.0
IT08,Italy,Omicron BA.5/BQ.1,2022-09-12,1,15687.285714285714,7251.0,263.1251417001408,59619106.0
IT08,Italy,Omicron BA.5/BQ.1,2022-09-13,2,15947.285714285714,23158.0,267.4861597939042,59619106.0
IT08,Italy,Omicron BA.5/BQ.1,2022-09-14,3,16234.857142857143,18849.0,272.3096374987096,59619106.0
IT08,Italy,Omicron BA.5/BQ.1,2022-09-15,4,16260.57142857143,17973.0,272.7409469805104,59619106.0
IT08,Italy,Omicron BA.5/BQ.1,2022-09-16,5,16404.285714285714,17362.0,275.15148775101915,59619106.0
IT08,Italy,Omicron BA.5/BQ.1,2022-09-17,6,17151.0,17150.0,287.6762358697562,59619106.0
IT08,Italy,Omicron BA.5/BQ.1,2022-09-18,7,17485.14285714286,12081.0,293.28086296937863,59619106.0
IT08,Italy,Omicron BA.5/BQ.1,2022-09-19,8,18135.14285714286,8257.0,304.1834082037872,59619106.0
IT08,Italy,Omicron BA.5/BQ.1,2022-09-20,9,18666.714285714286,28385.0,313.0995336581244,59619106.0
IT08,Italy,Omicron BA.5/BQ.1,2022-09-21,10,19411.0,21188.0,325.58354699246917,59619106.0
IT08,Italy,Omicron BA.5/BQ.1,2022-09-22,11,20370.0,22523.0,341.66899449985044,59619106.0
IT08,Italy,Omicron BA.5/BQ.1,2022-09-23,12,20619.85714285714,21083.0,345.85988496468127,59619106.0
IT08,Italy,Omicron BA.5/BQ.1,2022-09-24,13,22975.571428571428,22360.0,385.3726258252083,59619106.0
IT08,Italy,Omicron BA.5/BQ.1,2022-09-25,14,25205.14285714286,18794.0,422.76955406112364,59619106.0
IT08,Italy,Omicron BA.5/BQ.1,2022-09-26,15,27347.714285714286,10006.0,458.7072185502796,59619106.0
IT08,Italy,Omicron BA.5/BQ.1,2022-09-27,16,29260.85714285714,44875.0,490.7966439962575,59619106.0
IT08,Italy,Omicron BA.5/BQ.1,2022-09-28,17,30790.571428571428,36795.0,516.4547658358283,59619106.0
IT08,Italy,Omicron BA.5/BQ.1,2022-09-29,18,32235.14285714286,37521.0,540.684774057881,59619106.0
IT08,Italy,Omicron BA.5/BQ.1,2022-09-30,19,32708.0,34475.0,548.6160761954397,59619106.0
IT08,Italy,Omicron BA.5/BQ.1,2022-10-01,20,34907.57142857143,33068.0,585.5098100359209,59619106.0
IT08,Italy,Omicron BA.5/BQ.1,2022-10-02,21,36111.57142857143,28906.0,605.7046784393484,59619106.0
IT08,Italy,Omicron BA.5/BQ.1,2022-10-03,22,37158.42857142857,13316.0,623.2637666762157,59619106.0
IT08,Italy,Omicron BA.5/BQ.1,2022-10-04,23,38614.142857142855,60272.0,647.6806756737153,59619106.0
IT08,Italy,Omicron BA.5/BQ.1,2022-10-05,24,40135.28571428572,45223.0,673.1950276860193,59619106.0
IT08,Italy,Omicron BA.5/BQ.1,2022-10-06,25,40926.28571428572,44849.0,686.4625865789687,59619106.0
IT08,Italy,Omicron BA.5/BQ.1,2022-10-07,26,41179.57142857143,44665.0,690.7109849747063,59619106.0
IT08,Italy,Omicron BA.5/BQ.1,2022-10-08,27,41986.0,43716.0,704.2373295567364,59619106.0
IT08,Italy,Omicron BA.5/BQ.1,2022-10-09,28,42347.57142857143,34443.0,710.3020201036129,59619106.0
IT08,Italy,Omicron BA.5/BQ.1,2022-10-10,29,42469.857142857145,15089.0,712.3531363059544,59619106.0
IT08,Italy,Omicron BA.5/BQ.1,2022-10-11,30,41885.71428571428,65917.0,702.5552225777133,59619106.0
IT08,Italy,Omicron BA.5/BQ.1,2022-10-12,31,41207.42857142857,47754.0,691.1782369133239,59619106.0
IT08,Italy,Omicron BA.5/BQ.1,2022-10-13,32,40606.71428571428,45705.0,681.1023681857001,59619106.0
IT08,Italy,Omicron BA.5/BQ.1,2022-10-14,33,40455.42857142857,40576.0,678.5648307344389,59619106.0
IT08,Italy,Omicron BA.5/BQ.1,2022-10-15,34,39375.42857142857,38968.0,660.4498324988062,59619106.0
IT08,Italy,Omicron BA.5/BQ.1,2022-10-16,35,38511.0,30238.0,645.9506454189367,59619106.0
IT08,Italy,Omicron BA.5/BQ.1,2022-10-17,36,37776.0,14030.0,633.6223827307977,59619106.0
IT08,Italy,Omicron BA.5/BQ.1,2022-10-18,37,37138.57142857143,58357.0,622.930699909714,59619106.0
IT08,Italy,Omicron BA.5/BQ.1,2022-10-19,38,36111.0,41703.0,605.6950937841973,59619106.0
IT08,Italy,Omicron BA.5/BQ.1,2022-10-20,39,35441.71428571428,40560.0,594.4690664384381,59619106.0
IT08,Italy,Omicron BA.5/BQ.1,2022-10-21,40,35095.28571428572,36114.0,588.6583692530666,59619106.0
IT08,Italy,Omicron BA.5/BQ.1,2022-10-22,41,33717.57142857143,31775.0,565.5497656836958,59619106.0
IT08,Italy,Omicron BA.5/BQ.1,2022-10-23,42,32765.14285714286,25553.0,549.5745417105527,59619106.0
IT08,Italy,Omicron BA.5/BQ.1,2022-10-24,43,31507.714285714286,11605.0,528.4835080504945,59619106.0
IT08,Italy,Omicron BA.5/BQ.1,2022-10-25,44,30496.714285714286,48713.0,511.52585692436054,59619106.0
IT08,Italy,Omicron BA.5/BQ.1,2022-10-26,45,29785.85714285714,35036.0,499.60254591635675,59619106.0
IT08,Italy,Omicron BA.5/BQ.1,2022-10-27,46,26135.428571428572,31758.0,438.3733726471607,59619106.0
IT08,Italy,Omicron BA.5/BQ.1,2022-10-28,47,24477.571428571428,29037.0,410.56589188994934,59619106.0
IT08,Italy,Omicron BA.5/BQ.1,2022-10-29,48,17518.571428571428,26799.0,293.8415652957196,59619106.0
IT08,Italy,Omicron BA.5/BQ.1,2022-10-30,49,12513.42857142857,0.0,209.88957082698573,59619106.0
IT08,Italy,Omicron BA.5/BQ.1,2022-10-31,50,7976.571428571428,0.0,133.79220125460165,59619106.0
IT08,Italy,Omicron BA.5/BQ.1,2022-11-01,51,19683.85714285714,0.0,330.16021982713295,59619106.0
IT08,Italy,Omicron BA.5/BQ.1,2022-11-02,52,15855.42857142857,0.0,265.94542647836033,59619106.0
IT08,Italy,Omicron BA.5/BQ.1,2022-11-03,53,15855.42857142857,0.0,265.94542647836033,59619106.0
IT08,Italy,Omicron BA.5/BQ.1,2022-11-04,54,15855.42857142857,110988.0,265.94542647836033,59619106.0
IT08,Italy,Omicron BA.5/BQ.1,2022-11-05,55,15855.42857142857,0.0,265.94542647836033,59619106.0
IT08,Italy,Omicron BA.5/BQ.1,2022-11-06,56,15855.42857142857,0.0,265.94542647836033,59619106.0
IT08,Italy,Omicron BA.5/BQ.1,2022-11-07,57,15855.42857142857,0.0,265.94542647836033,59619106.0
IT08,Italy,Omicron BA.5/BQ.1,2022-11-08,58,25883.0,0.0,434.1393512341497,59619106.0
IT08,Italy,Omicron BA.5/BQ.1,2022-11-09,59,25883.0,0.0,434.1393512341497,59619106.0
IT08,Italy,Omicron BA.5/BQ.1,2022-11-10,60,25883.0,0.0,434.1393512341497,59619106.0
IT08,Italy,Omicron BA.5/BQ.1,2022-11-11,61,25883.0,181181.0,434.1393512341497,59619106.0
IT08,Italy,Omicron BA.5/BQ.1,2022-11-12,62,25883.0,0.0,434.1393512341497,59619106.0
IT08,Italy,Omicron BA.5/BQ.1,2022-11-13,63,25883.0,0.0,434.1393512341497,59619106.0
IT08,Italy,Omicron BA.5/BQ.1,2022-11-14,64,25883.0,0.0,434.1393512341497,59619106.0
IT08,Italy,Omicron BA.5/BQ.1,2022-11-15,65,29763.714285714286,0.0,499.2311405292506,59619106.0
IT08,Italy,Omicron BA.5/BQ.1,2022-11-16,66,29763.714285714286,0.0,499.2311405292506,59619106.0
IT08,Italy,Omicron BA.5/BQ.1,2022-11-17,67,29763.714285714286,0.0,499.2311405292506,59619106.0
IT08,Italy,Omicron BA.5/BQ.1,2022-11-18,68,29763.714285714286,208346.0,499.2311405292506,59619106.0
IT08,Italy,Omicron BA.5/BQ.1,2022-11-19,69,29763.714285714286,0.0,499.2311405292506,59619106.0
IT08,Italy,Omicron BA.5/BQ.1,2022-11-20,70,29763.714285714286,0.0,499.2311405292506,59619106.0
IT08,Italy,Omicron BA.5/BQ.1,2022-11-21,71,29763.714285714286,0.0,499.2311405292506,59619106.0
IT08,Italy,Omicron BA.5/BQ.1,2022-11-22,72,32731.714285714286,0.0,549.0138393842116,59619106.0
IT08,Italy,Omicron BA.5/BQ.1,2022-11-23,73,32731.714285714286,0.0,549.0138393842116,59619106.0
IT08,Italy,Omicron BA.5/BQ.1,2022-11-24,74,32731.714285714286,0.0,549.0138393842116,59619106.0
IT08,Italy,Omicron BA.5/BQ.1,2022-11-25,75,32731.714285714286,229122.0,549.0138393842116,59619106.0
IT08,Italy,Omicron BA.5/BQ.1,2022-11-26,76,32731.714285714286,0.0,549.0138393842116,59619106.0
IT08,Italy,Omicron BA.5/BQ.1,2022-11-27,77,32731.714285714286,0.0,549.0138393842116,59619106.0
IT08,Italy,Omicron BA.5/BQ.1,2022-11-28,78,32731.714285714286,0.0,549.0138393842116,59619106.0
IT08,Italy,Omicron BA.5/BQ.1,2022-11-29,79,32488.571428571428,0.0,544.9355686174064,59619106.0
IT08,Italy,Omicron BA.5/BQ.1,2022-11-30,80,32488.571428571428,0.0,544.9355686174064,59619106.0
IT08,Italy,Omicron BA.5/BQ.1,2022-12-01,81,32488.571428571428,0.0,544.9355686174064,59619106.0
IT08,Italy,Omicron BA.5/BQ.1,2022-12-02,82,32488.571428571428,227420.0,544.9355686174064,59619106.0
IT08,Italy,Omicron BA.5/BQ.1,2022-12-03,83,32488.571428571428,0.0,544.9355686174064,59619106.0
IT08,Italy,Omicron BA.5/BQ.1,2022-12-04,84,32488.571428571428,0.0,544.9355686174064,59619106.0
IT08,Italy,Omicron BA.5/BQ.1,2022-12-05,85,32488.571428571428,0.0,544.9355686174064,59619106.0
IT08,Italy,Omicron BA.5/BQ.1,2022-12-06,86,31617.714285714286,0.0,530.3285541670867,59619106.0
IT08,Italy,Omicron BA.5/BQ.1,2022-12-07,87,31617.714285714286,0.0,530.3285541670867,59619106.0
IT08,Italy,Omicron BA.5/BQ.1,2022-12-08,88,31617.714285714286,0.0,530.3285541670867,59619106.0
IT08,Italy,Omicron BA.5/BQ.1,2022-12-09,89,31617.714285714286,221324.0,530.3285541670867,59619106.0
IT08,Italy,Omicron BA.5/BQ.1,2022-12-10,90,31617.714285714286,0.0,530.3285541670867,59619106.0
IT08,Italy,Omicron BA.5/BQ.1,2022-12-11,91,31617.714285714286,0.0,530.3285541670867,59619106.0
IT08,Italy,Omicron BA.5/BQ.1,2022-12-12,92,31617.714285714286,0.0,530.3285541670867,59619106.0
IT08,Italy,Omicron BA.5/BQ.1,2022-12-13,93,24947.14285714286,0.0,418.44208226038916,59619106.0
IT08,Italy,Omicron BA.5/BQ.1,2022-12-14,94,24947.14285714286,0.0,418.44208226038916,59619106.0
IT08,Italy,Omicron BA.5/BQ.1,2022-12-15,95,24947.14285714286,0.0,418.44208226038916,59619106.0
IT08,Italy,Omicron BA.5/BQ.1,2022-12-16,96,24947.14285714286,174630.0,418.44208226038916,59619106.0
IT08,Italy,Omicron BA.5/BQ.1,2022-12-17,97,24947.14285714286,0.0,418.44208226038916,59619106.0
IT08,Italy,Omicron BA.5/BQ.1,2022-12-18,98,24947.14285714286,0.0,418.44208226038916,59619106.0
IT08,Italy,Omicron BA.5/BQ.1,2022-12-19,99,24947.14285714286,0.0,418.44208226038916,59619106.0
IT08,Italy,Omicron BA.5/BQ.1,2022-12-20,100,19653.14285714286,0.0,329.6450446127599,59619106.0
IT08,Italy,Omicron BA.5/BQ.1,2022-12-21,101,19653.14285714286,0.0,329.6450446127599,59619106.0
IT08,Italy,Omicron BA.5/BQ.1,2022-12-22,102,19653.14285714286,0.0,329.6450446127599,59619106.0
IT08,Italy,Omicron BA.5/BQ.1,2022-12-23,103,19653.14285714286,137572.0,329.6450446127599,59619106.0
IT08,Italy,Omicron BA.5/BQ.1,2022-12-24,104,19653.14285714286,0.0,329.6450446127599,59619106.0
JP01,Japan,Ancestral,2020-03-04,0,31.571428571428573,35.0,0.2525763083457058,124997585.0
JP01,Japan,Ancestral,2020-03-05,1,34.285714285714285,32.0,0.2742910135880968,124997585.0
JP01,Japan,Ancestral,2020-03-06,2,35.57142857142857,55.0,0.2845769265976504,124997585.0
JP01,Japan,Ancestral,2020-03-07,3,41.0,46.0,0.32800633708243243,124997585.0
JP01,Japan,Ancestral,2020-03-08,4,43.857142857142854,33.0,0.35086392154810714,124997585.0
JP01,Japan,Ancestral,2020-03-09,5,47.285714285714285,28.0,0.37829302290691685,124997585.0
JP01,Japan,Ancestral,2020-03-10,6,44.714285714285715,58.0,0.35772119688780957,124997585.0
JP01,Japan,Ancestral,2020-03-11,7,47.0,55.0,0.3760072644603493,124997585.0
JP01,Japan,Ancestral,2020-03-12,8,46.714285714285715,56.0,0.3737215060137819,124997585.0
JP01,Japan,Ancestral,2020-03-13,9,45.142857142857146,37.0,0.3611498345576608,124997585.0
JP01,Japan,Ancestral,2020-03-14,10,44.0,62.0,0.3520068007713909,124997585.0
JP01,Japan,Ancestral,2020-03-15,11,41.142857142857146,31.0,0.3291492163057162,124997585.0
JP01,Japan,Ancestral,2020-03-16,12,38.857142857142854,17.0,0.3108631487331764,124997585.0
JP01,Japan,Ancestral,2020-03-17,13,41.285714285714285,50.0,0.33029209552899985,124997585.0
JP01,Japan,Ancestral,2020-03-18,14,37.714285714285715,35.0,0.30172011494690654,124997585.0
JP01,Japan,Ancestral,2020-03-19,15,39.714285714285715,40.0,0.31772042407287876,124997585.0
JP01,Japan,Ancestral,2020-03-20,16,43.0,54.0,0.34400664620840476,124997585.0
JP01,Japan,Ancestral,2020-03-21,17,46.285714285714285,37.0,0.37029286834393066,124997585.0
JP01,Japan,Ancestral,2020-03-22,18,55.142857142857146,45.0,0.44115138018752237,124997585.0
JP01,Japan,Ancestral,2020-03-23,19,64.0,40.0,0.5120098920311141,124997585.0
JP01,Japan,Ancestral,2020-03-24,20,72.57142857142857,73.0,0.5805826454281382,124997585.0
JP01,Japan,Ancestral,2020-03-25,21,95.57142857142857,97.0,0.7645862003768198,124997585.0
JP01,Japan,Ancestral,2020-03-26,22,114.71428571428571,102.0,0.9177320162968404,124997585.0
JP01,Japan,Ancestral,2020-03-27,23,122.42857142857143,114.0,0.9794474943541622,124997585.0
JP01,Japan,Ancestral,2020-03-28,24,148.28571428571428,198.0,1.1863086337685185,124997585.0
JP01,Japan,Ancestral,2020-03-29,25,174.42857142857142,179.0,1.3954555316294424,124997585.0
JP01,Japan,Ancestral,2020-03-30,26,200.28571428571428,94.0,1.6023166710437986,124997585.0
JP01,Japan,Ancestral,2020-03-31,27,232.0,254.0,1.8560358586127885,124997585.0
JP01,Japan,Ancestral,2020-04-01,28,256.7142857142857,280.0,2.053753964240875,124997585.0
JP01,Japan,Ancestral,2020-04-02,29,281.2857142857143,283.0,2.2503291906456777,124997585.0
JP01,Japan,Ancestral,2020-04-03,30,301.2857142857143,336.0,2.4103322819054003,124997585.0
JP01,Japan,Ancestral,2020-04-04,31,318.57142857142856,371.0,2.548620667922733,124997585.0
JP01,Japan,Ancestral,2020-04-05,32,355.0,351.0,2.8400548698600856,124997585.0
JP01,Japan,Ancestral,2020-04-06,33,399.42857142857144,234.0,3.195490308301328,124997585.0
JP01,Japan,Ancestral,2020-04-07,34,442.2857142857143,375.0,3.5383540752864486,124997585.0
JP01,Japan,Ancestral,2020-04-08,35,489.42857142857144,535.0,3.915504218970082,124997585.0
JP01,Japan,Ancestral,2020-04-09,36,513.8571428571429,594.0,4.110936566151601,124997585.0
JP01,Japan,Ancestral,2020-04-10,37,523.2857142857143,636.0,4.1863665948883275,124997585.0
JP01,Japan,Ancestral,2020-04-11,38,541.7142857142857,701.0,4.333798014691929,124997585.0
JP01,Japan,Ancestral,2020-04-12,39,545.0,522.0,4.360084236827455,124997585.0
JP01,Japan,Ancestral,2020-04-13,40,540.5714285714286,300.0,4.32465498090566,124997585.0
JP01,Japan,Ancestral,2020-04-14,41,529.7142857142857,504.0,4.237796159936096,124997585.0
JP01,Japan,Ancestral,2020-04-15,42,513.8571428571429,558.0,4.110936566151601,124997585.0
JP01,Japan,Ancestral,2020-04-16,43,491.57142857142856,563.0,3.932647407319338,124997585.0
JP01,Japan,Ancestral,2020-04-17,44,497.85714285714283,560.0,3.982934093143822,124997585.0
JP01,Japan,Ancestral,2020-04-18,45,480.57142857142856,590.0,3.84464570712649,124997585.0
JP01,Japan,Ancestral,2020-04-19,46,457.42857142857144,366.0,3.659499272954525,124997585.0
JP01,Japan,Ancestral,2020-04-20,47,438.7142857142857,344.0,3.5097820947043554,124997585.0
JP01,Japan,Ancestral,2020-04-21,48,413.7142857142857,383.0,3.3097782306297017,124997585.0
JP01,Japan,Ancestral,2020-04-22,49,376.85714285714283,396.0,3.0149153910224973,124997585.0
JP01,Japan,Ancestral,2020-04-23,50,355.85714285714283,432.0,2.8469121451997883,124997585.0
JP01,Japan,Ancestral,2020-04-24,51,331.14285714285717,385.0,2.649194039571702,124997585.0
JP01,Japan,Ancestral,2020-04-25,52,317.0,332.0,2.5360489964666115,124997585.0
JP01,Japan,Ancestral,2020-04-26,53,291.2857142857143,219.0,2.330330736275539,124997585.0
JP01,Japan,Ancestral,2020-04-27,54,259.2857142857143,171.0,2.074325790259982,124997585.0
JP01,Japan,Ancestral,2020-04-28,55,243.42857142857142,284.0,1.9474661964754871,124997585.0
JP01,Japan,Ancestral,2020-04-29,56,239.28571428571428,216.0,1.914322699000259,124997585.0
JP01,Japan,Ancestral,2020-04-30,57,236.57142857142858,208.0,1.8926079937578681,124997585.0
JP01,Japan,Ancestral,2020-05-01,58,236.14285714285714,274.0,1.8891793560880168,124997585.0
JP01,Japan,Ancestral,2020-05-02,59,213.42857142857142,303.0,1.7074615595859026,124997585.0
JP01,Japan,Ancestral,2020-05-03,60,197.0,200.0,1.576030448908273,124997585.0
JP01,Japan,Ancestral,2020-05-04,61,181.28571428571428,168.0,1.4503137343470618,124997585.0
JP01,Japan,Ancestral,2020-05-05,62,154.57142857142858,125.0,1.236595319593003,124997585.0
JP01,Japan,Ancestral,2020-05-06,63,127.71428571428571,101.0,1.0217340256156606,124997585.0
JP01,Japan,Ancestral,2020-05-07,64,109.0,98.0,0.8720168473654911,124997585.0
JP01,Japan,Ancestral,2020-05-08,65,90.28571428571429,87.0,0.7222996691153216,124997585.0
JP01,Japan,Ancestral,2020-05-09,66,84.85714285714286,115.0,0.6788702586305396,124997585.0
JP01,Japan,Ancestral,2020-05-10,67,77.57142857142857,69.0,0.6205834182430691,124997585.0
JP01,Japan,Ancestral,2020-05-11,68,77.57142857142857,37.0,0.6205834182430691,124997585.0
JP01,Japan,Ancestral,2020-05-12,69,72.57142857142857,87.0,0.5805826454281382,124997585.0
JP01,Japan,Ancestral,2020-05-13,70,63.857142857142854,50.0,0.5108670128078303,124997585.0
JP01,Japan,Ancestral,2020-05-14,71,57.42857142857143,98.0,0.4594374477600622,124997585.0
JP01,Japan,Ancestral,2020-05-15,72,56.857142857142854,52.0,0.45486593086692717,124997585.0
JP01,Japan,Ancestral,2020-05-16,73,48.42857142857143,54.0,0.38743605669318676,124997585.0
JP01,Japan,Ancestral,2020-05-17,74,46.142857142857146,24.0,0.369149989120647,124997585.0
JP01,Japan,Ancestral,2020-05-18,75,38.0,33.0,0.30400587339347396,124997585.0
JP01,Japan,Ancestral,2020-05-19,76,33.857142857142854,28.0,0.2708623759182456,124997585.0
JP01,Japan,Ancestral,2020-05-20,77,29.714285714285715,34.0,0.23771887844301723,124997585.0
JP01,Japan,Ancestral,2020-05-21,78,32.142857142857146,41.0,0.2571478252388408,124997585.0
JP01,Japan,Ancestral,2020-05-22,79,30.428571428571427,23.0,0.2434332745594359,124997585.0
JP01,Japan,Ancestral,2020-05-23,80,30.714285714285715,25.0,0.2457190330060034,124997585.0
JP01,Japan,Ancestral,2020-05-24,81,29.571428571428573,41.0,0.23657599921973352,124997585.0
JP02,Japan,Ancestral,2020-05-25,0,32.285714285714285,21.0,0.2582907044621245,124997585.0
JP02,Japan,Ancestral,2020-05-26,1,39.42857142857143,30.0,0.31543466562631134,124997585.0
JP02,Japan,Ancestral,2020-05-27,2,42.285714285714285,26.0,0.33829225009198605,124997585.0
JP02,Japan,Ancestral,2020-05-28,3,41.42857142857143,60.0,0.3314349747522837,124997585.0
JP02,Japan,Ancestral,2020-05-29,4,43.714285714285715,73.0,0.34972104232482343,124997585.0
JP02,Japan,Ancestral,2020-05-30,5,46.714285714285715,45.0,0.3737215060137819,124997585.0
JP02,Japan,Ancestral,2020-05-31,6,47.142857142857146,35.0,0.37715014368363314,124997585.0
JP02,Japan,Ancestral,2020-06-01,7,44.857142857142854,37.0,0.3588640761110933,124997585.0
JP02,Japan,Ancestral,2020-06-02,8,41.142857142857146,51.0,0.3291492163057162,124997585.0
JP02,Japan,Ancestral,2020-06-03,9,41.285714285714285,29.0,0.33029209552899985,124997585.0
JP02,Japan,Ancestral,2020-06-04,10,41.714285714285715,44.0,0.3337207331988511,124997585.0
JP02,Japan,Ancestral,2020-06-05,11,39.42857142857143,47.0,0.31543466562631134,124997585.0
JP02,Japan,Ancestral,2020-06-06,12,38.57142857142857,46.0,0.30857739028660885,124997585.0
JP02,Japan,Ancestral,2020-06-07,13,39.57142857142857,38.0,0.31657754484959505,124997585.0
JP02,Japan,Ancestral,2020-06-08,14,39.57142857142857,21.0,0.31657754484959505,124997585.0
JP02,Japan,Ancestral,2020-06-09,15,41.57142857142857,45.0,0.3325778539755674,124997585.0
JP02,Japan,Ancestral,2020-06-10,16,41.42857142857143,36.0,0.3314349747522837,124997585.0
JP02,Japan,Ancestral,2020-06-11,17,46.714285714285715,44.0,0.3737215060137819,124997585.0
JP02,Japan,Ancestral,2020-06-12,18,54.0,61.0,0.43200834640125246,124997585.0
JP02,Japan,Ancestral,2020-06-13,19,53.57142857142857,45.0,0.4285797087314012,124997585.0
JP02,Japan,Ancestral,2020-06-14,20,55.0,75.0,0.44000850096423866,124997585.0
JP02,Japan,Ancestral,2020-06-15,21,58.57142857142857,72.0,0.46858048154633203,124997585.0
JP02,Japan,Ancestral,2020-06-16,22,58.57142857142857,42.0,0.46858048154633203,124997585.0
JP02,Japan,Ancestral,2020-06-17,23,61.285714285714285,46.0,0.49029518678872297,124997585.0
JP02,Japan,Ancestral,2020-06-18,24,58.42857142857143,69.0,0.4674376023230483,124997585.0
JP02,Japan,Ancestral,2020-06-19,25,54.285714285714285,61.0,0.4342941048478199,124997585.0
JP02,Japan,Ancestral,2020-06-20,26,56.42857142857143,64.0,0.45143729319707604,124997585.0
JP02,Japan,Ancestral,2020-06-21,27,63.57142857142857,55.0,0.5085812543612628,124997585.0
JP02,Japan,Ancestral,2020-06-22,28,65.42857142857143,43.0,0.5234386842639515,124997585.0
JP02,Japan,Ancestral,2020-06-23,29,71.71428571428571,57.0,0.5737253700884358,124997585.0
JP02,Japan,Ancestral,2020-06-24,30,75.71428571428571,96.0,0.6057259883403804,124997585.0
JP02,Japan,Ancestral,2020-06-25,31,84.0,82.0,0.6720129832908371,124997585.0
JP02,Japan,Ancestral,2020-06-26,32,93.57142857142857,105.0,0.7485858912508475,124997585.0
JP02,Japan,Ancestral,2020-06-27,33,105.14285714285714,92.0,0.8411591083368302,124997585.0
JP02,Japan,Ancestral,2020-06-28,34,109.57142857142857,113.0,0.876588364258626,124997585.0
JP02,Japan,Ancestral,2020-06-29,35,125.57142857142857,110.0,1.0045908372664045,124997585.0
JP02,Japan,Ancestral,2020-06-30,36,146.28571428571428,138.0,1.1703083246425463,124997585.0
JP02,Japan,Ancestral,2020-07-01,37,172.28571428571428,127.0,1.3783123432801865,124997585.0
JP02,Japan,Ancestral,2020-07-02,38,185.85714285714286,194.0,1.4868858694921414,124997585.0
JP02,Japan,Ancestral,2020-07-03,39,195.28571428571428,250.0,1.562315898228868,124997585.0
JP02,Japan,Ancestral,2020-07-04,40,205.28571428571428,274.0,1.6423174438587296,124997585.0
JP02,Japan,Ancestral,2020-07-05,41,216.71428571428572,208.0,1.7337477817214286,124997585.0
JP02,Japan,Ancestral,2020-07-06,42,239.71428571428572,176.0,1.9177513366701104,124997585.0
JP02,Japan,Ancestral,2020-07-07,43,265.42857142857144,208.0,2.1234695968611828,124997585.0
JP02,Japan,Ancestral,2020-07-08,44,281.42857142857144,207.0,2.2514720698689614,124997585.0
JP02,Japan,Ancestral,2020-07-09,45,309.85714285714283,355.0,2.478905035302425,124997585.0
JP02,Japan,Ancestral,2020-07-10,46,321.7142857142857,430.0,2.573764010834975,124997585.0
JP02,Japan,Ancestral,2020-07-11,47,339.57142857142856,386.0,2.716623913745442,124997585.0
JP02,Japan,Ancestral,2020-07-12,48,374.2857142857143,407.0,2.99434356500339,124997585.0
JP02,Japan,Ancestral,2020-07-13,49,412.7142857142857,259.0,3.3017780760667153,124997585.0
JP02,Japan,Ancestral,2020-07-14,50,436.57142857142856,333.0,3.4926389063550993,124997585.0
JP02,Japan,Ancestral,2020-07-15,51,475.85714285714283,450.0,3.8069306927581263,124997585.0
JP02,Japan,Ancestral,2020-07-16,52,490.7142857142857,624.0,3.9257901319796358,124997585.0
JP02,Japan,Ancestral,2020-07-17,53,513.4285714285714,597.0,4.10750792848175,124997585.0
JP02,Japan,Ancestral,2020-07-18,54,556.1428571428571,661.0,4.449228816243586,124997585.0
JP02,Japan,Ancestral,2020-07-19,55,605.4285714285714,511.0,4.8435221482764765,124997585.0
JP02,Japan,Ancestral,2020-07-20,56,656.4285714285714,418.0,5.25153003098877,124997585.0
JP02,Japan,Ancestral,2020-07-21,57,682.4285714285714,632.0,5.459534049626411,124997585.0
JP02,Japan,Ancestral,2020-07-22,58,702.4285714285714,795.0,5.619537140886133,124997585.0
JP02,Japan,Ancestral,2020-07-23,59,749.2857142857143,981.0,5.9944015261232,124997585.0
JP02,Japan,Ancestral,2020-07-24,60,775.2857142857143,779.0,6.20240554476084,124997585.0
JP02,Japan,Ancestral,2020-07-25,61,825.7142857142857,801.0,6.605841910579997,124997585.0
JP02,Japan,Ancestral,2020-07-26,62,893.5714285714286,839.0,7.148709541639773,124997585.0
JP02,Japan,Ancestral,2020-07-27,63,940.2857142857143,600.0,7.522431047653555,124997585.0
JP02,Japan,Ancestral,2020-07-28,64,1055.5714285714287,985.0,8.444734580843532,124997585.0
JP02,Japan,Ancestral,2020-07-29,65,1160.2857142857142,1270.0,9.282465051510508,124997585.0
JP02,Japan,Ancestral,2020-07-30,66,1230.5714285714287,1308.0,9.84476162936611,124997585.0
JP02,Japan,Ancestral,2020-07-31,67,1282.7142857142858,1586.0,10.261912545864673,124997585.0
JP02,Japan,Ancestral,2020-08-01,68,1320.0,1534.0,10.560204023141726,124997585.0
JP02,Japan,Ancestral,2020-08-02,69,1332.142857142857,1331.0,10.657348757120843,124997585.0
JP02,Japan,Ancestral,2020-08-03,70,1357.4285714285713,965.0,10.859638379642066,124997585.0
JP02,Japan,Ancestral,2020-08-04,71,1360.142857142857,1246.0,10.881353084884458,124997585.0
JP02,Japan,Ancestral,2020-08-05,72,1365.4285714285713,1355.0,10.923639616145955,124997585.0
JP02,Japan,Ancestral,2020-08-06,73,1381.142857142857,1485.0,11.049356330707166,124997585.0
JP02,Japan,Ancestral,2020-08-07,74,1363.0,1605.0,10.904210669350132,124997585.0
JP02,Japan,Ancestral,2020-08-08,75,1284.5714285714287,1571.0,10.27676997576736,124997585.0
JP02,Japan,Ancestral,2020-08-09,76,1230.857142857143,1441.0,9.847047387812676,124997585.0
JP02,Japan,Ancestral,2020-08-10,77,1186.142857142857,838.0,9.489326190924865,124997585.0
JP02,Japan,Ancestral,2020-08-11,78,1150.5714285714287,697.0,9.204749264327216,124997585.0
JP02,Japan,Ancestral,2020-08-12,79,1102.0,979.0,8.816170328410745,124997585.0
JP02,Japan,Ancestral,2020-08-13,80,1041.4285714285713,1172.0,8.33158953773844,124997585.0
JP02,Japan,Ancestral,2020-08-14,81,1014.1428571428571,1356.0,8.113299606091246,124997585.0
JP02,Japan,Ancestral,2020-08-15,82,1045.4285714285713,1231.0,8.363590155990384,124997585.0
JP02,Japan,Ancestral,2020-08-16,83,1058.4285714285713,1017.0,8.467592165309204,124997585.0
JP02,Japan,Ancestral,2020-08-17,84,1059.2857142857142,647.0,8.474449440648906,124997585.0
JP02,Japan,Ancestral,2020-08-18,85,1013.7142857142857,916.0,8.109870968421394,124997585.0
JP02,Japan,Ancestral,2020-08-19,86,978.4285714285714,1070.0,7.827579800270313,124997585.0
JP02,Japan,Ancestral,2020-08-20,87,939.4285714285714,1178.0,7.515573772313853,124997585.0
JP02,Japan,Ancestral,2020-08-21,88,917.4285714285714,1037.0,7.339570371928157,124997585.0
JP02,Japan,Ancestral,2020-08-22,89,888.7142857142857,984.0,7.109851648048125,124997585.0
JP02,Japan,Ancestral,2020-08-23,90,864.8571428571429,744.0,6.918990817759743,124997585.0
JP02,Japan,Ancestral,2020-08-24,91,819.8571428571429,493.0,6.558983862425365,124997585.0
JP02,Japan,Ancestral,2020-08-25,92,796.8571428571429,715.0,6.374980307476684,124997585.0
JP02,Japan,Ancestral,2020-08-26,93,776.8571428571429,903.0,6.21497721621696,124997585.0
JP02,Japan,Ancestral,2020-08-27,94,756.2857142857143,863.0,6.050402608064102,124997585.0
JP02,Japan,Ancestral,2020-08-28,95,748.1428571428571,876.0,5.9852584923369285,124997585.0
JP02,Japan,Ancestral,2020-08-29,96,736.4285714285714,844.0,5.8915423960276625,124997585.0
JP02,Japan,Ancestral,2020-08-30,97,692.0,600.0,5.53610695758642,124997585.0
JP02,Japan,Ancestral,2020-08-31,98,662.5714285714286,436.0,5.300673837589971,124997585.0
JP02,Japan,Ancestral,2020-09-01,99,621.2857142857143,633.0,4.9703817420609715,124997585.0
JP02,Japan,Ancestral,2020-09-02,100,586.1428571428571,592.0,4.689233453133172,124997585.0
JP02,Japan,Ancestral,2020-09-03,101,564.8571428571429,657.0,4.518944448863895,124997585.0
JP02,Japan,Ancestral,2020-09-04,102,544.1428571428571,587.0,4.353226961487753,124997585.0
JP02,Japan,Ancestral,2020-09-05,103,526.4285714285714,598.0,4.21150993780057,124997585.0
JP02,Japan,Ancestral,2020-09-06,104,514.4285714285714,451.0,4.115508083044736,124997585.0
JP02,Japan,Ancestral,2020-09-07,105,522.2857142857143,291.0,4.178366440325342,124997585.0
JP02,Japan,Ancestral,2020-09-08,106,530.1428571428571,509.0,4.2412247976059465,124997585.0
JP02,Japan,Ancestral,2020-09-09,107,537.0,508.0,4.296083000323566,124997585.0
JP02,Japan,Ancestral,2020-09-10,108,535.2857142857143,712.0,4.282368449644162,124997585.0
JP02,Japan,Ancestral,2020-09-11,109,531.7142857142857,642.0,4.253796469062068,124997585.0
JP02,Japan,Ancestral,2020-09-12,110,534.8571428571429,646.0,4.27893981197431,124997585.0
JP02,Japan,Ancestral,2020-09-13,111,541.0,439.0,4.328083618575511,124997585.0
JP02,Japan,Ancestral,2020-09-14,112,509.14285714285717,266.0,4.073221551783238,124997585.0
JP02,Japan,Ancestral,2020-09-15,113,499.14285714285717,531.0,3.9932200061533765,124997585.0
JP02,Japan,Ancestral,2020-09-16,114,492.0,551.0,3.936076044989189,124997585.0
JP02,Japan,Ancestral,2020-09-17,115,497.85714285714283,489.0,3.982934093143822,124997585.0
JP02,Japan,Ancestral,2020-09-18,116,504.14285714285717,572.0,4.033220778968308,124997585.0
JP02,Japan,Ancestral,2020-09-19,117,475.57142857142856,596.0,3.8046449343115594,124997585.0
JP02,Japan,Ancestral,2020-09-20,118,428.14285714285717,480.0,3.425209032181359,124997585.0
JP02,Japan,Ancestral,2020-09-21,119,427.14285714285717,310.0,3.417208877618373,124997585.0
JP03,Japan,Ancestral,2020-09-30,0,519.8571428571429,576.0,4.1589374935295185,124997585.0
JP03,Japan,Ancestral,2020-10-01,1,507.7142857142857,633.0,4.061792759550401,124997585.0
JP03,Japan,Ancestral,2020-10-02,2,504.42857142857144,542.0,4.035506537414874,124997585.0
JP03,Japan,Ancestral,2020-10-03,3,500.57142857142856,574.0,4.004648798386213,124997585.0
JP03,Japan,Ancestral,2020-10-04,4,490.57142857142856,400.0,3.9246472527563516,124997585.0
JP03,Japan,Ancestral,2020-10-05,5,489.7142857142857,279.0,3.917789977416649,124997585.0
JP03,Japan,Ancestral,2020-10-06,6,498.42857142857144,500.0,3.987505610036957,124997585.0
JP03,Japan,Ancestral,2020-10-07,7,513.2857142857143,506.0,4.106365049258466,124997585.0
JP03,Japan,Ancestral,2020-10-08,8,518.4285714285714,627.0,4.1475087012966805,124997585.0
JP03,Japan,Ancestral,2020-10-09,9,518.2857142857143,603.0,4.146365822073397,124997585.0
JP03,Japan,Ancestral,2020-10-10,10,518.0,678.0,4.144080063626829,124997585.0
JP03,Japan,Ancestral,2020-10-11,11,524.5714285714286,436.0,4.196652507897881,124997585.0
JP03,Japan,Ancestral,2020-10-12,12,536.1428571428571,278.0,4.289225724983863,124997585.0
JP03,Japan,Ancestral,2020-10-13,13,541.2857142857143,498.0,4.3303693770220795,124997585.0
JP03,Japan,Ancestral,2020-10-14,14,533.4285714285714,552.0,4.267511019741473,124997585.0
JP03,Japan,Ancestral,2020-10-15,15,532.5714285714286,708.0,4.26065374440177,124997585.0
JP03,Japan,Ancestral,2020-10-16,16,538.0,639.0,4.304083154886553,124997585.0
JP03,Japan,Ancestral,2020-10-17,17,535.5714285714286,623.0,4.284654208090728,124997585.0
JP03,Japan,Ancestral,2020-10-18,18,544.5714285714286,430.0,4.356655599157604,124997585.0
JP03,Japan,Ancestral,2020-10-19,19,531.4285714285714,316.0,4.2515107106155,124997585.0
JP03,Japan,Ancestral,2020-10-20,20,546.5714285714286,481.0,4.372655908283576,124997585.0
JP03,Japan,Ancestral,2020-10-21,21,561.2857142857143,615.0,4.490372468281802,124997585.0
JP03,Japan,Ancestral,2020-10-22,22,570.2857142857143,616.0,4.562373859348678,124997585.0
JP03,Japan,Ancestral,2020-10-23,23,583.7142857142857,745.0,4.669804506337347,124997585.0
JP03,Japan,Ancestral,2020-10-24,24,607.2857142857143,726.0,4.858379578179165,124997585.0
JP03,Japan,Ancestral,2020-10-25,25,623.8571428571429,493.0,4.990953568080079,124997585.0
JP03,Japan,Ancestral,2020-10-26,26,651.2857142857143,410.0,5.210386378950556,124997585.0
JP03,Japan,Ancestral,2020-10-27,27,655.4285714285714,646.0,5.243529876425784,124997585.0
JP03,Japan,Ancestral,2020-10-28,28,677.0,731.0,5.416104639141628,124997585.0
JP03,Japan,Ancestral,2020-10-29,29,694.1428571428571,808.0,5.553250145935676,124997585.0
JP03,Japan,Ancestral,2020-10-30,30,705.1428571428571,774.0,5.641251846128524,124997585.0
JP03,Japan,Ancestral,2020-10-31,31,736.4285714285714,877.0,5.8915423960276625,124997585.0
JP03,Japan,Ancestral,2020-11-01,32,721.1428571428571,613.0,5.769254319136302,124997585.0
JP03,Japan,Ancestral,2020-11-02,33,755.4285714285714,487.0,6.0435453327244,124997585.0
JP03,Japan,Ancestral,2020-11-03,34,808.1428571428571,865.0,6.465267766116098,124997585.0
JP03,Japan,Ancestral,2020-11-04,35,873.2857142857143,624.0,6.986420691933483,124997585.0
JP03,Japan,Ancestral,2020-11-05,36,921.4285714285714,1048.0,7.371570990180102,124997585.0
JP03,Japan,Ancestral,2020-11-06,37,963.2857142857143,1143.0,7.706434602602236,124997585.0
JP03,Japan,Ancestral,2020-11-07,38,1023.0,1333.0,8.184158117934839,124997585.0
JP03,Japan,Ancestral,2020-11-08,39,1154.4285714285713,950.0,9.235607003355875,124997585.0
JP03,Japan,Ancestral,2020-11-09,40,1241.7142857142858,780.0,9.93390620878224,124997585.0
JP03,Japan,Ancestral,2020-11-10,41,1321.857142857143,1283.0,10.575061453044416,124997585.0
JP03,Japan,Ancestral,2020-11-11,42,1379.2857142857142,1544.0,11.034498900804477,124997585.0
JP03,Japan,Ancestral,2020-11-12,43,1449.142857142857,1659.0,11.593366840990225,124997585.0
JP03,Japan,Ancestral,2020-11-13,44,1473.4285714285713,1704.0,11.78765630894846,124997585.0
JP03,Japan,Ancestral,2020-11-14,45,1533.0,1735.0,12.264236945057778,124997585.0
JP03,Japan,Ancestral,2020-11-15,46,1625.857142857143,1439.0,13.007108440192207,124997585.0
JP03,Japan,Ancestral,2020-11-16,47,1729.5714285714287,950.0,13.836838756296201,124997585.0
JP03,Japan,Ancestral,2020-11-17,48,1832.0,1700.0,14.65628315939064,124997585.0
JP03,Japan,Ancestral,2020-11-18,49,1954.4285714285713,2194.0,15.635730653744801,124997585.0
JP03,Japan,Ancestral,2020-11-19,50,2057.285714285714,2385.0,16.45860369450909,124997585.0
JP03,Japan,Ancestral,2020-11-20,51,2138.4285714285716,2421.0,17.107759093334256,124997585.0
JP03,Japan,Ancestral,2020-11-21,52,2071.1428571428573,2592.0,16.569462979167618,124997585.0
JP03,Japan,Ancestral,2020-11-22,53,2035.142857142857,2159.0,16.28145741490011,124997585.0
JP03,Japan,Ancestral,2020-11-23,54,2051.5714285714284,1518.0,16.412888525577742,124997585.0
JP03,Japan,Ancestral,2020-11-24,55,2067.285714285714,1229.0,16.538605240138956,124997585.0
JP03,Japan,Ancestral,2020-11-25,56,2079.1428571428573,1942.0,16.633464215671506,124997585.0
JP03,Japan,Ancestral,2020-11-26,57,2065.285714285714,2500.0,16.52260493101298,124997585.0
JP03,Japan,Ancestral,2020-11-27,58,2053.5714285714284,2531.0,16.428888834703713,124997585.0
JP03,Japan,Ancestral,2020-11-28,59,2168.4285714285716,2675.0,17.34776373022384,124997585.0
JP03,Japan,Ancestral,2020-11-29,60,2238.4285714285716,2062.0,17.90777454963287,124997585.0
JP03,Japan,Ancestral,2020-11-30,61,2240.8571428571427,1436.0,17.927203496428692,124997585.0
JP03,Japan,Ancestral,2020-12-01,62,2229.5714285714284,2033.0,17.836916037789276,124997585.0
JP03,Japan,Ancestral,2020-12-02,63,2205.714285714286,2432.0,17.646055207500893,124997585.0
JP03,Japan,Ancestral,2020-12-03,64,2202.285714285714,2517.0,17.618626106142084,124997585.0
JP03,Japan,Ancestral,2020-12-04,65,2215.8571428571427,2452.0,17.72719963235404,124997585.0
JP03,Japan,Ancestral,2020-12-05,66,2236.285714285714,2508.0,17.890631361283614,124997585.0
JP03,Japan,Ancestral,2020-12-06,67,2290.285714285714,2038.0,18.322639707684868,124997585.0
JP03,Japan,Ancestral,2020-12-07,68,2354.8571428571427,1531.0,18.839221116609114,124997585.0
JP03,Japan,Ancestral,2020-12-08,69,2403.8571428571427,2176.0,19.231228690195437,124997585.0
JP03,Japan,Ancestral,2020-12-09,70,2479.4285714285716,2810.0,19.835811799312534,124997585.0
JP03,Japan,Ancestral,2020-12-10,71,2528.714285714286,2969.0,20.23010513134542,124997585.0
JP03,Japan,Ancestral,2020-12-11,72,2550.1428571428573,2795.0,20.401537014837988,124997585.0
JP03,Japan,Ancestral,2020-12-12,73,2585.8571428571427,3037.0,20.687256820658916,124997585.0
JP03,Japan,Ancestral,2020-12-13,74,2612.4285714285716,2383.0,20.899832356189695,124997585.0
JP03,Japan,Ancestral,2020-12-14,75,2646.714285714286,1681.0,21.17412336977779,124997585.0
JP03,Japan,Ancestral,2020-12-15,76,2652.714285714286,2426.0,21.222124297155705,124997585.0
JP03,Japan,Ancestral,2020-12-16,77,2645.8571428571427,2996.0,21.167266094438084,124997585.0
JP03,Japan,Ancestral,2020-12-17,78,2661.285714285714,3209.0,21.29069705055273,124997585.0
JP03,Japan,Ancestral,2020-12-18,79,2679.8571428571427,2837.0,21.439271349579617,124997585.0
JP03,Japan,Ancestral,2020-12-19,80,2718.1428571428573,2989.0,21.74556298141966,124997585.0
JP03,Japan,Ancestral,2020-12-20,81,2758.1428571428573,2491.0,22.065569163939106,124997585.0
JP03,Japan,Ancestral,2020-12-21,82,2834.8571428571427,1811.0,22.67929530684247,124997585.0
JP03,Japan,Ancestral,2020-12-22,83,2977.0,2694.0,23.81646013400979,124997585.0
JP03,Japan,Ancestral,2020-12-23,84,3105.0,3276.0,24.840479918072017,124997585.0
JP03,Japan,Ancestral,2020-12-24,85,3169.714285714286,3746.0,25.35820420621955,124997585.0
JP03,Japan,Ancestral,2020-12-25,86,3253.4285714285716,3832.0,26.027931431063823,124997585.0
JP03,Japan,Ancestral,2020-12-26,87,3386.714285714286,3885.0,27.09423774638755,124997585.0
JP03,Japan,Ancestral,2020-12-27,88,3471.714285714286,2944.0,27.77425088424137,124997585.0
JP03,Japan,Ancestral,2020-12-28,89,3584.0,2397.0,28.672553953742387,124997585.0
JP03,Japan,Ancestral,2020-12-29,90,3501.714285714286,3627.0,28.014255521130952,124997585.0
JP03,Japan,Ancestral,2020-12-30,91,3385.4285714285716,3871.0,27.08395183337799,124997585.0
JP03,Japan,Ancestral,2020-12-31,92,3417.1428571428573,4532.0,27.337671020946985,124997585.0
JP03,Japan,Ancestral,2021-01-01,93,3552.285714285714,3256.0,28.418834766173397,124997585.0
JP03,Japan,Ancestral,2021-01-02,94,3741.1428571428573,3071.0,29.9297210993545,124997585.0
JP03,Japan,Ancestral,2021-01-03,95,4052.285714285714,3166.0,32.418912047666474,124997585.0
JP03,Japan,Ancestral,2021-01-04,96,4496.571428571428,3343.0,35.973266432078894,124997585.0
JP03,Japan,Ancestral,2021-01-05,97,5168.142857142857,4949.0,41.34594166073574,124997585.0
JP03,Japan,Ancestral,2021-01-06,98,5851.428571428572,6049.0,46.81233298570186,124997585.0
JP03,Japan,Ancestral,2021-01-07,99,6271.714285714285,7642.0,50.17468366060261,124997585.0
JP03,Japan,Ancestral,2021-01-08,100,6495.0,7957.0,51.96100388659509,124997585.0
JP03,Japan,Ancestral,2021-01-09,101,6444.714285714285,7854.0,51.558710399999214,124997585.0
JP03,Japan,Ancestral,2021-01-10,102,6425.857142857143,6108.0,51.40785034252576,124997585.0
JP03,Japan,Ancestral,2021-01-11,103,6285.0,4906.0,50.280971428368,124997585.0
JP03,Japan,Ancestral,2021-01-12,104,6173.0,4597.0,49.38495411731355,124997585.0
JP03,Japan,Ancestral,2021-01-13,105,6057.0,5917.0,48.456936188007155,124997585.0
JP03,Japan,Ancestral,2021-01-14,106,6007.285714285715,6656.0,48.05921421830441,124997585.0
JP03,Japan,Ancestral,2021-01-15,107,6011.714285714285,7173.0,48.0946434742262,124997585.0
JP03,Japan,Ancestral,2021-01-16,108,6117.142857142857,7042.0,48.9380883410096,124997585.0
JP03,Japan,Ancestral,2021-01-17,109,6066.428571428572,5760.0,48.53236621674388,124997585.0
JP03,Japan,Ancestral,2021-01-18,110,5924.714285714285,4937.0,47.398630027246405,124997585.0
JP03,Japan,Ancestral,2021-01-19,111,5622.428571428572,5335.0,44.98029759077803,124997585.0
JP03,Japan,Ancestral,2021-01-20,112,5291.571428571428,5562.0,42.333389309652894,124997585.0
JP03,Japan,Ancestral,2021-01-21,113,5038.714285714285,5664.0,40.31049308444067,124997585.0
JP03,Japan,Ancestral,2021-01-22,114,4728.142857142857,5057.0,37.82587365302183,124997585.0
JP03,Japan,Ancestral,2021-01-23,115,4516.428571428572,4726.0,36.13212664411534,124997585.0
JP03,Japan,Ancestral,2021-01-24,116,4289.571428571428,3990.0,34.31723443754076,124997585.0
JP03,Japan,Ancestral,2021-01-25,117,4070.5714285714284,2763.0,32.565200588246796,124997585.0
JP03,Japan,Ancestral,2021-01-26,118,3853.5714285714284,3853.0,30.829167048078798,124997585.0
JP03,Japan,Ancestral,2021-01-27,119,3655.8571428571427,3974.0,29.247422203054104,124997585.0
JP03,Japan,Ancestral,2021-01-28,120,3467.714285714286,4131.0,27.742250265989426,124997585.0
JP03,Japan,Ancestral,2021-01-29,121,3329.1428571428573,3538.0,26.6336574194042,124997585.0
JP03,Japan,Ancestral,2021-01-30,122,3110.714285714286,3342.0,24.88619508700337,124997585.0
JP03,Japan,Ancestral,2021-01-31,123,2919.285714285714,2673.0,23.35473692780316,124997585.0
JP03,Japan,Ancestral,2021-02-01,124,2697.4285714285716,1793.0,21.579845494043514,124997585.0
JP03,Japan,Ancestral,2021-02-02,125,2530.5714285714284,2324.0,20.24496256124811,124997585.0
JP03,Japan,Ancestral,2021-02-03,126,2378.4285714285716,2634.0,19.02779618845093,124997585.0
JP03,Japan,Ancestral,2021-02-04,127,2229.4285714285716,2578.0,17.835773158565996,124997585.0
JP03,Japan,Ancestral,2021-02-05,128,2147.1428571428573,2370.0,17.177474725954564,124997585.0
JP03,Japan,Ancestral,2021-02-06,129,2039.142857142857,2277.0,16.313458033152056,124997585.0
JP03,Japan,Ancestral,2021-02-07,130,1932.2857142857142,1630.0,15.458584374135823,124997585.0
JP03,Japan,Ancestral,2021-02-08,131,1805.4285714285713,1217.0,14.443707623859863,124997585.0
JP03,Japan,Ancestral,2021-02-09,132,1652.5714285714287,1568.0,13.220826854946266,124997585.0
JP03,Japan,Ancestral,2021-02-10,133,1521.5714285714287,1886.0,12.17280660719508,124997585.0
JP03,Japan,Ancestral,2021-02-11,134,1483.2857142857142,1690.0,11.866514975355038,124997585.0
JP03,Japan,Ancestral,2021-02-12,135,1447.2857142857142,1300.0,11.578509411087536,124997585.0
JP03,Japan,Ancestral,2021-02-13,136,1410.142857142857,1360.0,11.281360813033766,124997585.0
JP03,Japan,Ancestral,2021-02-14,137,1347.5714285714287,1362.0,10.78077971323549,124997585.0
JP03,Japan,Ancestral,2021-02-15,138,1325.5714285714287,965.0,10.604776312849795,124997585.0
JP03,Japan,Ancestral,2021-02-16,139,1325.7142857142858,1308.0,10.605919192073078,124997585.0
JP03,Japan,Ancestral,2021-02-17,140,1307.5714285714287,1448.0,10.460773530716043,124997585.0
JP03,Japan,Ancestral,2021-02-18,141,1260.4285714285713,1536.0,10.083623387032409,124997585.0
JP03,Japan,Ancestral,2021-02-19,142,1228.2857142857142,1301.0,9.826475561793567,124997585.0
JP03,Japan,Ancestral,2021-02-20,143,1195.857142857143,1233.0,9.567041978108161,124997585.0
JP03,Japan,Ancestral,2021-02-21,144,1120.5714285714287,1032.0,8.96474462743763,124997585.0
JP03,Japan,Ancestral,2021-02-22,145,1054.857142857143,740.0,8.439020184727111,124997585.0
JP03,Japan,Ancestral,2021-02-23,146,1019.5714285714286,1081.0,8.156729016576028,124997585.0
JP03,Japan,Ancestral,2021-02-24,147,1016.7142857142857,921.0,8.133871432110354,124997585.0
JP03,Japan,Ancestral,2021-02-25,148,1012.0,1076.0,8.096156417741991,124997585.0
JP03,Japan,Ancestral,2021-02-26,149,1006.0,1054.0,8.048155490364074,124997585.0
JP03,Japan,Ancestral,2021-02-27,150,978.4285714285714,1213.0,7.827579800270313,124997585.0
JP04,Japan,Alpha,2021-02-28,0,1024.4285714285713,999.0,8.195586910167675,124997585.0
JP04,Japan,Alpha,2021-03-01,1,1037.7142857142858,698.0,8.301874677933062,124997585.0
JP04,Japan,Alpha,2021-03-02,2,1051.142857142857,888.0,8.409305324921736,124997585.0
JP04,Japan,Alpha,2021-03-03,3,1026.857142857143,1243.0,8.2150158569635,124997585.0
JP04,Japan,Alpha,2021-03-04,4,1037.142857142857,1169.0,8.297303161039927,124997585.0
JP04,Japan,Alpha,2021-03-05,5,1023.1428571428571,1148.0,8.185300997158121,124997585.0
JP04,Japan,Alpha,2021-03-06,6,1057.2857142857142,1043.0,8.458449131522935,124997585.0
JP04,Japan,Alpha,2021-03-07,7,1067.2857142857142,1071.0,8.538450677152797,124997585.0
JP04,Japan,Alpha,2021-03-08,8,1088.4285714285713,600.0,8.707596802198788,124997585.0
JP04,Japan,Alpha,2021-03-09,9,1106.0,1127.0,8.84817094666269,124997585.0
JP04,Japan,Alpha,2021-03-10,10,1145.4285714285713,1313.0,9.163605612288999,124997585.0
JP04,Japan,Alpha,2021-03-11,11,1133.4285714285713,1317.0,9.067603757533167,124997585.0
JP04,Japan,Alpha,2021-03-12,12,1147.0,1271.0,9.17617728374512,124997585.0
JP04,Japan,Alpha,2021-03-13,13,1147.857142857143,1319.0,9.183034559084826,124997585.0
JP04,Japan,Alpha,2021-03-14,14,1179.2857142857142,987.0,9.434467988207247,124997585.0
JP04,Japan,Alpha,2021-03-15,15,1205.0,695.0,9.640186248398319,124997585.0
JP04,Japan,Alpha,2021-03-16,16,1232.4285714285713,1133.0,9.859619059268796,124997585.0
JP04,Japan,Alpha,2021-03-17,17,1260.5714285714287,1533.0,10.084766266255693,124997585.0
JP04,Japan,Alpha,2021-03-18,18,1279.2857142857142,1497.0,10.234483444505862,124997585.0
JP04,Japan,Alpha,2021-03-19,19,1296.5714285714287,1463.0,10.372771830523195,124997585.0
JP04,Japan,Alpha,2021-03-20,20,1349.0,1516.0,10.792208505468325,124997585.0
JP04,Japan,Alpha,2021-03-21,21,1403.857142857143,1118.0,11.231074127209281,124997585.0
JP04,Japan,Alpha,2021-03-22,22,1463.5714285714287,816.0,11.708797642541883,124997585.0
JP04,Japan,Alpha,2021-03-23,23,1543.857142857143,1500.0,12.351095766027344,124997585.0
JP04,Japan,Alpha,2021-03-24,24,1623.142857142857,1917.0,12.985393734949817,124997585.0
JP04,Japan,Alpha,2021-03-25,25,1718.0,1915.0,13.744265539210218,124997585.0
JP04,Japan,Alpha,2021-03-26,26,1793.5714285714287,2025.0,14.348848648327316,124997585.0
JP04,Japan,Alpha,2021-03-27,27,1877.4285714285713,2071.0,15.019718752394866,124997585.0
JP04,Japan,Alpha,2021-03-28,28,2009.7142857142858,1782.0,16.07802491315561,124997585.0
JP04,Japan,Alpha,2021-03-29,29,2108.285714285714,1345.0,16.866611577221384,124997585.0
JP04,Japan,Alpha,2021-03-30,30,2212.4285714285716,2087.0,17.69977053099523,124997585.0
JP04,Japan,Alpha,2021-03-31,31,2312.5714285714284,2843.0,18.50092886651713,124997585.0
JP04,Japan,Alpha,2021-04-01,32,2410.4285714285716,2605.0,19.28380113446649,124997585.0
JP04,Japan,Alpha,2021-04-02,33,2442.714285714286,2754.0,19.542091838928613,124997585.0
JP04,Japan,Alpha,2021-04-03,34,2525.4285714285716,2772.0,20.2038189092099,124997585.0
JP04,Japan,Alpha,2021-04-04,35,2611.8571428571427,2467.0,20.895260839296554,124997585.0
JP04,Japan,Alpha,2021-04-05,36,2739.1428571428573,1571.0,21.91356622724237,124997585.0
JP04,Japan,Alpha,2021-04-06,37,2844.0,2666.0,22.75243957713263,124997585.0
JP04,Japan,Alpha,2021-04-07,38,2985.8571428571427,3448.0,23.88731864585338,124997585.0
JP04,Japan,Alpha,2021-04-08,39,3038.5714285714284,3496.0,24.309041079245077,124997585.0
JP04,Japan,Alpha,2021-04-09,40,3114.714285714286,3488.0,24.918195705255314,124997585.0
JP04,Japan,Alpha,2021-04-10,41,3227.0,3765.0,25.816498774756326,124997585.0
JP04,Japan,Alpha,2021-04-11,42,3349.714285714286,2836.0,26.79823202755706,124997585.0
JP04,Japan,Alpha,2021-04-12,43,3503.0,2104.0,28.024541434140506,124997585.0
JP04,Japan,Alpha,2021-04-13,44,3651.0,3452.0,29.20856430946246,124997585.0
JP04,Japan,Alpha,2021-04-14,45,3797.8571428571427,4307.0,30.383444150998137,124997585.0
JP04,Japan,Alpha,2021-04-15,46,3976.1428571428573,4569.0,31.809757421656244,124997585.0
JP04,Japan,Alpha,2021-04-16,47,4090.285714285714,4524.0,32.72291792105995,124997585.0
JP04,Japan,Alpha,2021-04-17,48,4218.571428571428,4793.0,33.74922346356875,124997585.0
JP04,Japan,Alpha,2021-04-18,49,4358.428571428572,4084.0,34.868102223163525,124997585.0
JP04,Japan,Alpha,2021-04-19,50,4490.285714285715,2903.0,35.92297974625441,124997585.0
JP04,Japan,Alpha,2021-04-20,51,4573.142857142857,4350.0,36.58584969575898,124997585.0
JP04,Japan,Alpha,2021-04-21,52,4687.714285714285,5286.0,37.50243883283253,124997585.0
JP04,Japan,Alpha,2021-04-22,53,4761.285714285715,5492.0,38.09102163282366,124997585.0
JP04,Japan,Alpha,2021-04-23,54,4820.0,5104.0,38.560744993593275,124997585.0
JP04,Japan,Alpha,2021-04-24,55,4907.285714285715,5595.0,39.25904419901965,124997585.0
JP04,Japan,Alpha,2021-04-25,56,4978.285714285715,4599.0,39.82705517299166,124997585.0
JP04,Japan,Alpha,2021-04-26,57,5038.428571428572,3314.0,40.30820732599411,124997585.0
JP04,Japan,Alpha,2021-04-27,58,4978.428571428572,4961.0,39.82819805221494,124997585.0
JP04,Japan,Alpha,2021-04-28,59,5033.857142857143,5783.0,40.27163519084903,124997585.0
JP04,Japan,Alpha,2021-04-29,60,5218.285714285715,5913.0,41.74709226810834,124997585.0
JP04,Japan,Alpha,2021-04-30,61,5382.571428571428,4684.0,43.06140337488463,124997585.0
JP04,Japan,Alpha,2021-05-01,62,5272.428571428572,5983.0,42.180243493732874,124997585.0
JP04,Japan,Alpha,2021-05-02,63,5026.285714285715,5890.0,40.211062592015,124997585.0
JP04,Japan,Alpha,2021-05-03,64,4805.857142857143,4464.0,38.44759995048819,124997585.0
JP04,Japan,Alpha,2021-05-04,65,5001.0,4190.0,40.00877296949377,124997585.0
JP04,Japan,Alpha,2021-05-05,66,5180.285714285715,4060.0,41.44308639471487,124997585.0
JP04,Japan,Alpha,2021-05-06,67,5265.142857142857,4370.0,42.1219566533454,124997585.0
JP04,Japan,Alpha,2021-05-07,68,5333.142857142857,6050.0,42.66596716362845,124997585.0
JP04,Japan,Alpha,2021-05-08,69,5625.285714285715,7238.0,45.003155175243705,124997585.0
JP04,Japan,Alpha,2021-05-09,70,6052.571428571428,6484.0,48.42150693208536,124997585.0
JP04,Japan,Alpha,2021-05-10,71,6410.285714285715,4940.0,51.283276507187836,124997585.0
JP04,Japan,Alpha,2021-05-11,72,6440.571428571428,6235.0,51.525566902523984,124997585.0
JP04,Japan,Alpha,2021-05-12,73,6323.285714285715,7051.0,50.58726306020804,124997585.0
JP04,Japan,Alpha,2021-05-13,74,6147.857142857143,6874.0,49.183807374015615,124997585.0
JP04,Japan,Alpha,2021-05-14,75,5967.428571428572,6262.0,47.74035091500826,124997585.0
JP04,Japan,Alpha,2021-05-15,76,5823.0,6417.0,46.58490002026839,124997585.0
JP04,Japan,Alpha,2021-05-16,77,5643.0,5256.0,45.144872198930884,124997585.0
JP04,Japan,Alpha,2021-05-17,78,5477.0,3677.0,43.81684654147518,124997585.0
JP04,Japan,Alpha,2021-05-18,79,5331.714285714285,5224.0,42.65453837139562,124997585.0
JP04,Japan,Alpha,2021-05-19,80,5134.285714285715,5791.0,41.0750792848175,124997585.0
JP04,Japan,Alpha,2021-05-20,81,4960.428571428572,5712.0,39.68419527008119,124997585.0
JP04,Japan,Alpha,2021-05-21,82,4822.428571428572,5245.0,38.5801739403891,124997585.0
JP04,Japan,Alpha,2021-05-22,83,4632.142857142857,5035.0,37.057858814975155,124997585.0
JP04,Japan,Alpha,2021-05-23,84,4452.428571428572,4039.0,35.62011675208422,124997585.0
JP04,Japan,Alpha,2021-05-24,85,4226.714285714285,2711.0,33.81436757929591,124997585.0
JP04,Japan,Alpha,2021-05-25,86,4006.4285714285716,3892.0,32.05204781699239,124997585.0
JP04,Japan,Alpha,2021-05-26,87,3800.4285714285716,4533.0,30.40401597701725,124997585.0
JP04,Japan,Alpha,2021-05-27,88,3634.0,4132.0,29.072561681891695,124997585.0
JP04,Japan,Alpha,2021-05-28,89,3502.5714285714284,3703.0,28.021112796470653,124997585.0
JP04,Japan,Alpha,2021-05-29,90,3323.5714285714284,3593.0,26.589085129696134,124997585.0
JP04,Japan,Alpha,2021-05-30,91,3109.4285714285716,2874.0,24.87590917399381,124997585.0
JP04,Japan,Alpha,2021-05-31,92,2923.5714285714284,1791.0,23.389023304501674,124997585.0
JP04,Japan,Alpha,2021-06-01,93,2764.8571428571427,2639.0,22.119284487433436,124997585.0
JP04,Japan,Alpha,2021-06-02,94,2630.1428571428573,3034.0,21.041549379876876,124997585.0
JP04,Japan,Alpha,2021-06-03,95,2508.1428571428573,2831.0,20.065530523192567,124997585.0
JP04,Japan,Alpha,2021-06-04,96,2435.1428571428573,2592.0,19.481519240094578,124997585.0
JP04,Japan,Alpha,2021-06-05,97,2326.8571428571427,2650.0,18.6152167888455,124997585.0
JP04,Japan,Alpha,2021-06-06,98,2213.1428571428573,2020.0,17.70548492711165,124997585.0
JP04,Japan,Alpha,2021-06-07,99,2100.4285714285716,1280.0,16.803753219940784,124997585.0
JP04,Japan,Alpha,2021-06-08,100,2006.4285714285713,1881.0,16.05173869102008,124997585.0
JP04,Japan,Alpha,2021-06-09,101,1905.142857142857,2238.0,15.241437321711913,124997585.0
JP04,Japan,Alpha,2021-06-10,102,1814.0,2042.0,14.51228037725689,124997585.0
JP04,Japan,Alpha,2021-06-11,103,1764.4285714285713,1934.0,14.115701286777432,124997585.0
JP04,Japan,Alpha,2021-06-12,104,1698.142857142857,1941.0,13.585405327173778,124997585.0
JP04,Japan,Alpha,2021-06-13,105,1622.2857142857142,1382.0,12.978536459610114,124997585.0
JP04,Japan,Alpha,2021-06-14,106,1552.0,933.0,12.416239881754516,124997585.0
JP04,Japan,Alpha,2021-06-15,107,1507.142857142857,1417.0,12.05737580564342,124997585.0
JP04,Japan,Alpha,2021-06-16,108,1446.7142857142858,1707.0,11.573937894194403,124997585.0
JP04,Japan,Alpha,2021-06-17,109,1435.857142857143,1550.0,11.487079073224837,124997585.0
JP04,Japan,Alpha,2021-06-18,110,1426.5714285714287,1620.0,11.412791923711396,124997585.0
JP05,Japan,Delta,2021-06-19,0,1429.142857142857,1518.0,11.433363749730502,124997585.0
JP05,Japan,Delta,2021-06-20,1,1439.5714285714287,1306.0,11.516793933030216,124997585.0
JP05,Japan,Delta,2021-06-21,2,1457.2857142857142,868.0,11.658510956717398,124997585.0
JP05,Japan,Delta,2021-06-22,3,1470.142857142857,1435.0,11.761370086812933,124997585.0
JP05,Japan,Delta,2021-06-23,4,1486.2857142857142,1780.0,11.890515439043995,124997585.0
JP05,Japan,Delta,2021-06-24,5,1482.857142857143,1674.0,11.863086337685187,124997585.0
JP05,Japan,Delta,2021-06-25,6,1501.857142857143,1710.0,12.015089274381925,124997585.0
JP05,Japan,Delta,2021-06-26,7,1494.0,1631.0,11.952230917101318,124997585.0
JP05,Japan,Delta,2021-06-27,8,1499.7142857142858,1282.0,11.99794608603267,124997585.0
JP05,Japan,Delta,2021-06-28,9,1511.142857142857,1001.0,12.089376423895366,124997585.0
JP05,Japan,Delta,2021-06-29,10,1520.4285714285713,1380.0,12.163663573408808,124997585.0
JP05,Japan,Delta,2021-06-30,11,1555.7142857142858,1820.0,12.445954741559893,124997585.0
JP05,Japan,Delta,2021-07-01,12,1584.7142857142858,1754.0,12.677959223886493,124997585.0
JP05,Japan,Delta,2021-07-02,13,1588.7142857142858,1775.0,12.709959842138437,124997585.0
JP05,Japan,Delta,2021-07-03,14,1629.857142857143,1878.0,13.039109058444152,124997585.0
JP05,Japan,Delta,2021-07-04,15,1682.5714285714287,1485.0,13.460831491835853,124997585.0
JP05,Japan,Delta,2021-07-05,16,1752.857142857143,1029.0,14.023128069691449,124997585.0
JP05,Japan,Delta,2021-07-06,17,1824.4285714285713,1668.0,14.5957105605566,124997585.0
JP05,Japan,Delta,2021-07-07,18,1907.2857142857142,2189.0,15.258580510061167,124997585.0
JP05,Japan,Delta,2021-07-08,19,1985.142857142857,2246.0,15.881449686750804,124997585.0
JP05,Japan,Delta,2021-07-09,20,2053.1428571428573,2276.0,16.425460197033864,124997585.0
JP05,Japan,Delta,2021-07-10,21,2155.4285714285716,2458.0,17.24376172090502,124997585.0
JP05,Japan,Delta,2021-07-11,22,2298.714285714286,2030.0,18.390069581858608,124997585.0
JP05,Japan,Delta,2021-07-12,23,2466.1428571428573,1505.0,19.72952403154715,124997585.0
JP05,Japan,Delta,2021-07-13,24,2631.4285714285716,2384.0,21.051835292886434,124997585.0
JP05,Japan,Delta,2021-07-14,25,2835.4285714285716,3192.0,22.683866823735606,124997585.0
JP05,Japan,Delta,2021-07-15,26,2988.4285714285716,3418.0,23.907890471872488,124997585.0
JP05,Japan,Delta,2021-07-16,27,3106.0,3433.0,24.848480072635002,124997585.0
JP05,Japan,Delta,2021-07-17,28,3302.4285714285716,3886.0,26.41993900465014,124997585.0
JP05,Japan,Delta,2021-07-18,29,3553.4285714285716,3101.0,28.427977799959667,124997585.0
JP05,Japan,Delta,2021-07-19,30,3836.4285714285716,2328.0,30.69202154128475,124997585.0
JP05,Japan,Delta,2021-07-20,31,3950.8571428571427,3759.0,31.60746779913502,124997585.0
JP05,Japan,Delta,2021-07-21,32,3909.1428571428573,4949.0,31.273747065936174,124997585.0
JP05,Japan,Delta,2021-07-22,33,4186.0,5399.0,33.48864700066005,124997585.0
JP05,Japan,Delta,2021-07-23,34,4526.142857142857,4234.0,36.209842431298625,124997585.0
JP05,Japan,Delta,2021-07-24,35,5084.857142857143,3594.0,40.67964307356133,124997585.0
JP05,Japan,Delta,2021-07-25,36,5753.285714285715,5039.0,46.02717495930593,124997585.0
JP05,Japan,Delta,2021-07-26,37,6518.0,4709.0,52.14500744154377,124997585.0
JP05,Japan,Delta,2021-07-27,38,7460.428571428572,7670.0,59.68458167754658,124997585.0
JP05,Japan,Delta,2021-07-28,39,8721.57142857143,9628.0,69.77391946069542,124997585.0
JP05,Japan,Delta,2021-07-29,40,9465.714285714286,10752.0,75.7271773347804,124997585.0
JP05,Japan,Delta,2021-07-30,41,10004.142857142857,10831.0,80.03468912733679,124997585.0
JP05,Japan,Delta,2021-07-31,42,10637.142857142857,12422.0,85.09878696570703,124997585.0
JP05,Japan,Delta,2021-08-01,43,11306.285714285714,10248.0,90.45203324756805,124997585.0
JP05,Japan,Delta,2021-08-02,44,11958.42857142857,8478.0,95.6692769018583,124997585.0
JP05,Japan,Delta,2021-08-03,45,12669.285714285714,12101.0,101.35624391691817,124997585.0
JP05,Japan,Delta,2021-08-04,46,13154.857142857143,14312.0,105.24089039685961,124997585.0
JP05,Japan,Delta,2021-08-05,47,13766.0,15317.0,110.13012771406744,124997585.0
JP05,Japan,Delta,2021-08-06,48,14294.57142857143,15807.0,114.35878084021726,124997585.0
JP05,Japan,Delta,2021-08-07,49,14099.142857142857,15821.0,112.79532206276511,124997585.0
JP05,Japan,Delta,2021-08-08,50,14344.285714285714,14526.0,114.75650280992,124997585.0
JP05,Japan,Delta,2021-08-09,51,14875.285714285714,12178.0,119.00458488286566,124997585.0
JP05,Japan,Delta,2021-08-10,52,15545.142857142857,10733.0,124.36354556084308,124997585.0
JP05,Japan,Delta,2021-08-11,53,16185.42857142857,16028.0,129.4859302396008,124997585.0
JP05,Japan,Delta,2021-08-12,54,16665.714285714286,19034.0,133.32829018828073,124997585.0
JP05,Japan,Delta,2021-08-13,55,17069.85714285714,20496.0,136.5614955109504,124997585.0
JP05,Japan,Delta,2021-08-14,56,18408.714285714286,20303.0,147.2725595915656,124997585.0
JP05,Japan,Delta,2021-08-15,57,19561.285714285714,17888.0,156.4933091650188,124997585.0
JP05,Japan,Delta,2021-08-16,58,20462.285714285714,15007.0,163.7014484262693,124997585.0
JP05,Japan,Delta,2021-08-17,59,21247.428571428572,20105.0,169.98271263743675,124997585.0
JP05,Japan,Delta,2021-08-18,60,22013.0,24096.0,176.10740239501428,124997585.0
JP05,Japan,Delta,2021-08-19,61,22649.714285714286,25341.0,181.2012150931899,124997585.0
JP05,Japan,Delta,2021-08-20,62,22923.571428571428,25992.0,183.3921145642248,124997585.0
JP05,Japan,Delta,2021-08-21,63,23147.0,25662.0,185.17957766944056,124997585.0
JP05,Japan,Delta,2021-08-22,64,23192.0,22345.0,185.53958462477493,124997585.0
JP05,Japan,Delta,2021-08-23,65,23148.714285714286,16924.0,185.19329222012,124997585.0
JP05,Japan,Delta,2021-08-24,66,22909.714285714286,21669.0,183.2812552795663,124997585.0
JP05,Japan,Delta,2021-08-25,67,22509.285714285714,24411.0,180.07776481670197,124997585.0
JP05,Japan,Delta,2021-08-26,68,22079.571428571428,25038.0,176.6399841130645,124997585.0
JP05,Japan,Delta,2021-08-27,69,21615.285714285714,24319.0,172.92562663739236,124997585.0
JP05,Japan,Delta,2021-08-28,70,21051.0,22859.0,168.4112537054216,124997585.0
JP05,Japan,Delta,2021-08-29,71,20424.85714285714,19337.0,163.40201406976897,124997585.0
JP05,Japan,Delta,2021-08-30,72,19450.285714285714,13674.0,155.60529200852733,124997585.0
JP05,Japan,Delta,2021-08-31,73,18364.85714285714,17719.0,146.92169567001747,124997585.0
JP05,Japan,Delta,2021-09-01,74,17387.0,20028.0,139.0986873866403,124997585.0
JP05,Japan,Delta,2021-09-02,75,16468.428571428572,18216.0,131.74997398092592,124997585.0
JP05,Japan,Delta,2021-09-03,76,15689.857142857143,16721.0,125.52128221402951,124997585.0
JP05,Japan,Delta,2021-09-04,77,14673.857142857143,16014.0,117.39312517803559,124997585.0
JP05,Japan,Delta,2021-09-05,78,13582.42857142857,12907.0,108.66152791214783,124997585.0
JP05,Japan,Delta,2021-09-06,79,12465.285714285714,8224.0,99.72421238606901,124997585.0
JP05,Japan,Delta,2021-09-07,80,11342.142857142857,10607.0,90.73889593261228,124997585.0
JP05,Japan,Delta,2021-09-08,81,10311.857142857143,12388.0,82.49645097428997,124997585.0
JP05,Japan,Delta,2021-09-09,82,9498.42857142857,10396.0,75.98889667691236,124997585.0
JP05,Japan,Delta,2021-09-10,83,8919.714285714286,8859.0,71.35909294338995,124997585.0
JP05,Japan,Delta,2021-09-11,84,8301.42857142857,8802.0,66.41271166501794,124997585.0
JP05,Japan,Delta,2021-09-12,85,7504.428571428572,7213.0,60.036588478317974,124997585.0
JP05,Japan,Delta,2021-09-13,86,6832.285714285715,4173.0,54.65934173276799,124997585.0
JP05,Japan,Delta,2021-09-14,87,6297.142857142857,6279.0,50.37811616234711,124997585.0
JP05,Japan,Delta,2021-09-15,88,5711.142857142857,6809.0,45.69002558843722,124997585.0
JP05,Japan,Delta,2021-09-16,89,5165.857142857143,5691.0,41.32765559316321,124997585.0
JP05,Japan,Delta,2021-09-17,90,4887.0,5113.0,39.09675534931335,124997585.0
JP05,Japan,Delta,2021-09-18,91,4242.857142857143,4700.0,33.94351293152698,124997585.0
JP05,Japan,Delta,2021-09-19,92,3733.4285714285716,3396.0,29.868005621297176,124997585.0
JP05,Japan,Delta,2021-09-20,93,3434.8571428571427,2221.0,27.479388044634163,124997585.0
JP05,Japan,Delta,2021-09-21,94,3003.714285714286,1770.0,24.03017854876385,124997585.0
JP05,Japan,Delta,2021-09-22,95,2713.714285714286,3243.0,21.71013372549786,124997585.0
JP05,Japan,Delta,2021-09-23,96,2533.714285714286,3601.0,20.270105904160353,124997585.0
JP05,Japan,Delta,2021-09-24,97,2380.4285714285716,2095.0,19.043796497576906,124997585.0
JP05,Japan,Delta,2021-09-25,98,2373.5714285714284,2670.0,18.988938294859285,124997585.0
JP05,Japan,Delta,2021-09-26,99,2193.5714285714284,2136.0,17.548910473521776,124997585.0
JP05,Japan,Delta,2021-09-27,100,1904.142857142857,1148.0,15.233437167148926,124997585.0
JP05,Japan,Delta,2021-09-28,101,1811.142857142857,1722.0,14.489422792791213,124997585.0
JP05,Japan,Delta,2021-09-29,102,1607.2857142857142,1983.0,12.85853414116532,124997585.0
JP05,Japan,Delta,2021-09-30,103,1440.2857142857142,1575.0,11.522508329146632,124997585.0
JP05,Japan,Delta,2021-10-01,104,1361.857142857143,1444.0,10.895067635563862,124997585.0
JP05,Japan,Delta,2021-10-02,105,1255.7142857142858,1243.0,10.045908372664046,124997585.0
JP05,Japan,Delta,2021-10-03,106,1133.142857142857,967.0,9.065317999086599,124997585.0
JP05,Japan,Delta,2021-10-04,107,1047.0,599.0,8.376161827446506,124997585.0
JP05,Japan,Delta,2021-10-05,108,958.8571428571429,979.0,7.671005346680442,124997585.0
JP05,Japan,Delta,2021-10-06,109,891.8571428571429,1125.0,7.134994990960369,124997585.0
JP05,Japan,Delta,2021-10-07,110,832.7142857142857,972.0,6.661842992520901,124997585.0
JP05,Japan,Delta,2021-10-08,111,799.8571428571429,827.0,6.398980771165642,124997585.0
JP05,Japan,Delta,2021-10-09,112,746.7142857142857,774.0,5.973829700104091,124997585.0
JP05,Japan,Delta,2021-10-10,113,690.4285714285714,553.0,5.5235352861303,124997585.0
JP05,Japan,Delta,2021-10-11,114,639.7142857142857,369.0,5.117813161864572,124997585.0
JP05,Japan,Delta,2021-10-12,115,595.4285714285714,607.0,4.763520602646615,124997585.0
JP05,Japan,Delta,2021-10-13,116,556.2857142857143,731.0,4.450371695466871,124997585.0
JP05,Japan,Delta,2021-10-14,117,538.4285714285714,617.0,4.3075117925564035,124997585.0
JP05,Japan,Delta,2021-10-15,118,518.5714285714286,517.0,4.148651580519964,124997585.0
JP05,Japan,Delta,2021-10-16,119,484.85714285714283,500.0,3.8789320838250023,124997585.0
JP05,Japan,Delta,2021-10-17,120,435.85714285714283,428.0,3.4869245102386803,124997585.0
JP05,Japan,Delta,2021-10-18,121,396.7142857142857,230.0,3.1737756030589366,124997585.0
JP05,Japan,Delta,2021-10-19,122,369.14285714285717,371.0,2.953199912965176,124997585.0
JP05,Japan,Delta,2021-10-20,123,338.14285714285717,388.0,2.7051951215126047,124997585.0
JP05,Japan,Delta,2021-10-21,124,310.14285714285717,343.0,2.4811907937489925,124997585.0
JP05,Japan,Delta,2021-10-22,125,298.85714285714283,324.0,2.390903335109577,124997585.0
JP05,Japan,Delta,2021-10-23,126,290.14285714285717,283.0,2.3211877024892695,124997585.0
JP05,Japan,Delta,2021-10-24,127,279.0,232.0,2.232043123073138,124997585.0
JP05,Japan,Delta,2021-10-25,128,269.0,151.0,2.1520415774432764,124997585.0
JP05,Japan,Delta,2021-10-26,129,264.42857142857144,310.0,2.115469442298197,124997585.0
JP05,Japan,Delta,2021-10-27,130,264.57142857142856,310.0,2.1166123215214805,124997585.0
JP05,Japan,Delta,2021-10-28,131,264.0,273.0,2.1120408046283456,124997585.0
JP05,Japan,Delta,2021-10-29,132,254.42857142857142,292.0,2.0354678966683353,124997585.0
JP05,Japan,Delta,2021-10-30,133,241.71428571428572,284.0,1.9337516457960824,124997585.0
JP05,Japan,Delta,2021-10-31,134,235.14285714285714,228.0,1.8811792015250306,124997585.0
JP05,Japan,Delta,2021-11-01,135,218.71428571428572,84.0,1.7497480908474008,124997585.0
JP05,Japan,Delta,2021-11-02,136,209.14285714285714,221.0,1.6731751828873906,124997585.0
JP05,Japan,Delta,2021-11-03,137,201.42857142857142,264.0,1.6114597048300687,124997585.0
JP05,Japan,Delta,2021-11-04,138,191.28571428571428,158.0,1.5303152799769233,124997585.0
JP05,Japan,Delta,2021-11-05,139,193.57142857142858,225.0,1.5486013475494633,124997585.0
JP05,Japan,Delta,2021-11-06,140,189.71428571428572,230.0,1.5177436085208023,124997585.0
JP05,Japan,Delta,2021-11-07,141,184.42857142857142,157.0,1.475457077259304,124997585.0
JP05,Japan,Delta,2021-11-08,142,192.57142857142858,100.0,1.5406011929864771,124997585.0
JP05,Japan,Delta,2021-11-09,143,189.14285714285714,194.0,1.5131720916276674,124997585.0
JP05,Japan,Delta,2021-11-10,144,184.0,227.0,1.472028439589453,124997585.0
JP05,Japan,Delta,2021-11-11,145,182.28571428571428,215.0,1.458313888910048,124997585.0
JP05,Japan,Delta,2021-11-12,146,179.14285714285714,201.0,1.4331705459978057,124997585.0
JP05,Japan,Delta,2021-11-13,147,173.0,194.0,1.384026739396605,124997585.0
JP05,Japan,Delta,2021-11-14,148,169.71428571428572,145.0,1.3577405172610792,124997585.0
JP05,Japan,Delta,2021-11-15,149,160.14285714285714,78.0,1.2811676093010689,124997585.0
JP05,Japan,Delta,2021-11-16,150,153.28571428571428,151.0,1.2263094065834494,124997585.0
JP05,Japan,Delta,2021-11-17,151,140.42857142857142,204.0,1.123450276487913,124997585.0
JP05,Japan,Delta,2021-11-18,152,142.14285714285714,148.0,1.1371648271673178,124997585.0
JP05,Japan,Delta,2021-11-19,153,138.0,153.0,1.1040213296920895,124997585.0
JP05,Japan,Delta,2021-11-20,154,132.28571428571428,104.0,1.0583061607607402,124997585.0
JP05,Japan,Delta,2021-11-21,155,114.14285714285714,157.0,0.9131604994037056,124997585.0
JP05,Japan,Delta,2021-11-22,156,110.0,49.0,0.8800170019284773,124997585.0
JP05,Japan,Delta,2021-11-23,157,105.42857142857143,111.0,0.8434448667833977,124997585.0
JP05,Japan,Delta,2021-11-24,158,108.42857142857143,77.0,0.8674453304723562,124997585.0
JP05,Japan,Delta,2021-11-25,159,96.28571428571429,119.0,0.7703005964932386,124997585.0
JP06,Japan,Omicron BA.1,2021-11-26,0,101.0,121.0,0.8080156108616018,124997585.0
JP06,Japan,Omicron BA.1,2021-11-27,1,97.85714285714286,125.0,0.7828722679493596,124997585.0
JP06,Japan,Omicron BA.1,2021-11-28,2,103.28571428571429,72.0,0.8263016784341416,124997585.0
JP06,Japan,Omicron BA.1,2021-11-29,3,103.0,82.0,0.8240159199875742,124997585.0
JP06,Japan,Omicron BA.1,2021-11-30,4,108.28571428571429,89.0,0.8663024512490725,124997585.0
JP06,Japan,Omicron BA.1,2021-12-01,5,107.57142857142857,115.0,0.8605880551326538,124997585.0
JP06,Japan,Omicron BA.1,2021-12-02,6,112.14285714285714,117.0,0.8971601902777333,124997585.0
JP06,Japan,Omicron BA.1,2021-12-03,7,112.0,158.0,0.8960173110544496,124997585.0
JP06,Japan,Omicron BA.1,2021-12-04,8,115.14285714285714,120.0,0.9211606539666918,124997585.0
JP06,Japan,Omicron BA.1,2021-12-05,9,118.0,104.0,0.9440182384323665,124997585.0
JP06,Japan,Omicron BA.1,2021-12-06,10,123.28571428571429,81.0,0.9863047696938648,124997585.0
JP06,Japan,Omicron BA.1,2021-12-07,11,121.57142857142857,111.0,0.97259021901446,124997585.0
JP06,Japan,Omicron BA.1,2021-12-08,12,124.0,135.0,0.9920191658102835,124997585.0
JP06,Japan,Omicron BA.1,2021-12-09,13,128.42857142857142,154.0,1.0274484217320792,124997585.0
JP06,Japan,Omicron BA.1,2021-12-10,14,127.85714285714286,146.0,1.0228769048389446,124997585.0
JP06,Japan,Omicron BA.1,2021-12-11,15,131.85714285714286,137.0,1.054877523090889,124997585.0
JP06,Japan,Omicron BA.1,2021-12-12,16,135.28571428571428,135.0,1.0823066244496986,124997585.0
JP06,Japan,Omicron BA.1,2021-12-13,17,138.28571428571428,77.0,1.1063070881386572,124997585.0
JP06,Japan,Omicron BA.1,2021-12-14,18,144.14285714285714,139.0,1.1531651362932902,124997585.0
JP06,Japan,Omicron BA.1,2021-12-15,19,153.14285714285714,159.0,1.2251665273601657,124997585.0
JP06,Japan,Omicron BA.1,2021-12-16,20,158.57142857142858,175.0,1.2685959378449478,124997585.0
JP06,Japan,Omicron BA.1,2021-12-17,21,166.71428571428572,187.0,1.3337400535721207,124997585.0
JP06,Japan,Omicron BA.1,2021-12-18,22,183.85714285714286,200.0,1.470885560366169,124997585.0
JP06,Japan,Omicron BA.1,2021-12-19,23,197.0,173.0,1.576030448908273,124997585.0
JP06,Japan,Omicron BA.1,2021-12-20,24,213.14285714285714,134.0,1.7051758011393352,124997585.0
JP06,Japan,Omicron BA.1,2021-12-21,25,235.85714285714286,259.0,1.8868935976414494,124997585.0
JP06,Japan,Omicron BA.1,2021-12-22,26,252.85714285714286,251.0,2.022896225212214,124997585.0
JP06,Japan,Omicron BA.1,2021-12-23,27,265.7142857142857,288.0,2.12575535530775,124997585.0
JP06,Japan,Omicron BA.1,2021-12-24,28,277.14285714285717,346.0,2.2171856931704497,124997585.0
JP06,Japan,Omicron BA.1,2021-12-25,29,284.85714285714283,319.0,2.278901171227771,124997585.0
JP06,Japan,Omicron BA.1,2021-12-26,30,315.7142857142857,263.0,2.525763083457058,124997585.0
JP06,Japan,Omicron BA.1,2021-12-27,31,351.0,214.0,2.808054251608141,124997585.0
JP06,Japan,Omicron BA.1,2021-12-28,32,372.57142857142856,313.0,2.9806290143239855,124997585.0
JP06,Japan,Omicron BA.1,2021-12-29,33,402.42857142857144,467.0,3.2194907719902863,124997585.0
JP06,Japan,Omicron BA.1,2021-12-30,34,454.57142857142856,535.0,3.63664168848885,124997585.0
JP06,Japan,Omicron BA.1,2021-12-31,35,535.5714285714286,497.0,4.284654208090728,124997585.0
JP06,Japan,Omicron BA.1,2022-01-01,36,671.7142857142857,528.0,5.37381810788013,124997585.0
JP06,Japan,Omicron BA.1,2022-01-02,37,960.4285714285714,628.0,7.683577018136562,124997585.0
JP06,Japan,Omicron BA.1,2022-01-03,38,1518.857142857143,781.0,12.151091901952688,124997585.0
JP06,Japan,Omicron BA.1,2022-01-04,39,2339.8571428571427,1266.0,18.71921879816432,124997585.0
JP06,Japan,Omicron BA.1,2022-01-05,40,3494.5714285714284,2488.0,27.957111559966766,124997585.0
JP06,Japan,Omicron BA.1,2022-01-06,41,4582.285714285715,4444.0,36.658993966049145,124997585.0
JP06,Japan,Omicron BA.1,2022-01-07,42,5389.285714285715,6244.0,43.11511869837897,124997585.0
JP06,Japan,Omicron BA.1,2022-01-08,43,6119.0,8611.0,48.952945770912294,124997585.0
JP06,Japan,Omicron BA.1,2022-01-09,44,7654.285714285715,8242.0,61.235468783542615,124997585.0
JP06,Japan,Omicron BA.1,2022-01-10,45,9687.57142857143,6430.0,77.50206876854004,124997585.0
JP06,Japan,Omicron BA.1,2022-01-11,46,11969.857142857143,6374.0,95.76070723972101,124997585.0
JP06,Japan,Omicron BA.1,2022-01-12,47,14415.857142857143,13235.0,115.32908530078515,124997585.0
JP06,Japan,Omicron BA.1,2022-01-13,48,16878.285714285714,18677.0,135.02889447252693,124997585.0
JP06,Japan,Omicron BA.1,2022-01-14,49,18959.428571428572,22220.0,151.6783589973244,124997585.0
JP06,Japan,Omicron BA.1,2022-01-15,50,22669.14285714286,25733.0,181.35664666755648,124997585.0
JP06,Japan,Omicron BA.1,2022-01-16,51,26703.85714285714,25479.0,213.63498457075906,124997585.0
JP06,Japan,Omicron BA.1,2022-01-17,52,30632.571428571428,20998.0,245.0653060902851,124997585.0
JP06,Japan,Omicron BA.1,2022-01-18,53,34579.0,32342.0,276.63734463349834,124997585.0
JP06,Japan,Omicron BA.1,2022-01-19,54,38675.857142857145,41478.0,309.41283499882934,124997585.0
JP06,Japan,Omicron BA.1,2022-01-20,55,42176.42857142857,46178.0,337.417947486174,124997585.0
JP06,Japan,Omicron BA.1,2022-01-21,56,45582.28571428572,49845.0,364.6653310484816,124997585.0
JP06,Japan,Omicron BA.1,2022-01-22,57,49906.857142857145,54411.0,399.26257089572687,124997585.0
JP06,Japan,Omicron BA.1,2022-01-23,58,54209.57142857143,49983.0,433.6849502218097,124997585.0
JP06,Japan,Omicron BA.1,2022-01-24,59,58900.142857142855,44839.0,471.21024663910794,124997585.0
JP06,Japan,Omicron BA.1,2022-01-25,60,63463.42857142857,62614.0,507.7172376684603,124997585.0
JP06,Japan,Omicron BA.1,2022-01-26,61,67817.42857142857,71597.0,542.549910635702,124997585.0
JP06,Japan,Omicron BA.1,2022-01-27,62,71835.0,79012.0,574.6911030321106,124997585.0
JP06,Japan,Omicron BA.1,2022-01-28,63,74137.85714285714,81788.0,593.1143161114445,124997585.0
JP06,Japan,Omicron BA.1,2022-01-29,64,76862.71428571429,84889.0,614.9135944163584,124997585.0
JP06,Japan,Omicron BA.1,2022-01-30,65,80189.71428571429,78106.0,641.5301086474134,124997585.0
JP06,Japan,Omicron BA.1,2022-01-31,66,83822.57142857143,60959.0,670.5935272955188,124997585.0
JP06,Japan,Omicron BA.1,2022-02-01,67,86163.85714285714,81688.0,689.3241748859159,124997585.0
JP06,Japan,Omicron BA.1,2022-02-02,68,88647.57142857143,94886.0,709.194273061927,124997585.0
JP06,Japan,Omicron BA.1,2022-02-03,69,90344.71428571429,104442.0,722.7716782345378,124997585.0
JP06,Japan,Omicron BA.1,2022-02-04,70,91351.14285714286,98177.0,730.8232623625717,124997585.0
JP06,Japan,Omicron BA.1,2022-02-05,71,94136.28571428571,102275.0,753.1048356997113,124997585.0
JP06,Japan,Omicron BA.1,2022-02-06,72,94552.42857142857,89986.0,756.4340428771369,124997585.0
JP06,Japan,Omicron BA.1,2022-02-07,73,93878.28571428571,68004.0,751.0407958224611,124997585.0
JP06,Japan,Omicron BA.1,2022-02-08,74,93902.85714285714,101184.0,751.2373710488658,124997585.0
JP06,Japan,Omicron BA.1,2022-02-09,75,89068.28571428571,97799.0,712.5600523744976,124997585.0
JP06,Japan,Omicron BA.1,2022-02-10,76,87275.28571428571,99723.0,698.2157752430634,124997585.0
JP06,Japan,Omicron BA.1,2022-02-11,77,86147.57142857143,98349.0,689.1938866544616,124997585.0
JP06,Japan,Omicron BA.1,2022-02-12,78,83720.57142857143,68433.0,669.7775115300942,124997585.0
JP06,Japan,Omicron BA.1,2022-02-13,79,82739.28571428571,77435.0,661.9270741453581,124997585.0
JP06,Japan,Omicron BA.1,2022-02-14,80,82090.28571428571,60110.0,656.7349738339801,124997585.0
JP06,Japan,Omicron BA.1,2022-02-15,81,80568.71428571429,84195.0,644.5621672267852,124997585.0
JP06,Japan,Omicron BA.1,2022-02-16,82,82438.14285714286,90930.0,659.5178847426761,124997585.0
JP06,Japan,Omicron BA.1,2022-02-17,83,81589.42857142857,95180.0,652.7280392771473,124997585.0
JP06,Japan,Omicron BA.1,2022-02-18,84,80417.85714285714,87698.0,643.3552867669974,124997585.0
JP06,Japan,Omicron BA.1,2022-02-19,85,78335.28571428571,81519.0,626.6943934499672,124997585.0
JP06,Japan,Omicron BA.1,2022-02-20,86,76824.0,71494.0,614.6038741468485,124997585.0
JP06,Japan,Omicron BA.1,2022-02-21,87,71972.85714285714,51909.0,575.7939814825794,124997585.0
JP06,Japan,Omicron BA.1,2022-02-22,88,68821.71428571429,69617.0,550.5843515753868,124997585.0
JP06,Japan,Omicron BA.1,2022-02-23,89,67483.0,80351.0,539.8744303739948,124997585.0
JP06,Japan,Omicron BA.1,2022-02-24,90,66369.0,61222.0,530.9622581908283,124997585.0
JP06,Japan,Omicron BA.1,2022-02-25,91,66252.28571428571,65640.0,530.0285258654053,124997585.0
JP06,Japan,Omicron BA.1,2022-02-26,92,65645.28571428571,72148.0,525.1724320456727,124997585.0
JP06,Japan,Omicron BA.1,2022-02-27,93,64538.0,63696.0,516.3139751860006,124997585.0
JP06,Japan,Omicron BA.1,2022-02-28,94,65830.28571428571,51092.0,526.6524606398253,124997585.0
JP06,Japan,Omicron BA.1,2022-03-01,95,65551.28571428571,65368.0,524.4204175167521,124997585.0
JP06,Japan,Omicron BA.1,2022-03-02,96,64328.857142857145,72600.0,514.6408000031132,124997585.0
JP06,Japan,Omicron BA.1,2022-03-03,97,62948.42857142857,70268.0,503.5971580685225,124997585.0
JP06,Japan,Omicron BA.1,2022-03-04,98,60935.57142857143,63687.0,487.4939898124546,124997585.0
JP06,Japan,Omicron BA.1,2022-03-05,99,59302.71428571428,63591.0,474.43088029032145,124997585.0
JP06,Japan,Omicron BA.1,2022-03-06,100,58055.142857142855,54033.0,464.4501160333846,124997585.0
JP06,Japan,Omicron BA.1,2022-03-07,101,56740.142857142855,37002.0,453.9299127830578,124997585.0
JP06,Japan,Omicron BA.1,2022-03-08,102,55640.0,53938.0,445.12859988454977,124997585.0
JP06,Japan,Omicron BA.1,2022-03-09,103,54445.0,63867.0,435.5684151817813,124997585.0
JP06,Japan,Omicron BA.1,2022-03-10,104,54004.142857142855,61063.0,432.04148989872766,124997585.0
JP06,Japan,Omicron BA.1,2022-03-11,105,53340.857142857145,55986.0,426.7351016650213,124997585.0
JP06,Japan,Omicron BA.1,2022-03-12,106,52911.857142857145,55226.0,423.3030353575003,124997585.0
JP06,Japan,Omicron BA.1,2022-03-13,107,52061.142857142855,50947.0,416.4971895828456,124997585.0
JP06,Japan,Omicron BA.1,2022-03-14,108,50977.57142857143,32359.0,407.8284506742384,124997585.0
JP06,Japan,Omicron BA.1,2022-03-15,109,50005.57142857143,50935.0,400.05230043901594,124997585.0
JP06,Japan,Omicron BA.1,2022-03-16,110,48486.57142857143,57912.0,387.90006565783995,124997585.0
JP06,Japan,Omicron BA.1,2022-03-17,111,46859.857142857145,53478.0,374.8860999423081,124997585.0
JP06,Japan,Omicron BA.1,2022-03-18,112,46175.142857142855,49182.0,369.40827982510905,124997585.0
JP06,Japan,Omicron BA.1,2022-03-19,113,41777.57142857143,44593.0,334.2270286947658,124997585.0
JP06,Japan,Omicron BA.1,2022-03-20,114,39413.28571428572,39560.0,315.31237754942,124997585.0
JP06,Japan,Omicron BA.1,2022-03-21,115,38880.857142857145,27566.0,311.0528666842415,124997585.0
JP06,Japan,Omicron BA.1,2022-03-22,116,38631.57142857143,20152.0,309.05854243961136,124997585.0
JP06,Japan,Omicron BA.1,2022-03-23,117,39022.42857142857,41362.0,312.18545999451567,124997585.0
JP06,Japan,Omicron BA.1,2022-03-24,118,39563.57142857143,49751.0,316.5146864923144,124997585.0
JP06,Japan,Omicron BA.1,2022-03-25,119,39871.28571428572,47437.0,318.9764483392677,124997585.0
JP06,Japan,Omicron BA.1,2022-03-26,120,43362.857142857145,47329.0,346.9095594355455,124997585.0
JP06,Japan,Omicron BA.1,2022-03-27,121,45112.42857142857,43348.0,360.90640128310133,124997585.0
JP06,Japan,Omicron BA.1,2022-03-28,122,45383.57142857143,29720.0,363.0755860488939,124997585.0
JP06,Japan,Omicron BA.1,2022-03-29,123,45643.857142857145,44593.0,365.1579119937169,124997585.0
JP06,Japan,Omicron BA.1,2022-03-30,124,45855.28571428572,53609.0,366.84937324417683,124997585.0
JP06,Japan,Omicron BA.1,2022-03-31,125,46407.857142857145,51649.0,371.2700300798383,124997585.0
JP06,Japan,Omicron BA.1,2022-04-01,126,46484.28571428572,49259.0,371.8814704642951,124997585.0
JP06,Japan,Omicron BA.1,2022-04-02,127,46656.42857142857,48809.0,373.258639928352,124997585.0
JP06,Japan,Omicron BA.1,2022-04-03,128,46821.0,47216.0,374.57523679357485,124997585.0
JP06,Japan,Omicron BA.1,2022-04-04,129,47282.42857142857,30255.0,378.2667366847813,124997585.0
JP06,Japan,Omicron BA.1,2022-04-05,130,47693.142857142855,45798.0,381.55251445172206,124997585.0
JP06,Japan,Omicron BA.1,2022-04-06,131,48238.857142857145,54761.0,385.91831308466595,124997585.0
JP06,Japan,Omicron BA.1,2022-04-07,132,48500.57142857143,54879.0,388.01206782172176,124997585.0
JP06,Japan,Omicron BA.1,2022-04-08,133,48906.42857142857,52134.0,391.25898769507086,124997585.0
JP06,Japan,Omicron BA.1,2022-04-09,134,49517.0,52629.0,396.14365349538554,124997585.0
JP06,Japan,Omicron BA.1,2022-04-10,135,49932.0,49048.0,399.46371763902476,124997585.0
JP06,Japan,Omicron BA.1,2022-04-11,136,49978.0,33096.0,399.8317247489221,124997585.0
JP06,Japan,Omicron BA.1,2022-04-12,137,49629.857142857145,50072.0,397.04652808177974,124997585.0
JP06,Japan,Omicron BA.1,2022-04-13,138,48900.57142857143,57666.0,391.2121296469162,124997585.0
JP06,Japan,Omicron BA.1,2022-04-14,139,47494.42857142857,55201.0,379.9627694521344,124997585.0
JP06,Japan,Omicron BA.1,2022-04-15,140,46277.857142857145,49697.0,370.2300099866501,124997585.0
JP06,Japan,Omicron BA.1,2022-04-16,141,44957.0,47524.0,359.6629486881687,124997585.0
JP06,Japan,Omicron BA.1,2022-04-17,142,43559.142857142855,39205.0,348.47987548833726,124997585.0
JP06,Japan,Omicron BA.1,2022-04-18,143,42403.42857142857,24580.0,339.23398257197186,124997585.0
JP06,Japan,Omicron BA.1,2022-04-19,144,41432.142857142855,40826.0,331.4635467328657,124997585.0
JP06,Japan,Omicron BA.1,2022-04-20,145,40913.28571428572,47881.0,327.3126093938992,124997585.0
JP06,Japan,Omicron BA.1,2022-04-21,146,40837.57142857143,47111.0,326.7068834055588,124997585.0
JP06,Japan,Omicron BA.1,2022-04-22,147,40875.0,42898.0,327.00631776205915,124997585.0
JP06,Japan,Omicron BA.1,2022-04-23,148,40835.57142857143,43892.0,326.6908830964328,124997585.0
JP06,Japan,Omicron BA.1,2022-04-24,149,40603.142857142855,38675.0,324.8314186001502,124997585.0
JP06,Japan,Omicron BA.1,2022-04-25,150,39826.0,24842.0,318.61415562548666,124997585.0
JP06,Japan,Omicron BA.1,2022-04-26,151,38936.142857142855,40550.0,311.4951609436523,124997585.0
JP06,Japan,Omicron BA.1,2022-04-27,152,36241.857142857145,46254.0,289.94045879252104,124997585.0
JP06,Japan,Omicron BA.1,2022-04-28,153,34578.28571428572,41671.0,276.6316302373819,124997585.0
JP06,Japan,Omicron BA.1,2022-04-29,154,33780.57142857143,36669.0,270.2497926545655,124997585.0
JP06,Japan,Omicron BA.1,2022-04-30,155,32346.714285714286,25032.0,258.77871389046663,124997585.0
JP06,Japan,Omicron BA.1,2022-05-01,156,29519.285714285714,27030.0,236.15884830323492,124997585.0
JP06,Japan,Omicron BA.1,2022-05-02,157,26525.14285714286,19258.0,212.20524266243112,124997585.0
JP06,Japan,Omicron BA.1,2022-05-03,158,24380.285714285714,30513.0,195.04605400404907,124997585.0
JP06,Japan,Omicron BA.1,2022-05-04,159,26408.285714285714,26462.0,211.270367457785,124997585.0
JP06,Japan,Omicron BA.1,2022-05-05,160,28604.85714285714,20712.0,228.84327839499574,124997585.0
JP06,Japan,Omicron BA.1,2022-05-06,161,29904.14285714286,21655.0,239.23776493076133,124997585.0
JP06,Japan,Omicron BA.1,2022-05-07,162,31543.714285714286,39228.0,252.3545897763888,124997585.0
JP06,Japan,Omicron BA.1,2022-05-08,163,34391.71428571428,42406.0,275.1390299717733,124997585.0
JP06,Japan,Omicron BA.1,2022-05-09,164,37382.57142857143,28353.0,299.06634939044164,124997585.0
JP06,Japan,Omicron BA.1,2022-05-10,165,39941.857142857145,41990.0,319.5410306755698,124997585.0
JP06,Japan,Omicron BA.1,2022-05-11,166,39956.42857142857,46398.0,319.65760435634473,124997585.0
JP06,Japan,Omicron BA.1,2022-05-12,167,38928.57142857143,41648.0,311.4345883448183,124997585.0
JP06,Japan,Omicron BA.1,2022-05-13,168,37990.42857142857,39570.0,303.929300485514,124997585.0
JP06,Japan,Omicron BA.1,2022-05-14,169,37248.28571428572,39330.0,297.992042920555,124997585.0
JP06,Japan,Omicron BA.1,2022-05-15,170,36629.71428571428,35211.0,293.04337588373636,124997585.0
JP06,Japan,Omicron BA.1,2022-05-16,171,36332.857142857145,21786.0,290.6684728577528,124997585.0
JP06,Japan,Omicron BA.1,2022-05-17,172,36014.71428571428,36795.0,288.12328082749985,124997585.0
JP06,Japan,Omicron BA.1,2022-05-18,173,35517.28571428572,42068.0,284.1437753720259,124997585.0
JP06,Japan,Omicron BA.1,2022-05-19,174,35035.857142857145,39570.0,280.2922723895597,124997585.0
JP06,Japan,Omicron BA.1,2022-05-20,175,34567.42857142857,37343.0,276.54477141641235,124997585.0
JP06,Japan,Omicron BA.1,2022-05-21,176,33952.71428571428,35848.0,271.6269621186224,124997585.0
JP06,Japan,Omicron BA.1,2022-05-22,177,32957.28571428572,31841.0,263.6633796907813,124997585.0
JP06,Japan,Omicron BA.1,2022-05-23,178,31720.428571428572,18507.0,253.76833137559072,124997585.0
JP06,Japan,Omicron BA.1,2022-05-24,179,30341.714285714286,32492.0,242.7384039916794,124997585.0
JP06,Japan,Omicron BA.1,2022-05-25,180,28885.714285714286,35100.0,231.09017894797154,124997585.0
JP06,Japan,Omicron BA.1,2022-05-26,181,27308.428571428572,30912.0,218.4716494436958,124997585.0
JP06,Japan,Omicron BA.1,2022-05-27,182,26425.714285714286,27692.0,211.40979872302563,124997585.0
JP07,Japan,Omicron BA.5,2022-06-18,0,13993.142857142857,14837.0,111.94730567908857,124997585.0
JP07,Japan,Omicron BA.5,2022-06-19,1,14098.0,13141.0,112.78617902897885,124997585.0
JP07,Japan,Omicron BA.5,2022-06-20,2,14257.0,7795.0,114.05820360449364,124997585.0
JP07,Japan,Omicron BA.5,2022-06-21,3,14440.0,15394.0,115.5222318895201,124997585.0
JP07,Japan,Omicron BA.5,2022-06-22,4,14688.0,17278.0,117.50627022114067,124997585.0
JP07,Japan,Omicron BA.5,2022-06-23,5,14846.0,16657.0,118.77029464209248,124997585.0
JP07,Japan,Omicron BA.5,2022-06-24,6,15097.285714285714,15978.0,120.78061919584857,124997585.0
JP07,Japan,Omicron BA.5,2022-06-25,7,15666.42857142857,16573.0,125.33385002141097,124997585.0
JP07,Japan,Omicron BA.5,2022-06-26,8,16530.14285714286,14247.0,132.24369780538447,124997585.0
JP07,Japan,Omicron BA.5,2022-06-27,9,17491.428571428572,9554.0,139.93413209886072,124997585.0
JP07,Japan,Omicron BA.5,2022-06-28,10,18512.428571428572,19378.0,148.1022899076696,124997585.0
JP07,Japan,Omicron BA.5,2022-06-29,11,19702.0,23324.0,157.61904519995326,124997585.0
JP07,Japan,Omicron BA.5,2022-06-30,12,20993.285714285714,23386.0,167.94953049921494,124997585.0
JP07,Japan,Omicron BA.5,2022-07-01,13,22026.285714285714,23125.0,176.21369016277964,124997585.0
JP07,Japan,Omicron BA.5,2022-07-02,14,24434.14285714286,24900.0,195.47691947122706,124997585.0
JP07,Japan,Omicron BA.5,2022-07-03,15,27644.14285714286,23286.0,221.1574156184126,124997585.0
JP07,Japan,Omicron BA.5,2022-07-04,16,31155.714285714286,16785.0,249.25052980595015,124997585.0
JP07,Japan,Omicron BA.5,2022-07-05,17,34990.42857142857,36233.0,279.92883679655546,124997585.0
JP07,Japan,Omicron BA.5,2022-07-06,18,39288.142857142855,45794.0,314.3112153498234,124997585.0
JP07,Japan,Omicron BA.5,2022-07-07,19,43688.0,47967.0,349.51075254773923,124997585.0
JP07,Japan,Omicron BA.5,2022-07-08,20,46598.0,49968.0,372.79120232602895,124997585.0
JP07,Japan,Omicron BA.5,2022-07-09,21,52278.142857142855,54984.0,418.23322312301354,124997585.0
JP07,Japan,Omicron BA.5,2022-07-10,22,59233.28571428572,54085.0,473.87544098780563,124997585.0
JP07,Japan,Omicron BA.5,2022-07-11,23,66349.0,37155.0,530.8022550995686,124997585.0
JP07,Japan,Omicron BA.5,2022-07-12,24,73969.57142857143,75994.0,591.7680043864162,124997585.0
JP07,Japan,Omicron BA.5,2022-07-13,25,81921.42857142857,94480.0,655.3840905920588,124997585.0
JP07,Japan,Omicron BA.5,2022-07-14,26,89276.71428571429,97777.0,714.2275131612686,124997585.0
JP07,Japan,Omicron BA.5,2022-07-15,27,94847.42857142857,103312.0,758.7940884732178,124997585.0
JP07,Japan,Omicron BA.5,2022-07-16,28,93518.57142857143,110647.0,748.1630259382326,124997585.0
JP07,Japan,Omicron BA.5,2022-07-17,29,101810.14285714286,105572.0,814.4968789368439,124997585.0
JP07,Japan,Omicron BA.5,2022-07-18,30,114446.85714285714,76150.0,915.5925463908535,124997585.0
JP07,Japan,Omicron BA.5,2022-07-19,31,127558.0,66692.0,1020.4837157453883,124997585.0
JP07,Japan,Omicron BA.5,2022-07-20,32,140455.85714285713,152521.0,1123.6685664195604,124997585.0
JP07,Japan,Omicron BA.5,2022-07-21,33,150587.2857142857,186234.0,1204.721560934843,124997585.0
JP07,Japan,Omicron BA.5,2022-07-22,34,157780.14285714287,195090.0,1262.265529827179,124997585.0
JP07,Japan,Omicron BA.5,2022-07-23,35,176310.14285714287,200932.0,1410.5083938793125,124997585.0
JP07,Japan,Omicron BA.5,2022-07-24,36,184464.2857142857,176492.0,1475.742797065125,124997585.0
JP07,Japan,Omicron BA.5,2022-07-25,37,191159.85714285713,126500.0,1529.3084033812104,124997585.0
JP07,Japan,Omicron BA.5,2022-07-26,38,194903.85714285713,196402.0,1559.2609820650305,124997585.0
JP07,Japan,Omicron BA.5,2022-07-27,39,197946.42857142858,209600.0,1583.6020237625278,124997585.0
JP07,Japan,Omicron BA.5,2022-07-28,40,200986.42857142858,233103.0,1607.9224936340056,124997585.0
JP07,Japan,Omicron BA.5,2022-07-29,41,202861.85714285713,221298.0,1622.9262120772744,124997585.0
JP07,Japan,Omicron BA.5,2022-07-30,42,204935.2857142857,222230.0,1639.5139611240145,124997585.0
JP07,Japan,Omicron BA.5,2022-07-31,43,210665.0,197772.0,1685.3525610114789,124997585.0
JP07,Japan,Omicron BA.5,2022-08-01,44,211464.7142857143,139628.0,1691.750398903421,124997585.0
JP07,Japan,Omicron BA.5,2022-08-02,45,213235.2857142857,210916.0,1705.9152439967997,124997585.0
JP07,Japan,Omicron BA.5,2022-08-03,46,213985.2857142857,249708.0,1711.9153599190392,124997585.0
JP07,Japan,Omicron BA.5,2022-08-04,47,215220.85714285713,238701.0,1721.8001223212202,124997585.0
JP07,Japan,Omicron BA.5,2022-08-05,48,214957.0,233692.0,1719.6892243958152,124997585.0
JP07,Japan,Omicron BA.5,2022-08-06,49,215178.42857142858,227480.0,1721.4606871919052,124997585.0
JP07,Japan,Omicron BA.5,2022-08-07,50,215261.2857142857,206421.0,1722.1235571414097,124997585.0
JP07,Japan,Omicron BA.5,2022-08-08,51,215462.42857142858,137781.0,1723.7327310877934,124997585.0
JP07,Japan,Omicron BA.5,2022-08-09,52,206180.42857142858,212466.0,1649.4752964341558,124997585.0
JP07,Japan,Omicron BA.5,2022-08-10,53,199917.85714285713,250288.0,1599.373757043843,124997585.0
JP07,Japan,Omicron BA.5,2022-08-11,54,195906.42857142858,240109.0,1567.2817084540359,124997585.0
JP07,Japan,Omicron BA.5,2022-08-12,55,196005.57142857142,168718.0,1568.0748666349948,124997585.0
JP07,Japan,Omicron BA.5,2022-08-13,56,189386.0,183642.0,1515.1172720656962,124997585.0
JP07,Japan,Omicron BA.5,2022-08-14,57,186682.14285714287,178341.0,1493.4859970066052,124997585.0
JP07,Japan,Omicron BA.5,2022-08-15,58,188878.7142857143,138475.0,1511.058907943816,124997585.0
JP07,Japan,Omicron BA.5,2022-08-16,59,202061.7142857143,166129.0,1616.5249455476624,124997585.0
JP07,Japan,Omicron BA.5,2022-08-17,60,211997.42857142858,231361.0,1696.012195527046,124997585.0
JP07,Japan,Omicron BA.5,2022-08-18,61,218827.0,255485.0,1750.6498225545718,124997585.0
JP07,Japan,Omicron BA.5,2022-08-19,62,219176.2857142857,260999.0,1753.4441622555005,124997585.0
JP07,Japan,Omicron BA.5,2022-08-20,63,225222.2857142857,253192.0,1801.8130967433146,124997585.0
JP07,Japan,Omicron BA.5,2022-08-21,64,226955.0,226148.0,1815.6750788425234,124997585.0
JP07,Japan,Omicron BA.5,2022-08-22,65,222006.7142857143,140920.0,1776.0880283064212,124997585.0
JP07,Japan,Omicron BA.5,2022-08-23,66,212198.7142857143,208451.0,1697.6225123526528,124997585.0
JP07,Japan,Omicron BA.5,2022-08-24,67,201751.2857142857,243490.0,1614.0414689954666,124997585.0
JP07,Japan,Omicron BA.5,2022-08-25,68,191981.0,220847.0,1535.8776731566454,124997585.0
JP07,Japan,Omicron BA.5,2022-08-26,69,185539.42857142858,192343.0,1484.3441060995585,124997585.0
JP07,Japan,Omicron BA.5,2022-08-27,70,177558.14285714287,180060.0,1420.4925867739194,124997585.0
JP07,Japan,Omicron BA.5,2022-08-28,71,166989.2857142857,157756.0,1335.940096076942,124997585.0
JP07,Japan,Omicron BA.5,2022-08-29,72,156844.85714285713,95829.0,1254.7830995523402,124997585.0
JP07,Japan,Omicron BA.5,2022-08-30,73,147964.7142857143,152582.0,1183.7405841538002,124997585.0
JP07,Japan,Omicron BA.5,2022-08-31,74,139829.2857142857,169508.0,1118.6558981462379,124997585.0
JP07,Japan,Omicron BA.5,2022-09-01,75,132695.42857142858,149836.0,1061.583938373118,124997585.0
JP07,Japan,Omicron BA.5,2022-09-02,76,128714.42857142857,130182.0,1029.7353230578701,124997585.0
JP07,Japan,Omicron BA.5,2022-09-03,77,122937.14285714286,123112.0,983.5161443890524,124997585.0
JP07,Japan,Omicron BA.5,2022-09-04,78,117262.0,107819.0,938.1141243648827,124997585.0
JP07,Japan,Omicron BA.5,2022-09-05,79,111906.14285714286,67962.0,895.2664394047521,124997585.0
JP07,Japan,Omicron BA.5,2022-09-06,80,107514.28571428571,112141.0,860.1309034433402,124997585.0
JP07,Japan,Omicron BA.5,2022-09-07,81,103169.57142857143,129782.0,825.372517625612,124997585.0
JP07,Japan,Omicron BA.5,2022-09-08,82,99408.28571428571,112345.0,795.2816505557744,124997585.0
JP07,Japan,Omicron BA.5,2022-09-09,83,97247.42857142857,99439.0,777.9944594243846,124997585.0
JP07,Japan,Omicron BA.5,2022-09-10,84,93737.0,92699.0,749.9104882706333,124997585.0
JP07,Japan,Omicron BA.5,2022-09-11,85,89515.14285714286,81490.0,716.1349785849292,124997585.0
JP07,Japan,Omicron BA.5,2022-09-12,86,85735.0,52836.0,685.8932514576182,124997585.0
JP07,Japan,Omicron BA.5,2022-09-13,87,82380.28571428571,87568.0,659.0550186572461,124997585.0
JP07,Japan,Omicron BA.5,2022-09-14,88,79273.42857142857,100229.0,634.1996813092713,124997585.0
JP07,Japan,Omicron BA.5,2022-09-15,89,76781.42857142857,85884.0,614.2632961383099,124997585.0
JP07,Japan,Omicron BA.5,2022-09-16,90,74667.28571428571,75956.0,597.3498265129339,124997585.0
JP07,Japan,Omicron BA.5,2022-09-17,91,66689.14285714286,70951.0,533.523450530207,124997585.0
JP07,Japan,Omicron BA.5,2022-09-18,92,62344.0,64046.0,498.76163607480896,124997585.0
JP07,Japan,Omicron BA.5,2022-09-19,93,61128.142857142855,38037.0,489.03459100544103,124997585.0
JP07,Japan,Omicron BA.5,2022-09-20,94,59397.0,31721.0,475.18518057768875,124997585.0
JP07,Japan,Omicron BA.5,2022-09-21,95,54863.0,69813.0,438.9124797891095,124997585.0
JP07,Japan,Omicron BA.5,2022-09-22,96,52393.857142857145,77373.0,419.1589552938735,124997585.0
JP07,Japan,Omicron BA.5,2022-09-23,97,53178.71428571428,63838.0,425.43793374659424,124997585.0
JP07,Japan,Omicron BA.5,2022-09-24,98,54891.42857142857,39213.0,439.13991275454305,124997585.0
JP07,Japan,Omicron BA.5,2022-09-25,99,52058.0,46762.0,416.4720462399334,124997585.0
JP07,Japan,Omicron BA.5,2022-09-26,100,47029.42857142857,43531.0,376.24269758034586,124997585.0
JP07,Japan,Omicron BA.5,2022-09-27,101,43144.857142857145,43710.0,345.1655257408145,124997585.0
JP07,Japan,Omicron BA.5,2022-09-28,102,42628.42857142857,49979.0,341.0340173486438,124997585.0
JP07,Japan,Omicron BA.5,2022-09-29,103,40135.57142857143,42173.0,321.09077490234256,124997585.0
JP07,Japan,Omicron BA.5,2022-09-30,104,36083.57142857143,36646.0,288.6741486131226,124997585.0
JP07,Japan,Omicron BA.5,2022-10-01,105,35514.0,35598.0,284.1174891498904,124997585.0
JP07,Japan,Omicron BA.5,2022-10-02,106,34282.42857142857,29312.0,274.2647273659613,124997585.0
JP07,Japan,Omicron BA.5,2022-10-03,107,33034.857142857145,15167.0,264.2839631090244,124997585.0
JP07,Japan,Omicron BA.5,2022-10-04,108,32005.85714285714,39723.0,256.05180406371164,124997585.0
JP07,Japan,Omicron BA.5,2022-10-05,109,30746.85714285714,41358.0,245.9796094689121,124997585.0
JP07,Japan,Omicron BA.5,2022-10-06,110,29816.0,33440.0,238.53260844999525,124997585.0
JP07,Japan,Omicron BA.5,2022-10-07,111,29511.85714285714,29443.0,236.09941858362419,124997585.0
JP07,Japan,Omicron BA.5,2022-10-08,112,25711.85714285714,26785.0,205.69883124427676,124997585.0
JP07,Japan,Omicron BA.5,2022-10-09,113,26304.285714285714,22796.0,210.43835138323442,124997585.0
JP07,Japan,Omicron BA.5,2022-10-10,114,28054.285714285714,13038.0,224.43862186846022,124997585.0
JP07,Japan,Omicron BA.5,2022-10-11,115,29077.428571428572,13123.0,232.62392286561834,124997585.0
JP07,Japan,Omicron BA.5,2022-10-12,116,30270.714285714286,45505.0,242.1703930177074,124997585.0
JP07,Japan,Omicron BA.5,2022-10-13,117,31251.571428571428,45690.0,250.01740176477352,124997585.0
JP07,Japan,Omicron BA.5,2022-10-14,118,31585.0,36605.0,252.68488187191775,124997585.0
JP07,Japan,Omicron BA.5,2022-10-15,119,35752.28571428572,35138.0,286.02381169432766,124997585.0
JP07,Japan,Omicron BA.5,2022-10-16,120,35473.71428571428,29662.0,283.7951972089244,124997585.0
JP07,Japan,Omicron BA.5,2022-10-17,121,34105.142857142855,15372.0,272.84641424986614,124997585.0
JP07,Japan,Omicron BA.5,2022-10-18,122,33389.142857142855,42294.0,267.1183035827681,124997585.0
JP07,Japan,Omicron BA.5,2022-10-19,123,33251.28571428572,43555.0,266.0154251322993,124997585.0
JP07,Japan,Omicron BA.5,2022-10-20,124,33424.28571428572,36110.0,267.39945187169593,124997585.0
JP07,Japan,Omicron BA.5,2022-10-21,125,33635.71428571428,31593.0,269.09091312215577,124997585.0
JP07,Japan,Omicron BA.5,2022-10-22,126,34408.857142857145,34173.0,275.27617547856744,124997585.0
JP07,Japan,Omicron BA.5,2022-10-23,127,35371.57142857143,30873.0,282.97803856427646,124997585.0
JP07,Japan,Omicron BA.5,2022-10-24,128,36318.28571428572,16852.0,290.5518991769778,124997585.0
JP07,Japan,Omicron BA.5,2022-10-25,129,37412.71428571428,47706.0,299.3074969065545,124997585.0
JP07,Japan,Omicron BA.5,2022-10-26,130,38891.28571428572,50294.0,311.13629686754126,124997585.0
JP07,Japan,Omicron BA.5,2022-10-27,131,40282.42857142857,42737.0,322.2656547438782,124997585.0
JP07,Japan,Omicron BA.5,2022-10-28,132,41066.57142857143,39254.0,328.53891880048263,124997585.0
JP07,Japan,Omicron BA.5,2022-10-29,133,43577.142857142855,44523.0,348.62387827047104,124997585.0
JP07,Japan,Omicron BA.5,2022-10-30,134,46448.857142857145,40611.0,371.59803641692076,124997585.0
JP07,Japan,Omicron BA.5,2022-10-31,135,49982.57142857143,22341.0,399.86829688406726,124997585.0
JP07,Japan,Omicron BA.5,2022-11-01,136,49241.142857142855,65280.0,393.9367537152246,124997585.0
JP07,Japan,Omicron BA.5,2022-11-02,137,53476.42857142857,70396.0,427.81969404791755,124997585.0
JP07,Japan,Omicron BA.5,2022-11-03,138,57160.142857142855,67473.0,457.289977699512,124997585.0
JP07,Japan,Omicron BA.5,2022-11-04,139,58486.0,34064.0,467.89703977080836,124997585.0
ZA01,South Africa,Ancestral,2020-05-11,0,643.8571428571429,637.0,10.32179355973626,62378417.0
ZA01,South Africa,Ancestral,2020-05-12,1,661.2857142857143,698.0,10.601194228537642,62378417.0
ZA01,South Africa,Ancestral,2020-05-13,2,705.0,724.0,11.301986069957497,62378417.0
ZA01,South Africa,Ancestral,2020-05-14,3,785.7142857142857,665.0,12.595931790226189,62378417.0
ZA01,South Africa,Ancestral,2020-05-15,4,825.8571428571429,785.0,13.239469396235927,62378417.0
ZA01,South Africa,Ancestral,2020-05-16,5,835.7142857142857,831.0,13.397491085967854,62378417.0
ZA01,South Africa,Ancestral,2020-05-17,6,847.0,1160.0,13.578414469863832,62378417.0
ZA01,South Africa,Ancestral,2020-05-18,7,914.0,918.0,14.652503926157666,62378417.0
ZA01,South Africa,Ancestral,2020-05-19,8,943.0,767.0,15.11740831768783,62378417.0
ZA01,South Africa,Ancestral,2020-05-20,9,998.2857142857143,803.0,16.003703881836476,62378417.0
ZA01,South Africa,Ancestral,2020-05-21,10,1009.7142857142857,1134.0,16.186917435148853,62378417.0
ZA01,South Africa,Ancestral,2020-05-22,11,1026.0,988.0,16.447996748618998,62378417.0
ZA01,South Africa,Ancestral,2020-05-23,12,1009.1428571428571,1218.0,16.177756757483234,62378417.0
ZA01,South Africa,Ancestral,2020-05-24,13,1133.4285714285713,1240.0,18.170204149755378,62378417.0
ZA01,South Africa,Ancestral,2020-05-25,14,1180.857142857143,1032.0,18.93054039600176,62378417.0
ZA01,South Africa,Ancestral,2020-05-26,15,1302.142857142857,649.0,20.8748942305294,62378417.0
ZA01,South Africa,Ancestral,2020-05-27,16,1374.857142857143,1673.0,22.040590463479425,62378417.0
ZA01,South Africa,Ancestral,2020-05-28,17,1442.857142857143,1466.0,23.13071110568809,62378417.0
ZA01,South Africa,Ancestral,2020-05-29,18,1534.5714285714287,1837.0,24.600999871019948,62378417.0
ZA01,South Africa,Ancestral,2020-05-30,19,1649.7142857142858,1727.0,26.446876420642187,62378417.0
ZA01,South Africa,Ancestral,2020-05-31,20,1655.4285714285713,1716.0,26.538483197298376,62378417.0
ZA01,South Africa,Ancestral,2020-06-01,21,1912.7142857142858,1674.0,30.663078316243357,62378417.0
ZA01,South Africa,Ancestral,2020-06-02,22,2027.7142857142858,1455.0,32.506664696449185,62378417.0
ZA01,South Africa,Ancestral,2020-06-03,23,2143.714285714286,1713.0,34.366282262569854,62378417.0
ZA01,South Africa,Ancestral,2020-06-04,24,2228.8571428571427,3267.0,35.73122323474709,62378417.0
ZA01,South Africa,Ancestral,2020-06-05,25,2360.285714285714,2642.0,37.83817909783947,62378417.0
ZA01,South Africa,Ancestral,2020-06-06,26,2454.1428571428573,2539.0,39.342820404417395,62378417.0
ZA01,South Africa,Ancestral,2020-06-07,27,2556.5714285714284,2312.0,40.98487187597961,62378417.0
ZA01,South Africa,Ancestral,2020-06-08,28,2539.4285714285716,2594.0,40.710051546011044,62378417.0
ZA01,South Africa,Ancestral,2020-06-09,29,2641.8571428571427,2112.0,42.35210301757325,62378417.0
ZA01,South Africa,Ancestral,2020-06-10,30,2823.285714285714,2430.0,45.260618176407306,62378417.0
ZA01,South Africa,Ancestral,2020-06-11,31,3107.5714285714284,3147.0,49.818055315052774,62378417.0
ZA01,South Africa,Ancestral,2020-06-12,32,3236.285714285714,3359.0,51.881497959233464,62378417.0
ZA01,South Africa,Ancestral,2020-06-13,33,3334.714285714286,3809.0,53.459424687136355,62378417.0
ZA01,South Africa,Ancestral,2020-06-14,34,3570.1428571428573,4302.0,57.233623885371394,62378417.0
ZA01,South Africa,Ancestral,2020-06-15,35,3617.4285714285716,3495.0,57.99166996220137,62378417.0
ZA01,South Africa,Ancestral,2020-06-16,36,3684.0,2801.0,59.05888891024599,62378417.0
ZA01,South Africa,Ancestral,2020-06-17,37,3849.285714285714,4078.0,61.7086149250263,62378417.0
ZA01,South Africa,Ancestral,2020-06-18,38,3894.8571428571427,3478.0,62.439178968859416,62378417.0
ZA01,South Africa,Ancestral,2020-06-19,39,4008.1428571428573,3825.0,64.2552833160684,62378417.0
ZA01,South Africa,Ancestral,2020-06-20,40,4253.428571428572,4966.0,68.18750420403538,62378417.0
ZA01,South Africa,Ancestral,2020-06-21,41,4483.428571428572,4621.0,71.87467696444703,62378417.0
ZA01,South Africa,Ancestral,2020-06-22,42,4926.428571428572,4288.0,78.97649232471821,62378417.0
ZA01,South Africa,Ancestral,2020-06-23,43,5267.857142857143,4518.0,84.44999722992559,62378417.0
ZA01,South Africa,Ancestral,2020-06-24,44,5588.428571428572,5688.0,89.58913740033786,62378417.0
ZA01,South Africa,Ancestral,2020-06-25,45,5833.142857142857,6579.0,93.51219761063922,62378417.0
ZA01,South Africa,Ancestral,2020-06-26,46,6096.285714285715,6215.0,97.73068967565679,62378417.0
ZA01,South Africa,Ancestral,2020-06-27,47,6443.0,7210.0,103.28893084927115,62378417.0
ZA01,South Africa,Ancestral,2020-06-28,48,6791.0,6334.0,108.86778354763315,62378417.0
ZA01,South Africa,Ancestral,2020-06-29,49,7098.0,6130.0,113.78935762348698,62378417.0
ZA01,South Africa,Ancestral,2020-06-30,50,7504.857142857143,6945.0,120.31176012140774,62378417.0
ZA01,South Africa,Ancestral,2020-07-01,51,8025.285714285715,8124.0,128.6548473053703,62378417.0
ZA01,South Africa,Ancestral,2020-07-02,52,8373.714285714286,8728.0,134.2405705119815,62378417.0
ZA01,South Africa,Ancestral,2020-07-03,53,8779.57142857143,9063.0,140.74694182398744,62378417.0
ZA01,South Africa,Ancestral,2020-07-04,54,9235.142857142857,10853.0,148.05029209290223,62378417.0
ZA01,South Africa,Ancestral,2020-07-05,55,9333.142857142857,8773.0,149.62134831255588,62378417.0
ZA01,South Africa,Ancestral,2020-07-06,56,10039.714285714286,8971.0,160.94852624609385,62378417.0
ZA01,South Africa,Ancestral,2020-07-07,57,10509.0,10134.0,168.47173277898347,62378417.0
ZA01,South Africa,Ancestral,2020-07-08,58,10886.714285714286,8810.0,174.52694071595766,62378417.0
ZA01,South Africa,Ancestral,2020-07-09,59,11356.0,13674.0,182.0501472488473,62378417.0
ZA01,South Africa,Ancestral,2020-07-10,60,11725.0,12348.0,187.96565485142082,62378417.0
ZA01,South Africa,Ancestral,2020-07-11,61,11776.714285714286,13497.0,188.79469618015932,62378417.0
ZA01,South Africa,Ancestral,2020-07-12,62,12340.57142857143,12058.0,197.83399486670893,62378417.0
ZA01,South Africa,Ancestral,2020-07-13,63,12268.857142857143,11554.0,196.68432981967374,62378417.0
ZA01,South Africa,Ancestral,2020-07-14,64,12415.285714285714,10496.0,199.0317534714886,62378417.0
ZA01,South Africa,Ancestral,2020-07-15,65,12385.0,12757.0,198.54623755521078,62378417.0
ZA01,South Africa,Ancestral,2020-07-16,66,12583.714285714286,13172.0,201.73186321342982,62378417.0
ZA01,South Africa,Ancestral,2020-07-17,67,12261.714285714286,13373.0,196.56982134885348,62378417.0
ZA01,South Africa,Ancestral,2020-07-18,68,11929.42857142857,13285.0,191.242887286296,62378417.0
ZA01,South Africa,Ancestral,2020-07-19,69,11985.57142857143,13449.0,192.14292386694308,62378417.0
ZA01,South Africa,Ancestral,2020-07-20,70,11975.857142857143,9300.0,191.98719234662758,62378417.0
ZA01,South Africa,Ancestral,2020-07-21,71,12057.42857142857,8170.0,193.29487908339468,62378417.0
ZA01,South Africa,Ancestral,2020-07-22,72,11903.0,13150.0,190.81920594426114,62378417.0
ZA01,South Africa,Ancestral,2020-07-23,73,11586.42857142857,13104.0,185.74419051750817,62378417.0
ZA01,South Africa,Ancestral,2020-07-24,74,11271.57142857143,13944.0,180.69665712375212,62378417.0
ZA01,South Africa,Ancestral,2020-07-25,75,11137.57142857143,12204.0,178.54847821116442,62378417.0
ZA01,South Africa,Ancestral,2020-07-26,76,10882.142857142857,11233.0,174.4536552946327,62378417.0
ZA01,South Africa,Ancestral,2020-07-27,77,10588.142857142857,7096.0,169.74048663567172,62378417.0
ZA01,South Africa,Ancestral,2020-07-28,78,10169.57142857143,7232.0,163.03029024560578,62378417.0
ZA01,South Africa,Ancestral,2020-07-29,79,9870.0,11362.0,158.227804979405,62378417.0
ZA01,South Africa,Ancestral,2020-07-30,80,9436.0,11046.0,151.2702702923673,62378417.0
ZA01,South Africa,Ancestral,2020-07-31,81,9190.42857142857,11014.0,147.3334690655675,62378417.0
ZA01,South Africa,Ancestral,2020-08-01,82,8793.857142857143,10107.0,140.97595876562792,62378417.0
ZA01,South Africa,Ancestral,2020-08-02,83,8393.42857142857,8195.0,134.55661389144535,62378417.0
ZA01,South Africa,Ancestral,2020-08-03,84,8002.142857142857,5377.0,128.28383985991272,62378417.0
ZA01,South Africa,Ancestral,2020-08-04,85,7470.428571428572,4456.0,119.75982929205419,62378417.0
ZA01,South Africa,Ancestral,2020-08-05,86,7128.285714285715,8559.0,114.2748735397648,62378417.0
ZA01,South Africa,Ancestral,2020-08-06,87,6910.571428571428,8307.0,110.78465534916394,62378417.0
ZA01,South Africa,Ancestral,2020-08-07,88,6676.571428571428,7292.0,107.03335784509294,62378417.0
ZA01,South Africa,Ancestral,2020-08-08,89,6398.714285714285,7712.0,102.57897833018566,62378417.0
ZA01,South Africa,Ancestral,2020-08-09,90,5577.428571428572,6671.0,89.4127943552747,62378417.0
ZA01,South Africa,Ancestral,2020-08-10,91,4954.428571428572,3739.0,79.42536553033354,62378417.0
ZA01,South Africa,Ancestral,2020-08-11,92,4809.142857142857,2511.0,77.09626323384988,62378417.0
ZA01,South Africa,Ancestral,2020-08-12,93,4352.142857142857,2810.0,69.77001127077105,62378417.0
ZA01,South Africa,Ancestral,2020-08-13,94,3926.5714285714284,3946.0,62.947596579301276,62378417.0
ZA01,South Africa,Ancestral,2020-08-14,95,3755.4285714285716,6275.0,60.20397361844837,62378417.0
ZA01,South Africa,Ancestral,2020-08-15,96,3719.285714285714,4513.0,59.624560756097964,62378417.0
ZA01,South Africa,Ancestral,2020-08-16,97,3877.285714285714,3692.0,62.15748813064163,62378417.0
ZA01,South Africa,Ancestral,2020-08-17,98,3867.8571428571427,2541.0,62.006336949158914,62378417.0
ZA01,South Africa,Ancestral,2020-08-18,99,3456.8571428571427,2258.0,55.417519538162416,62378417.0
ZA01,South Africa,Ancestral,2020-08-19,100,3341.714285714286,3916.0,53.571642988540184,62378417.0
ZA01,South Africa,Ancestral,2020-08-20,101,3204.0,3880.0,51.36391967112599,62378417.0
ZA01,South Africa,Ancestral,2020-08-21,102,3080.5714285714284,3398.0,49.38521329535227,62378417.0
ZA01,South Africa,Ancestral,2020-08-22,103,2981.8571428571427,3707.0,47.802706228616586,62378417.0
ZA01,South Africa,Ancestral,2020-08-23,104,2805.8571428571427,2728.0,44.98121750760591,62378417.0
ZA01,South Africa,Ancestral,2020-08-24,105,2620.8571428571427,1677.0,42.01544811336176,62378417.0
ZA01,South Africa,Ancestral,2020-08-25,106,2399.1428571428573,1567.0,38.46110517910157,62378417.0
ZA01,South Africa,Ancestral,2020-08-26,107,2215.1428571428573,2684.0,35.51136697077224,62378417.0
ZA01,South Africa,Ancestral,2020-08-27,108,2183.285714285714,2585.0,35.00065919091397,62378417.0
ZA01,South Africa,Ancestral,2020-08-28,109,2227.285714285714,1846.0,35.70603137116664,62378417.0
ZA01,South Africa,Ancestral,2020-08-29,110,2177.4285714285716,2419.0,34.906762244841374,62378417.0
ZA01,South Africa,Ancestral,2020-08-30,111,2127.714285714286,2505.0,34.109783287932515,62378417.0
ZA01,South Africa,Ancestral,2020-08-31,112,2104.1428571428573,1985.0,33.731905334225736,62378417.0
ZA01,South Africa,Ancestral,2020-09-01,113,2135.1428571428573,1218.0,34.22887209758557,62378417.0
ZA01,South Africa,Ancestral,2020-09-02,114,2047.5714285714287,2336.0,32.82499824532945,62378417.0
ZA01,South Africa,Ancestral,2020-09-03,115,1923.0,2420.0,30.827970514224496,62378417.0
ZA01,South Africa,Ancestral,2020-09-04,116,1760.142857142857,2063.0,28.21717737952307,62378417.0
ZA01,South Africa,Ancestral,2020-09-05,117,1740.2857142857142,1806.0,27.898843830642804,62378417.0
ZA01,South Africa,Ancestral,2020-09-06,118,1690.857142857143,1633.0,27.106445212566758,62378417.0
ZA01,South Africa,Ancestral,2020-09-07,119,1631.857142857143,845.0,26.16060524359159,62378417.0
ZA01,South Africa,Ancestral,2020-09-08,120,1617.142857142857,1079.0,25.924717793701898,62378417.0
ZA01,South Africa,Ancestral,2020-09-09,121,1618.5714285714287,1990.0,25.94761948786595,62378417.0
ZA01,South Africa,Ancestral,2020-09-10,122,1610.857142857143,2007.0,25.823950339380094,62378417.0
ZA01,South Africa,Ancestral,2020-09-11,123,1626.7142857142858,1960.0,26.07815914460102,62378417.0
ZA01,South Africa,Ancestral,2020-09-12,124,1582.857142857143,1816.0,25.37507713376476,62378417.0
ZA01,South Africa,Ancestral,2020-09-13,125,1573.2857142857142,1579.0,25.22163578286564,62378417.0
ZA01,South Africa,Ancestral,2020-09-14,126,1590.5714285714287,956.0,25.498746282250615,62378417.0
ZA01,South Africa,Ancestral,2020-09-15,127,1604.142857142857,772.0,25.716312376809068,62378417.0
ZA01,South Africa,Ancestral,2020-09-16,128,1634.5714285714287,1923.0,26.204118462503285,62378417.0
ZA01,South Africa,Ancestral,2020-09-17,129,1631.142857142857,2128.0,26.14915439650957,62378417.0
ZA01,South Africa,Ancestral,2020-09-18,130,1598.142857142857,2055.0,25.620125261320066,62378417.0
ZA01,South Africa,Ancestral,2020-09-19,131,1680.142857142857,2029.0,26.9346825063364,62378417.0
ZA01,South Africa,Ancestral,2020-09-20,132,1677.7142857142858,1555.0,26.895749626257523,62378417.0
ZA01,South Africa,Ancestral,2020-09-21,133,1639.5714285714287,725.0,26.28427439207745,62378417.0
ZA01,South Africa,Ancestral,2020-09-22,134,1557.4285714285713,1346.0,24.96742697764471,62378417.0
ZA01,South Africa,Ancestral,2020-09-23,135,1406.0,1906.0,22.539847396255663,62378417.0
ZA01,South Africa,Ancestral,2020-09-24,136,1365.0,1861.0,21.882568773747497,62378417.0
ZA01,South Africa,Ancestral,2020-09-25,137,1390.4285714285713,1480.0,22.290218929867542,62378417.0
ZA01,South Africa,Ancestral,2020-09-26,138,1327.142857142857,969.0,21.275673878400234,62378417.0
ZA01,South Africa,Ancestral,2020-09-27,139,1307.2857142857142,1268.0,20.957340329519972,62378417.0
ZA01,South Africa,Ancestral,2020-09-28,140,1290.7142857142858,903.0,20.691680677217022,62378417.0
ZA02,South Africa,Beta,2020-09-30,0,1459.7142857142858,1767.0,23.400951096823857,62378417.0
ZA02,South Africa,Beta,2020-10-01,1,1503.2857142857142,1745.0,24.099452768827305,62378417.0
ZA02,South Africa,Beta,2020-10-02,2,1506.5714285714287,1749.0,24.152126665404616,62378417.0
ZA02,South Africa,Beta,2020-10-03,3,1524.2857142857142,1883.0,24.436107673038805,62378417.0
ZA02,South Africa,Beta,2020-10-04,4,1545.142857142857,1573.0,24.770472407833903,62378417.0
ZA02,South Africa,Beta,2020-10-05,5,1543.857142857143,926.0,24.74986088308626,62378417.0
ZA02,South Africa,Beta,2020-10-06,6,1502.7142857142858,1027.0,24.090292091161686,62378417.0
ZA02,South Africa,Beta,2020-10-07,7,1597.142857142857,1913.0,25.604094075405232,62378417.0
ZA02,South Africa,Beta,2020-10-08,8,1597.4285714285713,1736.0,25.608674414238042,62378417.0
ZA02,South Africa,Beta,2020-10-09,9,1592.0,1461.0,25.521647976414663,62378417.0
ZA02,South Africa,Beta,2020-10-10,10,1613.5714285714287,2544.0,25.867463558291785,62378417.0
ZA02,South Africa,Beta,2020-10-11,11,1608.4285714285713,1575.0,25.78501745930121,62378417.0
ZA02,South Africa,Beta,2020-10-12,12,1613.2857142857142,888.0,25.862883219458972,62378417.0
ZA02,South Africa,Beta,2020-10-13,13,1693.0,1178.0,27.14079775381283,62378417.0
ZA02,South Africa,Beta,2020-10-14,14,1605.0,1877.0,25.730053393307497,62378417.0
ZA02,South Africa,Beta,2020-10-15,15,1617.4285714285713,1770.0,25.92929813253471,62378417.0
ZA02,South Africa,Beta,2020-10-16,16,1699.2857142857142,2019.0,27.241565208134638,62378417.0
ZA02,South Africa,Beta,2020-10-17,17,1681.0,1928.0,26.948423522834826,62378417.0
ZA02,South Africa,Beta,2020-10-18,18,1706.4285714285713,1662.0,27.356073678954875,62378417.0
ZA02,South Africa,Beta,2020-10-19,19,1761.5714285714287,1461.0,28.240079073687117,62378417.0
ZA02,South Africa,Beta,2020-10-20,20,1744.142857142857,1050.0,27.960678404885734,62378417.0
ZA02,South Africa,Beta,2020-10-21,21,1730.7142857142858,2055.0,27.74540247974369,62378417.0
ZA02,South Africa,Beta,2020-10-22,22,1725.0,2156.0,27.653795703087496,62378417.0
ZA02,South Africa,Beta,2020-10-23,23,1643.5714285714287,1897.0,26.348399135736784,62378417.0
ZA02,South Africa,Beta,2020-10-24,24,1649.5714285714287,1834.0,26.444586251225783,62378417.0
ZA02,South Africa,Beta,2020-10-25,25,1622.142857142857,1622.0,26.004873723276066,62378417.0
ZA02,South Africa,Beta,2020-10-26,26,1607.857142857143,891.0,25.775856781635593,62378417.0
ZA02,South Africa,Beta,2020-10-27,27,1610.0,1092.0,25.81020932288166,62378417.0
ZA02,South Africa,Beta,2020-10-28,28,1600.857142857143,1863.0,25.66363848023176,62378417.0
ZA02,South Africa,Beta,2020-10-29,29,1565.0,2056.0,25.08880595671416,62378417.0
ZA02,South Africa,Beta,2020-10-30,30,1548.0,1912.0,24.816275796161996,62378417.0
ZA02,South Africa,Beta,2020-10-31,31,1569.2857142857142,1770.0,25.1575110392063,62378417.0
ZA02,South Africa,Beta,2020-11-01,32,1547.7142857142858,1371.0,24.811695457329186,62378417.0
ZA02,South Africa,Beta,2020-11-02,33,1520.5714285714287,772.0,24.376563268212283,62378417.0
ZA02,South Africa,Beta,2020-11-03,34,1499.0,1241.0,24.030747686335165,62378417.0
ZA02,South Africa,Beta,2020-11-04,35,1493.4285714285713,1712.0,23.941431079095377,62378417.0
ZA02,South Africa,Beta,2020-11-05,36,1493.5714285714287,1866.0,23.943721248511782,62378417.0
ZA02,South Africa,Beta,2020-11-06,37,1561.4285714285713,1761.0,25.03155172130404,62378417.0
ZA02,South Africa,Beta,2020-11-07,38,1631.142857142857,1731.0,26.14915439650957,62378417.0
ZA02,South Africa,Beta,2020-11-08,39,1692.2857142857142,1372.0,27.129346906730802,62378417.0
ZA02,South Africa,Beta,2020-11-09,40,1759.7142857142858,1247.0,28.210306871273854,62378417.0
ZA02,South Africa,Beta,2020-11-10,41,1824.2857142857142,1729.0,29.245463447488806,62378417.0
ZA02,South Africa,Beta,2020-11-11,42,1896.5714285714287,2140.0,30.404289172189618,62378417.0
ZA02,South Africa,Beta,2020-11-12,43,1963.7142857142858,2338.0,31.480668797899856,62378417.0
ZA02,South Africa,Beta,2020-11-13,44,1963.4285714285713,2213.0,31.47608845906704,62378417.0
ZA02,South Africa,Beta,2020-11-14,45,2000.2857142857142,2237.0,32.06695216849947,62378417.0
ZA02,South Africa,Beta,2020-11-15,46,2107.1428571428573,1842.0,33.77999889197023,62378417.0
ZA02,South Africa,Beta,2020-11-16,47,2132.285714285714,1245.0,34.18306870925747,62378417.0
ZA02,South Africa,Beta,2020-11-17,48,2259.714285714286,1987.0,36.22589982869052,62378417.0
ZA02,South Africa,Beta,2020-11-18,49,2318.1428571428573,2888.0,37.16257912000007,62378417.0
ZA02,South Africa,Beta,2020-11-19,50,2379.285714285714,2514.0,38.142771630221304,62378417.0
ZA02,South Africa,Beta,2020-11-20,51,2498.5714285714284,3105.0,40.055063092919276,62378417.0
ZA02,South Africa,Beta,2020-11-21,52,2570.8571428571427,2646.0,41.21388881762008,62378417.0
ZA02,South Africa,Beta,2020-11-22,53,2622.5714285714284,2270.0,42.042930146358614,62378417.0
ZA02,South Africa,Beta,2020-11-23,54,2701.8571428571427,2080.0,43.313974172463254,62378417.0
ZA02,South Africa,Beta,2020-11-24,55,2739.714285714286,2493.0,43.92086906781052,62378417.0
ZA02,South Africa,Beta,2020-11-25,56,2818.5714285714284,3250.0,45.18504258566595,62378417.0
ZA02,South Africa,Beta,2020-11-26,57,2860.4285714285716,3069.0,45.85606222467254,62378417.0
ZA02,South Africa,Beta,2020-11-27,58,2892.1428571428573,3370.0,46.3644798351144,62378417.0
ZA02,South Africa,Beta,2020-11-28,59,2863.8571428571427,3198.0,45.91102629066625,62378417.0
ZA02,South Africa,Beta,2020-11-29,60,2995.714285714286,2563.0,48.02485266200785,62378417.0
ZA02,South Africa,Beta,2020-11-30,61,3185.8571428571427,2302.0,51.07306815524258,62378417.0
ZA02,South Africa,Beta,2020-12-01,62,3409.0,2295.0,54.65031278366683,62378417.0
ZA02,South Africa,Beta,2020-12-02,63,3615.714285714286,4173.0,57.96418792920451,62378417.0
ZA02,South Africa,Beta,2020-12-03,64,3837.5714285714284,4400.0,61.52082103288111,62378417.0
ZA02,South Africa,Beta,2020-12-04,65,3982.0,4932.0,63.83618231286632,62378417.0
ZA02,South Africa,Beta,2020-12-05,66,4227.142857142857,4645.0,67.7661130314169,62378417.0
ZA02,South Africa,Beta,2020-12-06,67,4589.428571428572,4116.0,73.57398267141937,62378417.0
ZA02,South Africa,Beta,2020-12-07,68,5127.428571428572,3313.0,82.19876069359971,62378417.0
ZA02,South Africa,Beta,2020-12-08,69,5611.285714285715,4011.0,89.95556450696263,62378417.0
ZA02,South Africa,Beta,2020-12-09,70,6073.714285714285,6709.0,97.36884290786483,62378417.0
ZA02,South Africa,Beta,2020-12-10,71,6628.428571428572,8166.0,106.26157075176454,62378417.0
ZA02,South Africa,Beta,2020-12-11,72,6892.714285714285,8319.0,110.49838417211333,62378417.0
ZA02,South Africa,Beta,2020-12-12,73,7398.571428571428,7882.0,118.6078740756026,62378417.0
ZA02,South Africa,Beta,2020-12-13,74,7869.857142857143,7999.0,126.16314298032191,62378417.0
ZA02,South Africa,Beta,2020-12-14,75,8007.0,5163.0,128.36170562007047,62378417.0
ZA02,South Africa,Beta,2020-12-15,76,8065.0,7552.0,129.2915144031308,62378417.0
ZA02,South Africa,Beta,2020-12-16,77,8501.714285714286,10008.0,136.29256230908018,62378417.0
ZA02,South Africa,Beta,2020-12-17,78,8708.285714285714,9126.0,139.60414728520144,62378417.0
ZA02,South Africa,Beta,2020-12-18,79,9226.285714285714,8725.0,147.9083015890851,62378417.0
ZA02,South Africa,Beta,2020-12-19,80,9504.714285714286,10939.0,152.37184178165802,62378417.0
ZA02,South Africa,Beta,2020-12-20,81,10081.57142857143,9445.0,161.61954588510045,62378417.0
ZA02,South Africa,Beta,2020-12-21,82,10821.42857142857,8789.0,173.48033329266067,62378417.0
ZA02,South Africa,Beta,2020-12-22,83,11688.714285714286,9501.0,187.383951819654,62378417.0
ZA02,South Africa,Beta,2020-12-23,84,11776.285714285714,14046.0,188.7878256719101,62378417.0
ZA02,South Africa,Beta,2020-12-24,85,11784.42857142857,14305.0,188.91836532864517,62378417.0
ZA02,South Africa,Beta,2020-12-25,86,11594.285714285714,14796.0,185.87014983541044,62378417.0
ZA02,South Africa,Beta,2020-12-26,87,11605.57142857143,11552.0,186.05107321930643,62378417.0
ZA02,South Africa,Beta,2020-12-27,88,12129.0,9502.0,194.44225396101348,62378417.0
ZA02,South Africa,Beta,2020-12-28,89,12656.857142857143,7458.0,202.90442995462905,62378417.0
ZA02,South Africa,Beta,2020-12-29,90,12932.57142857143,9580.0,207.32445692829026,62378417.0
ZA02,South Africa,Beta,2020-12-30,91,13425.42857142857,17710.0,215.2255414148867,62378417.0
ZA02,South Africa,Beta,2020-12-31,92,13762.142857142857,18000.0,220.6234707293527,62378417.0
ZA02,South Africa,Beta,2021-01-01,93,14496.857142857143,16726.0,232.40181203792238,62378417.0
ZA02,South Africa,Beta,2021-01-02,94,15186.857142857143,15002.0,243.4633303191574,62378417.0
ZA02,South Africa,Beta,2021-01-03,95,15775.714285714286,11859.0,252.90340865357786,62378417.0
ZA02,South Africa,Beta,2021-01-04,96,16204.142857142857,12601.0,259.7716267333757,62378417.0
ZA02,South Africa,Beta,2021-01-05,97,16954.714285714286,14410.0,271.80417684716633,62378417.0
ZA02,South Africa,Beta,2021-01-06,98,17898.14285714286,21832.0,286.92845567310343,62378417.0
ZA02,South Africa,Beta,2021-01-07,99,18692.714285714286,20999.0,299.6663779671467,62378417.0
ZA02,South Africa,Beta,2021-01-08,100,19042.0,21980.0,305.26584219025625,62378417.0
ZA02,South Africa,Beta,2021-01-09,101,18855.571428571428,21606.0,302.27717110184807,62378417.0
ZA02,South Africa,Beta,2021-01-10,102,18387.428571428572,17421.0,294.7722859242897,62378417.0
ZA02,South Africa,Beta,2021-01-11,103,18030.85714285714,15046.0,289.05602306094335,62378417.0
ZA02,South Africa,Beta,2021-01-12,104,17016.571428571428,13105.0,272.7958202044695,62378417.0
ZA02,South Africa,Beta,2021-01-13,105,15926.142857142857,18555.0,255.31495704905203,62378417.0
ZA02,South Africa,Beta,2021-01-14,106,15189.857142857143,18503.0,243.5114238769019,62378417.0
ZA02,South Africa,Beta,2021-01-15,107,14327.57142857143,14880.0,229.68796127948275,62378417.0
ZA02,South Africa,Beta,2021-01-16,108,13852.57142857143,13973.0,222.07314796993694,62378417.0
ZA02,South Africa,Beta,2021-01-17,109,13017.57142857143,12267.0,208.6871077310511,62378417.0
ZA02,South Africa,Beta,2021-01-18,110,12000.142857142857,9010.0,192.37652114741636,62378417.0
ZA02,South Africa,Beta,2021-01-19,111,11554.57142857143,9780.0,185.23348273764995,62378417.0
ZA02,South Africa,Beta,2021-01-20,112,11311.42857142857,12710.0,181.335614390929,62378417.0
ZA02,South Africa,Beta,2021-01-21,113,10722.857142857143,11381.0,171.9001163953414,62378417.0
ZA02,South Africa,Beta,2021-01-22,114,10085.857142857143,11761.0,161.68825096759258,62378417.0
ZA02,South Africa,Beta,2021-01-23,115,9551.714285714286,12271.0,153.12530751965517,62378417.0
ZA02,South Africa,Beta,2021-01-24,116,8746.0,8147.0,140.2087520111323,62378417.0
ZA02,South Africa,Beta,2021-01-25,117,8141.571428571428,4551.0,130.51904521032378,62378417.0
ZA02,South Africa,Beta,2021-01-26,118,7338.714285714285,6041.0,117.648293090129,62378417.0
ZA02,South Africa,Beta,2021-01-27,119,6342.428571428572,7070.0,101.67665158012221,62378417.0
ZA02,South Africa,Beta,2021-01-28,120,5825.0,7150.0,93.38165795390415,62378417.0
ZA02,South Africa,Beta,2021-01-29,121,5538.857142857143,6141.0,88.79444861284541,62378417.0
ZA02,South Africa,Beta,2021-01-30,122,5054.285714285715,5297.0,81.02619395240046,62378417.0
ZA02,South Africa,Beta,2021-01-31,123,4624.0,4525.0,74.12820367018932,62378417.0
ZA02,South Africa,Beta,2021-02-01,124,4138.428571428572,2548.0,66.34391782382954,62378417.0
ZA02,South Africa,Beta,2021-02-02,125,3796.714285714286,2649.0,60.86583257978935,62378417.0
ZA02,South Africa,Beta,2021-02-03,126,3494.8571428571427,4058.0,56.02670460292608,62378417.0
ZA02,South Africa,Beta,2021-02-04,127,3196.285714285714,3751.0,51.24025052264013,62378417.0
ZA02,South Africa,Beta,2021-02-05,128,3028.8571428571427,3749.0,48.55617196661375,62378417.0
ZA02,South Africa,Beta,2021-02-06,129,2899.285714285714,3184.0,46.478988305934635,62378417.0
ZA02,South Africa,Beta,2021-02-07,130,2770.8571428571427,2435.0,44.420126000586755,62378417.0
ZA02,South Africa,Beta,2021-02-08,131,2590.4285714285716,1376.0,41.52764202766755,62378417.0
ZA02,South Africa,Beta,2021-02-09,132,2452.1428571428573,1742.0,39.310758032587735,62378417.0
ZA02,South Africa,Beta,2021-02-10,133,2337.5714285714284,3159.0,37.474042160631114,62378417.0
ZA02,South Africa,Beta,2021-02-11,134,2238.8571428571427,2488.0,35.89153509389542,62378417.0
ZA02,South Africa,Beta,2021-02-12,135,2199.714285714286,2781.0,35.26402867380052,62378417.0
ZA02,South Africa,Beta,2021-02-13,136,2123.714285714286,2382.0,34.04565854427319,62378417.0
ZA02,South Africa,Beta,2021-02-14,137,2003.857142857143,1744.0,32.12420640390959,62378417.0
ZA02,South Africa,Beta,2021-02-15,138,1980.857142857143,1102.0,31.755489127868426,62378417.0
ZA02,South Africa,Beta,2021-02-16,139,1856.5714285714287,1210.0,29.763041735596282,62378417.0
ZA02,South Africa,Beta,2021-02-17,140,1757.7142857142858,2320.0,28.178244499444187,62378417.0
ZA02,South Africa,Beta,2021-02-18,141,1712.7142857142858,2327.0,27.456841133276686,62378417.0
ZA02,South Africa,Beta,2021-02-19,142,1668.4285714285713,1911.0,26.74688861419121,62378417.0
ZA02,South Africa,Beta,2021-02-20,143,1638.142857142857,1690.0,26.261372697913398,62378417.0
ZA02,South Africa,Beta,2021-02-21,144,1572.7142857142858,1429.0,25.21247510520002,62378417.0
ZA02,South Africa,Beta,2021-02-22,145,1479.7142857142858,792.0,23.721574815120523,62378417.0
ZA02,South Africa,Beta,2021-02-23,146,1443.0,998.0,23.133001275104498,62378417.0
ZA02,South Africa,Beta,2021-02-24,147,1408.2857142857142,1862.0,22.57649010691814,62378417.0
ZA02,South Africa,Beta,2021-02-25,148,1371.0,1676.0,21.978755889236496,62378417.0
ZA02,South Africa,Beta,2021-02-26,149,1338.7142857142858,1654.0,21.46117760112902,62378417.0
ZA02,South Africa,Beta,2021-02-27,150,1318.4285714285713,1447.0,21.135973543999544,62378417.0
ZA02,South Africa,Beta,2021-02-28,151,1259.142857142857,1168.0,20.185553236191566,62378417.0
ZA02,South Africa,Beta,2021-03-01,152,1220.2857142857142,566.0,19.562627154929473,62378417.0
ZA02,South Africa,Beta,2021-03-02,153,1171.5714285714287,856.0,18.78167938393545,62378417.0
ZA02,South Africa,Beta,2021-03-03,154,1140.142857142857,1447.0,18.277842112326404,62378417.0
ZA02,South Africa,Beta,2021-03-04,155,1096.4285714285713,1404.0,17.577050270906543,62378417.0
ZA02,South Africa,Beta,2021-03-05,156,1106.7142857142858,1313.0,17.74194246888769,62378417.0
ZA02,South Africa,Beta,2021-03-06,157,1126.0,1227.0,18.05111534010233,62378417.0
ZA02,South Africa,Beta,2021-03-07,158,1130.2857142857142,862.0,18.119820422594472,62378417.0
ZA02,South Africa,Beta,2021-03-08,159,1140.2857142857142,638.0,18.280132281742805,62378417.0
ZA02,South Africa,Beta,2021-03-09,160,1127.7142857142858,991.0,18.078597373099186,62378417.0
ZA02,South Africa,Beta,2021-03-10,161,1172.5714285714287,1477.0,18.797710569850285,62378417.0
ZA02,South Africa,Beta,2021-03-11,162,1193.142857142857,1474.0,19.127494965812566,62378417.0
ZA02,South Africa,Beta,2021-03-12,163,1189.5714285714287,1225.0,19.070240730402453,62378417.0
ZA02,South Africa,Beta,2021-03-13,164,1181.2857142857142,1541.0,18.93741090425097,62378417.0
ZA02,South Africa,Beta,2021-03-14,165,1189.0,1006.0,19.06108005273683,62378417.0
ZA02,South Africa,Beta,2021-03-15,166,1187.5714285714287,613.0,19.038178358572782,62378417.0
ZA02,South Africa,Beta,2021-03-16,167,1221.4285714285713,933.0,19.58094851026071,62378417.0
ZA02,South Africa,Beta,2021-03-17,168,1198.142857142857,1531.0,19.207650895386735,62378417.0
ZA02,South Africa,Beta,2021-03-18,169,1204.5714285714287,1464.0,19.31070851912495,62378417.0
ZA02,South Africa,Beta,2021-03-19,170,1202.5714285714287,1462.0,19.278646147295284,62378417.0
ZA02,South Africa,Beta,2021-03-20,171,1142.142857142857,1378.0,18.309904484156068,62378417.0
ZA02,South Africa,Beta,2021-03-21,172,1073.142857142857,1051.0,17.20375265603257,62378417.0
ZA02,South Africa,Beta,2021-03-22,173,1086.0,599.0,17.409867903509,62378417.0
ZA02,South Africa,Beta,2021-03-23,174,1093.7142857142858,510.0,17.533537051994855,62378417.0
ZA02,South Africa,Beta,2021-03-24,175,1095.0,1048.0,17.5541485767425,62378417.0
ZA02,South Africa,Beta,2021-03-25,176,1082.7142857142858,1554.0,17.35719400693169,62378417.0
ZA02,South Africa,Beta,2021-03-26,177,1075.4285714285713,1516.0,17.240395366695044,62378417.0
ZA02,South Africa,Beta,2021-03-27,178,1110.5714285714287,1387.0,17.803777043130616,62378417.0
ZA02,South Africa,Beta,2021-03-28,179,1164.0,965.0,18.660300404865996,62378417.0
ZA02,South Africa,Beta,2021-03-29,180,1126.857142857143,548.0,18.06485635660076,62378417.0
ZA02,South Africa,Beta,2021-03-30,181,1092.142857142857,756.0,17.508345188414403,62378417.0
ZA02,South Africa,Beta,2021-03-31,182,1005.0,1422.0,16.111341844407498,62378417.0
ZA02,South Africa,Beta,2021-04-01,183,933.2857142857143,1294.0,14.961676797372307,62378417.0
ZA02,South Africa,Beta,2021-04-02,184,919.5714285714286,1273.0,14.74182053339745,62378417.0
ZA02,South Africa,Beta,2021-04-03,185,874.0,777.0,14.01125648956433,62378417.0
ZA02,South Africa,Beta,2021-04-04,186,778.8571428571429,463.0,12.48600365823876,62378417.0
ZA03,South Africa,Delta,2021-04-05,0,789.1428571428571,452.0,12.650895856219902,62378417.0
ZA03,South Africa,Delta,2021-04-06,1,788.2857142857143,437.0,12.637154839721475,62378417.0
ZA03,South Africa,Delta,2021-04-07,2,860.8571428571429,756.0,13.800560903255093,62378417.0
ZA03,South Africa,Delta,2021-04-08,3,927.7142857142857,1366.0,14.87236019013252,62378417.0
ZA03,South Africa,Delta,2021-04-09,4,956.7142857142857,1267.0,15.337264581662685,62378417.0
ZA03,South Africa,Delta,2021-04-10,5,1015.2857142857143,1285.0,16.27623404238864,62378417.0
ZA03,South Africa,Delta,2021-04-11,6,1135.7142857142858,931.0,18.206846860417855,62378417.0
ZA03,South Africa,Delta,2021-04-12,7,1136.5714285714287,655.0,18.220587876916284,62378417.0
ZA03,South Africa,Delta,2021-04-13,8,1159.0,847.0,18.580144475291828,62378417.0
ZA03,South Africa,Delta,2021-04-14,9,1164.7142857142858,1599.0,18.67175125194802,62378417.0
ZA03,South Africa,Delta,2021-04-15,10,1187.2857142857142,1372.0,19.033598019739973,62378417.0
ZA03,South Africa,Delta,2021-04-16,11,1200.0,1424.0,19.237423097799997,62378417.0
ZA03,South Africa,Delta,2021-04-17,12,1200.857142857143,1325.0,19.251164114298426,62378417.0
ZA03,South Africa,Delta,2021-04-18,13,1196.5714285714287,1089.0,19.18245903180628,62378417.0
ZA03,South Africa,Delta,2021-04-19,14,1202.4285714285713,744.0,19.27635597787888,62378417.0
ZA03,South Africa,Delta,2021-04-20,15,1232.857142857143,853.0,19.764162063573092,62378417.0
ZA03,South Africa,Delta,2021-04-21,16,1241.4285714285713,1569.0,19.901572228557377,62378417.0
ZA03,South Africa,Delta,2021-04-22,17,1243.142857142857,1413.0,19.929054261554235,62378417.0
ZA03,South Africa,Delta,2021-04-23,18,1258.142857142857,1637.0,20.169522050276736,62378417.0
ZA03,South Africa,Delta,2021-04-24,19,1262.0,1385.0,20.231356624519663,62378417.0
ZA03,South Africa,Delta,2021-04-25,20,1216.4285714285713,1101.0,19.500792580686543,62378417.0
ZA03,South Africa,Delta,2021-04-26,21,1169.7142857142858,849.0,18.75190718152219,62378417.0
ZA03,South Africa,Delta,2021-04-27,22,1175.0,880.0,18.836643449929163,62378417.0
ZA03,South Africa,Delta,2021-04-28,23,1210.2857142857142,1250.0,19.40231529578114,62378417.0
ZA03,South Africa,Delta,2021-04-29,24,1227.5714285714287,1086.0,19.679425795166118,62378417.0
ZA03,South Africa,Delta,2021-04-30,25,1234.4285714285713,1674.0,19.78935392715354,62378417.0
ZA03,South Africa,Delta,2021-05-01,26,1278.2857142857142,1632.0,20.492435937989804,62378417.0
ZA03,South Africa,Delta,2021-05-02,27,1395.857142857143,1222.0,22.37724536769093,62378417.0
ZA03,South Africa,Delta,2021-05-03,28,1547.7142857142858,897.0,24.811695457329186,62378417.0
ZA03,South Africa,Delta,2021-05-04,29,1630.857142857143,1187.0,26.14457405767676,62378417.0
ZA03,South Africa,Delta,2021-05-05,30,1397.7142857142858,2073.0,22.407017570104188,62378417.0
ZA03,South Africa,Delta,2021-05-06,31,1790.142857142857,2149.0,28.698112956968068,62378417.0
ZA03,South Africa,Delta,2021-05-07,32,1823.2857142857142,2256.0,29.229432261573972,62378417.0
ZA03,South Africa,Delta,2021-05-08,33,1874.857142857143,0.0,30.05618342089609,62378417.0
ZA03,South Africa,Delta,2021-05-09,34,1972.857142857143,3969.0,31.627239640549753,62378417.0
ZA03,South Africa,Delta,2021-05-10,35,2126.0,1129.0,34.08230125493566,62378417.0
ZA03,South Africa,Delta,2021-05-11,36,2252.4285714285716,1548.0,36.10910118845388,62378417.0
ZA03,South Africa,Delta,2021-05-12,37,2645.285714285714,2759.0,42.40706708356697,62378417.0
ZA03,South Africa,Delta,2021-05-13,38,2447.5714285714284,3221.0,39.23747261126278,62378417.0
ZA03,South Africa,Delta,2021-05-14,39,2537.285714285714,3141.0,40.67569900476497,62378417.0
ZA03,South Africa,Delta,2021-05-15,40,2652.5714285714284,2750.0,42.52386572380361,62378417.0
ZA03,South Africa,Delta,2021-05-16,41,2761.5714285714284,2585.0,44.27126498852044,62378417.0
ZA03,South Africa,Delta,2021-05-17,42,2821.5714285714284,1757.0,45.23313614341044,62378417.0
ZA03,South Africa,Delta,2021-05-18,43,2848.8571428571427,2355.0,45.67055850194375,62378417.0
ZA03,South Africa,Delta,2021-05-19,44,3061.1428571428573,3522.0,49.07375025472123,62378417.0
ZA03,South Africa,Delta,2021-05-20,45,3105.285714285714,3641.0,49.7814126043903,62378417.0
ZA03,South Africa,Delta,2021-05-21,46,3194.714285714286,3332.0,51.21505865905968,62378417.0
ZA03,South Africa,Delta,2021-05-22,47,2858.285714285714,4236.0,45.82170968342647,62378417.0
ZA03,South Africa,Delta,2021-05-23,48,3456.1428571428573,2894.0,55.4060686910804,62378417.0
ZA03,South Africa,Delta,2021-05-24,49,3567.714285714286,2383.0,57.19469100529252,62378417.0
ZA03,South Africa,Delta,2021-05-25,50,3745.1428571428573,0.0,60.03908142046723,62378417.0
ZA03,South Africa,Delta,2021-05-26,51,3785.5714285714284,7707.0,60.68719936530977,62378417.0
ZA03,South Africa,Delta,2021-05-27,52,3372.1428571428573,4422.0,54.0594490742344,62378417.0
ZA03,South Africa,Delta,2021-05-28,53,3967.0,4574.0,63.59571452414382,62378417.0
ZA03,South Africa,Delta,2021-05-29,54,4483.285714285715,4519.0,71.87238679503064,62378417.0
ZA03,South Africa,Delta,2021-05-30,55,4208.285714285715,0.0,67.46381066845147,62378417.0
ZA03,South Africa,Delta,2021-05-31,56,4342.285714285715,6547.0,69.61198958103914,62378417.0
ZA03,South Africa,Delta,2021-06-01,57,4498.571428571428,3614.0,72.11743492258594,62378417.0
ZA03,South Africa,Delta,2021-06-02,58,4631.571428571428,5782.0,74.24958264925877,62378417.0
ZA03,South Africa,Delta,2021-06-03,59,5356.285714285715,5360.0,85.86761209868014,62378417.0
ZA03,South Africa,Delta,2021-06-04,60,4890.285714285715,5668.0,78.3970794623678,62378417.0
ZA03,South Africa,Delta,2021-06-05,61,4975.285714285715,5450.0,79.75973026512864,62378417.0
ZA03,South Africa,Delta,2021-06-06,62,5418.0,5073.0,86.85696528656699,62378417.0
ZA03,South Africa,Delta,2021-06-07,63,5959.0,3285.0,95.52983686649182,62378417.0
ZA03,South Africa,Delta,2021-06-08,64,6295.0,4209.0,100.91631533387581,62378417.0
ZA03,South Africa,Delta,2021-06-09,65,6847.714285714285,8881.0,109.77698080594584,62378417.0
ZA03,South Africa,Delta,2021-06-10,66,7216.857142857143,9147.0,115.69477857793575,62378417.0
ZA03,South Africa,Delta,2021-06-11,67,7540.142857142857,8020.0,120.87743196725972,62378417.0
ZA03,South Africa,Delta,2021-06-12,68,8144.0,9319.0,130.55797809040266,62378417.0
ZA03,South Africa,Delta,2021-06-13,69,8767.57142857143,7657.0,140.55456759300944,62378417.0
ZA03,South Africa,Delta,2021-06-14,70,9141.857142857143,5548.0,146.55481146398992,62378417.0
ZA03,South Africa,Delta,2021-06-15,71,9497.57142857143,8436.0,152.25733331083777,62378417.0
ZA03,South Africa,Delta,2021-06-16,72,10105.57142857143,13246.0,162.00429434705643,62378417.0
ZA03,South Africa,Delta,2021-06-17,73,10891.0,11767.0,174.59564579844982,62378417.0
ZA03,South Africa,Delta,2021-06-18,74,11407.0,10510.0,182.8677377305038,62378417.0
ZA03,South Africa,Delta,2021-06-19,75,11786.57142857143,13575.0,188.95271786989127,62378417.0
ZA03,South Africa,Delta,2021-06-20,76,12393.285714285714,13155.0,198.67906738136227,62378417.0
ZA03,South Africa,Delta,2021-06-21,77,13009.142857142857,9160.0,208.5519877354832,62378417.0
ZA03,South Africa,Delta,2021-06-22,78,14188.0,11093.0,227.4504657596553,62378417.0
ZA03,South Africa,Delta,2021-06-23,79,14813.857142857143,17493.0,237.48369797292455,62378417.0
ZA03,South Africa,Delta,2021-06-24,80,15082.57142857143,16078.0,241.79150664518193,62378417.0
ZA03,South Africa,Delta,2021-06-25,81,15520.0,18762.0,248.80400539821326,62378417.0
ZA03,South Africa,Delta,2021-06-26,82,15842.0,17956.0,253.9660472627896,62378417.0
ZA03,South Africa,Delta,2021-06-27,83,16129.57142857143,15036.0,258.57615829801244,62378417.0
ZA03,South Africa,Delta,2021-06-28,84,16916.14285714286,12222.0,271.1858311047371,62378417.0
ZA03,South Africa,Delta,2021-06-29,85,17703.0,13347.0,283.80008425029445,62378417.0
ZA03,South Africa,Delta,2021-06-30,86,18921.428571428572,19506.0,303.3329392028107,62378417.0
ZA03,South Africa,Delta,2021-07-01,87,19142.714285714286,21584.0,306.88041162882166,62378417.0
ZA03,South Africa,Delta,2021-07-02,88,19184.285714285714,24270.0,307.5468509289954,62378417.0
ZA03,South Africa,Delta,2021-07-03,89,19491.85714285714,26485.0,312.47758568251487,62378417.0
ZA03,South Africa,Delta,2021-07-04,90,19766.285714285714,16585.0,316.8770011314284,62378417.0
ZA03,South Africa,Delta,2021-07-05,91,19955.714285714286,12513.0,319.91376577758115,62378417.0
ZA03,South Africa,Delta,2021-07-06,92,19694.428571428572,15500.0,315.7250459149768,62378417.0
ZA03,South Africa,Delta,2021-07-07,93,18998.0,21427.0,304.5604700100036,62378417.0
ZA03,South Africa,Delta,2021-07-08,94,18957.571428571428,22910.0,303.9123520651611,62378417.0
ZA03,South Africa,Delta,2021-07-09,95,18767.428571428572,22441.0,300.8641365719264,62378417.0
ZA03,South Africa,Delta,2021-07-10,96,18343.85714285714,21610.0,294.0737842522862,62378417.0
ZA03,South Africa,Delta,2021-07-11,97,17781.285714285714,16302.0,285.05509709048425,62378417.0
ZA03,South Africa,Delta,2021-07-12,98,16856.285714285714,11182.0,270.22625011926345,62378417.0
ZA03,South Africa,Delta,2021-07-13,99,15927.42857142857,12535.0,255.33556857379966,62378417.0
ZA03,South Africa,Delta,2021-07-14,100,14940.42857142857,17489.0,239.51278807585916,62378417.0
ZA03,South Africa,Delta,2021-07-15,101,14213.714285714286,16435.0,227.86269625460818,62378417.0
ZA03,South Africa,Delta,2021-07-16,102,13646.142857142857,15939.0,218.76385316323203,62378417.0
ZA03,South Africa,Delta,2021-07-17,103,13130.857142857143,14701.0,210.50321207826008,62378417.0
ZA03,South Africa,Delta,2021-07-18,104,12952.42857142857,11215.0,207.6427904771705,62378417.0
ZA03,South Africa,Delta,2021-07-19,105,12727.142857142857,7209.0,204.03119330750022,62378417.0
ZA03,South Africa,Delta,2021-07-20,106,12410.0,8928.0,198.94701720308163,62378417.0
ZA03,South Africa,Delta,2021-07-21,107,12032.142857142857,16240.0,192.88951909669106,62378417.0
ZA03,South Africa,Delta,2021-07-22,108,11818.285714285714,14858.0,189.4611354803331,62378417.0
ZA03,South Africa,Delta,2021-07-23,109,11598.0,13719.0,185.92969424023698,62378417.0
ZA03,South Africa,Delta,2021-07-24,110,11427.285714285714,12056.0,183.1929417876333,62378417.0
ZA03,South Africa,Delta,2021-07-25,111,11579.0,9718.0,185.62510170785512,62378417.0
ZA03,South Africa,Delta,2021-07-26,112,11403.0,5667.0,182.80361298684446,62378417.0
ZA03,South Africa,Delta,2021-07-27,113,11283.857142857143,7733.0,180.89361169356292,62378417.0
ZA03,South Africa,Delta,2021-07-28,114,11335.57142857143,17302.0,181.72265302230142,62378417.0
ZA03,South Africa,Delta,2021-07-29,115,11194.42857142857,13626.0,179.4599656388935,62378417.0
ZA03,South Africa,Delta,2021-07-30,116,11181.142857142857,12885.0,179.24697988316785,62378417.0
ZA03,South Africa,Delta,2021-07-31,117,11360.42857142857,12418.0,182.12114250075584,62378417.0
ZA03,South Africa,Delta,2021-08-01,118,10783.42857142857,8730.0,172.871148227897,62378417.0
ZA03,South Africa,Delta,2021-08-02,119,10786.285714285714,5574.0,172.9169516162251,62378417.0
ZA03,South Africa,Delta,2021-08-03,120,10877.42857142857,8988.0,174.37807970389133,62378417.0
ZA03,South Africa,Delta,2021-08-04,121,10862.0,13263.0,174.13074140691964,62378417.0
ZA03,South Africa,Delta,2021-08-05,122,11040.285714285714,13646.0,176.98887283859275,62378417.0
ZA03,South Africa,Delta,2021-08-06,123,11209.142857142857,13523.0,179.69585308878322,62378417.0
ZA03,South Africa,Delta,2021-08-07,124,10859.42857142857,12310.0,174.08951835742434,62378417.0
ZA03,South Africa,Delta,2021-08-08,125,10033.0,9978.0,160.84088828352282,62378417.0
ZA03,South Africa,Delta,2021-08-09,126,10122.285714285714,6756.0,162.27224416877579,62378417.0
ZA03,South Africa,Delta,2021-08-10,127,10178.42857142857,6540.0,163.17228074942284,62378417.0
ZA03,South Africa,Delta,2021-08-11,128,10279.857142857143,7478.0,164.79830103507024,62378417.0
ZA03,South Africa,Delta,2021-08-12,129,10302.857142857143,14271.0,165.1670183111114,62378417.0
ZA03,South Africa,Delta,2021-08-13,130,10478.142857142857,13916.0,167.97705618504006,62378417.0
ZA03,South Africa,Delta,2021-08-14,131,11070.285714285714,13020.0,177.46980841603778,62378417.0
ZA03,South Africa,Delta,2021-08-15,132,12105.857142857143,10139.0,194.0712465155559,62378417.0
ZA03,South Africa,Delta,2021-08-16,133,12020.142857142857,7983.0,192.69714486571303,62378417.0
ZA03,South Africa,Delta,2021-08-17,134,12076.714285714286,10685.0,193.60405195460933,62378417.0
ZA03,South Africa,Delta,2021-08-18,135,12111.142857142857,14727.0,194.15598278396288,62378417.0
ZA03,South Africa,Delta,2021-08-19,136,12198.142857142857,13671.0,195.55069595855338,62378417.0
ZA03,South Africa,Delta,2021-08-20,137,12148.0,14312.0,194.7468464933953,62378417.0
ZA03,South Africa,Delta,2021-08-21,138,12099.57142857143,13261.0,193.9704790612341,62378417.0
ZA03,South Africa,Delta,2021-08-22,139,11888.714285714286,10748.0,190.59018900262066,62378417.0
ZA03,South Africa,Delta,2021-08-23,140,11760.142857142857,7632.0,188.52903652785636,62378417.0
ZA03,South Africa,Delta,2021-08-24,141,11436.285714285714,10346.0,183.33722246086677,62378417.0
ZA03,South Africa,Delta,2021-08-25,142,10995.142857142857,13251.0,176.26517930300886,62378417.0
ZA03,South Africa,Delta,2021-08-26,143,10565.42857142857,12771.0,169.37634969846334,62378417.0
ZA03,South Africa,Delta,2021-08-27,144,10281.42857142857,12045.0,164.82349289865067,62378417.0
ZA03,South Africa,Delta,2021-08-28,145,9815.42857142857,10173.0,157.35296026233834,62378417.0
ZA03,South Africa,Delta,2021-08-29,146,9285.857142857143,7740.0,148.8633022357259,62378417.0
ZA03,South Africa,Delta,2021-08-30,147,8776.0,5644.0,140.68968758857733,62378417.0
ZA03,South Africa,Delta,2021-08-31,148,8369.42857142857,7084.0,134.17186542948934,62378417.0
ZA03,South Africa,Delta,2021-09-01,149,8117.571428571428,9544.0,130.13429674836775,62378417.0
ZA03,South Africa,Delta,2021-09-02,150,7859.142857142857,9202.0,125.99138027409155,62378417.0
ZA03,South Africa,Delta,2021-09-03,151,7641.142857142857,9199.0,122.49658174465789,62378417.0
ZA03,South Africa,Delta,2021-09-04,152,7453.571428571428,8410.0,119.48958930091842,62378417.0
ZA03,South Africa,Delta,2021-09-05,153,7081.428571428572,5931.0,113.52369797118402,62378417.0
ZA03,South Africa,Delta,2021-09-06,154,6662.428571428572,4118.0,106.80663107286887,62378417.0
ZA03,South Africa,Delta,2021-09-07,155,6188.714285714285,5771.0,99.21242928807067,62378417.0
ZA03,South Africa,Delta,2021-09-08,156,5745.714285714285,6939.0,92.1106139277995,62378417.0
ZA03,South Africa,Delta,2021-09-09,157,5464.285714285715,6269.0,87.59898017748213,62378417.0
ZA03,South Africa,Delta,2021-09-10,158,5253.142857142857,5883.0,84.21410978003588,62378417.0
ZA03,South Africa,Delta,2021-09-11,159,4957.142857142857,5309.0,79.46887874924522,62378417.0
ZA03,South Africa,Delta,2021-09-12,160,4632.571428571428,3961.0,74.2656138351736,62378417.0
ZA03,South Africa,Delta,2021-09-13,161,4339.0,2640.0,69.55931568446182,62378417.0
ZA03,South Africa,Delta,2021-09-14,162,4019.714285714286,3699.0,64.44078703879718,62378417.0
ZA03,South Africa,Delta,2021-09-15,163,3730.714285714286,4667.0,59.80777430941035,62378417.0
ZA03,South Africa,Delta,2021-09-16,164,3490.714285714286,4214.0,55.96028968985035,62378417.0
ZA03,South Africa,Delta,2021-09-17,165,3328.4285714285716,3648.0,53.358657232814544,62378417.0
ZA03,South Africa,Delta,2021-09-18,166,3113.8571428571427,3286.0,49.91882276937458,62378417.0
ZA03,South Africa,Delta,2021-09-19,167,2871.0,2281.0,46.02553476148649,62378417.0
ZA03,South Africa,Delta,2021-09-20,168,2666.5714285714284,1504.0,42.74830232661128,62378417.0
ZA03,South Africa,Delta,2021-09-21,169,2468.4285714285716,2197.0,39.571837346057876,62378417.0
ZA03,South Africa,Delta,2021-09-22,170,2232.4285714285716,2967.0,35.78847747015721,62378417.0
ZA03,South Africa,Delta,2021-09-23,171,2044.7142857142858,2783.0,32.77919485700136,62378417.0
ZA03,South Africa,Delta,2021-09-24,172,1912.4285714285713,2261.0,30.658497977410537,62378417.0
ZA03,South Africa,Delta,2021-09-25,173,1793.857142857143,1634.0,28.757657361794593,62378417.0
ZA03,South Africa,Delta,2021-09-26,174,1370.0,967.0,21.962724703321662,62378417.0
ZA03,South Africa,Delta,2021-09-27,175,1513.0,578.0,24.25518428914283,62378417.0
ZA03,South Africa,Delta,2021-09-28,176,1423.5714285714287,1367.0,22.82153823447345,62378417.0
ZA03,South Africa,Delta,2021-09-29,177,1376.7142857142858,0.0,22.070362665892688,62378417.0
ZA03,South Africa,Delta,2021-09-30,178,1354.142857142857,3784.0,21.708515898100735,62378417.0
ZA03,South Africa,Delta,2021-10-01,179,1332.857142857143,1635.0,21.367280655056426,62378417.0
ZA03,South Africa,Delta,2021-10-02,180,1247.2857142857142,1306.0,19.99546917462997,62378417.0
ZA03,South Africa,Delta,2021-10-03,181,1411.4285714285713,809.0,22.626873834079042,62378417.0
ZA03,South Africa,Delta,2021-10-04,182,1012.1428571428571,429.0,16.225850315227735,62378417.0
ZA03,South Africa,Delta,2021-10-05,183,910.5714285714286,768.0,14.59753986016395,62378417.0
ZA03,South Africa,Delta,2021-10-06,184,840.5714285714286,1149.0,13.475356846125617,62378417.0
ZA03,South Africa,Delta,2021-10-07,185,817.5714285714286,989.0,13.10663957008445,62378417.0
ZA03,South Africa,Delta,2021-10-08,186,785.0,924.0,12.584480943144165,62378417.0
ZA03,South Africa,Delta,2021-10-09,187,759.8571428571429,816.0,12.181411125856927,62378417.0
ZA03,South Africa,Delta,2021-10-10,188,730.2857142857143,648.0,11.707346056661143,62378417.0
ZA03,South Africa,Delta,2021-10-11,189,724.2857142857143,201.0,11.61115894117214,62378417.0
ZA03,South Africa,Delta,2021-10-12,190,697.0,592.0,11.173736582638833,62378417.0
ZA03,South Africa,Delta,2021-10-13,191,668.8571428571429,942.0,10.722573207607093,62378417.0
ZA03,South Africa,Delta,2021-10-14,192,635.4285714285714,947.0,10.18667356416838,62378417.0
ZA03,South Africa,Delta,2021-10-15,193,636.7142857142857,733.0,10.207285088916022,62378417.0
ZA03,South Africa,Delta,2021-10-16,194,616.7142857142857,619.0,9.886661370619356,62378417.0
ZA03,South Africa,Delta,2021-10-17,195,566.5714285714286,414.0,9.082811905461284,62378417.0
ZA03,South Africa,Delta,2021-10-18,196,505.57142857142856,210.0,8.10490956465645,62378417.0
ZA03,South Africa,Delta,2021-10-19,197,474.7142857142857,452.0,7.610232970713023,62378417.0
ZA03,South Africa,Delta,2021-10-20,198,450.42857142857144,591.0,7.220904169924213,62378417.0
ZA03,South Africa,Delta,2021-10-21,199,434.14285714285717,520.0,6.959824856454071,62378417.0
ZA03,South Africa,Delta,2021-10-22,200,425.0,517.0,6.8132540138041655,62378417.0
ZA03,South Africa,Delta,2021-10-23,201,407.7142857142857,449.0,6.53614351441919,62378417.0
ZA04,South Africa,Omicron BA.1,2021-11-03,0,266.42857142857144,344.0,4.271165961594881,62378417.0
ZA04,South Africa,Omicron BA.1,2021-11-04,1,262.85714285714283,319.0,4.213911726184761,62378417.0
ZA04,South Africa,Omicron BA.1,2021-11-05,2,264.2857142857143,339.0,4.236813420348809,62378417.0
ZA04,South Africa,Omicron BA.1,2021-11-06,3,275.14285714285717,358.0,4.410866295995571,62378417.0
ZA04,South Africa,Omicron BA.1,2021-11-07,4,269.57142857142856,205.0,4.321549688755785,62378417.0
ZA04,South Africa,Omicron BA.1,2021-11-08,5,274.85714285714283,116.0,4.406285957162761,62378417.0
ZA04,South Africa,Omicron BA.1,2021-11-09,6,282.57142857142856,245.0,4.529955105648618,62378417.0
ZA04,South Africa,Omicron BA.1,2021-11-10,7,275.14285714285717,305.0,4.410866295995571,62378417.0
ZA04,South Africa,Omicron BA.1,2021-11-11,8,283.2857142857143,356.0,4.541405952730642,62378417.0
ZA04,South Africa,Omicron BA.1,2021-11-12,9,286.14285714285717,393.0,4.587209341058738,62378417.0
ZA04,South Africa,Omicron BA.1,2021-11-13,10,290.14285714285717,306.0,4.651334084718071,62378417.0
ZA04,South Africa,Omicron BA.1,2021-11-14,11,327.42857142857144,262.0,5.249068302399714,62378417.0
ZA04,South Africa,Omicron BA.1,2021-11-15,12,360.14285714285717,136.0,5.773517098756405,62378417.0
ZA04,South Africa,Omicron BA.1,2021-11-16,13,416.7142857142857,273.0,6.68042418765269,62378417.0
ZA04,South Africa,Omicron BA.1,2021-11-17,14,499.7142857142857,566.0,8.011012618583857,62378417.0
ZA04,South Africa,Omicron BA.1,2021-11-18,15,560.4285714285714,585.0,8.98433462055588,62378417.0
ZA04,South Africa,Omicron BA.1,2021-11-19,16,585.5714285714286,789.0,9.387404437843118,62378417.0
ZA04,South Africa,Omicron BA.1,2021-11-20,17,3201.714285714286,887.0,51.32727696046352,62378417.0
ZA04,South Africa,Omicron BA.1,2021-11-21,18,3303.0,687.0,52.95100707669449,62378417.0
ZA04,South Africa,Omicron BA.1,2021-11-22,19,3571.5714285714284,312.0,57.25652557953544,62378417.0
ZA04,South Africa,Omicron BA.1,2021-11-23,20,3862.8571428571427,18586.0,61.92618101958475,62378417.0
ZA04,South Africa,Omicron BA.1,2021-11-24,21,4196.142857142857,1275.0,67.26914626805706,62378417.0
ZA04,South Africa,Omicron BA.1,2021-11-25,22,4506.285714285715,2465.0,72.2411040710718,62378417.0
ZA04,South Africa,Omicron BA.1,2021-11-26,23,4786.428571428572,2828.0,76.73212629664154,62378417.0
ZA04,South Africa,Omicron BA.1,2021-11-27,24,2756.0,3220.0,44.18194838128066,62378417.0
ZA04,South Africa,Omicron BA.1,2021-11-28,25,3796.8571428571427,2858.0,60.86812274920575,62378417.0
ZA04,South Africa,Omicron BA.1,2021-11-29,26,5092.571428571428,2273.0,81.63995935599694,62378417.0
ZA04,South Africa,Omicron BA.1,2021-11-30,27,6982.142857142857,4373.0,111.93203022678271,62378417.0
ZA04,South Africa,Omicron BA.1,2021-12-01,28,8860.142857142857,8561.0,142.0385973748397,62378417.0
ZA04,South Africa,Omicron BA.1,2021-12-02,29,10041.142857142857,11535.0,160.97142794025788,62378417.0
ZA04,South Africa,Omicron BA.1,2021-12-03,30,10628.0,16055.0,170.37944390284864,62378417.0
ZA04,South Africa,Omicron BA.1,2021-12-04,31,11881.42857142857,16366.0,190.473390362384,62378417.0
ZA04,South Africa,Omicron BA.1,2021-12-05,32,13493.0,11125.0,216.30879154884613,62378417.0
ZA04,South Africa,Omicron BA.1,2021-12-06,33,15043.42857142857,6381.0,241.164000225087,62378417.0
ZA04,South Africa,Omicron BA.1,2021-12-07,34,15466.57142857143,13147.0,247.94748203647794,62378417.0
ZA04,South Africa,Omicron BA.1,2021-12-08,35,15579.0,19842.0,249.74984536718847,62378417.0
ZA04,South Africa,Omicron BA.1,2021-12-09,36,19400.428571428572,22388.0,311.01187725601585,62378417.0
ZA04,South Africa,Omicron BA.1,2021-12-10,37,20387.14285714286,19017.0,326.8300774151235,62378417.0
ZA04,South Africa,Omicron BA.1,2021-12-11,38,21917.14285714286,17153.0,351.3577918648186,62378417.0
ZA04,South Africa,Omicron BA.1,2021-12-12,39,22852.428571428572,37875.0,366.3515310340205,62378417.0
ZA04,South Africa,Omicron BA.1,2021-12-13,40,23194.85714285714,13288.0,371.8410671251427,62378417.0
ZA04,South Africa,Omicron BA.1,2021-12-14,41,23437.14285714286,23857.0,375.7251944553652,62378417.0
ZA04,South Africa,Omicron BA.1,2021-12-15,42,23283.85714285714,26389.0,373.26784267156285,62378417.0
ZA04,South Africa,Omicron BA.1,2021-12-16,43,20082.428571428572,24785.0,321.9451460499322,62378417.0
ZA04,South Africa,Omicron BA.1,2021-12-17,44,19400.0,20713.0,311.00500674776663,62378417.0
ZA04,South Africa,Omicron BA.1,2021-12-18,45,18195.14285714286,16080.0,291.6897178898089,62378417.0
ZA04,South Africa,Omicron BA.1,2021-12-19,46,17439.285714285714,15465.0,279.57243150761127,62378417.0
ZA04,South Africa,Omicron BA.1,2021-12-20,47,16920.85714285714,8511.0,271.26140669547834,62378417.0
ZA04,South Africa,Omicron BA.1,2021-12-21,48,16654.285714285714,15423.0,266.9879505644671,62378417.0
ZA04,South Africa,Omicron BA.1,2021-12-22,49,16475.428571428572,21098.0,264.12065845512836,62378417.0
ZA04,South Africa,Omicron BA.1,2021-12-23,50,15066.57142857143,21156.0,241.5350076705446,62378417.0
ZA04,South Africa,Omicron BA.1,2021-12-24,51,14390.42857142857,18847.0,230.69563582270084,62378417.0
ZA04,South Africa,Omicron BA.1,2021-12-25,52,13218.0,14828.0,211.90021542226697,62378417.0
ZA04,South Africa,Omicron BA.1,2021-12-26,53,11492.57142857143,5603.0,184.23954921093028,62378417.0
ZA04,South Africa,Omicron BA.1,2021-12-27,54,10324.285714285714,3778.0,165.5105437235721,62378417.0
ZA04,South Africa,Omicron BA.1,2021-12-28,55,9311.0,7216.0,149.26637205301316,62378417.0
ZA04,South Africa,Omicron BA.1,2021-12-29,56,8591.714285714286,9020.0,137.73536904141517,62378417.0
ZA04,South Africa,Omicron BA.1,2021-12-30,57,8413.714285714286,12978.0,134.88181794857485,62378417.0
ZA04,South Africa,Omicron BA.1,2021-12-31,58,8313.42857142857,11754.0,133.2741190182587,62378417.0
ZA04,South Africa,Omicron BA.1,2022-01-01,59,8436.57142857143,9793.0,135.24824505519962,62378417.0
ZA04,South Africa,Omicron BA.1,2022-01-02,60,8734.57142857143,4357.0,140.02553845781995,62378417.0
ZA04,South Africa,Omicron BA.1,2022-01-03,61,8288.857142857143,3076.0,132.8802098786371,62378417.0
ZA04,South Africa,Omicron BA.1,2022-01-04,62,7932.428571428572,8078.0,127.16623718470719,62378417.0
ZA04,South Africa,Omicron BA.1,2022-01-05,63,7641.857142857143,11106.0,122.50803259173992,62378417.0
ZA04,South Africa,Omicron BA.1,2022-01-06,64,7659.714285714285,9858.0,122.7943037687905,62378417.0
ZA04,South Africa,Omicron BA.1,2022-01-07,65,7564.428571428572,9259.0,121.26676076804853,62378417.0
ZA04,South Africa,Omicron BA.1,2022-01-08,66,7220.142857142857,7759.0,115.74745247451304,62378417.0
ZA04,South Africa,Omicron BA.1,2022-01-09,67,6599.285714285715,4482.0,105.79437619081797,62378417.0
ZA04,South Africa,Omicron BA.1,2022-01-10,68,6036.285714285715,2409.0,96.7688185207668,62378417.0
ZA04,South Africa,Omicron BA.1,2022-01-11,69,5461.428571428572,5668.0,87.55317678915404,62378417.0
ZA04,South Africa,Omicron BA.1,2022-01-12,70,5008.714285714285,6760.0,80.29562990856734,62378417.0
ZA04,South Africa,Omicron BA.1,2022-01-13,71,4748.285714285715,5917.0,76.12065106246146,62378417.0
ZA04,South Africa,Omicron BA.1,2022-01-14,72,4636.857142857143,5235.0,74.33431891766575,62378417.0
ZA04,South Africa,Omicron BA.1,2022-01-15,73,4349.571428571428,4590.0,69.72878822127578,62378417.0
ZA04,South Africa,Omicron BA.1,2022-01-16,74,3383.8571428571427,2659.0,54.24724296637958,62378417.0
ZA04,South Africa,Omicron BA.1,2022-01-17,75,3721.714285714286,1629.0,59.66349363617685,62378417.0
ZA04,South Africa,Omicron BA.1,2022-01-18,76,3476.5714285714284,3657.0,55.73356291762627,62378417.0
ZA04,South Africa,Omicron BA.1,2022-01-19,77,3256.4285714285716,0.0,52.20441184694654,62378417.0
ZA04,South Africa,Omicron BA.1,2022-01-20,78,3152.4285714285716,8282.0,50.53716851180388,62378417.0
ZA04,South Africa,Omicron BA.1,2022-01-21,79,3110.0,3519.0,49.856988195131656,62378417.0
ZA04,South Africa,Omicron BA.1,2022-01-22,80,3044.285714285714,3049.0,48.803510263585466,62378417.0
ZA04,South Africa,Omicron BA.1,2022-01-23,81,3688.714285714286,1931.0,59.13446450098735,62378417.0
ZA04,South Africa,Omicron BA.1,2022-01-24,82,3091.285714285714,1332.0,49.55697600158263,62378417.0
ZA04,South Africa,Omicron BA.1,2022-01-25,83,3129.8571428571427,3197.0,50.17532174401192,62378417.0
ZA04,South Africa,Omicron BA.1,2022-01-26,84,3171.714285714286,4511.0,50.84634138301851,62378417.0
ZA04,South Africa,Omicron BA.1,2022-01-27,85,3213.8571428571427,4100.0,51.52194136085792,62378417.0
ZA04,South Africa,Omicron BA.1,2022-01-28,86,3218.714285714286,3789.0,51.59980712101569,62378417.0
ZA04,South Africa,Omicron BA.1,2022-01-29,87,3202.714285714286,3342.0,51.34330814637835,62378417.0
ZA04,South Africa,Omicron BA.1,2022-01-30,88,3201.4285714285716,2226.0,51.32269662163071,62378417.0
ZA04,South Africa,Omicron BA.1,2022-01-31,89,3082.285714285714,1366.0,49.41269532834913,62378417.0
ZA04,South Africa,Omicron BA.1,2022-02-01,90,2541.0,3085.0,40.7352434095915,62378417.0
ZA04,South Africa,Omicron BA.1,2022-02-02,91,2940.0,4502.0,47.13168658961,62378417.0
ZA04,South Africa,Omicron BA.1,2022-02-03,92,2872.285714285714,3266.0,46.04614628623413,62378417.0
ZA04,South Africa,Omicron BA.1,2022-02-04,93,2852.5714285714284,0.0,45.73010290677028,62378417.0
ZA04,South Africa,Omicron BA.1,2022-02-05,94,2529.5714285714284,6135.0,40.55202985627911,62378417.0
ZA04,South Africa,Omicron BA.1,2022-02-06,95,2690.4285714285716,1752.0,43.13076061915088,62378417.0
ZA04,South Africa,Omicron BA.1,2022-02-07,96,2676.5714285714284,1228.0,42.90861418575961,62378417.0
ZA04,South Africa,Omicron BA.1,2022-02-08,97,3085.4285714285716,824.0,49.46307905551004,62378417.0
ZA04,South Africa,Omicron BA.1,2022-02-09,98,2564.5714285714284,5628.0,41.113121363298276,62378417.0
ZA04,South Africa,Omicron BA.1,2022-02-10,99,2549.8571428571427,3169.0,40.87723391340858,62378417.0
ZA04,South Africa,Omicron BA.1,2022-02-11,100,2530.714285714286,2862.0,40.57035121161035,62378417.0
ZA04,South Africa,Omicron BA.1,2022-02-12,101,2750.714285714286,2489.0,44.097212112873684,62378417.0
ZA04,South Africa,Omicron BA.1,2022-02-13,102,2475.1428571428573,1649.0,39.6794753086289,62378417.0
ZA04,South Africa,Omicron BA.1,2022-02-14,103,2459.0,1094.0,39.420686164575166,62378417.0
ZA04,South Africa,Omicron BA.1,2022-02-15,104,2450.1428571428573,2364.0,39.27869566075807,62378417.0
ZA04,South Africa,Omicron BA.1,2022-02-16,105,2418.4285714285716,3699.0,38.770278050316215,62378417.0
ZA04,South Africa,Omicron BA.1,2022-02-17,106,2390.8571428571427,3056.0,38.32827535295009,62378417.0
ZA04,South Africa,Omicron BA.1,2022-02-18,107,2399.0,2800.0,38.45881500968516,62378417.0
ZA04,South Africa,Omicron BA.1,2022-02-19,108,2394.714285714286,2267.0,38.390109927193016,62378417.0
ZA04,South Africa,Omicron BA.1,2022-02-20,109,2311.5714285714284,1456.0,37.05723132684545,62378417.0
ZA04,South Africa,Omicron BA.1,2022-02-21,110,2219.4285714285716,1151.0,35.58007205326438,62378417.0
ZA04,South Africa,Omicron BA.1,2022-02-22,111,2121.0,2334.0,34.0021453253615,62378417.0
ZA04,South Africa,Omicron BA.1,2022-02-23,112,2128.5714285714284,3117.0,34.123524304430944,62378417.0
ZA04,South Africa,Omicron BA.1,2022-02-24,113,2101.4285714285716,2411.0,33.68839211531404,62378417.0
ZA04,South Africa,Omicron BA.1,2022-02-25,114,2049.1428571428573,2111.0,32.8501901089099,62378417.0
ZA04,South Africa,Omicron BA.1,2022-02-26,115,1951.2857142857142,2320.0,31.281424058672638,62378417.0
ZA04,South Africa,Omicron BA.1,2022-02-27,116,1791.0,1266.0,28.711853973466496,62378417.0
ZA04,South Africa,Omicron BA.1,2022-02-28,117,1711.2857142857142,785.0,27.43393943911264,62378417.0
ZA04,South Africa,Omicron BA.1,2022-03-01,118,1680.857142857143,1649.0,26.946133353418425,62378417.0
ZA04,South Africa,Omicron BA.1,2022-03-02,119,1597.2857142857142,1995.0,25.606384244821637,62378417.0
ZA04,South Africa,Omicron BA.1,2022-03-03,120,1580.2857142857142,1853.0,25.333854084269472,62378417.0
ZA04,South Africa,Omicron BA.1,2022-03-04,121,1582.5714285714287,1898.0,25.37049679493195,62378417.0
ZA04,South Africa,Omicron BA.1,2022-03-05,122,1552.142857142857,1735.0,24.882690709237732,62378417.0
ZA04,South Africa,Omicron BA.1,2022-03-06,123,1533.857142857143,1147.0,24.589549023937927,62378417.0
ZA04,South Africa,Omicron BA.1,2022-03-07,124,1536.0,801.0,24.623901565183996,62378417.0
ZA04,South Africa,Omicron BA.1,2022-03-08,125,1503.5714285714287,1436.0,24.104033107660115,62378417.0
ZA04,South Africa,Omicron BA.1,2022-03-09,126,1480.0,1867.0,23.726155153953332,62378417.0
ZA04,South Africa,Omicron BA.1,2022-03-10,127,1455.0,1868.0,23.325375506082498,62378417.0
ZA04,South Africa,Omicron BA.1,2022-03-11,128,1436.4285714285713,1671.0,23.027653481949876,62378417.0
ZA04,South Africa,Omicron BA.1,2022-03-12,129,1466.7142857142858,1570.0,23.51316939822769,62378417.0
ZA04,South Africa,Omicron BA.1,2022-03-13,130,1482.857142857143,972.0,23.77195854228143,62378417.0
ZA04,South Africa,Omicron BA.1,2022-03-14,131,1456.142857142857,671.0,23.343696861413733,62378417.0
ZA04,South Africa,Omicron BA.1,2022-03-15,132,1440.0,1648.0,23.084907717359997,62378417.0
ZA04,South Africa,Omicron BA.1,2022-03-16,133,1399.5714285714287,1980.0,22.43678977251745,62378417.0
ZA04,South Africa,Omicron BA.1,2022-03-17,134,1387.7142857142858,1681.0,22.246705710955855,62378417.0
ZA04,South Africa,Omicron BA.1,2022-03-18,135,1372.7142857142858,1558.0,22.006237922233357,62378417.0
ZA04,South Africa,Omicron BA.1,2022-03-19,136,1267.5714285714287,1287.0,20.320673231759454,62378417.0
ZA04,South Africa,Omicron BA.1,2022-03-20,137,1183.7142857142858,889.0,18.976343784329856,62378417.0
ZA04,South Africa,Omicron BA.1,2022-03-21,138,1246.4285714285713,566.0,19.981728158131542,62378417.0
ZA04,South Africa,Omicron BA.1,2022-03-22,139,1246.2857142857142,912.0,19.97943798871514,62378417.0
ZA04,South Africa,Omicron BA.1,2022-03-23,140,1276.2857142857142,1393.0,20.46037356616014,62378417.0
ZA04,South Africa,Omicron BA.1,2022-03-24,141,1290.5714285714287,2120.0,20.689390507800617,62378417.0
ZA04,South Africa,Omicron BA.1,2022-03-25,142,1292.7142857142858,1557.0,20.72374304904669,62378417.0
ZA04,South Africa,Omicron BA.1,2022-03-26,143,1384.857142857143,1497.0,22.20090232262776,62378417.0
ZA04,South Africa,Omicron BA.1,2022-03-27,144,1425.4285714285713,989.0,22.85131043688671,62378417.0
ZA04,South Africa,Omicron BA.1,2022-03-28,145,1392.0,581.0,22.315410793447995,62378417.0
ZA04,South Africa,Omicron BA.1,2022-03-29,146,1169.5714285714287,1557.0,18.749617012105784,62378417.0
ZA04,South Africa,Omicron BA.1,2022-03-30,147,955.7142857142857,1677.0,15.321233395747855,62378417.0
ZA05,South Africa,Omicron BA.4/BA.5,2022-03-31,0,1386.0,1886.0,22.219223677958997,62378417.0
ZA05,South Africa,Omicron BA.4/BA.5,2022-04-01,1,1303.0,0.0,20.88863524702783,62378417.0
ZA05,South Africa,Omicron BA.4/BA.5,2022-04-02,2,1398.142857142857,0.0,22.4138880783534,62378417.0
ZA05,South Africa,Omicron BA.4/BA.5,2022-04-03,3,1448.7142857142858,4001.0,23.22460805176069,62378417.0
ZA05,South Africa,Omicron BA.4/BA.5,2022-04-04,4,1390.857142857143,0.0,22.29708943811676,62378417.0
ZA05,South Africa,Omicron BA.4/BA.5,2022-04-05,5,1587.5714285714287,2223.0,25.450652724506117,62378417.0
ZA05,South Africa,Omicron BA.4/BA.5,2022-04-06,6,1756.2857142857142,2031.0,28.15534280528014,62378417.0
ZA05,South Africa,Omicron BA.4/BA.5,2022-04-07,7,1303.0,1481.0,20.88863524702783,62378417.0
ZA05,South Africa,Omicron BA.4/BA.5,2022-04-08,8,1382.0,1377.0,22.155098934299662,62378417.0
ZA05,South Africa,Omicron BA.4/BA.5,2022-04-09,9,1248.857142857143,1181.0,20.020661038210424,62378417.0
ZA05,South Africa,Omicron BA.4/BA.5,2022-04-10,10,1195.7142857142858,828.0,19.168718015307856,62378417.0
ZA05,South Africa,Omicron BA.4/BA.5,2022-04-11,11,1236.7142857142858,553.0,19.825996637816022,62378417.0
ZA05,South Africa,Omicron BA.4/BA.5,2022-04-12,12,1303.7142857142858,1291.0,20.900086094109856,62378417.0
ZA05,South Africa,Omicron BA.4/BA.5,2022-04-13,13,1307.2857142857142,1659.0,20.957340329519972,62378417.0
ZA05,South Africa,Omicron BA.4/BA.5,2022-04-14,14,1307.857142857143,1768.0,20.96650100718559,62378417.0
ZA05,South Africa,Omicron BA.4/BA.5,2022-04-15,15,1354.142857142857,1846.0,21.708515898100735,62378417.0
ZA05,South Africa,Omicron BA.4/BA.5,2022-04-16,16,1380.4285714285713,1206.0,22.12990707071921,62378417.0
ZA05,South Africa,Omicron BA.4/BA.5,2022-04-17,17,1549.4285714285713,832.0,24.839177490326044,62378417.0
ZA05,South Africa,Omicron BA.4/BA.5,2022-04-18,18,1926.2857142857142,877.0,30.880644410801803,62378417.0
ZA05,South Africa,Omicron BA.4/BA.5,2022-04-19,19,2323.8571428571427,1475.0,37.25418589665625,62378417.0
ZA05,South Africa,Omicron BA.4/BA.5,2022-04-20,20,2755.8571428571427,2842.0,44.17965821186425,62378417.0
ZA05,South Africa,Omicron BA.4/BA.5,2022-04-21,21,3097.285714285714,4406.0,49.653163117071635,62378417.0
ZA05,South Africa,Omicron BA.4/BA.5,2022-04-22,22,3251.1428571428573,4629.0,52.11967557853957,62378417.0
ZA05,South Africa,Omicron BA.4/BA.5,2022-04-23,23,3763.5714285714284,4230.0,60.33451327518344,62378417.0
ZA05,South Africa,Omicron BA.4/BA.5,2022-04-24,24,4267.714285714285,3222.0,68.41652114567584,62378417.0
ZA05,South Africa,Omicron BA.4/BA.5,2022-04-25,25,4230.571428571428,1954.0,67.82107709741061,62378417.0
ZA05,South Africa,Omicron BA.4/BA.5,2022-04-26,26,4277.0,5062.0,68.56538215774215,62378417.0
ZA05,South Africa,Omicron BA.4/BA.5,2022-04-27,27,4490.857142857143,6371.0,71.99376577410008,62378417.0
ZA05,South Africa,Omicron BA.4/BA.5,2022-04-28,28,4693.142857142857,4146.0,75.23664566772922,62378417.0
ZA05,South Africa,Omicron BA.4/BA.5,2022-04-29,29,4792.571428571428,4954.0,76.83060358154694,62378417.0
ZA05,South Africa,Omicron BA.4/BA.5,2022-04-30,30,4610.142857142857,5727.0,73.90605723679806,62378417.0
ZA05,South Africa,Omicron BA.4/BA.5,2022-05-01,31,4581.428571428572,4638.0,73.44573318410072,62378417.0
ZA05,South Africa,Omicron BA.4/BA.5,2022-05-02,32,5383.0,2650.0,86.29587377954782,62378417.0
ZA05,South Africa,Omicron BA.4/BA.5,2022-05-03,33,5997.142857142857,3785.0,96.14131210067188,62378417.0
ZA05,South Africa,Omicron BA.4/BA.5,2022-05-04,34,6396.714285714285,6170.0,102.546915958356,62378417.0
ZA05,South Africa,Omicron BA.4/BA.5,2022-05-05,35,6517.857142857143,9757.0,104.48897962346724,62378417.0
ZA05,South Africa,Omicron BA.4/BA.5,2022-05-06,36,6601.714285714285,9253.0,105.83330907089683,62378417.0
ZA05,South Africa,Omicron BA.4/BA.5,2022-05-07,37,7135.714285714285,8524.0,114.39396234941783,62378417.0
ZA05,South Africa,Omicron BA.4/BA.5,2022-05-08,38,7685.285714285715,5486.0,123.20424409432697,62378417.0
ZA05,South Africa,Omicron BA.4/BA.5,2022-05-09,39,7565.714285714285,3237.0,121.28737229279616,62378417.0
ZA05,South Africa,Omicron BA.4/BA.5,2022-05-10,40,7436.571428571428,7523.0,119.21705914036626,62378417.0
ZA05,South Africa,Omicron BA.4/BA.5,2022-05-11,41,7363.857142857143,10017.0,118.05136290741625,62378417.0
ZA05,South Africa,Omicron BA.4/BA.5,2022-05-12,42,7200.714285714285,8920.0,115.435989433882,62378417.0
ZA05,South Africa,Omicron BA.4/BA.5,2022-05-13,43,7160.0,8349.0,114.78329115020665,62378417.0
ZA05,South Africa,Omicron BA.4/BA.5,2022-05-14,44,6813.285714285715,8015.0,109.22504997659229,62378417.0
ZA05,South Africa,Omicron BA.4/BA.5,2022-05-15,45,6550.714285714285,4344.0,105.01571858924034,62378417.0
ZA05,South Africa,Omicron BA.4/BA.5,2022-05-16,46,5276.428571428572,2952.0,84.58740739490987,62378417.0
ZA05,South Africa,Omicron BA.4/BA.5,2022-05-17,47,6028.428571428572,5096.0,96.64285920286454,62378417.0
ZA05,South Africa,Omicron BA.4/BA.5,2022-05-18,48,5600.428571428572,8179.0,89.78151163131588,62378417.0
ZA05,South Africa,Omicron BA.4/BA.5,2022-05-19,49,5439.857142857143,0.0,87.20736120727692,62378417.0
ZA05,South Africa,Omicron BA.4/BA.5,2022-05-20,50,5255.571428571428,13613.0,84.25304266011477,62378417.0
ZA05,South Africa,Omicron BA.4/BA.5,2022-05-21,51,5131.428571428572,5019.0,82.26288543725904,62378417.0
ZA05,South Africa,Omicron BA.4/BA.5,2022-05-22,52,4717.857142857143,3220.0,75.63284497676725,62378417.0
ZA05,South Africa,Omicron BA.4/BA.5,2022-05-23,53,5260.714285714285,1662.0,84.33548875910535,62378417.0
ZA05,South Africa,Omicron BA.4/BA.5,2022-05-24,54,3783.714285714286,4227.0,60.65742716289652,62378417.0
ZA05,South Africa,Omicron BA.4/BA.5,2022-05-25,55,3648.714285714286,5284.0,58.49321706439402,62378417.0
ZA05,South Africa,Omicron BA.4/BA.5,2022-05-26,56,3442.1428571428573,3800.0,55.181632088272735,62378417.0
ZA05,South Africa,Omicron BA.4/BA.5,2022-05-27,57,3348.1428571428573,3274.0,53.6747006122784,62378417.0
ZA05,South Africa,Omicron BA.4/BA.5,2022-05-28,58,3145.1428571428573,4074.0,50.42036987156723,62378417.0
ZA05,South Africa,Omicron BA.4/BA.5,2022-05-29,59,2768.4285714285716,1774.0,44.381193120507874,62378417.0
ZA05,South Africa,Omicron BA.4/BA.5,2022-05-30,60,2649.8571428571427,1004.0,42.48035250489192,62378417.0
ZA05,South Africa,Omicron BA.4/BA.5,2022-05-31,61,2471.8571428571427,2806.0,39.626801412051584,62378417.0
ZA05,South Africa,Omicron BA.4/BA.5,2022-06-01,62,2126.4285714285716,2647.0,34.08917176318488,62378417.0
ZA05,South Africa,Omicron BA.4/BA.5,2022-06-02,63,2034.0,2970.0,32.607432150771,62378417.0
ZA05,South Africa,Omicron BA.4/BA.5,2022-06-03,64,1890.5714285714287,2028.0,30.308102056700616,62378417.0
ZA05,South Africa,Omicron BA.4/BA.5,2022-06-04,65,1888.0,1656.0,30.26687900720533,62378417.0
ZA05,South Africa,Omicron BA.4/BA.5,2022-06-05,66,1808.857142857143,1127.0,28.99812515051709,62378417.0
ZA05,South Africa,Omicron BA.4/BA.5,2022-06-06,67,1666.857142857143,0.0,26.72169675061076,62378417.0
ZA05,South Africa,Omicron BA.4/BA.5,2022-06-07,68,1604.4285714285713,2788.0,25.720892715641874,62378417.0
ZA05,South Africa,Omicron BA.4/BA.5,2022-06-08,69,1507.142857142857,2093.0,24.161287343070235,62378417.0
ZA05,South Africa,Omicron BA.4/BA.5,2022-06-09,70,1483.5714285714287,1976.0,23.78340938936345,62378417.0
ZA05,South Africa,Omicron BA.4/BA.5,2022-06-10,71,1560.142857142857,1591.0,25.0109401965564,62378417.0
ZA05,South Africa,Omicron BA.4/BA.5,2022-06-11,72,1263.2857142857142,975.0,20.251968149267306,62378417.0
ZA05,South Africa,Omicron BA.4/BA.5,2022-06-12,73,1236.142857142857,962.0,19.816835960150403,62378417.0
ZA05,South Africa,Omicron BA.4/BA.5,2022-06-13,74,1230.4285714285713,536.0,19.72522918349421,62378417.0
ZA05,South Africa,Omicron BA.4/BA.5,2022-06-14,75,1141.857142857143,710.0,18.305324145323258,62378417.0
ZA05,South Africa,Omicron BA.4/BA.5,2022-06-15,76,1002.5714285714286,1903.0,16.072408964328616,62378417.0
ZA05,South Africa,Omicron BA.4/BA.5,2022-06-16,77,1144.4285714285713,1936.0,18.346547194818545,62378417.0
ZA05,South Africa,Omicron BA.4/BA.5,2022-06-17,78,1109.4285714285713,971.0,17.785455687799377,62378417.0
ZA05,South Africa,Omicron BA.4/BA.5,2022-06-18,79,1008.0,0.0,16.159435402152,62378417.0
ZA05,South Africa,Omicron BA.4/BA.5,2022-06-19,80,1038.2857142857142,1955.0,16.644951318429804,62378417.0
ZA05,South Africa,Omicron BA.4/BA.5,2022-06-20,81,911.7142857142857,291.0,14.615861215495187,62378417.0
ZA05,South Africa,Omicron BA.4/BA.5,2022-06-21,82,908.1428571428571,0.0,14.558606980085068,62378417.0
ZA05,South Africa,Omicron BA.4/BA.5,2022-06-22,83,1042.5714285714287,2115.0,16.713656400921952,62378417.0
ZA05,South Africa,Omicron BA.4/BA.5,2022-06-23,84,835.4285714285714,1050.0,13.392910747135046,62378417.0
ZA05,South Africa,Omicron BA.4/BA.5,2022-06-24,85,824.1428571428571,946.0,13.21198736323907,62378417.0
ZA05,South Africa,Omicron BA.4/BA.5,2022-06-25,86,873.1428571428571,941.0,13.997515473065903,62378417.0
ZA05,South Africa,Omicron BA.4/BA.5,2022-06-26,87,633.8571428571429,505.0,10.161481700587927,62378417.0
ZA05,South Africa,Omicron BA.4/BA.5,2022-06-27,88,483.85714285714283,212.0,7.756803813362927,62378417.0
ZA05,South Africa,Omicron BA.4/BA.5,2022-06-28,89,405.7142857142857,343.0,6.504081142589523,62378417.0
ZA05,South Africa,Omicron BA.4/BA.5,2022-06-29,90,325.57142857142856,440.0,5.219296099986452,62378417.0
KR01,South Korea,Ancestral,2020-02-19,0,57.857142857142854,0.0,1.1173104059766672,51782515.0
KR01,South Korea,Ancestral,2020-02-20,1,81.85714285714286,73.0,1.580787315122544,51782515.0
KR01,South Korea,Ancestral,2020-02-21,2,114.71428571428571,100.0,2.215309274072256,51782515.0
KR01,South Korea,Ancestral,2020-02-22,3,135.14285714285714,229.0,2.6098164050714248,51782515.0
KR01,South Korea,Ancestral,2020-02-23,4,175.71428571428572,169.0,3.3933130848180264,51782515.0
KR01,South Korea,Ancestral,2020-02-24,5,237.42857142857142,231.0,4.5851108511931375,51782515.0
KR01,South Korea,Ancestral,2020-02-25,6,304.7142857142857,144.0,5.884501471477114,51782515.0
KR01,South Korea,Ancestral,2020-02-26,7,388.14285714285717,284.0,7.49563548898421,51782515.0
KR01,South Korea,Ancestral,2020-02-27,8,447.7142857142857,505.0,8.646051388471296,51782515.0
KR01,South Korea,Ancestral,2020-02-28,9,500.2857142857143,571.0,9.661286522790835,51782515.0
KR01,South Korea,Ancestral,2020-02-29,10,601.2857142857143,813.0,11.611751848779734,51782515.0
KR01,South Korea,Ancestral,2020-03-01,11,622.8571428571429,586.0,12.02832930878585,51782515.0
KR01,South Korea,Ancestral,2020-03-02,12,617.4285714285714,599.0,11.923495246002854,51782515.0
KR01,South Korea,Ancestral,2020-03-03,13,608.0,851.0,11.741415031695544,51782515.0
KR01,South Korea,Ancestral,2020-03-04,14,555.8571428571429,435.0,10.734456270753611,51782515.0
KR01,South Korea,Ancestral,2020-03-05,15,511.14285714285717,467.0,9.870954648356827,51782515.0
KR01,South Korea,Ancestral,2020-03-06,16,449.0,505.0,8.67088050860411,51782515.0
KR01,South Korea,Ancestral,2020-03-07,17,332.42857142857144,448.0,6.419706949895567,51782515.0
KR01,South Korea,Ancestral,2020-03-08,18,304.85714285714283,273.0,5.887260262602982,51782515.0
KR01,South Korea,Ancestral,2020-03-09,19,254.42857142857142,164.0,4.913406995171467,51782515.0
KR01,South Korea,Ancestral,2020-03-10,20,198.0,35.0,3.823684500453483,51782515.0
KR01,South Korea,Ancestral,2020-03-11,21,149.28571428571428,242.0,2.882936726532388,51782515.0
KR01,South Korea,Ancestral,2020-03-12,22,121.14285714285714,114.0,2.3394548747363304,51782515.0
KR01,South Korea,Ancestral,2020-03-13,23,108.28571428571429,110.0,2.091163673408182,51782515.0
KR01,South Korea,Ancestral,2020-03-14,24,115.28571428571429,107.0,2.226344438575729,51782515.0
KR01,South Korea,Ancestral,2020-03-15,25,94.0,76.0,1.8152845608213506,51782515.0
KR01,South Korea,Ancestral,2020-03-16,26,99.42857142857143,74.0,1.9201186236043466,51782515.0
KR01,South Korea,Ancestral,2020-03-17,27,96.14285714285714,84.0,1.8566664277093754,51782515.0
KR01,South Korea,Ancestral,2020-03-18,28,101.85714285714286,93.0,1.9670180727441082,51782515.0
KR01,South Korea,Ancestral,2020-03-19,29,114.14285714285714,152.0,2.204274109568783,51782515.0
KR01,South Korea,Ancestral,2020-03-20,30,103.57142857142857,87.0,2.0001235662545276,51782515.0
KR01,South Korea,Ancestral,2020-03-21,31,102.42857142857143,147.0,1.9780532372475812,51782515.0
KR01,South Korea,Ancestral,2020-03-22,32,103.42857142857143,162.0,1.9973647751286592,51782515.0
KR01,South Korea,Ancestral,2020-03-23,33,96.57142857142857,0.0,1.8649428010869802,51782515.0
KR01,South Korea,Ancestral,2020-03-24,34,97.14285714285714,76.0,1.8759779655904534,51782515.0
KR01,South Korea,Ancestral,2020-03-25,35,97.0,100.0,1.8732191744645852,51782515.0
KR01,South Korea,Ancestral,2020-03-26,36,88.85714285714286,104.0,1.7159680802900914,51782515.0
KR01,South Korea,Ancestral,2020-03-27,37,100.0,91.0,1.93115378810782,51782515.0
KR01,South Korea,Ancestral,2020-03-28,38,107.0,146.0,2.066334553275367,51782515.0
KR01,South Korea,Ancestral,2020-03-29,39,107.14285714285714,105.0,2.0690933444012356,51782515.0
KR01,South Korea,Ancestral,2020-03-30,40,105.0,78.0,2.027711477513211,51782515.0
KR01,South Korea,Ancestral,2020-03-31,41,104.28571428571429,125.0,2.013917521883869,51782515.0
KR01,South Korea,Ancestral,2020-04-01,42,96.85714285714286,101.0,1.870460383338717,51782515.0
KR01,South Korea,Ancestral,2020-04-02,43,93.42857142857143,89.0,1.8042493963178774,51782515.0
KR01,South Korea,Ancestral,2020-04-03,44,89.0,86.0,1.7187268714159596,51782515.0
KR01,South Korea,Ancestral,2020-04-04,45,77.85714285714286,94.0,1.5035411635982312,51782515.0
KR01,South Korea,Ancestral,2020-04-05,46,71.0,81.0,1.371119189556552,51782515.0
KR01,South Korea,Ancestral,2020-04-06,47,63.857142857142854,47.0,1.2331796332631364,51782515.0
KR01,South Korea,Ancestral,2020-04-07,48,55.42857142857143,47.0,1.070410956836906,51782515.0
KR01,South Korea,Ancestral,2020-04-08,49,46.285714285714285,53.0,0.8938483247813337,51782515.0
KR01,South Korea,Ancestral,2020-04-09,50,39.285714285714285,39.0,0.7586675596137863,51782515.0
KR01,South Korea,Ancestral,2020-04-10,51,36.142857142857146,27.0,0.6979741548446835,51782515.0
KR01,South Korea,Ancestral,2020-04-11,52,33.285714285714285,30.0,0.6427983323273171,51782515.0
KR01,South Korea,Ancestral,2020-04-12,53,29.571428571428573,32.0,0.571069763054741,51782515.0
KR01,South Korea,Ancestral,2020-04-13,54,27.142857142857142,25.0,0.5241703139149797,51782515.0
KR01,South Korea,Ancestral,2020-04-14,55,26.428571428571427,27.0,0.5103763582856381,51782515.0
KR01,South Korea,Ancestral,2020-04-15,56,24.714285714285715,27.0,0.47727086477521835,51782515.0
KR01,South Korea,Ancestral,2020-04-16,57,21.285714285714285,22.0,0.4110598777543788,51782515.0
KR01,South Korea,Ancestral,2020-04-17,58,19.571428571428573,22.0,0.37795438424395905,51782515.0
KR01,South Korea,Ancestral,2020-04-18,59,17.0,18.0,0.3282961439783294,51782515.0
KR01,South Korea,Ancestral,2020-04-19,60,14.714285714285714,8.0,0.28415548596443635,51782515.0
KR01,South Korea,Ancestral,2020-04-20,61,13.571428571428571,13.0,0.26208515695748985,51782515.0
KR01,South Korea,Ancestral,2020-04-21,62,11.857142857142858,9.0,0.22897966344707008,51782515.0
KR01,South Korea,Ancestral,2020-04-22,63,10.714285714285714,11.0,0.20690933444012355,51782515.0
KR01,South Korea,Ancestral,2020-04-23,64,11.0,14.0,0.21242691669186017,51782515.0
KR01,South Korea,Ancestral,2020-04-24,65,11.142857142857142,10.0,0.2151857078177285,51782515.0
KR01,South Korea,Ancestral,2020-04-25,66,11.142857142857142,10.0,0.2151857078177285,51782515.0
KR01,South Korea,Ancestral,2020-04-26,67,10.142857142857142,10.0,0.19587416993665027,51782515.0
KR01,South Korea,Ancestral,2020-04-27,68,9.428571428571429,14.0,0.18208021430730872,51782515.0
KR01,South Korea,Ancestral,2020-04-28,69,8.857142857142858,9.0,0.17104504980383547,51782515.0
KR01,South Korea,Ancestral,2020-04-29,70,9.285714285714286,4.0,0.17932142318144043,51782515.0
KR01,South Korea,Ancestral,2020-04-30,71,9.0,9.0,0.17380384092970377,51782515.0
KR01,South Korea,Ancestral,2020-05-01,72,7.428571428571429,6.0,0.14345713854515232,51782515.0
KR01,South Korea,Ancestral,2020-05-02,73,6.428571428571429,13.0,0.12414560066407414,51782515.0
KR02,South Korea,Ancestral,2020-05-16,0,21.142857142857142,13.0,0.40830108662851045,51782515.0
KR02,South Korea,Ancestral,2020-05-17,1,18.714285714285715,15.0,0.36140163748874915,51782515.0
KR02,South Korea,Ancestral,2020-05-18,2,17.714285714285715,13.0,0.34209009960767095,51782515.0
KR02,South Korea,Ancestral,2020-05-19,3,18.285714285714285,32.0,0.3531252641111442,51782515.0
KR02,South Korea,Ancestral,2020-05-20,4,20.0,12.0,0.386230757621564,51782515.0
KR02,South Korea,Ancestral,2020-05-21,5,20.142857142857142,20.0,0.38898954874743225,51782515.0
KR02,South Korea,Ancestral,2020-05-22,6,21.0,23.0,0.40554229550264215,51782515.0
KR02,South Korea,Ancestral,2020-05-23,7,22.142857142857142,25.0,0.42761262450958865,51782515.0
KR02,South Korea,Ancestral,2020-05-24,8,31.714285714285715,16.0,0.6124516299427657,51782515.0
KR02,South Korea,Ancestral,2020-05-25,9,37.142857142857146,19.0,0.7172856927257617,51782515.0
KR02,South Korea,Ancestral,2020-05-26,10,39.42857142857143,40.0,0.7614263507396547,51782515.0
KR02,South Korea,Ancestral,2020-05-27,11,39.714285714285715,79.0,0.7669439329913913,51782515.0
KR02,South Korea,Ancestral,2020-05-28,12,42.42857142857143,58.0,0.8193609643828893,51782515.0
KR02,South Korea,Ancestral,2020-05-29,13,45.142857142857146,39.0,0.8717779957743872,51782515.0
KR02,South Korea,Ancestral,2020-05-30,14,46.42857142857143,27.0,0.896607115907202,51782515.0
KR02,South Korea,Ancestral,2020-05-31,15,40.714285714285715,35.0,0.7862554708724695,51782515.0
KR02,South Korea,Ancestral,2020-06-01,16,38.0,38.0,0.7338384394809715,51782515.0
KR02,South Korea,Ancestral,2020-06-02,17,39.714285714285715,49.0,0.7669439329913913,51782515.0
KR02,South Korea,Ancestral,2020-06-03,18,44.0,39.0,0.8497076667674407,51782515.0
KR02,South Korea,Ancestral,2020-06-04,19,44.42857142857143,39.0,0.8579840401450457,51782515.0
KR02,South Korea,Ancestral,2020-06-05,20,44.42857142857143,51.0,0.8579840401450457,51782515.0
KR02,South Korea,Ancestral,2020-06-06,21,44.57142857142857,57.0,0.860742831270914,51782515.0
KR02,South Korea,Ancestral,2020-06-07,22,45.42857142857143,38.0,0.8772955780261239,51782515.0
KR02,South Korea,Ancestral,2020-06-08,23,47.857142857142854,38.0,0.9241950271658851,51782515.0
KR02,South Korea,Ancestral,2020-06-09,24,47.42857142857143,50.0,0.9159186537882803,51782515.0
KR02,South Korea,Ancestral,2020-06-10,25,44.142857142857146,45.0,0.8524664578933091,51782515.0
KR02,South Korea,Ancestral,2020-06-11,26,43.857142857142854,56.0,0.8469488756415723,51782515.0
KR02,South Korea,Ancestral,2020-06-12,27,43.285714285714285,48.0,0.8359137111380991,51782515.0
KR02,South Korea,Ancestral,2020-06-13,28,42.285714285714285,34.0,0.8166021732570209,51782515.0
KR02,South Korea,Ancestral,2020-06-14,29,44.285714285714285,36.0,0.8552252490191773,51782515.0
KR02,South Korea,Ancestral,2020-06-15,30,43.285714285714285,34.0,0.8359137111380991,51782515.0
KR02,South Korea,Ancestral,2020-06-16,31,46.0,43.0,0.8883307425295971,51782515.0
KR02,South Korea,Ancestral,2020-06-17,32,48.0,59.0,0.9269538182917535,51782515.0
KR02,South Korea,Ancestral,2020-06-18,33,45.285714285714285,49.0,0.8745367869002555,51782515.0
KR02,South Korea,Ancestral,2020-06-19,34,47.0,67.0,0.9076422804106753,51782515.0
KR02,South Korea,Ancestral,2020-06-20,35,48.142857142857146,48.0,0.9297126094176218,51782515.0
KR02,South Korea,Ancestral,2020-06-21,36,43.714285714285715,17.0,0.8441900845157041,51782515.0
KR02,South Korea,Ancestral,2020-06-22,37,42.285714285714285,46.0,0.8166021732570209,51782515.0
KR02,South Korea,Ancestral,2020-06-23,38,40.0,51.0,0.772461515243128,51782515.0
KR02,South Korea,Ancestral,2020-06-24,39,42.0,28.0,0.8110845910052843,51782515.0
KR02,South Korea,Ancestral,2020-06-25,40,45.57142857142857,39.0,0.8800543691519921,51782515.0
KR02,South Korea,Ancestral,2020-06-26,41,45.142857142857146,51.0,0.8717779957743872,51782515.0
KR02,South Korea,Ancestral,2020-06-27,42,45.0,62.0,0.8690192046485189,51782515.0
KR02,South Korea,Ancestral,2020-06-28,43,48.714285714285715,42.0,0.9407477739210951,51782515.0
KR02,South Korea,Ancestral,2020-06-29,44,52.142857142857146,43.0,1.0069587609419346,51782515.0
KR02,South Korea,Ancestral,2020-06-30,45,53.857142857142854,50.0,1.0400642544523542,51782515.0
KR02,South Korea,Ancestral,2020-07-01,46,53.714285714285715,54.0,1.0373054633264862,51782515.0
KR02,South Korea,Ancestral,2020-07-02,47,54.285714285714285,63.0,1.0483406278299594,51782515.0
KR02,South Korea,Ancestral,2020-07-03,48,54.42857142857143,63.0,1.0510994189558278,51782515.0
KR02,South Korea,Ancestral,2020-07-04,49,56.285714285714285,61.0,1.0869637035921158,51782515.0
KR02,South Korea,Ancestral,2020-07-05,50,55.57142857142857,46.0,1.073169747962774,51782515.0
KR02,South Korea,Ancestral,2020-07-06,51,53.0,44.0,1.0235115076971444,51782515.0
KR02,South Korea,Ancestral,2020-07-07,52,49.0,63.0,0.9462653561728317,51782515.0
KR02,South Korea,Ancestral,2020-07-08,53,46.57142857142857,49.0,0.8993659070330703,51782515.0
KR02,South Korea,Ancestral,2020-07-09,54,48.857142857142854,45.0,0.9435065650469634,51782515.0
KR02,South Korea,Ancestral,2020-07-10,55,47.285714285714285,35.0,0.9131598626624119,51782515.0
KR02,South Korea,Ancestral,2020-07-11,56,43.857142857142854,44.0,0.8469488756415723,51782515.0
KR02,South Korea,Ancestral,2020-07-12,57,45.57142857142857,62.0,0.8800543691519921,51782515.0
KR02,South Korea,Ancestral,2020-07-13,58,47.714285714285715,33.0,0.9214362360400169,51782515.0
KR02,South Korea,Ancestral,2020-07-14,59,48.285714285714285,39.0,0.9324714005434901,51782515.0
KR02,South Korea,Ancestral,2020-07-15,60,46.857142857142854,61.0,0.9048834892848069,51782515.0
KR02,South Korea,Ancestral,2020-07-16,61,41.714285714285715,60.0,0.8055670087535477,51782515.0
KR02,South Korea,Ancestral,2020-07-17,62,43.42857142857143,39.0,0.8386725022639674,51782515.0
KR02,South Korea,Ancestral,2020-07-18,63,46.857142857142854,34.0,0.9048834892848069,51782515.0
KR02,South Korea,Ancestral,2020-07-19,64,46.57142857142857,26.0,0.8993659070330703,51782515.0
KR02,South Korea,Ancestral,2020-07-20,65,43.857142857142854,45.0,0.8469488756415723,51782515.0
KR02,South Korea,Ancestral,2020-07-21,66,54.42857142857143,63.0,1.0510994189558278,51782515.0
KR02,South Korea,Ancestral,2020-07-22,67,57.857142857142854,59.0,1.1173104059766672,51782515.0
KR02,South Korea,Ancestral,2020-07-23,68,57.714285714285715,41.0,1.1145516148507988,51782515.0
KR02,South Korea,Ancestral,2020-07-24,69,55.285714285714285,113.0,1.0676521657110376,51782515.0
KR02,South Korea,Ancestral,2020-07-25,70,53.142857142857146,58.0,1.0262702988230128,51782515.0
KR02,South Korea,Ancestral,2020-07-26,71,47.285714285714285,25.0,0.9131598626624119,51782515.0
KR02,South Korea,Ancestral,2020-07-27,72,46.57142857142857,28.0,0.8993659070330703,51782515.0
KR02,South Korea,Ancestral,2020-07-28,73,34.857142857142854,48.0,0.6731450347118686,51782515.0
KR02,South Korea,Ancestral,2020-07-29,74,30.857142857142858,18.0,0.5958988831875558,51782515.0
KR02,South Korea,Ancestral,2020-07-30,75,30.571428571428573,36.0,0.5903813009358192,51782515.0
KR02,South Korea,Ancestral,2020-07-31,76,31.428571428571427,31.0,0.6069340476910291,51782515.0
KR02,South Korea,Ancestral,2020-08-01,77,29.285714285714285,30.0,0.5655521808030044,51782515.0
KR02,South Korea,Ancestral,2020-08-02,78,32.857142857142854,23.0,0.6345219589497121,51782515.0
KR02,South Korea,Ancestral,2020-08-03,79,30.571428571428573,34.0,0.5903813009358192,51782515.0
KR02,South Korea,Ancestral,2020-08-04,80,32.285714285714285,33.0,0.623486794446239,51782515.0
KR02,South Korea,Ancestral,2020-08-05,81,33.142857142857146,43.0,0.6400395412014489,51782515.0
KR02,South Korea,Ancestral,2020-08-06,82,33.857142857142854,20.0,0.6538334968307904,51782515.0
KR02,South Korea,Ancestral,2020-08-07,83,33.857142857142854,43.0,0.6538334968307904,51782515.0
KR02,South Korea,Ancestral,2020-08-08,84,36.857142857142854,36.0,0.711768110474025,51782515.0
KR02,South Korea,Ancestral,2020-08-09,85,38.714285714285715,28.0,0.7476323951103132,51782515.0
KR02,South Korea,Ancestral,2020-08-10,86,50.57142857142857,34.0,0.9766120585573831,51782515.0
KR02,South Korea,Ancestral,2020-08-11,87,68.14285714285714,54.0,1.3159433670391858,51782515.0
KR02,South Korea,Ancestral,2020-08-12,88,102.85714285714286,56.0,1.9863296106251862,51782515.0
KR02,South Korea,Ancestral,2020-08-13,89,127.0,103.0,2.452565310896931,51782515.0
KR02,South Korea,Ancestral,2020-08-14,90,157.28571428571428,166.0,3.0374290295810136,51782515.0
KR02,South Korea,Ancestral,2020-08-15,91,192.0,279.0,3.707815273167014,51782515.0
KR02,South Korea,Ancestral,2020-08-16,92,225.14285714285714,197.0,4.347854814368463,51782515.0
KR02,South Korea,Ancestral,2020-08-17,93,256.7142857142857,246.0,4.957547653185361,51782515.0
KR02,South Korea,Ancestral,2020-08-18,94,280.42857142857144,297.0,5.415506980079501,51782515.0
KR02,South Korea,Ancestral,2020-08-19,95,297.2857142857143,288.0,5.741044332931962,51782515.0
KR02,South Korea,Ancestral,2020-08-20,96,307.14285714285717,324.0,5.931400920616876,51782515.0
KR02,South Korea,Ancestral,2020-08-21,97,312.0,332.0,6.0251998188963976,51782515.0
KR02,South Korea,Ancestral,2020-08-22,98,315.2857142857143,397.0,6.088652014791369,51782515.0
KR02,South Korea,Ancestral,2020-08-23,99,337.14285714285717,266.0,6.510747057049222,51782515.0
KR02,South Korea,Ancestral,2020-08-24,100,343.85714285714283,280.0,6.640410239965031,51782515.0
KR02,South Korea,Ancestral,2020-08-25,101,342.57142857142856,320.0,6.615581119832216,51782515.0
KR02,South Korea,Ancestral,2020-08-26,102,328.57142857142856,441.0,6.3452195894971215,51782515.0
KR02,South Korea,Ancestral,2020-08-27,103,326.0,371.0,6.295561349231492,51782515.0
KR02,South Korea,Ancestral,2020-08-28,104,319.57142857142856,323.0,6.1714157485674175,51782515.0
KR02,South Korea,Ancestral,2020-08-29,105,312.0,299.0,6.0251998188963976,51782515.0
KR02,South Korea,Ancestral,2020-08-30,106,276.85714285714283,248.0,5.346537201932792,51782515.0
KR02,South Korea,Ancestral,2020-08-31,107,252.14285714285714,235.0,4.8692663371575735,51782515.0
KR02,South Korea,Ancestral,2020-09-01,108,230.0,267.0,4.441653712647986,51782515.0
KR02,South Korea,Ancestral,2020-09-02,109,211.14285714285714,195.0,4.077493284033368,51782515.0
KR02,South Korea,Ancestral,2020-09-03,110,192.71428571428572,198.0,3.721609228796356,51782515.0
KR02,South Korea,Ancestral,2020-09-04,111,178.57142857142858,168.0,3.448488907335393,51782515.0
KR02,South Korea,Ancestral,2020-09-05,112,162.71428571428572,167.0,3.1422630923640096,51782515.0
KR02,South Korea,Ancestral,2020-09-06,113,157.0,119.0,3.031911447329277,51782515.0
KR02,South Korea,Ancestral,2020-09-07,114,153.85714285714286,136.0,2.9712180425601744,51782515.0
KR02,South Korea,Ancestral,2020-09-08,115,149.28571428571428,156.0,2.882936726532388,51782515.0
KR02,South Korea,Ancestral,2020-09-09,116,142.71428571428572,155.0,2.7560323347424456,51782515.0
KR02,South Korea,Ancestral,2020-09-10,117,141.28571428571428,176.0,2.7284444234837624,51782515.0
KR02,South Korea,Ancestral,2020-09-11,118,137.0,136.0,2.645680689707713,51782515.0
KR02,South Korea,Ancestral,2020-09-12,119,130.85714285714286,121.0,2.5270526712953756,51782515.0
KR02,South Korea,Ancestral,2020-09-13,120,130.57142857142858,109.0,2.521535089043639,51782515.0
KR02,South Korea,Ancestral,2020-09-14,121,123.42857142857143,106.0,2.383595532750223,51782515.0
KR02,South Korea,Ancestral,2020-09-15,122,119.71428571428571,113.0,2.3118669634776468,51782515.0
KR02,South Korea,Ancestral,2020-09-16,123,114.14285714285714,153.0,2.204274109568783,51782515.0
KR02,South Korea,Ancestral,2020-09-17,124,108.57142857142857,126.0,2.096681255659919,51782515.0
KR02,South Korea,Ancestral,2020-09-18,125,102.14285714285714,110.0,1.9725356549958444,51782515.0
KR02,South Korea,Ancestral,2020-09-19,126,101.71428571428571,82.0,1.9642592816182396,51782515.0
KR02,South Korea,Ancestral,2020-09-20,127,97.71428571428571,70.0,1.8870131300939268,51782515.0
KR02,South Korea,Ancestral,2020-09-21,128,96.0,61.0,1.853907636583507,51782515.0
KR02,South Korea,Ancestral,2020-09-22,129,89.0,110.0,1.7187268714159596,51782515.0
KR02,South Korea,Ancestral,2020-09-23,130,90.85714285714286,125.0,1.7545911560522478,51782515.0
KR02,South Korea,Ancestral,2020-09-24,131,88.0,114.0,1.6994153335348814,51782515.0
KR02,South Korea,Ancestral,2020-09-25,132,84.71428571428571,61.0,1.63596313763991,51782515.0
KR02,South Korea,Ancestral,2020-09-26,133,85.14285714285714,95.0,1.6442395110175152,51782515.0
KR02,South Korea,Ancestral,2020-09-27,134,78.28571428571429,50.0,1.5118175369758362,51782515.0
KR02,South Korea,Ancestral,2020-09-28,135,71.0,38.0,1.371119189556552,51782515.0
KR02,South Korea,Ancestral,2020-09-29,136,73.0,113.0,1.4097422653187084,51782515.0
KR02,South Korea,Ancestral,2020-09-30,137,68.57142857142857,77.0,1.3242197404167906,51782515.0
KR03,South Korea,Ancestral,2020-10-01,0,71.85714285714286,63.0,1.387671936311762,51782515.0
KR03,South Korea,Ancestral,2020-10-02,1,77.14285714285714,75.0,1.4897472079688894,51782515.0
KR03,South Korea,Ancestral,2020-10-03,2,77.28571428571429,64.0,1.492505999094758,51782515.0
KR03,South Korea,Ancestral,2020-10-04,3,76.14285714285714,73.0,1.4704356700878112,51782515.0
KR03,South Korea,Ancestral,2020-10-05,4,74.85714285714286,75.0,1.4456065499549966,51782515.0
KR03,South Korea,Ancestral,2020-10-06,5,74.42857142857143,114.0,1.4373301765773916,51782515.0
KR03,South Korea,Ancestral,2020-10-07,6,73.57142857142857,69.0,1.4207774298221816,51782515.0
KR03,South Korea,Ancestral,2020-10-08,7,77.0,54.0,1.4869884168430212,51782515.0
KR03,South Korea,Ancestral,2020-10-09,8,80.85714285714286,72.0,1.5614757772414658,51782515.0
KR03,South Korea,Ancestral,2020-10-10,9,76.57142857142857,58.0,1.4787120434654164,51782515.0
KR03,South Korea,Ancestral,2020-10-11,10,80.85714285714286,97.0,1.5614757772414658,51782515.0
KR03,South Korea,Ancestral,2020-10-12,11,79.85714285714286,102.0,1.5421642393603876,51782515.0
KR03,South Korea,Ancestral,2020-10-13,12,80.0,84.0,1.544923030486256,51782515.0
KR03,South Korea,Ancestral,2020-10-14,13,84.71428571428571,99.0,1.63596313763991,51782515.0
KR03,South Korea,Ancestral,2020-10-15,14,81.71428571428571,47.0,1.5780285239966756,51782515.0
KR03,South Korea,Ancestral,2020-10-16,15,75.42857142857143,73.0,1.4566417144584698,51782515.0
KR03,South Korea,Ancestral,2020-10-17,16,76.42857142857143,91.0,1.475953252339548,51782515.0
KR03,South Korea,Ancestral,2020-10-18,17,79.28571428571429,76.0,1.5311290748569142,51782515.0
KR03,South Korea,Ancestral,2020-10-19,18,94.71428571428571,58.0,1.829078516450692,51782515.0
KR03,South Korea,Ancestral,2020-10-20,19,95.28571428571429,91.0,1.8401136809541656,51782515.0
KR03,South Korea,Ancestral,2020-10-21,20,91.0,119.0,1.7573499471781162,51782515.0
KR03,South Korea,Ancestral,2020-10-22,21,97.14285714285714,155.0,1.8759779655904534,51782515.0
KR03,South Korea,Ancestral,2020-10-23,22,101.42857142857143,77.0,1.9587416993665028,51782515.0
KR03,South Korea,Ancestral,2020-10-24,23,103.14285714285714,61.0,1.9918471928769224,51782515.0
KR03,South Korea,Ancestral,2020-10-25,24,104.0,119.0,2.008399939632133,51782515.0
KR03,South Korea,Ancestral,2020-10-26,25,98.14285714285714,88.0,1.8952895034715316,51782515.0
KR03,South Korea,Ancestral,2020-10-27,26,105.14285714285714,103.0,2.030470268639079,51782515.0
KR03,South Korea,Ancestral,2020-10-28,27,114.14285714285714,125.0,2.204274109568783,51782515.0
KR03,South Korea,Ancestral,2020-10-29,28,111.0,114.0,2.14358070479968,51782515.0
KR03,South Korea,Ancestral,2020-10-30,29,109.14285714285714,126.0,2.107716420163392,51782515.0
KR03,South Korea,Ancestral,2020-10-31,30,111.28571428571429,124.0,2.149098287051417,51782515.0
KR03,South Korea,Ancestral,2020-11-01,31,111.28571428571429,97.0,2.149098287051417,51782515.0
KR03,South Korea,Ancestral,2020-11-02,32,115.71428571428571,75.0,2.2346208119533344,51782515.0
KR03,South Korea,Ancestral,2020-11-03,33,110.42857142857143,118.0,2.132545540296207,51782515.0
KR03,South Korea,Ancestral,2020-11-04,34,113.14285714285714,125.0,2.1849625716877044,51782515.0
KR03,South Korea,Ancestral,2020-11-05,35,117.28571428571429,145.0,2.2649675143378856,51782515.0
KR03,South Korea,Ancestral,2020-11-06,36,120.85714285714286,89.0,2.333937292484594,51782515.0
KR03,South Korea,Ancestral,2020-11-07,37,124.85714285714286,143.0,2.4111834440089064,51782515.0
KR03,South Korea,Ancestral,2020-11-08,38,127.42857142857143,126.0,2.4608416842745364,51782515.0
KR03,South Korea,Ancestral,2020-11-09,39,134.0,100.0,2.5877460760644784,51782515.0
KR03,South Korea,Ancestral,2020-11-10,40,150.57142857142858,146.0,2.907765846665203,51782515.0
KR03,South Korea,Ancestral,2020-11-11,41,159.85714285714286,143.0,3.087087269846643,51782515.0
KR03,South Korea,Ancestral,2020-11-12,42,173.71428571428572,191.0,3.3546900090558696,51782515.0
KR03,South Korea,Ancestral,2020-11-13,43,192.14285714285714,205.0,3.7105740642928824,51782515.0
KR03,South Korea,Ancestral,2020-11-14,44,216.0,208.0,4.17129218231289,51782515.0
KR03,South Korea,Ancestral,2020-11-15,45,244.57142857142858,223.0,4.723050407486554,51782515.0
KR03,South Korea,Ancestral,2020-11-16,46,269.14285714285717,229.0,5.197562481135904,51782515.0
KR03,South Korea,Ancestral,2020-11-17,47,295.0,313.0,5.696903674918069,51782515.0
KR03,South Korea,Ancestral,2020-11-18,48,312.42857142857144,343.0,6.033476192274003,51782515.0
KR03,South Korea,Ancestral,2020-11-19,49,319.2857142857143,363.0,6.1658981663156816,51782515.0
KR03,South Korea,Ancestral,2020-11-20,50,336.42857142857144,386.0,6.49695310141988,51782515.0
KR03,South Korea,Ancestral,2020-11-21,51,346.2857142857143,330.0,6.687309689104793,51782515.0
KR03,South Korea,Ancestral,2020-11-22,52,380.57142857142856,271.0,7.349419559313189,51782515.0
KR03,South Korea,Ancestral,2020-11-23,53,410.0,349.0,7.917730531242061,51782515.0
KR03,South Korea,Ancestral,2020-11-24,54,424.57142857142856,382.0,8.199127226080629,51782515.0
KR03,South Korea,Ancestral,2020-11-25,55,441.57142857142856,583.0,8.527423370058958,51782515.0
KR03,South Korea,Ancestral,2020-11-26,56,456.7142857142857,569.0,8.819855229401,51782515.0
KR03,South Korea,Ancestral,2020-11-27,57,471.2857142857143,488.0,9.101251924239568,51782515.0
KR03,South Korea,Ancestral,2020-11-28,58,489.7142857142857,449.0,9.45713597947658,51782515.0
KR03,South Korea,Ancestral,2020-11-29,59,483.57142857142856,377.0,9.338507961064243,51782515.0
KR03,South Korea,Ancestral,2020-11-30,60,492.14285714285717,451.0,9.504035428616342,51782515.0
KR03,South Korea,Ancestral,2020-12-01,61,505.7142857142857,511.0,9.766120585573832,51782515.0
KR03,South Korea,Ancestral,2020-12-02,62,531.7142857142857,540.0,10.268220570481864,51782515.0
KR03,South Korea,Ancestral,2020-12-03,63,565.7142857142857,629.0,10.924812858438523,51782515.0
KR03,South Korea,Ancestral,2020-12-04,64,586.1428571428571,583.0,11.319319989437693,51782515.0
KR03,South Korea,Ancestral,2020-12-05,65,609.8571428571429,631.0,11.777279316331832,51782515.0
KR03,South Korea,Ancestral,2020-12-06,66,627.8571428571429,615.0,12.12488699819124,51782515.0
KR03,South Korea,Ancestral,2020-12-07,67,636.2857142857143,594.0,12.28765567461747,51782515.0
KR03,South Korea,Ancestral,2020-12-08,68,688.7142857142857,677.0,13.30013201781114,51782515.0
KR03,South Korea,Ancestral,2020-12-09,69,745.7142857142857,666.0,14.400889677032598,51782515.0
KR03,South Korea,Ancestral,2020-12-10,70,760.4285714285714,688.0,14.685045162997035,51782515.0
KR03,South Korea,Ancestral,2020-12-11,71,801.2857142857143,950.0,15.474059424995376,51782515.0
KR03,South Korea,Ancestral,2020-12-12,72,858.5714285714286,1030.0,16.580334666468566,51782515.0
KR03,South Korea,Ancestral,2020-12-13,73,907.8571428571429,718.0,17.532117604893138,51782515.0
KR03,South Korea,Ancestral,2020-12-14,74,961.2857142857143,880.0,18.563905485967886,51782515.0
KR03,South Korea,Ancestral,2020-12-15,75,976.2857142857143,1078.0,18.85357855418406,51782515.0
KR03,South Korea,Ancestral,2020-12-16,76,985.5714285714286,1011.0,19.0328999773655,51782515.0
KR03,South Korea,Ancestral,2020-12-17,77,1015.2857142857143,1062.0,19.606728531546107,51782515.0
KR03,South Korea,Ancestral,2020-12-18,78,1013.7142857142857,1055.0,19.576381829161555,51782515.0
KR03,South Korea,Ancestral,2020-12-19,79,1015.4285714285714,1095.0,19.609487322671978,51782515.0
KR03,South Korea,Ancestral,2020-12-20,80,1011.4285714285714,926.0,19.532241171147664,51782515.0
KR03,South Korea,Ancestral,2020-12-21,81,1036.4285714285713,869.0,20.015029618174616,51782515.0
KR03,South Korea,Ancestral,2020-12-22,82,1047.4285714285713,1090.0,20.227456534866477,51782515.0
KR03,South Korea,Ancestral,2020-12-23,83,1029.5714285714287,983.0,19.882607644132943,51782515.0
KR03,South Korea,Ancestral,2020-12-24,84,1012.7142857142857,1237.0,19.557070291280475,51782515.0
KR03,South Korea,Ancestral,2020-12-25,85,1037.857142857143,1132.0,20.0426175294333,51782515.0
KR03,South Korea,Ancestral,2020-12-26,86,1031.857142857143,970.0,19.92674830214683,51782515.0
KR03,South Korea,Ancestral,2020-12-27,87,1029.5714285714287,808.0,19.882607644132943,51782515.0
KR03,South Korea,Ancestral,2020-12-28,88,999.8571428571429,1045.0,19.30877908995233,51782515.0
KR03,South Korea,Ancestral,2020-12-29,89,955.8571428571429,1048.0,18.459071423184888,51782515.0
KR03,South Korea,Ancestral,2020-12-30,90,910.2857142857143,967.0,17.5790170540329,51782515.0
KR03,South Korea,Ancestral,2020-12-31,91,940.5714285714286,1029.0,18.16388077271698,51782515.0
KR03,South Korea,Ancestral,2021-01-01,92,893.4285714285714,824.0,17.253479701180435,51782515.0
KR03,South Korea,Ancestral,2021-01-02,93,863.5714285714286,651.0,16.676892355873957,51782515.0
KR03,South Korea,Ancestral,2021-01-03,94,849.4285714285714,1020.0,16.403772034412995,51782515.0
KR03,South Korea,Ancestral,2021-01-04,95,798.4285714285714,715.0,15.418883602478008,51782515.0
KR03,South Korea,Ancestral,2021-01-05,96,772.2857142857143,839.0,14.914024826444106,51782515.0
KR03,South Korea,Ancestral,2021-01-06,97,774.2857142857143,868.0,14.952647902206262,51782515.0
KR03,South Korea,Ancestral,2021-01-07,98,692.8571428571429,672.0,13.380136960461323,51782515.0
KR03,South Korea,Ancestral,2021-01-08,99,667.4285714285714,641.0,12.889072140056763,51782515.0
KR03,South Korea,Ancestral,2021-01-09,100,627.7142857142857,665.0,12.122128207065371,51782515.0
KR03,South Korea,Ancestral,2021-01-10,101,577.4285714285714,450.0,11.151033730759726,51782515.0
KR03,South Korea,Ancestral,2021-01-11,102,554.7142857142857,537.0,10.712385941746662,51782515.0
KR03,South Korea,Ancestral,2021-01-12,103,545.8571428571429,561.0,10.541340891942829,51782515.0
KR03,South Korea,Ancestral,2021-01-13,104,525.1428571428571,516.0,10.141316178691921,51782515.0
KR03,South Korea,Ancestral,2021-01-14,105,516.4285714285714,513.0,9.973029920013955,51782515.0
KR03,South Korea,Ancestral,2021-01-15,106,494.85714285714283,579.0,9.55645246000784,51782515.0
KR03,South Korea,Ancestral,2021-01-16,107,472.2857142857143,520.0,9.120563462120646,51782515.0
KR03,South Korea,Ancestral,2021-01-17,108,455.7142857142857,389.0,8.800543691519922,51782515.0
KR03,South Korea,Ancestral,2021-01-18,109,431.57142857142856,386.0,8.334307991248176,51782515.0
KR03,South Korea,Ancestral,2021-01-19,110,410.2857142857143,403.0,7.9232481134937975,51782515.0
KR03,South Korea,Ancestral,2021-01-20,111,392.0,400.0,7.570122849382654,51782515.0
KR03,South Korea,Ancestral,2021-01-21,112,398.85714285714283,344.0,7.702544823424333,51782515.0
KR03,South Korea,Ancestral,2021-01-22,113,394.2857142857143,430.0,7.614263507396546,51782515.0
KR03,South Korea,Ancestral,2021-01-23,114,415.85714285714283,392.0,8.030840967402662,51782515.0
KR03,South Korea,Ancestral,2021-01-24,115,429.7142857142857,437.0,8.29844370661189,51782515.0
KR03,South Korea,Ancestral,2021-01-25,116,447.57142857142856,354.0,8.643292597345427,51782515.0
KR03,South Korea,Ancestral,2021-01-26,117,451.14285714285717,554.0,8.712262375492136,51782515.0
KR03,South Korea,Ancestral,2021-01-27,118,445.85714285714283,497.0,8.610187103835008,51782515.0
KR03,South Korea,Ancestral,2021-01-28,119,426.7142857142857,469.0,8.240509092968654,51782515.0
KR03,South Korea,Ancestral,2021-01-29,120,424.14285714285717,455.0,8.190850852703024,51782515.0
KR03,South Korea,Ancestral,2021-01-30,121,411.7142857142857,355.0,7.950836024752482,51782515.0
KR03,South Korea,Ancestral,2021-01-31,122,405.14285714285717,303.0,7.823931632962538,51782515.0
KR03,South Korea,Ancestral,2021-02-01,123,390.85714285714283,336.0,7.548052520375707,51782515.0
KR03,South Korea,Ancestral,2021-02-02,124,382.0,467.0,7.377007470571872,51782515.0
KR03,South Korea,Ancestral,2021-02-03,125,384.42857142857144,451.0,7.423906919711634,51782515.0
KR03,South Korea,Ancestral,2021-02-04,126,382.42857142857144,369.0,7.385283843949477,51782515.0
KR03,South Korea,Ancestral,2021-02-05,127,377.57142857142856,393.0,7.2914849456699535,51782515.0
KR03,South Korea,Ancestral,2021-02-06,128,374.14285714285717,372.0,7.225273958649115,51782515.0
KR04,South Korea,Delta,2021-06-19,0,479.14285714285717,429.0,9.252985436162325,51782515.0
KR04,South Korea,Delta,2021-06-20,1,489.14285714285717,357.0,9.446100814973107,51782515.0
KR04,South Korea,Delta,2021-06-21,2,507.2857142857143,395.0,9.796467287958382,51782515.0
KR04,South Korea,Delta,2021-06-22,3,533.8571428571429,644.0,10.30960243736989,51782515.0
KR04,South Korea,Delta,2021-06-23,4,560.2857142857143,610.0,10.819978795655528,51782515.0
KR04,South Korea,Delta,2021-06-24,5,580.8571428571429,634.0,11.217244717780565,51782515.0
KR04,South Korea,Delta,2021-06-25,6,609.4285714285714,668.0,11.769002942954229,51782515.0
KR04,South Korea,Delta,2021-06-26,7,630.8571428571429,614.0,12.182821611834475,51782515.0
KR04,South Korea,Delta,2021-06-27,8,652.5714285714286,501.0,12.60215786296646,51782515.0
KR04,South Korea,Delta,2021-06-28,9,680.0,595.0,13.131845759133174,51782515.0
KR04,South Korea,Delta,2021-06-29,10,697.8571428571429,794.0,13.476694649866714,51782515.0
KR04,South Korea,Delta,2021-06-30,11,716.1428571428571,762.0,13.829819913977857,51782515.0
KR04,South Korea,Delta,2021-07-01,12,746.1428571428571,826.0,14.409166050410203,51782515.0
KR04,South Korea,Delta,2021-07-02,13,767.7142857142857,793.0,14.825743510416318,51782515.0
KR04,South Korea,Delta,2021-07-03,14,827.4285714285714,742.0,15.978918201029273,51782515.0
KR04,South Korea,Delta,2021-07-04,15,900.7142857142857,711.0,17.39417804859972,51782515.0
KR04,South Korea,Delta,2021-07-05,16,970.7142857142857,746.0,18.745985700275195,51782515.0
KR04,South Korea,Delta,2021-07-06,17,1054.2857142857142,1212.0,20.359878508908157,51782515.0
KR04,South Korea,Delta,2021-07-07,18,1137.4285714285713,1275.0,21.965494944163513,51782515.0
KR04,South Korea,Delta,2021-07-08,19,1193.0,1316.0,23.03866469212629,51782515.0
KR04,South Korea,Delta,2021-07-09,20,1250.7142857142858,1378.0,24.153216306977093,51782515.0
KR04,South Korea,Delta,2021-07-10,21,1308.2857142857142,1324.0,25.26500913070202,51782515.0
KR04,South Korea,Delta,2021-07-11,22,1354.7142857142858,1100.0,26.16161624660922,51782515.0
KR04,South Korea,Delta,2021-07-12,23,1386.0,1150.0,26.76579150317438,51782515.0
KR04,South Korea,Delta,2021-07-13,24,1396.857142857143,1615.0,26.975459628740374,51782515.0
KR04,South Korea,Delta,2021-07-14,25,1415.0,1600.0,27.325826101725653,51782515.0
KR04,South Korea,Delta,2021-07-15,26,1436.7142857142858,1535.0,27.745162352857633,51782515.0
KR04,South Korea,Delta,2021-07-16,27,1455.0,1454.0,28.09828761696878,51782515.0
KR04,South Korea,Delta,2021-07-17,28,1479.142857142857,1451.0,28.564523317240525,51782515.0
KR04,South Korea,Delta,2021-07-18,29,1513.142857142857,1252.0,29.22111560519718,51782515.0
KR04,South Korea,Delta,2021-07-19,30,1526.7142857142858,1278.0,29.48320076215467,51782515.0
KR04,South Korea,Delta,2021-07-20,31,1551.7142857142858,1784.0,29.96598920918163,51782515.0
KR04,South Korea,Delta,2021-07-21,32,1556.7142857142858,1838.0,30.06254689858702,51782515.0
KR04,South Korea,Delta,2021-07-22,33,1566.142857142857,1630.0,30.244627112894324,51782515.0
KR04,South Korea,Delta,2021-07-23,34,1578.5714285714287,1629.0,30.48464194084487,51782515.0
KR04,South Korea,Delta,2021-07-24,35,1594.5714285714287,1486.0,30.793626546942125,51782515.0
KR04,South Korea,Delta,2021-07-25,36,1570.857142857143,1318.0,30.33566722004798,51782515.0
KR04,South Korea,Delta,2021-07-26,37,1581.857142857143,1365.0,30.548094136739838,51782515.0
KR04,South Korea,Delta,2021-07-27,38,1569.0,1896.0,30.299802935411694,51782515.0
KR04,South Korea,Delta,2021-07-28,39,1562.7142857142858,1672.0,30.178416125873486,51782515.0
KR04,South Korea,Delta,2021-07-29,40,1548.0,1707.0,29.894260639909053,51782515.0
KR04,South Korea,Delta,2021-07-30,41,1524.5714285714287,1539.0,29.44181889526665,51782515.0
KR04,South Korea,Delta,2021-07-31,42,1499.857142857143,1442.0,28.96454803049143,51782515.0
KR04,South Korea,Delta,2021-08-01,43,1514.7142857142858,1215.0,29.251462307581736,51782515.0
KR04,South Korea,Delta,2021-08-02,44,1514.2857142857142,1201.0,29.243185934204128,51782515.0
KR04,South Korea,Delta,2021-08-03,45,1554.7142857142858,1723.0,30.023923822824862,51782515.0
KR04,South Korea,Delta,2021-08-04,46,1595.5714285714287,1776.0,30.8129380848232,51782515.0
KR04,South Korea,Delta,2021-08-05,47,1635.142857142857,1704.0,31.57712322668872,51782515.0
KR04,South Korea,Delta,2021-08-06,48,1683.4285714285713,1822.0,32.50959462723221,51782515.0
KR04,South Korea,Delta,2021-08-07,49,1754.2857142857142,1728.0,33.8779550256629,51782515.0
KR04,South Korea,Delta,2021-08-08,50,1784.2857142857142,1492.0,34.45730116209524,51782515.0
KR04,South Korea,Delta,2021-08-09,51,1825.142857142857,1539.0,35.246315424093574,51782515.0
KR04,South Korea,Delta,2021-08-10,52,1840.4285714285713,2219.0,35.54150607456149,51782515.0
KR04,South Korea,Delta,2021-08-11,53,1853.142857142857,1986.0,35.78703848476377,51782515.0
KR04,South Korea,Delta,2021-08-12,54,1861.857142857143,1990.0,35.955324743441736,51782515.0
KR04,South Korea,Delta,2021-08-13,55,1838.142857142857,1929.0,35.497365416547595,51782515.0
KR04,South Korea,Delta,2021-08-14,56,1778.7142857142858,1817.0,34.34970830818638,51782515.0
KR04,South Korea,Delta,2021-08-15,57,1802.2857142857142,1553.0,34.80490884395465,51782515.0
KR04,South Korea,Delta,2021-08-16,58,1811.0,1373.0,34.973195102632616,51782515.0
KR04,South Korea,Delta,2021-08-17,59,1804.0,1803.0,34.83801433746507,51782515.0
KR04,South Korea,Delta,2021-08-18,60,1776.857142857143,2151.0,34.31384402355009,51782515.0
KR04,South Korea,Delta,2021-08-19,61,1757.2857142857142,2051.0,33.93588963930613,51782515.0
KR04,South Korea,Delta,2021-08-20,62,1776.142857142857,1880.0,34.30005006792075,51782515.0
KR04,South Korea,Delta,2021-08-21,63,1826.0,1627.0,35.26286817084879,51782515.0
KR04,South Korea,Delta,2021-08-22,64,1787.0,1416.0,34.50971819348674,51782515.0
KR04,South Korea,Delta,2021-08-23,65,1757.0,1505.0,33.93037205705439,51782515.0
KR04,South Korea,Delta,2021-08-24,66,1744.5714285714287,2152.0,33.69035722910385,51782515.0
KR04,South Korea,Delta,2021-08-25,67,1743.142857142857,1878.0,33.66276931784516,51782515.0
KR04,South Korea,Delta,2021-08-26,68,1752.7142857142858,1841.0,33.847608323278344,51782515.0
KR04,South Korea,Delta,2021-08-27,69,1733.4285714285713,1793.0,33.47517152128612,51782515.0
KR04,South Korea,Delta,2021-08-28,70,1715.142857142857,1617.0,33.12204625717498,51782515.0
KR04,South Korea,Delta,2021-08-29,71,1726.2857142857142,1483.0,33.337231964992704,51782515.0
KR04,South Korea,Delta,2021-08-30,72,1707.4285714285713,1370.0,32.97307153637809,51782515.0
KR04,South Korea,Delta,2021-08-31,73,1708.857142857143,2024.0,33.00065944763677,51782515.0
KR04,South Korea,Delta,2021-09-01,74,1690.857142857143,1956.0,32.65305176577737,51782515.0
KR04,South Korea,Delta,2021-09-02,75,1675.2857142857142,1709.0,32.35234353305772,51782515.0
KR04,South Korea,Delta,2021-09-03,76,1707.5714285714287,1803.0,32.97583032750396,51782515.0
KR04,South Korea,Delta,2021-09-04,77,1711.142857142857,1491.0,33.044800105650666,51782515.0
KR04,South Korea,Delta,2021-09-05,78,1724.142857142857,1374.0,33.29585009810468,51782515.0
KR04,South Korea,Delta,2021-09-06,79,1750.2857142857142,1596.0,33.800708874138586,51782515.0
KR04,South Korea,Delta,2021-09-07,80,1759.142857142857,2049.0,33.971753923942416,51782515.0
KR04,South Korea,Delta,2021-09-08,81,1796.857142857143,2047.0,34.70007478117166,51782515.0
KR04,South Korea,Delta,2021-09-09,82,1805.2857142857142,1892.0,34.86284345759788,51782515.0
KR04,South Korea,Delta,2021-09-10,83,1790.857142857143,1865.0,34.584205553885184,51782515.0
KR04,South Korea,Delta,2021-09-11,84,1795.142857142857,1755.0,34.66696928766123,51782515.0
KR04,South Korea,Delta,2021-09-12,85,1780.0,1433.0,34.374537428319194,51782515.0
KR04,South Korea,Delta,2021-09-13,86,1796.5714285714287,1495.0,34.694557198919924,51782515.0
KR04,South Korea,Delta,2021-09-14,87,1827.857142857143,2079.0,35.29873245548508,51782515.0
KR04,South Korea,Delta,2021-09-15,88,1849.857142857143,1941.0,35.723586288868795,51782515.0
KR04,South Korea,Delta,2021-09-16,89,1874.4285714285713,2008.0,36.198098362518145,51782515.0
KR04,South Korea,Delta,2021-09-17,90,1907.5714285714287,2084.0,36.8381379037196,51782515.0
KR04,South Korea,Delta,2021-09-18,91,1856.2857142857142,1909.0,35.84773188953287,51782515.0
KR04,South Korea,Delta,2021-09-19,92,1824.142857142857,1605.0,35.2270038862125,51782515.0
KR04,South Korea,Delta,2021-09-20,93,1884.857142857143,1727.0,36.39949011470654,51782515.0
KR04,South Korea,Delta,2021-09-21,94,2054.285714285714,1720.0,39.671416389986355,51782515.0
KR04,South Korea,Delta,2021-09-22,95,2177.285714285714,1716.0,42.04673554935897,51782515.0
KR04,South Korea,Delta,2021-09-23,96,2288.1428571428573,2433.0,44.18755746303279,51782515.0
KR04,South Korea,Delta,2021-09-24,97,2368.4285714285716,3270.0,45.73799807577078,51782515.0
KR04,South Korea,Delta,2021-09-25,98,2534.5714285714284,2770.0,48.946472155155625,51782515.0
KR04,South Korea,Delta,2021-09-26,99,2655.714285714286,2381.0,51.28592702989196,51782515.0
KR04,South Korea,Delta,2021-09-27,100,2663.0,2289.0,51.42662537731124,51782515.0
KR04,South Korea,Delta,2021-09-28,101,2516.8571428571427,2883.0,48.60438205554795,51782515.0
KR04,South Korea,Delta,2021-09-29,102,2419.0,2564.0,46.71461013432816,51782515.0
KR04,South Korea,Delta,2021-09-30,103,2317.714285714286,2484.0,44.758627226087526,51782515.0
KR04,South Korea,Delta,2021-10-01,104,2215.714285714286,2247.0,42.78885036221755,51782515.0
KR04,South Korea,Delta,2021-10-02,105,2093.4285714285716,2085.0,40.427325158474275,51782515.0
KR04,South Korea,Delta,2021-10-03,106,2073.5714285714284,1672.0,40.04385319197858,51782515.0
KR04,South Korea,Delta,2021-10-04,107,2029.0,1575.0,39.18311036070766,51782515.0
KR04,South Korea,Delta,2021-10-05,108,1986.4285714285713,2027.0,38.3609906051989,51782515.0
KR04,South Korea,Delta,2021-10-06,109,1916.2857142857142,2425.0,37.006424162397565,51782515.0
KR04,South Korea,Delta,2021-10-07,110,1862.7142857142858,2172.0,35.971877490196945,51782515.0
KR04,South Korea,Delta,2021-10-08,111,1830.142857142857,1949.0,35.34287311349897,51782515.0
KR04,South Korea,Delta,2021-10-09,112,1766.142857142857,1594.0,34.10693468910997,51782515.0
KR04,South Korea,Delta,2021-10-10,113,1696.4285714285713,1297.0,32.760644619686225,51782515.0
KR04,South Korea,Delta,2021-10-11,114,1626.4285714285713,1347.0,31.408836968010753,51782515.0
KR04,South Korea,Delta,2021-10-12,115,1579.0,1579.0,30.492918314222475,51782515.0
KR04,South Korea,Delta,2021-10-13,116,1553.857142857143,1937.0,30.007371076069653,51782515.0
KR04,South Korea,Delta,2021-10-14,117,1518.4285714285713,1682.0,29.32319087685431,51782515.0
KR04,South Korea,Delta,2021-10-15,118,1479.2857142857142,1617.0,28.567282108366392,51782515.0
KR04,South Korea,Delta,2021-10-16,119,1478.0,1418.0,28.542452988233574,51782515.0
KR04,South Korea,Delta,2021-10-17,120,1407.142857142857,1049.0,27.174092589802893,51782515.0
KR04,South Korea,Delta,2021-10-18,121,1372.5714285714287,1073.0,26.50646513734276,51782515.0
KR04,South Korea,Delta,2021-10-19,122,1356.857142857143,1570.0,26.202998113497245,51782515.0
KR05,South Korea,Delta,2021-10-20,0,1357.5714285714287,1441.0,26.21679206912659,51782515.0
KR05,South Korea,Delta,2021-10-21,1,1377.7142857142858,1440.0,26.605781617874023,51782515.0
KR05,South Korea,Delta,2021-10-22,2,1405.2857142857142,1507.0,27.138228305166606,51782515.0
KR05,South Korea,Delta,2021-10-23,3,1459.5714285714287,1423.0,28.18656893299657,51782515.0
KR05,South Korea,Delta,2021-10-24,4,1554.7142857142858,1190.0,30.023923822824862,51782515.0
KR05,South Korea,Delta,2021-10-25,5,1652.4285714285713,1266.0,31.910936952918785,51782515.0
KR05,South Korea,Delta,2021-10-26,6,1737.5714285714287,1950.0,33.555176463936306,51782515.0
KR05,South Korea,Delta,2021-10-27,7,1828.7142857142858,2107.0,35.31528520224029,51782515.0
KR05,South Korea,Delta,2021-10-28,8,1899.5714285714287,2124.0,36.68364560067097,51782515.0
KR05,South Korea,Delta,2021-10-29,9,1945.5714285714287,2103.0,37.571976343200575,51782515.0
KR05,South Korea,Delta,2021-10-30,10,2047.857142857143,2061.0,39.54727078932228,51782515.0
KR05,South Korea,Delta,2021-10-31,11,2101.1428571428573,1686.0,40.57629987927117,51782515.0
KR05,South Korea,Delta,2021-11-01,12,2132.5714285714284,1588.0,41.18323392696219,51782515.0
KR05,South Korea,Delta,2021-11-02,13,2153.285714285714,2666.0,41.583258640213096,51782515.0
KR05,South Korea,Delta,2021-11-03,14,2176.4285714285716,2480.0,42.03018280260377,51782515.0
KR05,South Korea,Delta,2021-11-04,15,2186.8571428571427,2344.0,42.23157455479215,51782515.0
KR05,South Korea,Delta,2021-11-05,16,2204.714285714286,2248.0,42.57642344552569,51782515.0
KR05,South Korea,Delta,2021-11-06,17,2170.1428571428573,2223.0,41.90879599306556,51782515.0
KR05,South Korea,Delta,2021-11-07,18,2175.8571428571427,1759.0,42.019147638100286,51782515.0
KR05,South Korea,Delta,2021-11-08,19,2179.285714285714,1713.0,42.08535862512113,51782515.0
KR05,South Korea,Delta,2021-11-09,20,2190.0,2424.0,42.29226795956125,51782515.0
KR05,South Korea,Delta,2021-11-10,21,2217.8571428571427,2520.0,42.83023222910557,51782515.0
KR05,South Korea,Delta,2021-11-11,22,2253.1428571428573,2368.0,43.51165363719505,51782515.0
KR05,South Korea,Delta,2021-11-12,23,2312.0,2323.0,44.64827558105279,51782515.0
KR05,South Korea,Delta,2021-11-13,24,2420.5714285714284,2418.0,46.74495683671271,51782515.0
KR05,South Korea,Delta,2021-11-14,25,2530.5714285714284,2006.0,48.86922600363131,51782515.0
KR05,South Korea,Delta,2021-11-15,26,2625.714285714286,2125.0,50.706580893459616,51782515.0
KR05,South Korea,Delta,2021-11-16,27,2752.714285714286,3184.0,53.15914620435654,51782515.0
KR05,South Korea,Delta,2021-11-17,28,2852.1428571428573,3290.0,55.07926482796089,51782515.0
KR05,South Korea,Delta,2021-11-18,29,2969.4285714285716,3034.0,57.34423234229878,51782515.0
KR05,South Korea,Delta,2021-11-19,30,3051.285714285714,3212.0,58.925019657421316,51782515.0
KR05,South Korea,Delta,2021-11-20,31,3184.285714285714,3114.0,61.49345419560471,51782515.0
KR05,South Korea,Delta,2021-11-21,32,3276.714285714286,2827.0,63.27839205404152,51782515.0
KR05,South Korea,Delta,2021-11-22,33,3400.285714285714,2698.0,65.66474637791761,51782515.0
KR05,South Korea,Delta,2021-11-23,34,3522.4285714285716,4115.0,68.02351279053502,51782515.0
KR05,South Korea,Delta,2021-11-24,35,3638.714285714286,3937.0,70.26916876699183,51782515.0
KR05,South Korea,Delta,2021-11-25,36,3706.8571428571427,3899.0,71.58511213403101,51782515.0
KR05,South Korea,Delta,2021-11-26,37,3754.285714285714,4067.0,72.50103078781929,51782515.0
KR05,South Korea,Delta,2021-11-27,38,3897.8571428571427,3928.0,75.27361586931694,51782515.0
KR05,South Korea,Delta,2021-11-28,39,4087.1428571428573,3304.0,78.92901411109247,51782515.0
KR05,South Korea,Delta,2021-11-29,40,4236.285714285715,3030.0,81.80919204649899,51782515.0
KR05,South Korea,Delta,2021-11-30,41,4419.857142857143,5120.0,85.35423864323977,51782515.0
KR05,South Korea,Delta,2021-12-01,42,4591.142857142857,5262.0,88.66202920315587,51782515.0
KR05,South Korea,Delta,2021-12-02,43,4736.857142857143,4943.0,91.47599615154157,51782515.0
KR05,South Korea,Delta,2021-12-03,44,5011.428571428572,5352.0,96.77839269546045,51782515.0
KR05,South Korea,Delta,2021-12-04,45,5304.857142857143,5127.0,102.44494966799398,51782515.0
KR05,South Korea,Delta,2021-12-05,46,5567.428571428572,4324.0,107.51560775733994,51782515.0
KR05,South Korea,Delta,2021-12-06,47,5864.428571428572,4952.0,113.25113450802016,51782515.0
KR05,South Korea,Delta,2021-12-07,48,6096.571428571428,7174.0,117.73417008755617,51782515.0
KR05,South Korea,Delta,2021-12-08,49,6319.571428571428,7100.0,122.0406430350366,51782515.0
KR05,South Korea,Delta,2021-12-09,50,6532.857142857143,7022.0,126.15951818595799,51782515.0
KR05,South Korea,Delta,2021-12-10,51,6620.285714285715,6977.0,127.84789835498941,51782515.0
KR05,South Korea,Delta,2021-12-11,52,6715.857142857143,6688.0,129.6935296181953,51782515.0
KR05,South Korea,Delta,2021-12-12,53,6790.428571428572,5817.0,131.13361858589857,51782515.0
KR05,South Korea,Delta,2021-12-13,54,6849.285714285715,5564.0,132.27024052975634,51782515.0
KR05,South Korea,Delta,2021-12-14,55,6897.285714285715,7843.0,133.19719434804807,51782515.0
KR05,South Korea,Delta,2021-12-15,56,6832.428571428572,7622.0,131.94470317690386,51782515.0
KR05,South Korea,Delta,2021-12-16,57,6760.857142857143,7434.0,130.56254882284384,51782515.0
KR05,South Korea,Delta,2021-12-17,58,6709.0,7313.0,129.56110764415365,51782515.0
KR05,South Korea,Delta,2021-12-18,59,6652.857142857143,6234.0,128.4769027316874,51782515.0
KR05,South Korea,Delta,2021-12-19,60,6551.571428571428,5316.0,126.52091982344675,51782515.0
KR05,South Korea,Delta,2021-12-20,61,6379.714285714285,5201.0,123.20209409902718,51782515.0
KR05,South Korea,Delta,2021-12-21,62,6168.714285714285,7450.0,119.12735960611967,51782515.0
KR05,South Korea,Delta,2021-12-22,63,6052.142857142857,6913.0,116.87618604741111,51782515.0
KR05,South Korea,Delta,2021-12-23,64,5893.714285714285,6231.0,113.81668668882315,51782515.0
KR05,South Korea,Delta,2021-12-24,65,5702.428571428572,5836.0,110.12266537128549,51782515.0
KR05,South Korea,Delta,2021-12-25,66,5410.428571428572,5418.0,104.48369631001066,51782515.0
KR05,South Korea,Delta,2021-12-26,67,5141.285714285715,4207.0,99.28613382887477,51782515.0
KR05,South Korea,Delta,2021-12-27,68,4947.0,3862.0,95.53417789769385,51782515.0
KR05,South Korea,Delta,2021-12-28,69,4744.0,5406.0,91.61393570783498,51782515.0
KR05,South Korea,Delta,2021-12-29,70,4517.142857142857,5029.0,87.23297539995609,51782515.0
KR05,South Korea,Delta,2021-12-30,71,4362.428571428572,4871.0,84.2452046106407,51782515.0
KR05,South Korea,Delta,2021-12-31,72,4242.0,4415.0,81.91954369153372,51782515.0
KR05,South Korea,Delta,2022-01-01,73,4104.428571428572,3830.0,79.26282783732253,51782515.0
KR05,South Korea,Delta,2022-01-02,74,3975.0,3124.0,76.76336307728583,51782515.0
KR05,South Korea,Delta,2022-01-03,75,3810.0,3019.0,73.57695932690794,51782515.0
KR05,South Korea,Delta,2022-01-04,76,3680.285714285714,4443.0,71.07197698461951,51782515.0
KR05,South Korea,Delta,2022-01-05,77,3615.4285714285716,4123.0,69.8194858134753,51782515.0
KR05,South Korea,Delta,2022-01-06,78,3597.5714285714284,3716.0,69.47463692274175,51782515.0
KR06,South Korea,Omicron BA.1/BA.2,2022-01-07,0,3608.1428571428573,3507.0,69.67878746605601,51782515.0
KR06,South Korea,Omicron BA.1/BA.2,2022-01-08,1,3599.8571428571427,3376.0,69.51877758075564,51782515.0
KR06,South Korea,Omicron BA.1/BA.2,2022-01-09,2,3605.4285714285716,2999.0,69.62637043466451,51782515.0
KR06,South Korea,Omicron BA.1/BA.2,2022-01-10,3,3722.5714285714284,3093.0,71.88857915787652,51782515.0
KR06,South Korea,Omicron BA.1/BA.2,2022-01-11,4,3852.714285714286,4385.0,74.40183787354256,51782515.0
KR06,South Korea,Omicron BA.1/BA.2,2022-01-12,5,3969.0,4162.0,76.64749384999938,51782515.0
KR06,South Korea,Omicron BA.1/BA.2,2022-01-13,6,4091.714285714286,4536.0,79.01729542712025,51782515.0
KR06,South Korea,Omicron BA.1/BA.2,2022-01-14,7,4231.285714285715,4418.0,81.71263435709359,51782515.0
KR06,South Korea,Omicron BA.1/BA.2,2022-01-15,8,4433.428571428572,4190.0,85.61632380019725,51782515.0
KR06,South Korea,Omicron BA.1/BA.2,2022-01-16,9,4781.857142857143,3858.0,92.34501535619009,51782515.0
KR06,South Korea,Omicron BA.1/BA.2,2022-01-17,10,5100.428571428572,4070.0,98.49711956687642,51782515.0
KR06,South Korea,Omicron BA.1/BA.2,2022-01-18,11,5470.0,5800.0,105.63411220949774,51782515.0
KR06,South Korea,Omicron BA.1/BA.2,2022-01-19,12,5961.142857142857,6601.0,115.118836100233,51782515.0
KR06,South Korea,Omicron BA.1/BA.2,2022-01-20,13,6483.0,6766.0,125.19670008302995,51782515.0
KR06,South Korea,Omicron BA.1/BA.2,2022-01-21,14,7125.285714285715,7005.0,137.6002249849339,51782515.0
KR06,South Korea,Omicron BA.1/BA.2,2022-01-22,15,8154.428571428572,7628.0,157.47455625568924,51782515.0
KR06,South Korea,Omicron BA.1/BA.2,2022-01-23,16,9284.857142857143,7511.0,179.30487043468523,51782515.0
KR06,South Korea,Omicron BA.1/BA.2,2022-01-24,17,10616.142857142857,8566.0,205.014044936652,51782515.0
KR06,South Korea,Omicron BA.1/BA.2,2022-01-25,18,12121.142857142857,13004.0,234.0779094476747,51782515.0
KR06,South Korea,Omicron BA.1/BA.2,2022-01-26,19,13533.57142857143,14514.0,261.3540773091347,51782515.0
KR06,South Korea,Omicron BA.1/BA.2,2022-01-27,20,14899.42857142857,16085.0,287.7308792635617,51782515.0
KR06,South Korea,Omicron BA.1/BA.2,2022-01-28,21,16294.714285714286,17540.0,314.6759921899175,51782515.0
KR06,South Korea,Omicron BA.1/BA.2,2022-01-29,22,17332.428571428572,17515.0,334.71585092822494,51782515.0
KR06,South Korea,Omicron BA.1/BA.2,2022-01-30,23,18531.0,17072.0,357.8621084742601,51782515.0
KR06,South Korea,Omicron BA.1/BA.2,2022-01-31,24,20153.428571428572,18333.0,389.19369929074657,51782515.0
KR06,South Korea,Omicron BA.1/BA.2,2022-02-01,25,22842.285714285714,20268.0,441.1196658618399,51782515.0
KR06,South Korea,Omicron BA.1/BA.2,2022-02-02,26,25864.428571428572,22904.0,499.48189212958414,51782515.0
KR06,South Korea,Omicron BA.1/BA.2,2022-02-03,27,28464.85714285714,27442.0,549.700166993765,51782515.0
KR06,South Korea,Omicron BA.1/BA.2,2022-02-04,28,31091.285714285714,36362.0,600.4205418428539,51782515.0
KR06,South Korea,Omicron BA.1/BA.2,2022-02-05,29,35275.57142857143,38670.0,681.2255339195369,51782515.0
KR06,South Korea,Omicron BA.1/BA.2,2022-02-06,30,39735.28571428572,35275.0,767.349475286894,51782515.0
KR06,South Korea,Omicron BA.1/BA.2,2022-02-07,31,43518.71428571428,36718.0,840.4132994643903,51782515.0
KR06,South Korea,Omicron BA.1/BA.2,2022-02-08,32,46169.57142857143,49558.0,891.6054275960028,51782515.0
KR06,South Korea,Omicron BA.1/BA.2,2022-02-09,33,48706.0,54122.0,940.5877640357947,51782515.0
KR06,South Korea,Omicron BA.1/BA.2,2022-02-10,34,51469.0,53926.0,993.9455432012138,51782515.0
KR06,South Korea,Omicron BA.1/BA.2,2022-02-11,35,54391.42857142857,54918.0,1050.3821332631019,51782515.0
KR06,South Korea,Omicron BA.1/BA.2,2022-02-12,36,60230.28571428572,56425.0,1163.1394441595917,51782515.0
KR06,South Korea,Omicron BA.1/BA.2,2022-02-13,37,65802.42857142857,54616.0,1270.746092024085,51782515.0
KR06,South Korea,Omicron BA.1/BA.2,2022-02-14,38,73788.42857142857,57175.0,1424.9680335423755,51782515.0
KR06,South Korea,Omicron BA.1/BA.2,2022-02-15,39,80543.42857142857,90430.0,1555.4174719290586,51782515.0
KR06,South Korea,Omicron BA.1/BA.2,2022-02-16,40,87458.14285714286,93127.0,1688.9512387944628,51782515.0
KR06,South Korea,Omicron BA.1/BA.2,2022-02-17,41,93276.85714285714,109828.0,1801.319560142205,51782515.0
KR06,South Korea,Omicron BA.1/BA.2,2022-02-18,42,99330.42857142857,102203.0,1918.223334100875,51782515.0
KR06,South Korea,Omicron BA.1/BA.2,2022-02-19,43,110904.42857142857,104828.0,2141.735073536474,51782515.0
KR06,South Korea,Omicron BA.1/BA.2,2022-02-20,44,121887.14285714286,95347.0,2353.8281765021043,51782515.0
KR06,South Korea,Omicron BA.1/BA.2,2022-02-21,45,129895.85714285714,99550.0,2508.4887658094076,51782515.0
KR06,South Korea,Omicron BA.1/BA.2,2022-02-22,46,139039.14285714287,171448.0,2685.0596742383573,51782515.0
KR06,South Korea,Omicron BA.1/BA.2,2022-02-23,47,147429.14285714287,170006.0,2847.083477060604,51782515.0
KR06,South Korea,Omicron BA.1/BA.2,2022-02-24,48,153753.14285714287,165889.0,2969.209642620542,51782515.0
KR06,South Korea,Omicron BA.1/BA.2,2022-02-25,49,159387.85714285713,166206.0,3078.0246409981655,51782515.0
KR06,South Korea,Omicron BA.1/BA.2,2022-02-26,50,166214.85714285713,163558.0,3209.8645101122866,51782515.0
KR06,South Korea,Omicron BA.1/BA.2,2022-02-27,51,170328.57142857142,139615.0,3289.3066593727904,51782515.0
KR06,South Korea,Omicron BA.1/BA.2,2022-02-28,52,184749.85714285713,138993.0,3567.8038647380713,51782515.0
KR06,South Korea,Omicron BA.1/BA.2,2022-03-01,53,197338.42857142858,219237.0,3810.908538749587,51782515.0
KR06,South Korea,Omicron BA.1/BA.2,2022-03-02,54,208774.7142857143,198802.0,4031.760803539849,51782515.0
KR06,South Korea,Omicron BA.1/BA.2,2022-03-03,55,218931.57142857142,266838.0,4227.905335006834,51782515.0
KR06,South Korea,Omicron BA.1/BA.2,2022-03-04,56,228034.57142857142,254326.0,4403.698264338289,51782515.0
KR06,South Korea,Omicron BA.1/BA.2,2022-03-05,57,245633.14285714287,243612.0,4743.553743134007,51782515.0
KR06,South Korea,Omicron BA.1/BA.2,2022-03-06,58,264023.14285714284,210713.0,5098.692924767035,51782515.0
KR06,South Korea,Omicron BA.1/BA.2,2022-03-07,59,266328.5714285714,202714.0,5143.214295956298,51782515.0
KR06,South Korea,Omicron BA.1/BA.2,2022-03-08,60,284803.5714285714,342427.0,5499.994958309217,51782515.0
KR06,South Korea,Omicron BA.1/BA.2,2022-03-09,61,300027.0,327532.0,5793.982775846249,51782515.0
KR06,South Korea,Omicron BA.1/BA.2,2022-03-10,62,314177.85714285716,282976.0,6067.25758961026,51782515.0
KR06,South Korea,Omicron BA.1/BA.2,2022-03-11,63,336979.85714285716,383651.0,6507.599276374605,51782515.0
KR06,South Korea,Omicron BA.1/BA.2,2022-03-12,64,345308.14285714284,350176.0,6668.431281430476,51782515.0
KR06,South Korea,Omicron BA.1/BA.2,2022-03-13,65,387277.4285714286,309769.0,7478.922732343699,51782515.0
KR06,South Korea,Omicron BA.1/BA.2,2022-03-14,66,404997.5714285714,362328.0,7821.125942387531,51782515.0
KR06,South Korea,Omicron BA.1/BA.2,2022-03-15,67,404665.85714285716,400725.0,7814.720029393265,51782515.0
KR06,South Korea,Omicron BA.1/BA.2,2022-03-16,68,402456.14285714284,621317.0,7772.047048258333,51782515.0
KR06,South Korea,Omicron BA.1/BA.2,2022-03-17,69,388084.71428571426,407017.0,7494.51266099598,51782515.0
KR06,South Korea,Omicron BA.1/BA.2,2022-03-18,70,386855.71428571426,381329.0,7470.778780940135,51782515.0
KR06,South Korea,Omicron BA.1/BA.2,2022-03-19,71,399710.28571428574,334708.0,7719.020324028019,51782515.0
KR06,South Korea,Omicron BA.1/BA.2,2022-03-20,72,367463.4285714286,209169.0,7096.283920768015,51782515.0
KR06,South Korea,Omicron BA.1/BA.2,2022-03-21,73,357803.28571428574,353725.0,6909.731706045674,51782515.0
KR06,South Korea,Omicron BA.1/BA.2,2022-03-22,74,351253.28571428574,490707.0,6783.241132924612,51782515.0
KR06,South Korea,Omicron BA.1/BA.2,2022-03-23,75,348885.0,395589.0,6737.505893639967,51782515.0
KR06,South Korea,Omicron BA.1/BA.2,2022-03-24,76,345748.4285714286,339396.0,6676.933875680403,51782515.0
KR06,South Korea,Omicron BA.1/BA.2,2022-03-25,77,344841.14285714284,335479.0,6659.412793240012,51782515.0
KR06,South Korea,Omicron BA.1/BA.2,2022-03-26,78,335387.0,318130.0,6476.838755321173,51782515.0
KR06,South Korea,Omicron BA.1/BA.2,2022-03-27,79,324685.0,187213.0,6270.166676917875,51782515.0
KR06,South Korea,Omicron BA.1/BA.2,2022-03-28,80,316226.5714285714,347374.0,6106.821413146337,51782515.0
KR06,South Korea,Omicron BA.1/BA.2,2022-03-29,81,306029.14285714284,424528.0,5909.893384999606,51782515.0
KR06,South Korea,Omicron BA.1/BA.2,2022-03-30,82,294053.5714285714,320675.0,5678.626683709191,51782515.0
KR06,South Korea,Omicron BA.1/BA.2,2022-03-31,83,285478.85714285716,280187.0,5513.0357639611975,51782515.0
KR06,South Korea,Omicron BA.1/BA.2,2022-04-01,84,273853.28571428574,264097.0,5288.52810092916,51782515.0
KR06,South Korea,Omicron BA.1/BA.2,2022-04-02,85,254098.2857142857,234301.0,4907.02867008846,51782515.0
KR06,South Korea,Omicron BA.1/BA.2,2022-04-03,86,240396.2857142857,127190.0,4642.421978041926,51782515.0
KR06,South Korea,Omicron BA.1/BA.2,2022-04-04,87,229696.57142857142,265995.0,4435.794040296641,51782515.0
KR06,South Korea,Omicron BA.1/BA.2,2022-04-05,88,218467.7142857143,286243.0,4218.94754022114,51782515.0
KR06,South Korea,Omicron BA.1/BA.2,2022-04-06,89,208493.42857142858,224761.0,4026.3287438130146,51782515.0
KR06,South Korea,Omicron BA.1/BA.2,2022-04-07,90,203313.14285714287,205289.0,3926.289460006778,51782515.0
KR06,South Korea,Omicron BA.1/BA.2,2022-04-08,91,195410.42857142858,185495.0,3773.6758937148684,51782515.0
KR06,South Korea,Omicron BA.1/BA.2,2022-04-09,92,182428.57142857142,164481.0,3522.976267733837,51782515.0
KR06,South Korea,Omicron BA.1/BA.2,2022-04-10,93,171522.2857142857,90928.0,3312.3591180205462,51782515.0
KR06,South Korea,Omicron BA.1/BA.2,2022-04-11,94,160167.85714285713,210676.0,3093.0876405454064,51782515.0
KR06,South Korea,Omicron BA.1/BA.2,2022-04-12,95,149080.2857142857,195370.0,2878.9695848933893,51782515.0
KR06,South Korea,Omicron BA.1/BA.2,2022-04-13,96,138868.85714285713,148417.0,2681.771195216322,51782515.0
KR06,South Korea,Omicron BA.1/BA.2,2022-04-14,97,132699.57142857142,125808.0,2562.632800445699,51782515.0
KR06,South Korea,Omicron BA.1/BA.2,2022-04-15,98,119523.71428571429,107882.0,2308.1867361157388,51782515.0
KR06,South Korea,Omicron BA.1/BA.2,2022-04-16,99,107510.85714285714,93001.0,2076.1999903414726,51782515.0
KR06,South Korea,Omicron BA.1/BA.2,2022-04-17,100,99283.42857142857,47743.0,1917.315691820464,51782515.0
KR06,South Korea,Omicron BA.1/BA.2,2022-04-18,101,92883.71428571429,118445.0,1793.7273669638157,51782515.0
KR06,South Korea,Omicron BA.1/BA.2,2022-04-19,102,88245.42857142857,111280.0,1704.154936689123,51782515.0
KR06,South Korea,Omicron BA.1/BA.2,2022-04-20,103,84206.0,90825.0,1626.1473588140707,51782515.0
KR06,South Korea,Omicron BA.1/BA.2,2022-04-21,104,82295.57142857143,81010.0,1589.254045087834,51782515.0
KR06,South Korea,Omicron BA.1/BA.2,2022-04-22,105,76846.42857142857,75414.0,1484.0227163827126,51782515.0
KR06,South Korea,Omicron BA.1/BA.2,2022-04-23,106,71915.14285714286,64725.0,1388.7920055088643,51782515.0
KR06,South Korea,Omicron BA.1/BA.2,2022-04-24,107,58940.142857142855,34370.0,1138.2248015018747,51782515.0
KR06,South Korea,Omicron BA.1/BA.2,2022-04-25,108,62794.42857142857,80301.0,1212.656986077802,51782515.0
KR06,South Korea,Omicron BA.1/BA.2,2022-04-26,109,58201.28571428572,76761.0,1123.9563337988839,51782515.0
KR06,South Korea,Omicron BA.1/BA.2,2022-04-27,110,54350.71428571428,0.0,1049.5958777922292,51782515.0
KR06,South Korea,Omicron BA.1/BA.2,2022-04-28,111,52309.857142857145,107990.0,1010.1837877680747,51782515.0
KR06,South Korea,Omicron BA.1/BA.2,2022-04-29,112,48126.857142857145,43262.0,929.4036248115247,51782515.0
KR06,South Korea,Omicron BA.1/BA.2,2022-04-30,113,44166.42857142857,37771.0,852.9216584290773,51782515.0
KR06,South Korea,Omicron BA.1/BA.2,2022-05-01,114,50206.0,20084.0,969.555070857412,51782515.0
KR06,South Korea,Omicron BA.1/BA.2,2022-05-02,115,38595.142857142855,51020.0,745.3315633113389,51782515.0
KR06,South Korea,Omicron BA.1/BA.2,2022-05-03,116,38065.142857142855,49038.0,735.0964482343675,51782515.0
KR06,South Korea,Omicron BA.1/BA.2,2022-05-04,117,38392.71428571428,42277.0,741.4223562859835,51782515.0
KR06,South Korea,Omicron BA.1/BA.2,2022-05-05,118,38466.57142857143,26714.0,742.8486512980575,51782515.0
KR06,South Korea,Omicron BA.1/BA.2,2022-05-06,119,38306.0,39552.0,739.7477700725815,51782515.0
KR06,South Korea,Omicron BA.1/BA.2,2022-05-07,120,37571.857142857145,40064.0,725.5703424767443,51782515.0
KR06,South Korea,Omicron BA.1/BA.2,2022-05-08,121,36658.42857142857,20601.0,707.9306320179421,51782515.0
KR06,South Korea,Omicron BA.1/BA.2,2022-05-09,122,37472.0,49896.0,723.6419474797622,51782515.0
KR06,South Korea,Omicron BA.1/BA.2,2022-05-10,123,36041.857142857145,43899.0,696.0236895186946,51782515.0
KR06,South Korea,Omicron BA.1/BA.2,2022-05-11,124,33951.857142857145,35883.0,655.662575347241,51782515.0
KR06,South Korea,Omicron BA.1/BA.2,2022-05-12,125,32908.28571428572,32409.0,635.5096061727731,51782515.0
KR06,South Korea,Omicron BA.1/BA.2,2022-05-13,126,30790.571428571428,29541.0,594.6132865229011,51782515.0
KR06,South Korea,Omicron BA.1/BA.2,2022-05-14,127,28992.85714285714,25434.0,559.8966589949744,51782515.0
KR06,South Korea,Omicron BA.1/BA.2,2022-05-15,128,27881.714285714286,13296.0,538.4387816179706,51782515.0
KR06,South Korea,Omicron BA.1/BA.2,2022-05-16,129,26838.714285714286,35072.0,518.296847608006,51782515.0
KR06,South Korea,Omicron BA.1/BA.2,2022-05-17,130,25967.428571428572,31315.0,501.4709805313352,51782515.0
KR06,South Korea,Omicron BA.1/BA.2,2022-05-18,131,25090.85714285714,28105.0,484.5430381830071,51782515.0
KR06,South Korea,Omicron BA.1/BA.2,2022-05-19,132,24616.428571428572,25108.0,475.38109285399855,51782515.0
KR06,South Korea,Omicron BA.1/BA.2,2022-05-20,133,23365.14285714286,23442.0,451.216841382518,51782515.0
KR06,South Korea,Omicron BA.1/BA.2,2022-05-21,134,22311.285714285714,19298.0,430.8652392469874,51782515.0
KR06,South Korea,Omicron BA.1/BA.2,2022-05-22,135,20981.571428571428,9975.0,405.1864114474051,51782515.0
KR06,South Korea,Omicron BA.1/BA.2,2022-05-23,136,19761.428571428572,26313.0,381.62357644136387,51782515.0
KR06,South Korea,Omicron BA.1/BA.2,2022-05-24,137,18467.14285714286,23938.0,356.62892884099693,51782515.0
KR06,South Korea,Omicron BA.1/BA.2,2022-05-25,138,17518.0,18797.0,338.2995206007279,51782515.0
KR06,South Korea,Omicron BA.1/BA.2,2022-05-26,139,16970.0,16567.0,327.716797841897,51782515.0
KR06,South Korea,Omicron BA.1/BA.2,2022-05-27,140,15664.714285714286,14382.0,302.50972332483826,51782515.0
KR06,South Korea,Omicron BA.1/BA.2,2022-05-28,141,14498.857142857143,12654.0,279.9952289466269,51782515.0
KR06,South Korea,Omicron BA.1/BA.2,2022-05-29,142,13227.57142857143,6139.0,255.4447467175248,51782515.0
KR06,South Korea,Omicron BA.1/BA.2,2022-05-30,143,12649.714285714286,17176.0,244.2854366133875,51782515.0
KR06,South Korea,Omicron BA.1/BA.2,2022-05-31,144,12311.714285714286,15777.0,237.75813680958305,51782515.0
KR06,South Korea,Omicron BA.1/BA.2,2022-06-01,145,11909.0,9898.0,229.98110462576025,51782515.0
KR06,South Korea,Omicron BA.1/BA.2,2022-06-02,146,11749.42857142857,12522.0,226.89953493816535,51782515.0
KR06,South Korea,Omicron BA.1/BA.2,2022-06-03,147,10177.42857142857,12016.0,196.54179738911043,51782515.0
KR06,South Korea,Omicron BA.1/BA.2,2022-06-04,148,9826.42857142857,9835.0,189.76344759285197,51782515.0
KR06,South Korea,Omicron BA.1/BA.2,2022-06-05,149,10147.57142857143,5022.0,195.96521004380395,51782515.0
KR06,South Korea,Omicron BA.1/BA.2,2022-06-06,150,9687.857142857143,6172.0,187.0874202007597,51782515.0
KR06,South Korea,Omicron BA.1/BA.2,2022-06-07,151,9175.285714285714,13320.0,177.1888776411442,51782515.0
KR06,South Korea,Omicron BA.1/BA.2,2022-06-08,152,8824.857142857143,12146.0,170.42156300938925,51782515.0
KR06,South Korea,Omicron BA.1/BA.2,2022-06-09,153,8654.285714285714,9304.0,167.12756640510244,51782515.0
KR06,South Korea,Omicron BA.1/BA.2,2022-06-10,154,9168.0,8428.0,177.04817929372493,51782515.0
KR06,South Korea,Omicron BA.1/BA.2,2022-06-11,155,8611.285714285714,7382.0,166.2971702762161,51782515.0
KR06,South Korea,Omicron BA.1/BA.2,2022-06-12,156,8015.857142857143,3828.0,154.79852886359697,51782515.0
KR06,South Korea,Omicron BA.1/BA.2,2022-06-13,157,7713.285714285715,9768.0,148.9554092590079,51782515.0
KR06,South Korea,Omicron BA.1/BA.2,2022-06-14,158,7486.142857142857,9423.0,144.56893136887726,51782515.0
KR06,South Korea,Omicron BA.1/BA.2,2022-06-15,159,7298.857142857143,7978.0,140.9521562028639,51782515.0
KR06,South Korea,Omicron BA.1/BA.2,2022-06-16,160,7257.428571428572,7186.0,140.15210677636207,51782515.0
KR06,South Korea,Omicron BA.1/BA.2,2022-06-17,161,7188.142857142857,6838.0,138.81409308031596,51782515.0
KR06,South Korea,Omicron BA.1/BA.2,2022-06-18,162,7123.142857142857,6071.0,137.55884311804587,51782515.0
KR06,South Korea,Omicron BA.1/BA.2,2022-06-19,163,7046.571428571428,3538.0,136.08013107458046,51782515.0
KR06,South Korea,Omicron BA.1/BA.2,2022-06-20,164,7050.0,9283.0,136.14634206160127,51782515.0
KR06,South Korea,Omicron BA.1/BA.2,2022-06-21,165,7041.714285714285,8968.0,135.98633217630092,51782515.0
KR07,South Korea,Omicron BA.5,2022-06-22,0,7066.714285714285,7442.0,136.46912062332788,51782515.0
KR07,South Korea,Omicron BA.5,2022-06-23,1,7051.142857142857,7210.0,136.16841239060824,51782515.0
KR07,South Korea,Omicron BA.5,2022-06-24,2,7135.142857142857,6780.0,137.7905815726188,51782515.0
KR07,South Korea,Omicron BA.5,2022-06-25,3,7345.0,6246.0,141.84324573651935,51782515.0
KR07,South Korea,Omicron BA.5,2022-06-26,4,7651.142857142857,3429.0,147.75533511925516,51782515.0
KR07,South Korea,Omicron BA.5,2022-06-27,5,7980.571428571428,9871.0,154.1171074555075,51782515.0
KR07,South Korea,Omicron BA.5,2022-06-28,6,8539.857142857143,10437.0,164.91777471328194,51782515.0
KR07,South Korea,Omicron BA.5,2022-06-29,7,9084.57142857143,9585.0,175.43704527621782,51782515.0
KR07,South Korea,Omicron BA.5,2022-06-30,8,9488.0,9516.0,183.22787141566997,51782515.0
KR07,South Korea,Omicron BA.5,2022-07-01,9,10668.285714285714,10695.0,206.02100369759393,51782515.0
KR07,South Korea,Omicron BA.5,2022-07-02,10,11943.285714285714,10059.0,230.64321449596864,51782515.0
KR07,South Korea,Omicron BA.5,2022-07-03,11,13217.285714285714,6253.0,255.24611375646225,51782515.0
KR07,South Korea,Omicron BA.5,2022-07-04,12,14616.42857142857,18133.0,282.2657140432165,51782515.0
KR07,South Korea,Omicron BA.5,2022-07-05,13,15983.285714285714,19362.0,308.66182753552454,51782515.0
KR07,South Korea,Omicron BA.5,2022-07-06,14,17462.0,18503.0,337.2180744793875,51782515.0
KR07,South Korea,Omicron BA.5,2022-07-07,15,18382.0,19310.0,354.9846893299794,51782515.0
KR07,South Korea,Omicron BA.5,2022-07-08,16,21123.428571428572,20263.0,407.9258910353924,51782515.0
KR07,South Korea,Omicron BA.5,2022-07-09,17,24107.14285714286,20410.0,465.546002490278,51782515.0
KR07,South Korea,Omicron BA.5,2022-07-10,18,27059.428571428572,12693.0,522.5591798974726,51782515.0
KR07,South Korea,Omicron BA.5,2022-07-11,19,29852.85714285714,37323.0,576.5045815727015,51782515.0
KR07,South Korea,Omicron BA.5,2022-07-12,20,32854.28571428572,40248.0,634.466783127195,51782515.0
KR07,South Korea,Omicron BA.5,2022-07-13,21,35701.71428571428,39169.0,689.4550078480021,51782515.0
KR07,South Korea,Omicron BA.5,2022-07-14,22,37645.42857142857,38864.0,726.9911199065664,51782515.0
KR07,South Korea,Omicron BA.5,2022-07-15,23,42818.857142857145,41273.0,826.8979817387615,51782515.0
KR07,South Korea,Omicron BA.5,2022-07-16,24,47980.28571428572,40342.0,926.5731051163838,51782515.0
KR07,South Korea,Omicron BA.5,2022-07-17,25,52543.142857142855,26299.0,1014.6888936766177,51782515.0
KR07,South Korea,Omicron BA.5,2022-07-18,26,56788.142857142855,73537.0,1096.6663719817946,51782515.0
KR07,South Korea,Omicron BA.5,2022-07-19,27,60680.71428571428,76378.0,1171.8379125794543,51782515.0
KR07,South Korea,Omicron BA.5,2022-07-20,28,64265.142857142855,71109.0,1241.0587407186163,51782515.0
KR07,South Korea,Omicron BA.5,2022-07-21,29,65634.28571428571,68579.0,1267.498994868938,51782515.0
KR07,South Korea,Omicron BA.5,2022-07-22,30,69310.14285714286,68521.0,1338.4854493286557,51782515.0
KR07,South Korea,Omicron BA.5,2022-07-23,31,72710.71428571429,65433.0,1404.1557132888252,51782515.0
KR07,South Korea,Omicron BA.5,2022-07-24,32,75166.0,35883.0,1451.5710563691239,51782515.0
KR07,South Korea,Omicron BA.5,2022-07-25,33,77551.14285714286,99268.0,1497.631833006621,51782515.0
KR07,South Korea,Omicron BA.5,2022-07-26,34,79468.71428571429,100182.0,1534.6630862891518,51782515.0
KR07,South Korea,Omicron BA.5,2022-07-27,35,80633.85714285714,88296.0,1557.1637867117336,51782515.0
KR07,South Korea,Omicron BA.5,2022-07-28,36,81891.85714285714,85275.0,1581.4577013661299,51782515.0
KR07,South Korea,Omicron BA.5,2022-07-29,37,83667.85714285714,81944.0,1615.7549926429247,51782515.0
KR07,South Korea,Omicron BA.5,2022-07-30,38,86479.85714285714,73589.0,1670.0590371645167,51782515.0
KR07,South Korea,Omicron BA.5,2022-07-31,39,89273.14285714286,44689.0,1724.0016800486198,51782515.0
KR07,South Korea,Omicron BA.5,2022-08-01,40,93213.42857142857,111700.0,1800.0946568823194,51782515.0
KR07,South Korea,Omicron BA.5,2022-08-02,41,97308.57142857143,119866.0,1879.1781632964608,51782515.0
KR07,South Korea,Omicron BA.5,2022-08-03,42,101868.28571428571,107849.0,1967.2332584519254,51782515.0
KR07,South Korea,Omicron BA.5,2022-08-04,43,103383.0,112857.0,1996.4847207595074,51782515.0
KR07,South Korea,Omicron BA.5,2022-08-05,44,108828.57142857143,110610.0,2101.647079686482,51782515.0
KR07,South Korea,Omicron BA.5,2022-08-06,45,113381.14285714286,105507.0,2189.564235285653,51782515.0
KR07,South Korea,Omicron BA.5,2022-08-07,46,117573.57142857143,55292.0,2270.5264784565106,51782515.0
KR07,South Korea,Omicron BA.5,2022-08-08,47,119832.71428571429,149819.0,2314.154001320992,51782515.0
KR07,South Korea,Omicron BA.5,2022-08-09,48,121819.14285714286,151734.0,2352.5149919261908,51782515.0
KR07,South Korea,Omicron BA.5,2022-08-10,49,123832.85714285714,137196.0,2391.402911636431,51782515.0
KR07,South Korea,Omicron BA.5,2022-08-11,50,124802.28571428571,128671.0,2410.124068216573,51782515.0
KR07,South Korea,Omicron BA.5,2022-08-12,51,115417.85714285714,124515.0,2228.8963203671574,51782515.0
KR07,South Korea,Omicron BA.5,2022-08-13,52,119549.0,119603.0,2308.6750421450174,51782515.0
KR07,South Korea,Omicron BA.5,2022-08-14,53,125446.71428571429,62078.0,2422.568974985365,51782515.0
KR07,South Korea,Omicron BA.5,2022-08-15,54,126885.28571428571,84128.0,2450.350001622859,51782515.0
KR07,South Korea,Omicron BA.5,2022-08-16,55,127576.0,180652.0,2463.688756716432,51782515.0
KR07,South Korea,Omicron BA.5,2022-08-17,56,126339.0,178480.0,2439.800384357539,51782515.0
KR07,South Korea,Omicron BA.5,2022-08-18,57,125905.85714285714,138741.0,2431.435729663906,51782515.0
KR07,South Korea,Omicron BA.5,2022-08-19,58,135330.14285714287,129350.0,2613.4331802374386,51782515.0
KR07,South Korea,Omicron BA.5,2022-08-20,59,129403.42857142857,110944.0,2498.9792127985393,51782515.0
KR07,South Korea,Omicron BA.5,2022-08-21,60,120089.28571428571,59046.0,2319.108790183051,51782515.0
KR07,South Korea,Omicron BA.5,2022-08-22,61,114706.85714285714,150098.0,2215.165816933711,51782515.0
KR07,South Korea,Omicron BA.5,2022-08-23,62,109876.57142857143,139165.0,2121.885571385852,51782515.0
KR07,South Korea,Omicron BA.5,2022-08-24,63,106212.42857142857,113281.0,2051.125337798455,51782515.0
KR07,South Korea,Omicron BA.5,2022-08-25,64,103940.42857142857,101064.0,2007.2495237326455,51782515.0
KR07,South Korea,Omicron BA.5,2022-08-26,65,99000.57142857143,95538.0,1911.8532853912452,51782515.0
KR07,South Korea,Omicron BA.5,2022-08-27,66,93965.42857142857,85295.0,1814.6169333688904,51782515.0
KR07,South Korea,Omicron BA.5,2022-08-28,67,89425.14285714286,43142.0,1726.9370338065437,51782515.0
KR07,South Korea,Omicron BA.5,2022-08-29,68,87777.14285714286,115519.0,1695.1116193785267,51782515.0
KR07,South Korea,Omicron BA.5,2022-08-30,69,85503.57142857143,103919.0,1651.2054586103327,51782515.0
KR07,South Korea,Omicron BA.5,2022-08-31,70,83624.85714285714,81499.0,1614.9245965140385,51782515.0
KR07,South Korea,Omicron BA.5,2022-09-01,71,82825.71428571429,89528.0,1599.4919189559312,51782515.0
KR07,South Korea,Omicron BA.5,2022-09-02,72,80571.14285714286,79623.0,1555.9526774074773,51782515.0
KR07,South Korea,Omicron BA.5,2022-09-03,73,77937.57142857143,72144.0,1505.0943630020952,51782515.0
KR07,South Korea,Omicron BA.5,2022-09-04,74,76666.14285714286,37548.0,1480.541121981867,51782515.0
KR07,South Korea,Omicron BA.5,2022-09-05,75,73789.14285714286,99737.0,1424.9818274980048,51782515.0
KR07,South Korea,Omicron BA.5,2022-09-06,76,68517.85714285714,85484.0,1323.1851937445902,51782515.0
KR07,South Korea,Omicron BA.5,2022-09-07,77,62242.142857142855,72599.0,1201.991499585195,51782515.0
KR07,South Korea,Omicron BA.5,2022-09-08,78,62155.0,69389.0,1200.3086369984153,51782515.0
KR07,South Korea,Omicron BA.5,2022-09-09,79,56093.857142857145,42724.0,1083.2586471100747,51782515.0
KR07,South Korea,Omicron BA.5,2022-09-10,80,43881.857142857145,28214.0,847.4261465063477,51782515.0
KR07,South Korea,Omicron BA.5,2022-09-11,81,57130.0,36938.0,1103.2681591459975,51782515.0
KR07,South Korea,Omicron BA.5,2022-09-12,82,54621.857142857145,57309.0,1054.8320633491276,51782515.0
KR07,South Korea,Omicron BA.5,2022-09-13,83,54718.42857142857,0.0,1056.6970061502145,51782515.0
KR07,South Korea,Omicron BA.5,2022-09-14,84,55654.142857142855,165336.0,1074.767088024652,51782515.0
KR07,South Korea,Omicron BA.5,2022-09-15,85,53149.71428571428,51832.0,1026.4027207970544,51782515.0
KR07,South Korea,Omicron BA.5,2022-09-16,86,51800.42857142857,43400.0,1000.3459386132283,51782515.0
KR07,South Korea,Omicron BA.5,2022-09-17,87,57690.57142857143,34764.0,1114.0936555239048,51782515.0
KR07,South Korea,Omicron BA.5,2022-09-18,88,38781.42857142857,19407.0,748.9290269394712,51782515.0
KR07,South Korea,Omicron BA.5,2022-09-19,89,35531.28571428572,47864.0,686.1637700348413,51782515.0
KR07,South Korea,Omicron BA.5,2022-09-20,90,33519.142857142855,41231.0,647.306197026986,51782515.0
KR07,South Korea,Omicron BA.5,2022-09-21,91,32237.428571428572,32972.0,622.5543230456956,51782515.0
KR07,South Korea,Omicron BA.5,2022-09-22,92,31489.0,29081.0,608.1010163372714,51782515.0
KR07,South Korea,Omicron BA.5,2022-09-23,93,30275.14285714286,29315.0,584.6595681407683,51782515.0
KR07,South Korea,Omicron BA.5,2022-09-24,94,29545.85714285714,25792.0,570.5759394432106,51782515.0
KR07,South Korea,Omicron BA.5,2022-09-25,95,29242.14285714286,14168.0,564.7107495096146,51782515.0
KR07,South Korea,Omicron BA.5,2022-09-26,96,29154.285714285714,39367.0,563.0140929672054,51782515.0
KR07,South Korea,Omicron BA.5,2022-09-27,97,28811.14285714286,36126.0,556.3874766828698,51782515.0
KR07,South Korea,Omicron BA.5,2022-09-28,98,28497.571428571428,30846.0,550.3319301615888,51782515.0
KR07,South Korea,Omicron BA.5,2022-09-29,99,28209.285714285714,28466.0,544.7646896695866,51782515.0
KR07,South Korea,Omicron BA.5,2022-09-30,100,24931.571428571428,26913.0,481.46698607766405,51782515.0
KR07,South Korea,Omicron BA.5,2022-10-01,101,24729.285714285714,23597.0,477.5605378434345,51782515.0
KR07,South Korea,Omicron BA.5,2022-10-02,102,24408.85714285714,12150.0,471.3725693481119,51782515.0
KR07,South Korea,Omicron BA.5,2022-10-03,103,23522.14285714286,16423.0,454.24875282984726,51782515.0
KR07,South Korea,Omicron BA.5,2022-10-04,104,22445.85714285714,34710.0,433.46402048755533,51782515.0
KR07,South Korea,Omicron BA.5,2022-10-05,105,21596.85714285714,28603.0,417.06852482651993,51782515.0
KR07,South Korea,Omicron BA.5,2022-10-06,106,21144.14285714286,22259.0,408.32591574864335,51782515.0
KR07,South Korea,Omicron BA.5,2022-10-07,107,21008.85714285714,19379.0,405.71334055244597,51782515.0
KR07,South Korea,Omicron BA.5,2022-10-08,108,20407.85714285714,17654.0,394.107106285918,51782515.0
KR07,South Korea,Omicron BA.5,2022-10-09,109,20168.571428571428,8981.0,389.48613115008857,51782515.0
KR08,South Korea,Omicron descendants,2022-10-10,0,20354.714285714286,15476.0,393.080835987095,51782515.0
KR08,South Korea,Omicron descendants,2022-10-11,1,20837.285714285714,30503.0,402.40003241027813,51782515.0
KR08,South Korea,Omicron descendants,2022-10-12,2,21382.285714285714,26928.0,412.92482055546577,51782515.0
KR08,South Korea,Omicron descendants,2022-10-13,3,21676.428571428572,23562.0,418.6051714836286,51782515.0
KR08,South Korea,Omicron descendants,2022-10-14,4,24207.0,22757.0,467.47439748726,51782515.0
KR08,South Korea,Omicron descendants,2022-10-15,5,24061.14285714286,21469.0,464.6576717477484,51782515.0
KR08,South Korea,Omicron descendants,2022-10-16,6,23838.428571428572,11040.0,460.3567163825197,51782515.0
KR08,South Korea,Omicron descendants,2022-10-17,7,24002.285714285714,33190.0,463.5210498038906,51782515.0
KR08,South Korea,Omicron descendants,2022-10-18,8,24583.14285714286,29482.0,474.73829452167126,51782515.0
KR08,South Korea,Omicron descendants,2022-10-19,9,25267.0,25369.0,487.9446276412028,51782515.0
KR08,South Korea,Omicron descendants,2022-10-20,10,25733.0,24709.0,496.9438042937852,51782515.0
KR08,South Korea,Omicron descendants,2022-10-21,11,27236.428571428572,26823.0,525.9773221024235,51782515.0
KR08,South Korea,Omicron descendants,2022-10-22,12,28854.0,26256.0,557.2151140206303,51782515.0
KR08,South Korea,Omicron descendants,2022-10-23,13,30222.714285714286,14302.0,583.6470917975746,51782515.0
KR08,South Korea,Omicron descendants,2022-10-24,14,31819.571428571428,43714.0,614.4848590025307,51782515.0
KR08,South Korea,Omicron descendants,2022-10-25,15,33315.71428571428,40805.0,643.3776784637495,51782515.0
KR08,South Korea,Omicron descendants,2022-10-26,16,34495.0,34950.0,666.1514992077924,51782515.0
KR08,South Korea,Omicron descendants,2022-10-27,17,35096.142857142855,35887.0,677.7604922654463,51782515.0
KR08,South Korea,Omicron descendants,2022-10-28,18,37188.142857142855,37296.0,718.1602295126618,51782515.0
KR08,South Korea,Omicron descendants,2022-10-29,19,39178.857142857145,34511.0,756.6039838516369,51782515.0
KR08,South Korea,Omicron descendants,2022-10-30,20,40881.71428571428,18510.0,789.488774071987,51782515.0
KR08,South Korea,Omicron descendants,2022-10-31,21,41958.42857142857,58358.0,810.2817827876567,51782515.0
KR08,South Korea,Omicron descendants,2022-11-01,22,42468.0,54740.0,820.1223907336289,51782515.0
KR08,South Korea,Omicron descendants,2022-11-02,23,42777.142857142855,46870.0,826.0924147300079,51782515.0
KR08,South Korea,Omicron descendants,2022-11-03,24,42800.142857142855,43424.0,826.5365801012726,51782515.0
KR08,South Korea,Omicron descendants,2022-11-04,25,43359.42857142857,40863.0,837.3372473590472,51782515.0
KR08,South Korea,Omicron descendants,2022-11-05,26,44464.0,36675.0,858.668220344261,51782515.0
KR08,South Korea,Omicron descendants,2022-11-06,27,45677.57142857143,18671.0,882.1041509585123,51782515.0
KR08,South Korea,Omicron descendants,2022-11-07,28,47262.57142857143,62273.0,912.7129385000213,51782515.0
KR08,South Korea,Omicron descendants,2022-11-08,29,49171.42857142857,62472.0,949.5759055238736,51782515.0
KR08,South Korea,Omicron descendants,2022-11-09,30,50855.71428571428,55365.0,982.1020528978611,51782515.0
KR08,South Korea,Omicron descendants,2022-11-10,31,51583.42857142857,54519.0,996.1553348930344,51782515.0
KR08,South Korea,Omicron descendants,2022-11-11,32,53099.142857142855,54225.0,1025.426108738497,51782515.0
KR08,South Korea,Omicron descendants,2022-11-12,33,53687.0,48465.0,1036.7785342214452,51782515.0
KR08,South Korea,Omicron descendants,2022-11-13,34,53697.28571428572,23765.0,1036.9771671825079,51782515.0
KR08,South Korea,Omicron descendants,2022-11-14,35,52968.57142857143,72883.0,1022.9045736494535,51782515.0
KR08,South Korea,Omicron descendants,2022-11-15,36,52427.142857142855,66587.0,1012.4487552824125,51782515.0
KR08,South Korea,Omicron descendants,2022-11-16,37,52076.57142857143,55437.0,1005.6786818595316,51782515.0
KR08,South Korea,Omicron descendants,2022-11-17,38,51980.28571428572,49418.0,1003.8192566406965,51782515.0
KR08,South Korea,Omicron descendants,2022-11-18,39,51978.857142857145,50435.0,1003.7916687294379,51782515.0
KR08,South Korea,Omicron descendants,2022-11-19,40,52512.71428571428,46011.0,1014.1012711668077,51782515.0
KR08,South Korea,Omicron descendants,2022-11-20,41,53034.42857142857,23091.0,1024.1763763584788,51782515.0
KR08,South Korea,Omicron descendants,2022-11-21,42,53645.857142857145,72873.0,1035.984002377195,51782515.0
KR08,South Korea,Omicron descendants,2022-11-22,43,53962.0,70324.0,1042.0892071387416,51782515.0
KR08,South Korea,Omicron descendants,2022-11-23,44,54107.28571428572,59089.0,1044.89489771375,51782515.0
KR08,South Korea,Omicron descendants,2022-11-24,45,53998.142857142855,53698.0,1042.7871812935864,51782515.0
KR08,South Korea,Omicron descendants,2022-11-25,46,53798.57142857143,52648.0,1038.9331500907483,51782515.0
KR08,South Korea,Omicron descendants,2022-11-26,47,53383.0,47028.0,1030.9078267055975,51782515.0
KR08,South Korea,Omicron descendants,2022-11-27,48,53095.857142857145,22327.0,1025.362656542602,51782515.0
KR08,South Korea,Omicron descendants,2022-11-28,49,52994.28571428572,71476.0,1023.4011560521097,51782515.0
KR08,South Korea,Omicron descendants,2022-11-29,50,53005.42857142857,67415.0,1023.6163417599274,51782515.0
KR08,South Korea,Omicron descendants,2022-11-30,51,52939.142857142855,57079.0,1022.3362626775245,51782515.0
KR08,South Korea,Omicron descendants,2022-12-01,52,53058.142857142855,52987.0,1024.634335685373,51782515.0
KR08,South Korea,Omicron descendants,2022-12-02,53,53933.57142857143,52726.0,1041.5402077046938,51782515.0
KR08,South Korea,Omicron descendants,2022-12-03,54,54976.28571428572,46564.0,1061.676624132407,51782515.0
KR08,South Korea,Omicron descendants,2022-12-04,55,56144.0,23160.0,1084.2269827952543,51782515.0
KR08,South Korea,Omicron descendants,2022-12-05,56,57536.42857142857,77604.0,1111.1169198990929,51782515.0
KR08,South Korea,Omicron descendants,2022-12-06,57,58948.142857142855,74714.0,1138.3792938049235,51782515.0
KR08,South Korea,Omicron descendants,2022-12-07,58,60056.0,65253.0,1159.7737189860322,51782515.0
KR08,South Korea,Omicron descendants,2022-12-08,59,60414.142857142855,62734.0,1166.6900083385842,51782515.0
KR08,South Korea,Omicron descendants,2022-12-09,60,61735.28571428572,62608.0,1192.2033086706144,51782515.0
KR08,South Korea,Omicron descendants,2022-12-10,61,63143.42857142857,54319.0,1219.3967127982983,51782515.0
KR08,South Korea,Omicron descendants,2022-12-11,62,63843.57142857143,25667.0,1232.9175481061789,51782515.0
KR08,South Korea,Omicron descendants,2022-12-12,63,64446.28571428572,86852.0,1244.5568878662173,51782515.0
KR08,South Korea,Omicron descendants,2022-12-13,64,65038.28571428572,84571.0,1255.9893182918156,51782515.0
KR08,South Korea,Omicron descendants,2022-12-14,65,65687.28571428571,70154.0,1268.5225063766352,51782515.0
KR08,South Korea,Omicron descendants,2022-12-15,66,65823.71428571429,66953.0,1271.1571519018396,51782515.0
KR08,South Korea,Omicron descendants,2022-12-16,67,65924.71428571429,66752.0,1273.1076172278285,51782515.0
KR08,South Korea,Omicron descendants,2022-12-17,68,66439.14285714286,58862.0,1283.04202407208,51782515.0
KR08,South Korea,Omicron descendants,2022-12-18,69,67237.71428571429,26622.0,1298.4636664656841,51782515.0
KR08,South Korea,Omicron descendants,2022-12-19,70,67411.28571428571,87559.0,1301.815597683614,51782515.0
KR08,South Korea,Omicron descendants,2022-12-20,71,67310.85714285714,88172.0,1299.8761675221288,51782515.0
KR08,South Korea,Omicron descendants,2022-12-21,72,67251.71428571429,75744.0,1298.7340279960192,51782515.0
KR08,South Korea,Omicron descendants,2022-12-22,73,67097.85714285714,68168.0,1295.762809953459,51782515.0
KR08,South Korea,Omicron descendants,2022-12-23,74,67103.14285714286,66049.0,1295.8648852251163,51782515.0
KR08,South Korea,Omicron descendants,2022-12-24,75,67009.57142857143,58448.0,1294.0578770376724,51782515.0
KR08,South Korea,Omicron descendants,2022-12-25,76,66392.85714285714,25545.0,1282.1481757472989,51782515.0
KR08,South Korea,Omicron descendants,2022-12-26,77,65969.85714285714,87596.0,1273.979395223603,51782515.0
KR08,South Korea,Omicron descendants,2022-12-27,78,65523.71428571428,87517.0,1265.363690537516,51782515.0
KR08,South Korea,Omicron descendants,2022-12-28,79,65392.142857142855,71427.0,1262.8228439105915,51782515.0
KR08,South Korea,Omicron descendants,2022-12-29,80,64990.71428571428,65207.0,1255.0706408469014,51782515.0
KR08,South Korea,Omicron descendants,2022-12-30,81,64056.42857142857,62926.0,1237.0281468837227,51782515.0
KR08,South Korea,Omicron descendants,2022-12-31,82,62779.0,57527.0,1212.3590366362082,51782515.0
KR08,South Korea,Omicron descendants,2023-01-01,83,61733.142857142855,22735.0,1192.1619268037261,51782515.0
KR08,South Korea,Omicron descendants,2023-01-02,84,60554.142857142855,81056.0,1169.3936236419352,51782515.0
KR08,South Korea,Omicron descendants,2023-01-03,85,59223.0,78575.0,1143.6872079310942,51782515.0
KR08,South Korea,Omicron descendants,2023-01-04,86,57685.71428571428,64106.0,1113.9998566256252,51782515.0
KR08,South Korea,Omicron descendants,2023-01-05,87,57167.28571428572,56954.0,1103.988203629849,51782515.0
KR08,South Korea,Omicron descendants,2023-01-06,88,54165.142857142855,53608.0,1046.0122081197264,51782515.0
KR08,South Korea,Omicron descendants,2023-01-07,89,50703.42857142857,46766.0,979.1611815576854,51782515.0
KR08,South Korea,Omicron descendants,2023-01-08,90,47824.42857142857,19106.0,923.5632639980613,51782515.0
KR08,South Korea,Omicron descendants,2023-01-09,91,45363.28571428572,60041.0,876.0348104816021,51782515.0
KR08,South Korea,Omicron descendants,2023-01-10,92,42926.71428571428,54343.0,828.980869038792,51782515.0
KR08,South Korea,Omicron descendants,2023-01-11,93,40898.71428571428,43953.0,789.8170702159654,51782515.0
KR08,South Korea,Omicron descendants,2023-01-12,94,40189.857142857145,39726.0,776.1279486494069,51782515.0
KR08,South Korea,Omicron descendants,2023-01-13,95,37355.28571428572,36552.0,721.3880151299279,51782515.0
KR08,South Korea,Omicron descendants,2023-01-14,96,34864.57142857143,32570.0,673.2884918504137,51782515.0
KR08,South Korea,Omicron descendants,2023-01-15,97,32845.0,14144.0,634.2874617040135,51782515.0
KR08,South Korea,Omicron descendants,2023-01-16,98,31085.285714285714,40199.0,600.3046726155675,51782515.0
KR08,South Korea,Omicron descendants,2023-01-17,99,29797.714285714286,36908.0,575.4396881981164,51782515.0
KR08,South Korea,Omicron descendants,2023-01-18,100,27519.714285714286,29816.0,531.4480049050203,51782515.0
KR08,South Korea,Omicron descendants,2023-01-19,101,26817.285714285714,27408.0,517.8830289391258,51782515.0
KR08,South Korea,Omicron descendants,2023-01-20,102,22826.285714285714,27539.0,440.8106812557427,51782515.0
KR08,South Korea,Omicron descendants,2023-01-21,103,20344.85714285714,16624.0,392.89047939941,51782515.0
KR08,South Korea,Omicron descendants,2023-01-22,104,21099.14285714286,9227.0,407.4568965439948,51782515.0
KR08,South Korea,Omicron descendants,2023-01-23,105,21713.85714285714,12262.0,419.32797475860605,51782515.0
KR08,South Korea,Omicron descendants,2023-01-24,106,21117.85714285714,19538.0,407.81829818148344,51782515.0
KR08,South Korea,Omicron descendants,2023-01-25,107,21438.85714285714,35096.0,414.0173018413096,51782515.0
KR08,South Korea,Omicron descendants,2023-01-26,108,21180.14285714286,31711.0,409.0211311123621,51782515.0
KR08,South Korea,Omicron descendants,2023-01-27,109,22232.571428571428,23367.0,429.34514533663395,51782515.0
KR08,South Korea,Omicron descendants,2023-01-28,110,22358.571428571428,18871.0,431.7783991096498,51782515.0
KR08,South Korea,Omicron descendants,2023-01-29,111,19753.714285714286,7416.0,381.474601720567,51782515.0
KR08,South Korea,Omicron descendants,2023-01-30,112,17360.85714285714,19629.0,335.2648503622727,51782515.0
KR08,South Korea,Omicron descendants,2023-01-31,113,16094.714285714286,20420.0,310.81368461370187,51782515.0
KR08,South Korea,Omicron descendants,2023-02-01,114,15401.42857142857,16862.0,297.4252712798629,51782515.0
KR08,South Korea,Omicron descendants,2023-02-02,115,15177.714285714286,14961.0,293.1050043767532,51782515.0
KR08,South Korea,Omicron descendants,2023-02-03,116,14676.42857142857,14504.0,283.4244063160812,51782515.0
KR08,South Korea,Omicron descendants,2023-02-04,117,14321.285714285714,14018.0,276.56605157717263,51782515.0
KR08,South Korea,Omicron descendants,2023-02-05,118,14007.285714285714,5850.0,270.50222868251404,51782515.0
KR08,South Korea,Omicron descendants,2023-02-06,119,13799.142857142857,16120.0,266.48267001212395,51782515.0
KR08,South Korea,Omicron descendants,2023-02-07,120,11727.142857142857,17934.0,226.4691635225299,51782515.0
KR08,South Korea,Omicron descendants,2023-02-08,121,13255.42857142857,14664.0,255.9827109870691,51782515.0
KR08,South Korea,Omicron descendants,2023-02-09,122,13158.857142857143,13504.0,254.11776818598216,51782515.0
KR08,South Korea,Omicron descendants,2023-02-10,123,12909.0,0.0,249.29264250683846,51782515.0
KR08,South Korea,Omicron descendants,2023-02-11,124,12483.714285714286,24716.0,241.0797213251285,51782515.0
KR08,South Korea,Omicron descendants,2023-02-12,125,12177.285714285714,5174.0,235.16211436014095,51782515.0
KR08,South Korea,Omicron descendants,2023-02-13,126,11881.857142857143,14371.0,229.4569343118453,51782515.0
KR08,South Korea,Omicron descendants,2023-02-14,127,13402.0,14957.0,258.81323068221,51782515.0
KR08,South Korea,Omicron descendants,2023-02-15,128,11338.857142857143,12519.0,218.9707692424198,51782515.0
KR08,South Korea,Omicron descendants,2023-02-16,129,11217.42857142857,11436.0,216.62579678543173,51782515.0
KR08,South Korea,Omicron descendants,2023-02-17,130,10861.57142857143,10641.0,209.7536480908938,51782515.0
KR08,South Korea,Omicron descendants,2023-02-18,131,10593.714285714286,10274.0,204.5809147298907,51782515.0
KR08,South Korea,Omicron descendants,2023-02-19,132,10354.57142857143,4324.0,199.96269838518714,51782515.0
KR08,South Korea,Omicron descendants,2023-02-20,133,10156.714285714286,11880.0,196.14177267585953,51782515.0
KR08,South Korea,Omicron descendants,2023-02-21,134,10052.714285714286,13082.0,194.1333727362274,51782515.0
KR08,South Korea,Omicron descendants,2023-02-22,135,8585.0,10845.0,165.78955270905632,51782515.0
KR08,South Korea,Omicron descendants,2023-02-23,136,9858.42857142857,10051.0,190.38141680504646,51782515.0
KR08,South Korea,Omicron descendants,2023-02-24,137,9706.57142857143,9913.0,187.44882183824848,51782515.0
KR08,South Korea,Omicron descendants,2023-02-25,138,9593.57142857143,0.0,185.26661805768663,51782515.0
KR08,South Korea,Omicron descendants,2023-02-26,139,9124.42857142857,13238.0,176.20674800033507,51782515.0
KR08,South Korea,Omicron descendants,2023-02-27,140,9175.42857142857,10817.0,177.19163643227006,51782515.0
KR08,South Korea,Omicron descendants,2023-02-28,141,9348.0,12291.0,180.524256112319,51782515.0
KR08,South Korea,Omicron descendants,2023-03-01,142,9348.0,7561.0,180.524256112319,51782515.0
KR08,South Korea,Omicron descendants,2023-03-02,143,9473.0,10408.0,182.93819834745378,51782515.0
KR08,South Korea,Omicron descendants,2023-03-03,144,9682.57142857143,11121.0,186.9853449291026,51782515.0
KR08,South Korea,Omicron descendants,2023-03-04,145,9755.0,0.0,188.38405202991783,51782515.0
UK01,United Kingdom,Ancestral,2020-03-10,0,270.57142857142856,258.0,3.968526650222704,68179315.0
UK01,United Kingdom,Ancestral,2020-03-11,1,314.7142857142857,411.0,4.6159789917849094,68179315.0
UK01,United Kingdom,Ancestral,2020-03-12,2,370.14285714285717,489.0,5.42896122002483,68179315.0
UK01,United Kingdom,Ancestral,2020-03-13,3,436.57142857142856,480.0,6.403282704899992,68179315.0
UK01,United Kingdom,Ancestral,2020-03-14,4,509.7142857142857,364.0,7.476083995773289,68179315.0
UK01,United Kingdom,Ancestral,2020-03-15,5,594.7142857142857,442.0,8.722796433409249,68179315.0
UK01,United Kingdom,Ancestral,2020-03-16,6,676.4285714285714,612.0,9.921316625556761,68179315.0
UK01,United Kingdom,Ancestral,2020-03-17,7,787.1428571428571,770.0,11.545185767015363,68179315.0
UK01,United Kingdom,Ancestral,2020-03-18,8,906.1428571428571,1006.0,13.290583179705708,68179315.0
UK01,United Kingdom,Ancestral,2020-03-19,9,1046.2857142857142,1061.0,15.346087215539114,68179315.0
UK01,United Kingdom,Ancestral,2020-03-20,10,1294.4285714285713,1255.0,18.985649407427626,68179315.0
UK01,United Kingdom,Ancestral,2020-03-21,11,1526.142857142857,1197.0,22.38425037187389,68179315.0
UK01,United Kingdom,Ancestral,2020-03-22,12,1769.2857142857142,1423.0,25.950476538019107,68179315.0
UK01,United Kingdom,Ancestral,2020-03-23,13,2062.1428571428573,2349.0,30.24587233155477,68179315.0
UK01,United Kingdom,Ancestral,2020-03-24,14,2346.4285714285716,2392.0,34.41554922381622,68179315.0
UK01,United Kingdom,Ancestral,2020-03-25,15,2582.8571428571427,2708.0,37.8832955839633,68179315.0
UK01,United Kingdom,Ancestral,2020-03-26,16,2793.0,3111.0,40.96550398020279,68179315.0
UK01,United Kingdom,Ancestral,2020-03-27,17,3072.0,3245.0,45.05765421667848,68179315.0
UK01,United Kingdom,Ancestral,2020-03-28,18,3378.4285714285716,2852.0,49.55210493723164,68179315.0
UK01,United Kingdom,Ancestral,2020-03-29,19,3701.1428571428573,2894.0,54.28542157020582,68179315.0
UK01,United Kingdom,Ancestral,2020-03-30,20,3962.285714285714,4302.0,58.11565742902689,68179315.0
UK01,United Kingdom,Ancestral,2020-03-31,21,4206.0,4537.0,61.690264855257055,68179315.0
UK01,United Kingdom,Ancestral,2020-04-01,22,4383.428571428572,4967.0,64.2926461116333,68179315.0
UK01,United Kingdom,Ancestral,2020-04-02,23,4487.142857142857,4939.0,65.81384481705128,68179315.0
UK01,United Kingdom,Ancestral,2020-04-03,24,4637.714285714285,4951.0,68.02230684943498,68179315.0
UK01,United Kingdom,Ancestral,2020-04-04,25,4773.0,4094.0,70.00657017454634,68179315.0
UK01,United Kingdom,Ancestral,2020-04-05,26,4802.0,3620.0,70.43191912385743,68179315.0
UK01,United Kingdom,Ancestral,2020-04-06,27,4798.142857142857,5356.0,70.37534561828403,68179315.0
UK01,United Kingdom,Ancestral,2020-04-07,28,4710.714285714285,5484.0,69.09301282528703,68179315.0
UK01,United Kingdom,Ancestral,2020-04-08,29,4644.142857142857,5170.0,68.11659602539065,68179315.0
UK01,United Kingdom,Ancestral,2020-04-09,30,4632.142857142857,4912.0,67.94058956360675,68179315.0
UK01,United Kingdom,Ancestral,2020-04-10,31,4468.285714285715,4339.0,65.53726323424802,68179315.0
UK01,United Kingdom,Ancestral,2020-04-11,32,4307.571428571428,3628.0,63.18003383535649,68179315.0
UK01,United Kingdom,Ancestral,2020-04-12,33,4297.857142857143,3536.0,63.03755241391239,68179315.0
UK01,United Kingdom,Ancestral,2020-04-13,34,4358.714285714285,4209.0,63.9301566129593,68179315.0
UK01,United Kingdom,Ancestral,2020-04-14,35,4451.0,4359.0,65.28373011667836,68179315.0
UK01,United Kingdom,Ancestral,2020-04-15,36,4608.571428571428,5102.0,67.59486258510266,68179315.0
UK01,United Kingdom,Ancestral,2020-04-16,37,4655.857142857143,5338.0,68.28841185713208,68179315.0
UK01,United Kingdom,Ancestral,2020-04-17,38,4751.285714285715,4985.0,69.68808229131834,68179315.0
UK01,United Kingdom,Ancestral,2020-04-18,39,4810.142857142857,4731.0,70.55135208006794,68179315.0
UK01,United Kingdom,Ancestral,2020-04-19,40,4867.857142857143,3867.0,71.39785934864766,68179315.0
UK01,United Kingdom,Ancestral,2020-04-20,41,4841.428571428572,4877.0,71.01022606971883,68179315.0
UK01,United Kingdom,Ancestral,2020-04-21,42,4840.714285714285,4771.0,70.99974949461263,68179315.0
UK01,United Kingdom,Ancestral,2020-04-22,43,4705.285714285715,5506.0,69.01339085448006,68179315.0
UK01,United Kingdom,Ancestral,2020-04-23,44,4649.285714285715,5153.0,68.19202736615519,68179315.0
UK01,United Kingdom,Ancestral,2020-04-24,45,4625.0,4980.0,67.8358238125449,68179315.0
UK01,United Kingdom,Ancestral,2020-04-25,46,4618.285714285715,3783.0,67.73734400654678,68179315.0
UK01,United Kingdom,Ancestral,2020-04-26,47,4609.571428571428,3475.0,67.60952979025132,68179315.0
UK01,United Kingdom,Ancestral,2020-04-27,48,4583.285714285715,4707.0,67.22399182634373,68179315.0
UK01,United Kingdom,Ancestral,2020-04-28,49,4548.285714285715,4724.0,66.71063964614069,68179315.0
UK01,United Kingdom,Ancestral,2020-04-29,50,4468.714285714285,5445.0,65.54354917931173,68179315.0
UK01,United Kingdom,Ancestral,2020-04-30,51,4397.428571428572,4969.0,64.49798698371451,68179315.0
UK01,United Kingdom,Ancestral,2020-05-01,52,4208.428571428572,4735.0,61.72588521061809,68179315.0
UK01,United Kingdom,Ancestral,2020-05-02,53,4060.5714285714284,3226.0,59.55723416363788,68179315.0
UK01,United Kingdom,Ancestral,2020-05-03,54,3830.8571428571427,2976.0,56.18796760948893,68179315.0
UK01,United Kingdom,Ancestral,2020-05-04,55,3659.714285714286,3384.0,53.67778021404712,68179315.0
UK01,United Kingdom,Ancestral,2020-05-05,56,3419.285714285714,3689.0,50.151365033305396,68179315.0
UK01,United Kingdom,Ancestral,2020-05-06,57,3265.5714285714284,3837.0,47.89680607045448,68179315.0
UK01,United Kingdom,Ancestral,2020-05-07,58,3172.1428571428573,3771.0,46.52647004656555,68179315.0
UK01,United Kingdom,Ancestral,2020-05-08,59,3201.285714285714,3052.0,46.95391431089788,68179315.0
UK01,United Kingdom,Ancestral,2020-05-09,60,3159.5714285714284,2150.0,46.3420823246967,68179315.0
UK01,United Kingdom,Ancestral,2020-05-10,61,3082.714285714286,2322.0,45.214802843271244,68179315.0
UK01,United Kingdom,Ancestral,2020-05-11,62,2918.0,3588.0,42.798904623785084,68179315.0
UK01,United Kingdom,Ancestral,2020-05-12,63,2842.1428571428573,3397.0,41.68629234750829,68179315.0
UK01,United Kingdom,Ancestral,2020-05-13,64,2830.285714285714,3299.0,41.51238120074562,68179315.0
UK01,United Kingdom,Ancestral,2020-05-14,65,2759.4285714285716,2618.0,40.47310495021212,68179315.0
UK01,United Kingdom,Ancestral,2020-05-15,66,2614.8571428571427,2521.0,38.35264614872037,68179315.0
UK01,United Kingdom,Ancestral,2020-05-16,67,2567.1428571428573,2067.0,37.65281093162724,68179315.0
UK01,United Kingdom,Ancestral,2020-05-17,68,2483.0,1826.0,36.418670384118705,68179315.0
UK01,United Kingdom,Ancestral,2020-05-18,69,2473.8571428571427,2576.0,36.284570222759534,68179315.0
UK01,United Kingdom,Ancestral,2020-05-19,70,2405.714285714286,3063.0,35.285104957629535,68179315.0
UK01,United Kingdom,Ancestral,2020-05-20,71,2325.8571428571427,2710.0,34.1138238607581,68179315.0
UK01,United Kingdom,Ancestral,2020-05-21,72,2258.5714285714284,2554.0,33.126930485755516,68179315.0
UK01,United Kingdom,Ancestral,2020-05-22,73,2120.8571428571427,2044.0,31.10704680528314,68179315.0
UK01,United Kingdom,Ancestral,2020-05-23,74,1920.2857142857142,1508.0,28.16522451546652,68179315.0
UK01,United Kingdom,Ancestral,2020-05-24,75,1791.5714285714287,1355.0,26.27734568133207,68179315.0
UK01,United Kingdom,Ancestral,2020-05-25,76,1674.7142857142858,1612.0,24.563377993960273,68179315.0
UK01,United Kingdom,Ancestral,2020-05-26,77,1598.2857142857142,1659.0,23.44238445759853,68179315.0
UK01,United Kingdom,Ancestral,2020-05-27,78,1541.0,1809.0,22.602163134082527,68179315.0
UK01,United Kingdom,Ancestral,2020-05-28,79,1500.2857142857142,1736.0,22.004998353030008,68179315.0
UK01,United Kingdom,Ancestral,2020-05-29,80,1476.2857142857142,1509.0,21.65298542946221,68179315.0
UK01,United Kingdom,Ancestral,2020-05-30,81,1449.2857142857142,1107.0,21.256970890448432,68179315.0
UK01,United Kingdom,Ancestral,2020-05-31,82,1383.4285714285713,1070.0,20.291030665658216,68179315.0
UK01,United Kingdom,Ancestral,2020-06-01,83,1312.2857142857142,1444.0,19.24756378508224,68179315.0
UK01,United Kingdom,Ancestral,2020-06-02,84,1255.4285714285713,1470.0,18.41362840662995,68179315.0
UK01,United Kingdom,Ancestral,2020-06-03,85,1210.4285714285713,1348.0,17.753604174940325,68179315.0
UK01,United Kingdom,Ancestral,2020-06-04,86,1160.142857142857,1238.0,17.016053287464935,68179315.0
UK01,United Kingdom,Ancestral,2020-06-05,87,1110.2857142857142,1111.0,16.28478834505325,68179315.0
UK01,United Kingdom,Ancestral,2020-06-06,88,1065.7142857142858,792.0,15.631050058427336,68179315.0
UK01,United Kingdom,Ancestral,2020-06-07,89,1042.857142857143,718.0,15.29579965502943,68179315.0
UK01,United Kingdom,Ancestral,2020-06-08,90,1009.8571428571429,1095.0,14.811781885123704,68179315.0
UK01,United Kingdom,Ancestral,2020-06-09,91,1001.7142857142857,1158.0,14.6923489289132,68179315.0
UK01,United Kingdom,Ancestral,2020-06-10,92,1015.4285714285714,1188.0,14.893499170951944,68179315.0
UK01,United Kingdom,Ancestral,2020-06-11,93,1028.142857142857,1007.0,15.079982207842027,68179315.0
UK01,United Kingdom,Ancestral,2020-06-12,94,1018.5714285714286,1054.0,14.939596101419156,68179315.0
UK01,United Kingdom,Ancestral,2020-06-13,95,1007.8571428571429,888.0,14.78244747482639,68179315.0
UK01,United Kingdom,Ancestral,2020-06-14,96,981.0,807.0,14.388528250833849,68179315.0
UK01,United Kingdom,Ancestral,2020-06-15,97,982.8571428571429,1028.0,14.415767346109929,68179315.0
UK01,United Kingdom,Ancestral,2020-06-16,98,973.1428571428571,1083.0,14.273285924665819,68179315.0
UK01,United Kingdom,Ancestral,2020-06-17,99,941.4285714285714,1000.0,13.808125989951225,68179315.0
UK01,United Kingdom,Ancestral,2020-06-18,100,915.2857142857143,1020.0,13.424683341064872,68179315.0
UK01,United Kingdom,Ancestral,2020-06-19,101,895.8571428571429,986.0,13.13972049817665,68179315.0
UK01,United Kingdom,Ancestral,2020-06-20,102,867.1428571428571,666.0,12.718562178908032,68179315.0
UK01,United Kingdom,Ancestral,2020-06-21,103,835.1428571428571,624.0,12.249211614150965,68179315.0
UK01,United Kingdom,Ancestral,2020-06-22,104,789.0,892.0,11.572424862291445,68179315.0
UK01,United Kingdom,Ancestral,2020-06-23,105,739.7142857142857,882.0,10.84954117996471,68179315.0
UK01,United Kingdom,Ancestral,2020-06-24,106,735.1428571428571,776.0,10.782491099285128,68179315.0
UK01,United Kingdom,Ancestral,2020-06-25,107,704.1428571428571,697.0,10.32780773967672,68179315.0
UK01,United Kingdom,Ancestral,2020-06-26,108,665.2857142857143,641.0,9.757882053900282,68179315.0
UK01,United Kingdom,Ancestral,2020-06-27,109,597.0,634.0,8.75632147374904,68179315.0
UK01,United Kingdom,Ancestral,2020-06-28,110,495.14285714285717,407.0,7.262361863607124,68179315.0
UK01,United Kingdom,Ancestral,2020-06-29,111,396.42857142857144,620.0,5.814499183932421,68179315.0
UK01,United Kingdom,Ancestral,2020-06-30,112,376.57142857142856,404.0,5.523250395980489,68179315.0
UK01,United Kingdom,Ancestral,2020-07-01,113,375.2857142857143,63.0,5.504392560789358,68179315.0
UK01,United Kingdom,Ancestral,2020-07-02,114,391.2857142857143,6.0,5.739067843167891,68179315.0
UK01,United Kingdom,Ancestral,2020-07-03,115,353.14285714285717,502.0,5.179618732497638,68179315.0
UK02,United Kingdom,Ancestral/Alpha emergence,2020-08-05,0,842.1428571428571,908.0,12.351882050191575,68179315.0
UK02,United Kingdom,Ancestral/Alpha emergence,2020-08-06,1,894.4285714285714,963.0,13.118767347964283,68179315.0
UK02,United Kingdom,Ancestral/Alpha emergence,2020-08-07,2,877.1428571428571,901.0,12.865234230394616,68179315.0
UK02,United Kingdom,Ancestral/Alpha emergence,2020-08-08,3,945.5714285714286,766.0,13.868890125567097,68179315.0
UK02,United Kingdom,Ancestral/Alpha emergence,2020-08-09,4,963.7142857142857,1113.0,14.134995133264182,68179315.0
UK02,United Kingdom,Ancestral/Alpha emergence,2020-08-10,5,990.4285714285714,818.0,14.526819042235486,68179315.0
UK02,United Kingdom,Ancestral/Alpha emergence,2020-08-11,6,1070.142857142857,1150.0,15.69600482408568,68179315.0
UK02,United Kingdom,Ancestral/Alpha emergence,2020-08-12,7,1110.0,1035.0,16.280597715010778,68179315.0
UK02,United Kingdom,Ancestral/Alpha emergence,2020-08-13,8,1110.0,1150.0,16.280597715010778,68179315.0
UK02,United Kingdom,Ancestral/Alpha emergence,2020-08-14,9,1095.857142857143,1459.0,16.073161527908326,68179315.0
UK02,United Kingdom,Ancestral/Alpha emergence,2020-08-15,10,1090.857142857143,1045.0,15.99982550216503,68179315.0
UK02,United Kingdom,Ancestral/Alpha emergence,2020-08-16,11,1061.2857142857142,1113.0,15.566095292768988,68179315.0
UK02,United Kingdom,Ancestral/Alpha emergence,2020-08-17,12,1067.857142857143,719.0,15.662479783745889,68179315.0
UK02,United Kingdom,Ancestral/Alpha emergence,2020-08-18,13,1011.0,1115.0,14.828544405293599,68179315.0
UK02,United Kingdom,Ancestral/Alpha emergence,2020-08-19,14,1052.0,828.0,15.429899816388593,68179315.0
UK02,United Kingdom,Ancestral/Alpha emergence,2020-08-20,15,1043.0,1196.0,15.297894970050667,68179315.0
UK02,United Kingdom,Ancestral/Alpha emergence,2020-08-21,16,1079.5714285714287,1061.0,15.834295615487317,68179315.0
UK02,United Kingdom,Ancestral/Alpha emergence,2020-08-22,17,1091.2857142857142,1332.0,16.00611144722874,68179315.0
UK02,United Kingdom,Ancestral/Alpha emergence,2020-08-23,18,1136.7142857142858,1050.0,16.672421623982082,68179315.0
UK02,United Kingdom,Ancestral/Alpha emergence,2020-08-24,19,1186.4285714285713,975.0,17.401591251372523,68179315.0
UK02,United Kingdom,Ancestral/Alpha emergence,2020-08-25,20,1220.142857142857,1197.0,17.89608559638443,68179315.0
UK02,United Kingdom,Ancestral/Alpha emergence,2020-08-26,21,1188.5714285714287,1146.0,17.43302097669108,68179315.0
UK02,United Kingdom,Ancestral/Alpha emergence,2020-08-27,22,1289.142857142857,1544.0,18.90812275164186,68179315.0
UK02,United Kingdom,Ancestral/Alpha emergence,2020-08-28,23,1352.0,1297.0,19.8300613609861,68179315.0
UK02,United Kingdom,Ancestral/Alpha emergence,2020-08-29,24,1370.5714285714287,1111.0,20.102452313746902,68179315.0
UK02,United Kingdom,Ancestral/Alpha emergence,2020-08-30,25,1423.2857142857142,1754.0,20.875623556583317,68179315.0
UK02,United Kingdom,Ancestral/Alpha emergence,2020-08-31,26,1457.0,1415.0,21.37011790159523,68179315.0
UK02,United Kingdom,Ancestral/Alpha emergence,2020-09-01,27,1554.857142857143,1327.0,22.80540869114251,68179315.0
UK02,United Kingdom,Ancestral/Alpha emergence,2020-09-02,28,1657.142857142857,1515.0,24.305654246348137,68179315.0
UK02,United Kingdom,Ancestral/Alpha emergence,2020-09-03,29,1834.0,1780.0,26.89965424263943,68179315.0
UK02,United Kingdom,Ancestral/Alpha emergence,2020-09-04,30,2053.4285714285716,1982.0,30.11805811525932,68179315.0
UK02,United Kingdom,Ancestral/Alpha emergence,2020-09-05,31,2218.4285714285716,1827.0,32.53814696478795,68179315.0
UK02,United Kingdom,Ancestral/Alpha emergence,2020-09-06,32,2384.714285714286,2992.0,34.977093649507715,68179315.0
UK02,United Kingdom,Ancestral/Alpha emergence,2020-09-07,33,2549.5714285714284,2951.0,37.3950871840151,68179315.0
UK02,United Kingdom,Ancestral/Alpha emergence,2020-09-08,34,2772.5714285714284,2482.0,40.66587393216591,68179315.0
UK02,United Kingdom,Ancestral/Alpha emergence,2020-09-09,35,3012.285714285714,2679.0,44.18181253780145,68179315.0
UK02,United Kingdom,Ancestral/Alpha emergence,2020-09-10,36,3061.8571428571427,2934.0,44.90888685017065,68179315.0
UK02,United Kingdom,Ancestral/Alpha emergence,2020-09-11,37,3015.5714285714284,3543.0,44.23000478328989,68179315.0
UK02,United Kingdom,Ancestral/Alpha emergence,2020-09-12,38,3105.285714285714,3505.0,45.54586261662667,68179315.0
UK02,United Kingdom,Ancestral/Alpha emergence,2020-09-13,39,3295.285714285714,3339.0,48.33263159487176,68179315.0
UK02,United Kingdom,Ancestral/Alpha emergence,2020-09-14,40,3363.0,2627.0,49.32581091493805,68179315.0
UK02,United Kingdom,Ancestral/Alpha emergence,2020-09-15,41,3475.5714285714284,3110.0,50.97691915167274,68179315.0
UK02,United Kingdom,Ancestral/Alpha emergence,2020-09-16,42,3607.714285714286,4009.0,52.91508554631688,68179315.0
UK02,United Kingdom,Ancestral/Alpha emergence,2020-09-17,43,3688.0,3408.0,54.09265258825202,68179315.0
UK02,United Kingdom,Ancestral/Alpha emergence,2020-09-18,44,3937.4285714285716,4331.0,57.751072615331665,68179315.0
UK02,United Kingdom,Ancestral/Alpha emergence,2020-09-19,45,4198.428571428572,4430.0,61.5792131591315,68179315.0
UK02,United Kingdom,Ancestral/Alpha emergence,2020-09-20,46,4509.571428571428,3901.0,66.14280927538547,68179315.0
UK02,United Kingdom,Ancestral/Alpha emergence,2020-09-21,47,4972.0,4373.0,72.92534399912935,68179315.0
UK02,United Kingdom,Ancestral/Alpha emergence,2020-09-22,48,5335.714285714285,4937.0,78.26001604319852,68179315.0
UK02,United Kingdom,Ancestral/Alpha emergence,2020-09-23,49,5567.142857142857,6187.0,81.6544263776023,68179315.0
UK02,United Kingdom,Ancestral/Alpha emergence,2020-09-24,50,5824.857142857143,6645.0,85.4343746759137,68179315.0
UK02,United Kingdom,Ancestral/Alpha emergence,2020-09-25,51,5778.571428571428,6877.0,84.75549260903294,68179315.0
UK02,United Kingdom,Ancestral/Alpha emergence,2020-09-26,52,6095.714285714285,6050.0,89.40709195617887,68179315.0
UK02,United Kingdom,Ancestral/Alpha emergence,2020-09-27,53,6228.857142857143,5705.0,91.35992555597167,68179315.0
UK02,United Kingdom,Ancestral/Alpha emergence,2020-09-28,54,6270.0,4049.0,91.96337628208789,68179315.0
UK02,United Kingdom,Ancestral/Alpha emergence,2020-09-29,55,6285.857142857143,7157.0,92.1959562494452,68179315.0
UK02,United Kingdom,Ancestral/Alpha emergence,2020-09-30,56,7262.142857142857,7119.0,106.51533910457823,68179315.0
UK02,United Kingdom,Ancestral/Alpha emergence,2020-10-01,57,9728.42857142857,6933.0,142.6888576312122,68179315.0
UK02,United Kingdom,Ancestral/Alpha emergence,2020-10-02,58,10949.57142857143,6988.0,160.59961043274532,68179315.0
UK02,United Kingdom,Ancestral/Alpha emergence,2020-10-03,59,12006.0,12884.0,176.09446501479226,68179315.0
UK02,United Kingdom,Ancestral/Alpha emergence,2020-10-04,60,13014.142857142857,22969.0,190.88110311966108,68179315.0
UK02,United Kingdom,Ancestral/Alpha emergence,2020-10-05,61,14531.42857142857,12597.0,213.13544396021828,68179315.0
UK02,United Kingdom,Ancestral/Alpha emergence,2020-10-06,62,15517.714285714286,14552.0,227.60149886683794,68179315.0
UK02,United Kingdom,Ancestral/Alpha emergence,2020-10-07,63,15845.285714285714,14176.0,232.40605621053413,68179315.0
UK02,United Kingdom,Ancestral/Alpha emergence,2020-10-08,64,14405.57142857143,17554.0,211.28947142650858,68179315.0
UK02,United Kingdom,Ancestral/Alpha emergence,2020-10-09,65,14603.57142857143,13892.0,214.19357804594296,68179315.0
UK02,United Kingdom,Ancestral/Alpha emergence,2020-10-10,66,14988.857142857143,15177.0,219.8446426582189,68179315.0
UK02,United Kingdom,Ancestral/Alpha emergence,2020-10-11,67,15786.857142857143,12891.0,231.54907236684826,68179315.0
UK02,United Kingdom,Ancestral/Alpha emergence,2020-10-12,68,15993.142857142857,13983.0,234.57470725751435,68179315.0
UK02,United Kingdom,Ancestral/Alpha emergence,2020-10-13,69,16245.42857142857,17249.0,238.27503358501872,68179315.0
UK02,United Kingdom,Ancestral/Alpha emergence,2020-10-14,70,16389.85714285714,19762.0,240.39339707148923,68179315.0
UK02,United Kingdom,Ancestral/Alpha emergence,2020-10-15,71,16976.0,18998.0,248.99047460362428,68179315.0
UK02,United Kingdom,Ancestral/Alpha emergence,2020-10-16,72,17667.14285714286,15658.0,259.1276086763685,68179315.0
UK02,United Kingdom,Ancestral/Alpha emergence,2020-10-17,73,18256.0,16188.0,267.76449719390695,68179315.0
UK02,United Kingdom,Ancestral/Alpha emergence,2020-10-18,74,19247.85714285714,16994.0,282.3122693863548,68179315.0
UK02,United Kingdom,Ancestral/Alpha emergence,2020-10-19,75,19570.285714285714,18821.0,287.0413953892865,68179315.0
UK02,United Kingdom,Ancestral/Alpha emergence,2020-10-20,76,20270.0,21371.0,297.30424836330496,68179315.0
UK02,United Kingdom,Ancestral/Alpha emergence,2020-10-21,77,21249.14285714286,26705.0,311.66553751886266,68179315.0
UK02,United Kingdom,Ancestral/Alpha emergence,2020-10-22,78,21650.571428571428,21255.0,317.5533727285384,68179315.0
UK02,United Kingdom,Ancestral/Alpha emergence,2020-10-23,79,21948.285714285714,20556.0,321.92000923279613,68179315.0
UK02,United Kingdom,Ancestral/Alpha emergence,2020-10-24,80,22167.285714285714,23042.0,325.1321271603523,68179315.0
UK02,United Kingdom,Ancestral/Alpha emergence,2020-10-25,81,21882.85714285714,19804.0,320.96035495306955,68179315.0
UK02,United Kingdom,Ancestral/Alpha emergence,2020-10-26,82,22143.571428571428,20905.0,324.7843048668269,68179315.0
UK02,United Kingdom,Ancestral/Alpha emergence,2020-10-27,83,22695.285714285714,22904.0,332.8764114788439,68179315.0
UK02,United Kingdom,Ancestral/Alpha emergence,2020-10-28,84,22535.14285714286,24714.0,330.5275633400373,68179315.0
UK02,United Kingdom,Ancestral/Alpha emergence,2020-10-29,85,23030.0,23080.0,337.785734573602,68179315.0
UK02,United Kingdom,Ancestral/Alpha emergence,2020-10-30,86,22754.0,24418.0,333.7375859525723,68179315.0
UK02,United Kingdom,Ancestral/Alpha emergence,2020-10-31,87,22346.0,21921.0,327.75336625191966,68179315.0
UK02,United Kingdom,Ancestral/Alpha emergence,2020-11-01,88,22415.714285714286,23268.0,328.7758799822833,68179315.0
UK02,United Kingdom,Ancestral/Alpha emergence,2020-11-02,89,22570.85714285714,18973.0,331.05139209534656,68179315.0
UK02,United Kingdom,Ancestral/Alpha emergence,2020-11-03,90,22413.85714285714,20048.0,328.7486408870072,68179315.0
UK02,United Kingdom,Ancestral/Alpha emergence,2020-11-04,91,22853.428571428572,25202.0,335.1959252073532,68179315.0
UK02,United Kingdom,Ancestral/Alpha emergence,2020-11-05,92,22471.714285714286,24166.0,329.59724347060813,68179315.0
UK02,United Kingdom,Ancestral/Alpha emergence,2020-11-06,93,22814.85714285714,23319.0,334.63019015161916,68179315.0
UK02,United Kingdom,Ancestral/Alpha emergence,2020-11-07,94,22869.85714285714,24998.0,335.4368864347954,68179315.0
UK02,United Kingdom,Ancestral/Alpha emergence,2020-11-08,95,22555.428571428572,20596.0,330.82509807305297,68179315.0
UK02,United Kingdom,Ancestral/Alpha emergence,2020-11-09,96,23891.285714285714,21375.0,350.4183888366393,68179315.0
UK02,United Kingdom,Ancestral/Alpha emergence,2020-11-10,97,24464.285714285714,20433.0,358.8226973868205,68179315.0
UK02,United Kingdom,Ancestral/Alpha emergence,2020-11-11,98,24735.0,23001.0,362.7933193520645,68179315.0
UK02,United Kingdom,Ancestral/Alpha emergence,2020-11-12,99,25362.714285714286,33517.0,372.0001335553795,68179315.0
UK02,United Kingdom,Ancestral/Alpha emergence,2020-11-13,100,25364.428571428572,27330.0,372.0252773356343,68179315.0
UK02,United Kingdom,Ancestral/Alpha emergence,2020-11-14,101,25312.714285714286,26893.0,371.26677329794654,68179315.0
UK02,United Kingdom,Ancestral/Alpha emergence,2020-11-15,102,24831.428571428572,24990.0,364.2076569913994,68179315.0
UK02,United Kingdom,Ancestral/Alpha emergence,2020-11-16,103,23319.285714285714,21387.0,342.02874749160674,68179315.0
UK02,United Kingdom,Ancestral/Alpha emergence,2020-11-17,104,22312.714285714286,20071.0,327.2651578519715,68179315.0
UK02,United Kingdom,Ancestral/Alpha emergence,2020-11-18,105,21316.85714285714,19632.0,312.6587168389289,68179315.0
UK02,United Kingdom,Ancestral/Alpha emergence,2020-11-19,106,20415.428571428572,22932.0,299.4372790549241,68179315.0
UK02,United Kingdom,Ancestral/Alpha emergence,2020-11-20,107,19570.571428571428,20284.0,287.045586019329,68179315.0
UK02,United Kingdom,Ancestral/Alpha emergence,2020-11-21,108,18320.571428571428,19922.0,268.7115795835061,68179315.0
UK02,United Kingdom,Ancestral/Alpha emergence,2020-11-22,109,18122.714285714286,18680.0,265.80956827909296,68179315.0
UK02,United Kingdom,Ancestral/Alpha emergence,2020-11-23,110,17355.85714285714,15473.0,254.56191724509318,68179315.0
UK02,United Kingdom,Ancestral/Alpha emergence,2020-11-24,111,16570.14285714286,11321.0,243.03768462829024,68179315.0
UK02,United Kingdom,Ancestral/Alpha emergence,2020-11-25,112,15997.857142857143,18247.0,234.6438526532152,68179315.0
UK02,United Kingdom,Ancestral/Alpha emergence,2020-11-26,113,15071.285714285714,17564.0,221.0536394254726,68179315.0
UK02,United Kingdom,Ancestral/Alpha emergence,2020-11-27,114,14628.714285714286,14784.0,214.56235348968065,68179315.0
UK02,United Kingdom,Ancestral/Alpha emergence,2020-11-28,115,14938.0,15916.0,219.09871051065855,68179315.0
UK02,United Kingdom,Ancestral/Alpha emergence,2020-11-29,116,14646.714285714286,12194.0,214.8263631823565,68179315.0
UK02,United Kingdom,Ancestral/Alpha emergence,2020-11-30,117,14269.714285714286,12375.0,209.2968268413123,68179315.0
UK03,United Kingdom,Alpha,2020-12-01,0,14497.857142857143,13486.0,212.64304493022763,68179315.0
UK03,United Kingdom,Alpha,2020-12-02,1,14455.0,16208.0,212.01445042385654,68179315.0
UK03,United Kingdom,Alpha,2020-12-03,2,15190.714285714286,14925.0,222.80532278322664,68179315.0
UK03,United Kingdom,Alpha,2020-12-04,3,15532.285714285714,16381.0,227.81522099900408,68179315.0
UK03,United Kingdom,Alpha,2020-12-05,4,15379.42857142857,15616.0,225.57323392628058,68179315.0
UK03,United Kingdom,Alpha,2020-12-06,5,15438.714285714286,17344.0,226.44278966009392,68179315.0
UK03,United Kingdom,Alpha,2020-12-07,6,16317.714285714286,14766.0,239.33526298576461,68179315.0
UK03,United Kingdom,Alpha,2020-12-08,7,17086.0,12416.0,250.60386716997667,68179315.0
UK03,United Kingdom,Alpha,2020-12-09,8,17933.0,16623.0,263.02698993089035,68179315.0
UK03,United Kingdom,Alpha,2020-12-10,9,18102.0,21078.0,265.5057476010136,68179315.0
UK03,United Kingdom,Alpha,2020-12-11,10,18902.85714285714,21759.0,277.2520836100677,68179315.0
UK03,United Kingdom,Alpha,2020-12-12,11,19786.0,21545.0,290.20532107135426,68179315.0
UK03,United Kingdom,Alpha,2020-12-13,12,21020.14285714286,18527.0,308.3067475398199,68179315.0
UK03,United Kingdom,Alpha,2020-12-14,13,23079.714285714286,20372.0,338.5149042009924,68179315.0
UK03,United Kingdom,Alpha,2020-12-15,14,24066.714285714286,18598.0,352.99143568271825,68179315.0
UK03,United Kingdom,Alpha,2020-12-16,15,24876.285714285714,25262.0,364.86558590806777,68179315.0
UK03,United Kingdom,Alpha,2020-12-17,16,27387.571428571428,35495.0,401.6991286663914,68179315.0
UK03,United Kingdom,Alpha,2020-12-18,17,29255.285714285714,28668.0,429.09327725404273,68179315.0
UK03,United Kingdom,Alpha,2020-12-19,18,31885.428571428572,27212.0,467.67012211003544,68179315.0
UK03,United Kingdom,Alpha,2020-12-20,19,33899.28571428572,36106.0,497.20777796441223,68179315.0
UK03,United Kingdom,Alpha,2020-12-21,20,34426.57142857143,33446.0,504.94158570779757,68179315.0
UK03,United Kingdom,Alpha,2020-12-22,21,35026.71428571428,37009.0,513.7440041120138,68179315.0
UK03,United Kingdom,Alpha,2020-12-23,22,36116.0,39359.0,529.7207811489452,68179315.0
UK03,United Kingdom,Alpha,2020-12-24,23,35591.71428571428,39186.0,522.0309750210057,68179315.0
UK03,United Kingdom,Alpha,2020-12-25,24,36734.71428571428,32869.0,538.7955905059223,68179315.0
UK03,United Kingdom,Alpha,2020-12-26,25,39060.142857142855,34837.0,572.9031284216167,68179315.0
UK03,United Kingdom,Alpha,2020-12-27,26,40614.28571428572,32436.0,595.6980605376531,68179315.0
UK03,United Kingdom,Alpha,2020-12-28,27,43017.28571428572,41447.0,630.9433545098791,68179315.0
UK03,United Kingdom,Alpha,2020-12-29,28,45962.28571428572,53287.0,674.138273672678,68179315.0
UK03,United Kingdom,Alpha,2020-12-30,29,49253.71428571428,50238.0,722.4143317619762,68179315.0
UK03,United Kingdom,Alpha,2020-12-31,30,52493.71428571428,56007.0,769.9360764436293,68179315.0
UK03,United Kingdom,Alpha,2021-01-01,31,54989.71428571428,53484.0,806.5454204946806,68179315.0
UK03,United Kingdom,Alpha,2021-01-02,32,56104.857142857145,57877.0,822.9014495504559,68179315.0
UK03,United Kingdom,Alpha,2021-01-03,33,57864.28571428572,55116.0,848.7073493520097,68179315.0
UK03,United Kingdom,Alpha,2021-01-04,34,57405.857142857145,58919.0,841.9834834488605,68179315.0
UK03,United Kingdom,Alpha,2021-01-05,35,59507.57142857143,61093.0,872.8097580412978,68179315.0
UK03,United Kingdom,Alpha,2021-01-06,36,59821.57142857143,62554.0,877.4152604579766,68179315.0
UK03,United Kingdom,Alpha,2021-01-07,37,59807.857142857145,52798.0,877.2141102159379,68179315.0
UK03,United Kingdom,Alpha,2021-01-08,38,58004.857142857145,68196.0,850.7691393329068,68179315.0
UK03,United Kingdom,Alpha,2021-01-09,39,55799.57142857143,60075.0,818.4237613500726,68179315.0
UK03,United Kingdom,Alpha,2021-01-10,40,53672.28571428572,55020.0,787.2224253688339,68179315.0
UK03,United Kingdom,Alpha,2021-01-11,41,53101.28571428572,46298.0,778.8474512289499,68179315.0
UK03,United Kingdom,Alpha,2021-01-12,42,51342.71428571428,45656.0,753.0541233175236,68179315.0
UK03,United Kingdom,Alpha,2021-01-13,43,48680.142857142855,47663.0,714.00164195171,68179315.0
UK03,United Kingdom,Alpha,2021-01-14,44,46345.0,48801.0,679.7516226145716,68179315.0
UK03,United Kingdom,Alpha,2021-01-15,45,45103.857142857145,55886.0,661.5475257100654,68179315.0
UK03,United Kingdom,Alpha,2021-01-16,46,43359.142857142855,41437.0,635.957443355699,68179315.0
UK03,United Kingdom,Alpha,2021-01-17,47,42120.0,38674.0,617.78268086149,68179315.0
UK03,United Kingdom,Alpha,2021-01-18,48,40574.28571428572,37610.0,595.1113723317068,68179315.0
UK03,United Kingdom,Alpha,2021-01-19,49,38351.57142857143,33443.0,562.5103659162817,68179315.0
UK03,United Kingdom,Alpha,2021-01-20,50,37238.0,38989.0,546.1773853257399,68179315.0
UK03,United Kingdom,Alpha,2021-01-21,51,36013.0,37981.0,528.2100590186334,68179315.0
UK03,United Kingdom,Alpha,2021-01-22,52,33816.0,40327.0,495.98620930703106,68179315.0
UK03,United Kingdom,Alpha,2021-01-23,53,31923.85714285714,33642.0,468.2337618507481,68179315.0
UK03,United Kingdom,Alpha,2021-01-24,54,29976.285714285714,30099.0,439.6683321662254,68179315.0
UK03,United Kingdom,Alpha,2021-01-25,55,28666.0,22231.0,420.4501027914405,68179315.0
UK03,United Kingdom,Alpha,2021-01-26,56,27072.571428571428,20198.0,397.078959044564,68179315.0
UK03,United Kingdom,Alpha,2021-01-27,57,25603.0,25356.0,375.52445342109996,68179315.0
UK03,United Kingdom,Alpha,2021-01-28,58,24329.428571428572,28809.0,356.8447200067729,68179315.0
UK03,United Kingdom,Alpha,2021-01-29,59,23821.571428571428,29173.0,349.39587510627564,68179315.0
UK03,United Kingdom,Alpha,2021-01-30,60,23352.428571428572,23355.0,342.5148605765337,68179315.0
UK03,United Kingdom,Alpha,2021-01-31,61,22480.285714285714,21184.0,329.7229623718823,68179315.0
UK03,United Kingdom,Alpha,2021-02-01,62,21326.428571428572,18676.0,312.7991029453518,68179315.0
UK03,United Kingdom,Alpha,2021-02-02,63,19900.14285714286,16914.0,291.87947777332255,68179315.0
UK03,United Kingdom,Alpha,2021-02-03,64,19186.14285714286,19251.0,281.4070932971805,68179315.0
UK03,United Kingdom,Alpha,2021-02-04,65,18433.714285714286,20732.0,270.3710690803257,68179315.0
UK03,United Kingdom,Alpha,2021-02-05,66,17783.85714285714,19189.0,260.839481048719,68179315.0
UK03,United Kingdom,Alpha,2021-02-06,67,17145.0,18357.0,251.46923227374754,68179315.0
UK03,United Kingdom,Alpha,2021-02-07,68,16263.857142857143,15917.0,238.54532922275828,68179315.0
UK03,United Kingdom,Alpha,2021-02-08,69,15237.285714285714,14127.0,223.48839548014985,68179315.0
UK03,United Kingdom,Alpha,2021-02-09,70,14666.142857142857,12442.0,215.1113260252447,68179315.0
UK03,United Kingdom,Alpha,2021-02-10,71,13952.285714285714,13083.0,204.6410368641239,68179315.0
UK03,United Kingdom,Alpha,2021-02-11,72,13249.0,13546.0,194.32580101457458,68179315.0
UK03,United Kingdom,Alpha,2021-02-12,73,12628.142857142857,15191.0,185.21956193227896,68179315.0
UK03,United Kingdom,Alpha,2021-02-13,74,12370.42857142857,13360.0,181.43961363396758,68179315.0
UK03,United Kingdom,Alpha,2021-02-14,75,12324.285714285714,10994.0,180.76282688210807,68179315.0
UK03,United Kingdom,Alpha,2021-02-15,76,12117.142857142857,9781.0,177.72462010131454,68179315.0
UK03,United Kingdom,Alpha,2021-02-16,77,11675.0,10638.0,171.23962011058634,68179315.0
UK03,United Kingdom,Alpha,2021-02-17,78,11260.142857142857,12760.0,165.15482528891434,68179315.0
UK03,United Kingdom,Alpha,2021-02-18,79,11095.0,12096.0,162.73264112436448,68179315.0
UK03,United Kingdom,Alpha,2021-02-19,80,11220.0,12096.0,164.56604176794676,68179315.0
UK03,United Kingdom,Alpha,2021-02-20,81,10918.42857142857,10456.0,160.14283175811565,68179315.0
UK03,United Kingdom,Alpha,2021-02-21,82,10516.42857142857,9838.0,154.246615288355,68179315.0
UK03,United Kingdom,Alpha,2021-02-22,83,10219.857142857143,10656.0,149.89674130426718,68179315.0
UK03,United Kingdom,Alpha,2021-02-23,84,9718.57142857143,8527.0,142.54428089474686,68179315.0
UK03,United Kingdom,Alpha,2021-02-24,85,9290.285714285714,9946.0,136.2625264610786,68179315.0
UK03,United Kingdom,Alpha,2021-02-25,86,8749.714285714286,10020.0,128.33385442071815,68179315.0
UK03,United Kingdom,Alpha,2021-02-26,87,8008.0,8587.0,117.45497883045613,68179315.0
UK03,United Kingdom,Alpha,2021-02-27,88,7705.571428571428,7458.0,113.0191969304976,68179315.0
UK03,United Kingdom,Alpha,2021-02-28,89,7201.857142857143,6054.0,105.63111616561626,68179315.0
UK03,United Kingdom,Alpha,2021-03-01,90,6719.428571428572,5464.0,98.55523733889922,68179315.0
UK03,United Kingdom,Alpha,2021-03-02,91,6353.571428571428,6410.0,93.18913556951149,68179315.0
UK03,United Kingdom,Alpha,2021-03-03,92,6162.142857142857,6420.0,90.38141344105404,68179315.0
UK03,United Kingdom,Alpha,2021-03-04,93,6048.857142857143,6643.0,88.71982862921317,68179315.0
UK03,United Kingdom,Alpha,2021-03-05,94,5957.142857142857,6026.0,87.37463638557908,68179315.0
UK03,United Kingdom,Alpha,2021-03-06,95,5879.714285714285,6118.0,86.23897564406866,68179315.0
UK03,United Kingdom,Alpha,2021-03-07,96,5822.857142857143,5261.0,85.40504026561639,68179315.0
UK03,United Kingdom,Alpha,2021-03-08,97,5850.285714285715,4822.0,85.80734074969386,68179315.0
UK03,United Kingdom,Alpha,2021-03-09,98,5944.285714285715,5868.0,87.18605803366776,68179315.0
UK03,United Kingdom,Alpha,2021-03-10,99,5872.714285714285,6022.0,86.13630520802806,68179315.0
UK03,United Kingdom,Alpha,2021-03-11,100,5791.857142857143,6835.0,84.95035690600798,68179315.0
UK03,United Kingdom,Alpha,2021-03-12,101,5835.857142857143,6684.0,85.59571393254895,68179315.0
UK03,United Kingdom,Alpha,2021-03-13,102,5763.571428571428,5617.0,84.53548453180305,68179315.0
UK03,United Kingdom,Alpha,2021-03-14,103,5730.857142857143,4695.0,84.05565739193982,68179315.0
UK03,United Kingdom,Alpha,2021-03-15,104,5659.142857142857,5130.0,83.00380925127888,68179315.0
UK03,United Kingdom,Alpha,2021-03-16,105,5400.285714285715,5362.0,79.20709843279761,68179315.0
UK03,United Kingdom,Alpha,2021-03-17,106,5403.428571428572,5793.0,79.25319536326481,68179315.0
UK03,United Kingdom,Alpha,2021-03-18,107,5497.857142857143,6333.0,80.63819859230242,68179315.0
UK03,United Kingdom,Alpha,2021-03-19,108,5537.428571428572,4872.0,81.21860085318504,68179315.0
UK03,United Kingdom,Alpha,2021-03-20,109,5545.142857142857,5639.0,81.33174786433182,68179315.0
UK03,United Kingdom,Alpha,2021-03-21,110,5521.428571428572,5356.0,80.9839255708065,68179315.0
UK03,United Kingdom,Alpha,2021-03-22,111,5513.428571428572,5407.0,80.86658792961724,68179315.0
UK03,United Kingdom,Alpha,2021-03-23,112,5708.142857142857,5416.0,83.72250230356313,68179315.0
UK03,United Kingdom,Alpha,2021-03-24,113,5461.0,5627.0,80.09760731682329,68179315.0
UK03,United Kingdom,Alpha,2021-03-25,114,5259.714285714285,6277.0,77.14530845190048,68179315.0
UK03,United Kingdom,Alpha,2021-03-26,115,5170.714285714285,6235.0,75.8399271936699,68179315.0
UK03,United Kingdom,Alpha,2021-03-27,116,4978.285714285715,3909.0,73.01753786006378,68179315.0
UK03,United Kingdom,Alpha,2021-03-28,117,4762.285714285715,3947.0,69.84942154795358,68179315.0
UK03,United Kingdom,Alpha,2021-03-29,118,4517.714285714285,4784.0,66.26224223159599,68179315.0
UK03,United Kingdom,Alpha,2021-03-30,119,4116.0,4069.0,60.3702163918778,68179315.0
UK03,United Kingdom,Alpha,2021-03-31,120,4046.714285714286,4115.0,59.3539886065779,68179315.0
UK03,United Kingdom,Alpha,2021-04-01,121,3826.4285714285716,4565.0,56.123012843830594,68179315.0
UK03,United Kingdom,Alpha,2021-04-02,122,3547.4285714285716,3423.0,52.030862607354905,68179315.0
UK03,United Kingdom,Alpha,2021-04-03,123,3309.5714285714284,3424.0,48.54216309699545,68179315.0
UK03,United Kingdom,Alpha,2021-04-04,124,3121.285714285714,2405.0,45.78053789900521,68179315.0
UK03,United Kingdom,Alpha,2021-04-05,125,2915.4285714285716,2831.0,42.76118895340282,68179315.0
UK03,United Kingdom,Alpha,2021-04-06,126,2426.4285714285716,2404.0,35.58892563570889,68179315.0
UK03,United Kingdom,Alpha,2021-04-07,127,2324.8571428571427,2797.0,34.09915665560944,68179315.0
UK03,United Kingdom,Alpha,2021-04-08,128,2228.4285714285716,3124.0,32.68481901627453,68179315.0
UK03,United Kingdom,Alpha,2021-04-09,129,2350.5714285714284,0.0,34.47631335943208,68179315.0
UK03,United Kingdom,Alpha,2021-04-10,130,2364.8571428571427,2713.0,34.68584486155577,68179315.0
UK03,United Kingdom,Alpha,2021-04-11,131,2326.714285714286,1730.0,34.12639575088552,68179315.0
UK03,United Kingdom,Alpha,2021-04-12,132,2275.714285714286,3686.0,33.37836828830395,68179315.0
UK03,United Kingdom,Alpha,2021-04-13,133,2676.714285714286,2504.0,39.25991755291595,68179315.0
UK03,United Kingdom,Alpha,2021-04-14,134,2613.8571428571427,2530.0,38.337978943571706,68179315.0
UK03,United Kingdom,Alpha,2021-04-15,135,2635.8571428571427,2767.0,38.66065745684219,68179315.0
UK03,United Kingdom,Alpha,2021-04-16,136,2545.5714285714284,2807.0,37.33641836342047,68179315.0
UK03,United Kingdom,Alpha,2021-04-17,137,2549.4285714285716,2273.0,37.39299186899386,68179315.0
UK03,United Kingdom,Alpha,2021-04-18,138,2534.0,1884.0,37.16669784670027,68179315.0
UK03,United Kingdom,Alpha,2021-04-19,139,2533.8571428571427,3054.0,37.16460253167904,68179315.0
UK03,United Kingdom,Alpha,2021-04-20,140,2518.285714285714,2531.0,36.936213194364214,68179315.0
UK03,United Kingdom,Alpha,2021-04-21,141,2496.714285714286,2422.0,36.61982062615744,68179315.0
UK03,United Kingdom,Alpha,2021-04-22,142,2475.1428571428573,2766.0,36.303428057950676,68179315.0
UK03,United Kingdom,Alpha,2021-04-23,143,2341.5714285714284,2698.0,34.34430851309416,68179315.0
UK03,United Kingdom,Alpha,2021-04-24,144,2365.4285714285716,2122.0,34.69422612164073,68179315.0
UK03,United Kingdom,Alpha,2021-04-25,145,2331.8571428571427,1733.0,34.20182709165005,68179315.0
UK03,United Kingdom,Alpha,2021-04-26,146,2288.0,2119.0,33.55856538013032,68179315.0
UK04,United Kingdom,Delta,2021-05-17,0,1860.142857142857,1991.0,27.28309689152578,68179315.0
UK04,United Kingdom,Delta,2021-05-18,1,1933.142857142857,0.0,28.353802867377844,68179315.0
UK04,United Kingdom,Delta,2021-05-19,2,1999.4285714285713,2146.0,29.326029037231766,68179315.0
UK04,United Kingdom,Delta,2021-05-20,3,2023.4285714285713,2699.0,29.67804196079957,68179315.0
UK04,United Kingdom,Delta,2021-05-21,4,2077.0,2709.0,30.46378509376341,68179315.0
UK04,United Kingdom,Delta,2021-05-22,5,2422.4285714285716,2524.0,35.53025681511425,68179315.0
UK04,United Kingdom,Delta,2021-05-23,6,2543.1428571428573,2095.0,37.300798008059445,68179315.0
UK04,United Kingdom,Delta,2021-05-24,7,2641.0,2366.0,38.73608879760672,68179315.0
UK04,United Kingdom,Delta,2021-05-25,8,2829.714285714286,2418.0,41.503999940660684,68179315.0
UK04,United Kingdom,Delta,2021-05-26,9,2932.1428571428573,2991.0,43.006340810887544,68179315.0
UK04,United Kingdom,Delta,2021-05-27,10,3077.714285714286,3384.0,45.14146681752795,68179315.0
UK04,United Kingdom,Delta,2021-05-28,11,3210.285714285714,4030.0,47.0859191572358,68179315.0
UK04,United Kingdom,Delta,2021-05-29,12,3308.0,3241.0,48.519114631761845,68179315.0
UK04,United Kingdom,Delta,2021-05-30,13,3489.8571428571427,3114.0,51.18645065379643,68179315.0
UK04,United Kingdom,Delta,2021-05-31,14,3746.5714285714284,3294.0,54.951731746959155,68179315.0
UK04,United Kingdom,Delta,2021-06-01,15,4048.5714285714284,3102.0,59.38122770185398,68179315.0
UK04,United Kingdom,Delta,2021-06-02,16,4393.428571428572,4264.0,64.43931816311988,68179315.0
UK04,United Kingdom,Delta,2021-06-03,17,4695.142857142857,5181.0,68.86462348797222,68179315.0
UK04,United Kingdom,Delta,2021-06-04,18,5023.142857142857,6144.0,73.67546677673216,68179315.0
UK04,United Kingdom,Delta,2021-06-05,19,5434.142857142857,5655.0,79.70368809283076,68179315.0
UK04,United Kingdom,Delta,2021-06-06,20,5870.571428571428,5226.0,86.1048754827095,68179315.0
UK04,United Kingdom,Delta,2021-06-07,21,6164.428571428572,5590.0,90.41493848139383,68179315.0
UK04,United Kingdom,Delta,2021-06-08,22,6425.0,5979.0,94.23679308012996,68179315.0
UK04,United Kingdom,Delta,2021-06-09,23,6696.857142857143,7319.0,98.22417756554378,68179315.0
UK04,United Kingdom,Delta,2021-06-10,24,6996.714285714285,7238.0,102.62224379512004,68179315.0
UK04,United Kingdom,Delta,2021-06-11,25,7286.571428571428,7968.0,106.87363797320974,68179315.0
UK04,United Kingdom,Delta,2021-06-12,26,7517.428571428572,7558.0,110.25966704752858,68179315.0
UK04,United Kingdom,Delta,2021-06-13,27,7731.714285714285,7325.0,113.40263957938394,68179315.0
UK04,United Kingdom,Delta,2021-06-14,28,8242.285714285714,7619.0,120.89129546528466,68179315.0
UK04,United Kingdom,Delta,2021-06-15,29,8573.857142857143,7595.0,125.75452162957554,68179315.0
UK04,United Kingdom,Delta,2021-06-16,30,8933.857142857143,8819.0,131.03471548309253,68179315.0
UK04,United Kingdom,Delta,2021-06-17,31,9184.142857142857,10812.0,134.7057074002996,68179315.0
UK04,United Kingdom,Delta,2021-06-18,32,9592.142857142857,10289.0,140.68992710095222,68179315.0
UK04,United Kingdom,Delta,2021-06-19,33,10148.285714285714,10078.0,148.84698847862748,68179315.0
UK04,United Kingdom,Delta,2021-06-20,34,11167.57142857143,9077.0,163.79706115515282,68179315.0
UK04,United Kingdom,Delta,2021-06-21,35,12012.142857142857,10475.0,176.1845635607054,68179315.0
UK04,United Kingdom,Delta,2021-06-22,36,12732.42857142857,11488.0,186.7491418977819,68179315.0
UK04,United Kingdom,Delta,2021-06-23,37,13860.714285714286,15954.0,203.29793993551104,68179315.0
UK04,United Kingdom,Delta,2021-06-24,38,14658.0,16724.0,214.9918930690342,68179315.0
UK04,United Kingdom,Delta,2021-06-25,39,16400.714285714286,15331.0,240.55264101310328,68179315.0
UK04,United Kingdom,Delta,2021-06-26,40,17652.428571428572,17976.0,258.91179122918106,68179315.0
UK04,United Kingdom,Delta,2021-06-27,41,19037.285714285714,14658.0,279.22377504505164,68179315.0
UK04,United Kingdom,Delta,2021-06-28,42,20595.85714285714,22674.0,302.0836619267463,68179315.0
UK04,United Kingdom,Delta,2021-06-29,43,22243.714285714286,20250.0,326.25312069671406,68179315.0
UK04,United Kingdom,Delta,2021-06-30,44,23180.571428571428,25648.0,339.9941966059857,68179315.0
UK04,United Kingdom,Delta,2021-07-01,45,24511.285714285714,27634.0,359.5120560288075,68179315.0
UK04,United Kingdom,Delta,2021-07-02,46,25151.0,26866.0,368.8948766939064,68179315.0
UK04,United Kingdom,Delta,2021-07-03,47,26320.85714285714,24534.0,386.05341140281536,68179315.0
UK04,United Kingdom,Delta,2021-07-04,48,27247.714285714286,23973.0,399.64781526060045,68179315.0
UK04,United Kingdom,Delta,2021-07-05,49,27886.14285714286,27152.0,409.01177809050824,68179315.0
UK04,United Kingdom,Delta,2021-07-06,50,29151.428571428572,28439.0,427.5699832336035,68179315.0
UK04,United Kingdom,Delta,2021-07-07,51,30219.14285714286,32136.0,443.2303677023282,68179315.0
UK04,United Kingdom,Delta,2021-07-08,52,31300.428571428572,32103.0,459.0898070980703,68179315.0
UK04,United Kingdom,Delta,2021-07-09,53,32348.714285714286,35723.0,474.46522872390676,68179315.0
UK04,United Kingdom,Delta,2021-07-10,54,33486.0,32008.0,491.1460316079738,68179315.0
UK04,United Kingdom,Delta,2021-07-11,55,34924.142857142855,31542.0,512.2395679267656,68179315.0
UK04,United Kingdom,Delta,2021-07-12,56,37275.857142857145,34490.0,546.7326438063678,68179315.0
UK04,United Kingdom,Delta,2021-07-13,57,39604.0,36400.0,580.8799927074656,68179315.0
UK04,United Kingdom,Delta,2021-07-14,58,42801.0,42203.0,627.7710475677264,68179315.0
UK04,United Kingdom,Delta,2021-07-15,59,45192.0,48565.0,662.8403350781684,68179315.0
UK04,United Kingdom,Delta,2021-07-16,60,45980.28571428572,52020.0,674.4022833653538,68179315.0
UK04,United Kingdom,Delta,2021-07-17,61,47441.28571428572,54387.0,695.8310700875437,68179315.0
UK04,United Kingdom,Delta,2021-07-18,62,47722.142857142855,48279.0,699.9504594192953,68179315.0
UK04,United Kingdom,Delta,2021-07-19,63,46500.0,40008.0,682.0250394126136,68179315.0
UK04,United Kingdom,Delta,2021-07-20,64,44231.142857142855,46627.0,648.747246245329,68179315.0
UK04,United Kingdom,Delta,2021-07-21,65,41005.0,44169.0,601.4287471207359,68179315.0
UK04,United Kingdom,Delta,2021-07-22,66,38262.42857142857,40010.0,561.2028893430298,68179315.0
UK04,United Kingdom,Delta,2021-07-23,67,36074.71428571428,36138.0,529.1152351078077,68179315.0
UK04,United Kingdom,Delta,2021-07-24,68,32752.14285714286,31804.0,480.3823983438798,68179315.0
UK04,United Kingdom,Delta,2021-07-25,69,30118.428571428572,29081.0,441.75317061235614,68179315.0
UK04,United Kingdom,Delta,2021-07-26,70,28815.85714285714,24694.0,422.64808824871795,68179315.0
UK04,United Kingdom,Delta,2021-07-27,71,27843.571428571428,23369.0,408.3873742141796,68179315.0
UK04,United Kingdom,Delta,2021-07-28,72,26993.714285714286,25733.0,395.9223451528413,68179315.0
UK04,United Kingdom,Delta,2021-07-29,73,26300.714285714286,30892.0,385.757971984821,68179315.0
UK04,United Kingdom,Delta,2021-07-30,74,25967.571428571428,29332.0,380.87169735529653,68179315.0
UK04,United Kingdom,Delta,2021-07-31,75,25726.714285714286,25855.0,377.3389962294911,68179315.0
UK04,United Kingdom,Delta,2021-08-01,76,26214.0,24230.0,384.4861157669302,68179315.0
UK04,United Kingdom,Delta,2021-08-02,77,26090.85714285714,22362.0,382.67995421862395,68179315.0
UK05,United Kingdom,Delta,2021-08-03,0,26419.571428571428,21683.0,387.5012740824901,68179315.0
UK05,United Kingdom,Delta,2021-08-04,1,26780.14285714286,29144.0,392.78984919609206,68179315.0
UK05,United Kingdom,Delta,2021-08-05,2,27214.14285714286,30030.0,399.15541623060983,68179315.0
UK05,United Kingdom,Delta,2021-08-06,3,27593.14285714286,31633.0,404.7142869819513,68179315.0
UK05,United Kingdom,Delta,2021-08-07,4,27844.714285714286,28379.0,408.4041367343495,68179315.0
UK05,United Kingdom,Delta,2021-08-08,5,27880.714285714286,27268.0,408.9321561197012,68179315.0
UK05,United Kingdom,Delta,2021-08-09,6,28286.714285714286,25015.0,414.8870414100565,68179315.0
UK05,United Kingdom,Delta,2021-08-10,7,28413.0,23444.0,416.7392998888299,68179315.0
UK05,United Kingdom,Delta,2021-08-11,8,28541.571428571428,29396.0,418.6250834079431,68179315.0
UK05,United Kingdom,Delta,2021-08-12,9,28434.14285714286,32872.0,417.049406511973,68179315.0
UK05,United Kingdom,Delta,2021-08-13,10,28903.85714285714,32517.0,423.9388023017999,68179315.0
UK05,United Kingdom,Delta,2021-08-14,11,29374.714285714286,29279.0,430.8449606117968,68179315.0
UK05,United Kingdom,Delta,2021-08-15,12,30005.571428571428,26516.0,440.09787174557897,68179315.0
UK05,United Kingdom,Delta,2021-08-16,13,30515.428571428572,28303.0,447.5760510563735,68179315.0
UK05,United Kingdom,Delta,2021-08-17,14,31172.14285714286,26740.0,457.20821420899955,68179315.0
UK05,United Kingdom,Delta,2021-08-18,15,31551.714285714286,33812.0,462.77546622042604,68179315.0
UK05,United Kingdom,Delta,2021-08-19,16,32345.0,36441.0,474.4107505333546,68179315.0
UK05,United Kingdom,Delta,2021-08-20,17,32841.42857142857,37114.0,481.6919702321528,68179315.0
UK05,United Kingdom,Delta,2021-08-21,18,33418.0,31936.0,490.14866165786503,68179315.0
UK05,United Kingdom,Delta,2021-08-22,19,33675.57142857143,32069.0,493.9265146411551,68179315.0
UK05,United Kingdom,Delta,2021-08-23,20,33915.0,31778.0,497.4382626167482,68179315.0
UK05,United Kingdom,Delta,2021-08-24,21,34018.71428571428,30776.0,498.95946132216613,68179315.0
UK05,United Kingdom,Delta,2021-08-25,22,34054.857142857145,35615.0,499.4895760225391,68179315.0
UK05,United Kingdom,Delta,2021-08-26,23,34190.42857142857,38117.0,501.4780299776929,68179315.0
UK05,United Kingdom,Delta,2021-08-27,24,33411.0,37840.0,490.0459912218244,68179315.0
UK05,United Kingdom,Delta,2021-08-28,25,33595.71428571428,32189.0,492.7552335442836,68179315.0
UK05,United Kingdom,Delta,2021-08-29,26,33589.57142857143,33018.0,492.66513499837055,68179315.0
UK05,United Kingdom,Delta,2021-08-30,27,33570.42857142857,26322.0,492.38436278552484,68179315.0
UK05,United Kingdom,Delta,2021-08-31,28,34214.71428571428,32069.0,501.8342335313032,68179315.0
UK05,United Kingdom,Delta,2021-09-01,29,34869.57142857143,35572.0,511.4391575886532,68179315.0
UK05,United Kingdom,Delta,2021-09-02,30,35379.42857142857,37983.0,518.9173368994477,68179315.0
UK05,United Kingdom,Delta,2021-09-03,31,37458.857142857145,42350.0,549.4167423485723,68179315.0
UK05,United Kingdom,Delta,2021-09-04,32,38240.57142857143,36773.0,560.8823061447805,68179315.0
UK05,United Kingdom,Delta,2021-09-05,33,38673.0,36587.0,567.2248247140647,68179315.0
UK05,United Kingdom,Delta,2021-09-06,34,38612.57142857143,40878.0,566.3385064600815,68179315.0
UK05,United Kingdom,Delta,2021-09-07,35,37849.57142857143,37541.0,555.1474289316551,68179315.0
UK05,United Kingdom,Delta,2021-09-08,36,36731.0,38599.0,538.7411123153702,68179315.0
UK05,United Kingdom,Delta,2021-09-09,37,35601.28571428572,37560.0,522.1713611274288,68179315.0
UK05,United Kingdom,Delta,2021-09-10,38,34097.42857142857,37009.0,500.11397989886774,68179315.0
UK05,United Kingdom,Delta,2021-09-11,39,32556.14285714286,28943.0,477.50762613474274,68179315.0
UK05,United Kingdom,Delta,2021-09-12,40,31318.285714285714,28679.0,459.3517214757249,68179315.0
UK05,United Kingdom,Delta,2021-09-13,41,29751.571428571428,30351.0,436.37240163781973,68179315.0
UK05,United Kingdom,Delta,2021-09-14,42,29114.85714285714,26752.0,427.03358258816684,68179315.0
UK05,United Kingdom,Delta,2021-09-15,43,29197.14285714286,29934.0,428.24048404039934,68179315.0
UK05,United Kingdom,Delta,2021-09-16,44,29288.285714285714,26593.0,429.57729502394847,68179315.0
UK05,United Kingdom,Delta,2021-09-17,45,30081.571428571428,32552.0,441.212579336877,68179315.0
UK05,United Kingdom,Delta,2021-09-18,46,30713.285714285714,29519.0,450.4780623607866,68179315.0
UK05,United Kingdom,Delta,2021-09-19,47,31270.714285714286,29317.0,458.653981573653,68179315.0
UK05,United Kingdom,Delta,2021-09-20,48,32591.85714285714,35904.0,478.0314548900519,68179315.0
UK05,United Kingdom,Delta,2021-09-21,49,33043.142857142855,31174.0,484.6505550421393,68179315.0
UK05,United Kingdom,Delta,2021-09-22,50,33113.71428571428,33836.0,485.68564066263036,68179315.0
UK05,United Kingdom,Delta,2021-09-23,51,33653.42857142857,35841.0,493.6017408128634,68179315.0
UK05,United Kingdom,Delta,2021-09-24,52,33892.71428571428,35711.0,497.1113934734352,68179315.0
UK05,United Kingdom,Delta,2021-09-25,53,34410.142857142855,30013.0,504.7006244803553,68179315.0
UK05,United Kingdom,Delta,2021-09-26,54,34614.42857142857,33095.0,507.69692496072406,68179315.0
UK05,United Kingdom,Delta,2021-09-27,55,34612.857142857145,37579.0,507.6738764954905,68179315.0
UK05,United Kingdom,Delta,2021-09-28,56,34468.42857142857,34796.0,505.55551300902,68179315.0
UK05,United Kingdom,Delta,2021-09-29,57,34401.71428571428,35266.0,504.57700089410224,68179315.0
UK05,United Kingdom,Delta,2021-09-30,58,33921.57142857143,35830.0,497.53464710772505,68179315.0
UK05,United Kingdom,Delta,2021-10-01,59,33477.0,34700.0,491.0140267616359,68179315.0
UK05,United Kingdom,Delta,2021-10-02,60,33246.71428571428,29546.0,487.6363789474019,68179315.0
UK05,United Kingdom,Delta,2021-10-03,61,33769.0,29734.0,495.296850665044,68179315.0
UK05,United Kingdom,Delta,2021-10-04,62,34348.71428571428,34467.0,503.7996390212234,68179315.0
UK05,United Kingdom,Delta,2021-10-05,63,34408.0,33184.0,504.66919475503676,68179315.0
UK05,United Kingdom,Delta,2021-10-06,64,35834.42857142857,38922.0,525.5909152420874,68179315.0
UK05,United Kingdom,Delta,2021-10-07,65,36399.857142857145,39888.0,533.884172096143,68179315.0
UK05,United Kingdom,Delta,2021-10-08,66,37140.142857142855,35115.0,544.7420945361927,68179315.0
UK05,United Kingdom,Delta,2021-10-09,67,37806.42857142857,39531.0,554.5146437952416,68179315.0
UK05,United Kingdom,Delta,2021-10-10,68,38199.0,33692.0,560.2725694736007,68179315.0
UK05,United Kingdom,Delta,2021-10-11,69,38892.857142857145,39649.0,570.4495145317483,68179315.0
UK05,United Kingdom,Delta,2021-10-12,70,40219.28571428572,37848.0,589.904514503933,68179315.0
UK05,United Kingdom,Delta,2021-10-13,71,40708.0,41670.0,597.0725871915845,68179315.0
UK05,United Kingdom,Delta,2021-10-14,72,42303.0,44745.0,620.4667794036945,68179315.0
UK05,United Kingdom,Delta,2021-10-15,73,43618.857142857145,44400.0,639.7667260643077,68179315.0
UK05,United Kingdom,Delta,2021-10-16,74,44439.71428571428,42952.0,651.8064061763349,68179315.0
UK05,United Kingdom,Delta,2021-10-17,75,45459.71428571428,44857.0,666.7669554279664,68179315.0
UK05,United Kingdom,Delta,2021-10-18,76,46454.71428571428,48860.0,681.3608245508815,68179315.0
UK05,United Kingdom,Delta,2021-10-19,77,47112.42857142857,43594.0,691.0076549086563,68179315.0
UK05,United Kingdom,Delta,2021-10-20,78,47428.0,48810.0,695.6362057905686,68179315.0
UK05,United Kingdom,Delta,2021-10-21,79,46576.28571428572,51710.0,683.1439376339542,68179315.0
UK05,United Kingdom,Delta,2021-10-22,80,44775.0,49004.0,656.724110531178,68179315.0
UK05,United Kingdom,Delta,2021-10-23,81,44799.71428571428,45161.0,657.086600029852,68179315.0
UK05,United Kingdom,Delta,2021-10-24,82,44127.142857142855,38895.0,647.2218569098686,68179315.0
UK05,United Kingdom,Delta,2021-10-25,83,42377.28571428572,36251.0,621.5563432147378,68179315.0
UK05,United Kingdom,Delta,2021-10-26,84,41556.142857142855,43767.0,609.5124724726679,68179315.0
UK05,United Kingdom,Delta,2021-10-27,85,40974.42857142857,44102.0,600.9803497061913,68179315.0
UK05,United Kingdom,Delta,2021-10-28,86,40820.57142857143,39461.0,598.7236954283192,68179315.0
UK05,United Kingdom,Delta,2021-10-29,87,41330.28571428572,43256.0,606.1997794240924,68179315.0
UK05,United Kingdom,Delta,2021-10-30,88,39897.42857142857,41089.0,585.1837697610862,68179315.0
UK05,United Kingdom,Delta,2021-10-31,89,39540.28571428572,37818.0,579.945482207994,68179315.0
UK05,United Kingdom,Delta,2021-11-01,90,39169.57142857143,39819.0,574.5081397278841,68179315.0
UK05,United Kingdom,Delta,2021-11-02,91,37840.71428571428,33737.0,555.0175194003384,68179315.0
UK05,United Kingdom,Delta,2021-11-03,92,36338.0,41602.0,532.9769006919473,68179315.0
UK05,United Kingdom,Delta,2021-11-04,93,35218.42857142857,36866.0,516.5559168705138,68179315.0
UK05,United Kingdom,Delta,2021-11-05,94,34121.857142857145,33954.0,500.4722787674993,68179315.0
UK05,United Kingdom,Delta,2021-11-06,95,34015.42857142857,30570.0,498.9112690766778,68179315.0
UK05,United Kingdom,Delta,2021-11-07,96,33731.28571428572,29981.0,494.74368749943756,68179315.0
UK06,United Kingdom,Omicron BA.1,2021-11-08,0,34671.142857142855,32143.0,508.52876502415506,68179315.0
UK06,United Kingdom,Omicron BA.1,2021-11-09,1,35415.857142857145,32992.0,519.4516422298633,68179315.0
UK06,United Kingdom,Omicron BA.1,2021-11-10,2,36476.28571428572,39613.0,535.0051656325047,68179315.0
UK06,United Kingdom,Omicron BA.1,2021-11-11,3,37395.42857142857,43445.0,548.486422479143,68179315.0
UK06,United Kingdom,Omicron BA.1,2021-11-12,4,38555.28571428572,39167.0,565.4982851365655,68179315.0
UK06,United Kingdom,Omicron BA.1,2021-11-13,5,39147.142857142855,37993.0,574.1791752695499,68179315.0
UK06,United Kingdom,Omicron BA.1,2021-11-14,6,38947.71428571428,36415.0,571.2541154999033,68179315.0
UK06,United Kingdom,Omicron BA.1,2021-11-15,7,39612.142857142855,40262.0,580.9994256636761,68179315.0
UK06,United Kingdom,Omicron BA.1,2021-11-16,8,40415.42857142857,37135.0,592.7813820280912,68179315.0
UK06,United Kingdom,Omicron BA.1,2021-11-17,9,40748.57142857143,38217.0,597.6676566576157,68179315.0
UK06,United Kingdom,Omicron BA.1,2021-11-18,10,41231.142857142855,48096.0,604.745630799354,68179315.0
UK06,United Kingdom,Omicron BA.1,2021-11-19,11,41939.857142857145,44790.0,615.1404886197104,68179315.0
UK06,United Kingdom,Omicron BA.1,2021-11-20,12,42758.42857142857,40325.0,627.1466436913978,68179315.0
UK06,United Kingdom,Omicron BA.1,2021-11-21,13,43458.42857142857,39793.0,637.4136872954585,68179315.0
UK06,United Kingdom,Omicron BA.1,2021-11-22,14,43325.71428571428,45223.0,635.4671396407294,68179315.0
UK06,United Kingdom,Omicron BA.1,2021-11-23,15,44058.0,42865.0,646.2077244395899,68179315.0
UK06,United Kingdom,Omicron BA.1,2021-11-24,16,44017.42857142857,43117.0,645.6126549735586,68179315.0
UK06,United Kingdom,Omicron BA.1,2021-11-25,17,43584.142857142855,47167.0,639.2575645141471,68179315.0
UK06,United Kingdom,Omicron BA.1,2021-11-26,18,43194.57142857143,49916.0,633.5436404512341,68179315.0
UK06,United Kingdom,Omicron BA.1,2021-11-27,19,42843.857142857145,40041.0,628.3996420740974,68179315.0
UK06,United Kingdom,Omicron BA.1,2021-11-28,20,43542.71428571428,36760.0,638.6499231579884,68179315.0
UK06,United Kingdom,Omicron BA.1,2021-11-29,21,44446.28571428572,42496.0,651.9027906673119,68179315.0
UK06,United Kingdom,Omicron BA.1,2021-11-30,22,44630.28571428572,40410.0,654.601556414665,68179315.0
UK06,United Kingdom,Omicron BA.1,2021-12-01,23,44884.142857142855,48009.0,658.3249312074029,68179315.0
UK06,United Kingdom,Omicron BA.1,2021-12-02,24,45865.28571428572,53492.0,672.7155547732581,68179315.0
UK06,United Kingdom,Omicron BA.1,2021-12-03,25,47128.142857142855,51204.0,691.2381395609923,68179315.0
UK06,United Kingdom,Omicron BA.1,2021-12-04,26,47837.142857142855,41818.0,701.637188011391,68179315.0
UK06,United Kingdom,Omicron BA.1,2021-12-05,27,48272.0,43628.0,708.0153269360363,68179315.0
UK06,United Kingdom,Omicron BA.1,2021-12-06,28,47842.142857142855,51336.0,701.7105240371344,68179315.0
UK06,United Kingdom,Omicron BA.1,2021-12-07,29,48899.142857142855,45373.0,717.2137598792663,68179315.0
UK06,United Kingdom,Omicron BA.1,2021-12-08,30,50438.0,51053.0,739.7844932880303,68179315.0
UK06,United Kingdom,Omicron BA.1,2021-12-09,31,51113.0,50483.0,749.6848567633747,68179315.0
UK06,United Kingdom,Omicron BA.1,2021-12-10,32,51524.0,58603.0,755.7130780794732,68179315.0
UK06,United Kingdom,Omicron BA.1,2021-12-11,33,53550.71428571428,52590.0,785.4393122857613,68179315.0
UK06,United Kingdom,Omicron BA.1,2021-12-12,34,57413.57142857143,48353.0,842.0966304600072,68179315.0
UK06,United Kingdom,Omicron BA.1,2021-12-13,35,62774.142857142855,54213.0,920.7212313169009,68179315.0
UK06,United Kingdom,Omicron BA.1,2021-12-14,36,67678.85714285714,59560.0,992.6596819410279,68179315.0
UK06,United Kingdom,Omicron BA.1,2021-12-15,37,72937.0,78093.0,1069.7819419276946,68179315.0
UK06,United Kingdom,Omicron BA.1,2021-12-16,38,77784.71428571429,88007.0,1140.884361858348,68179315.0
UK06,United Kingdom,Omicron BA.1,2021-12-17,39,83204.14285714286,92936.0,1220.3722325039912,68179315.0
UK06,United Kingdom,Omicron BA.1,2021-12-18,40,87489.85714285714,89397.0,1283.2316831410985,68179315.0
UK06,United Kingdom,Omicron BA.1,2021-12-19,41,91443.42857142857,82287.0,1341.21952635383,68179315.0
UK06,United Kingdom,Omicron BA.1,2021-12-20,42,96476.42857142857,92149.0,1415.0395698670275,68179315.0
UK06,United Kingdom,Omicron BA.1,2021-12-21,43,100608.14285714286,89560.0,1475.6402709112413,68179315.0
UK06,United Kingdom,Omicron BA.1,2021-12-22,44,105315.42857142857,105768.0,1544.6829961760186,68179315.0
UK06,United Kingdom,Omicron BA.1,2021-12-23,45,110612.42857142857,123238.0,1622.375181848462,68179315.0
UK06,United Kingdom,Omicron BA.1,2021-12-24,46,112870.85714285714,121858.0,1655.5000170191963,68179315.0
UK06,United Kingdom,Omicron BA.1,2021-12-25,47,119840.0,122348.0,1757.7178650152177,68179315.0
UK06,United Kingdom,Omicron BA.1,2021-12-26,48,130878.28571428571,119366.0,1919.618666076151,68179315.0
UK06,United Kingdom,Omicron BA.1,2021-12-27,49,140470.0,107958.0,2060.3023072320398,68179315.0
UK06,United Kingdom,Omicron BA.1,2021-12-28,50,150343.14285714287,138344.0,2205.113718979765,68179315.0
UK06,United Kingdom,Omicron BA.1,2021-12-29,51,156247.2857142857,183036.0,2291.7109934924647,68179315.0
UK06,United Kingdom,Omicron BA.1,2021-12-30,52,158579.85714285713,190380.0,2325.923297159221,68179315.0
UK06,United Kingdom,Omicron BA.1,2021-12-31,53,170089.7142857143,190970.0,2494.7407331052577,68179315.0
UK06,United Kingdom,Omicron BA.1,2022-01-01,54,182301.7142857143,163677.0,2673.8566423806733,68179315.0
UK06,United Kingdom,Omicron BA.1,2022-01-02,55,184027.14285714287,135694.0,2699.163857207173,68179315.0
UK06,United Kingdom,Omicron BA.1,2022-01-03,56,182850.85714285713,188527.0,2681.911033322308,68179315.0
UK06,United Kingdom,Omicron BA.1,2022-01-04,57,181318.2857142857,223828.0,2659.4324937744786,68179315.0
UK06,United Kingdom,Omicron BA.1,2022-01-05,58,178227.2857142857,195114.0,2614.0961626599756,68179315.0
UK06,United Kingdom,Omicron BA.1,2022-01-06,59,179166.57142857142,182146.0,2627.872858924608,68179315.0
UK06,United Kingdom,Omicron BA.1,2022-01-07,60,172814.7142857143,180242.0,2534.7088671353513,68179315.0
UK06,United Kingdom,Omicron BA.1,2022-01-08,61,157604.2857142857,142040.0,2311.614390879194,68179315.0
UK06,United Kingdom,Omicron BA.1,2022-01-09,62,148583.57142857142,142269.0,2179.3057238631895,68179315.0
UK06,United Kingdom,Omicron BA.1,2022-01-10,63,137776.85714285713,144064.0,2020.8014284516812,68179315.0
UK06,United Kingdom,Omicron BA.1,2022-01-11,64,126397.14285714286,117355.0,1853.8928244899917,68179315.0
UK06,United Kingdom,Omicron BA.1,2022-01-12,65,117726.71428571429,131969.0,1726.72186990606,68179315.0
UK06,United Kingdom,Omicron BA.1,2022-01-13,66,107513.85714285714,106499.0,1576.9277990378334,68179315.0
UK06,United Kingdom,Omicron BA.1,2022-01-14,67,99784.14285714286,100584.0,1463.554493868747,68179315.0
UK06,United Kingdom,Omicron BA.1,2022-01-15,68,96520.57142857143,81347.0,1415.6870222085897,68179315.0
UK06,United Kingdom,Omicron BA.1,2022-01-16,69,93130.57142857143,70779.0,1365.965196754638,68179315.0
UK06,United Kingdom,Omicron BA.1,2022-01-17,70,93367.0,89956.0,1369.4329431147848,68179315.0
UK06,United Kingdom,Omicron BA.1,2022-01-18,71,92782.57142857143,94510.0,1360.861009362905,68179315.0
UK06,United Kingdom,Omicron BA.1,2022-01-19,72,92246.42857142857,108239.0,1352.9972920882024,68179315.0
UK06,United Kingdom,Omicron BA.1,2022-01-20,73,92886.71428571429,108154.0,1362.3884940133864,68179315.0
UK06,United Kingdom,Omicron BA.1,2022-01-21,74,93677.42857142857,96493.0,1373.9860626559325,68179315.0
UK06,United Kingdom,Omicron BA.1,2022-01-22,75,93789.57142857143,77594.0,1375.6308849476038,68179315.0
UK06,United Kingdom,Omicron BA.1,2022-01-23,76,92961.85714285714,75261.0,1363.490629714557,68179315.0
UK06,United Kingdom,Omicron BA.1,2022-01-24,77,91395.14285714286,95491.0,1340.511309876652,68179315.0
UK06,United Kingdom,Omicron BA.1,2022-01-25,78,90373.28571428571,95295.0,1325.5235215297441,68179315.0
UK06,United Kingdom,Omicron BA.1,2022-01-26,79,89691.14285714286,102445.0,1315.518392303338,68179315.0
UK06,United Kingdom,Omicron BA.1,2022-01-27,80,87927.57142857143,97187.0,1289.6517283661685,68179315.0
UK06,United Kingdom,Omicron BA.1,2022-01-28,81,195453.0,89340.0,2866.749247920722,68179315.0
UK06,United Kingdom,Omicron BA.1,2022-01-29,82,197997.57142857142,72819.0,2904.0709990789933,68179315.0
UK06,United Kingdom,Omicron BA.1,2022-01-30,83,195876.42857142858,62916.0,2872.959761643668,68179315.0
UK06,United Kingdom,Omicron BA.1,2022-01-31,84,195664.57142857142,848169.0,2869.852409467174,68179315.0
UK06,United Kingdom,Omicron BA.1,2022-02-01,85,194704.57142857142,113107.0,2855.7718925244617,68179315.0
UK06,United Kingdom,Omicron BA.1,2022-02-02,86,192959.14285714287,87597.0,2830.1713335949894,68179315.0
UK06,United Kingdom,Omicron BA.1,2022-02-03,87,191645.7142857143,95704.0,2810.907007289737,68179315.0
UK06,United Kingdom,Omicron BA.1,2022-02-04,88,79614.0,82620.0,1167.7148707052866,68179315.0
UK06,United Kingdom,Omicron BA.1,2022-02-05,89,72990.85714285714,60601.0,1070.5718756907008,68179315.0
UK06,United Kingdom,Omicron BA.1,2022-02-06,90,70188.42857142857,53722.0,1029.4680809190966,68179315.0
UK06,United Kingdom,Omicron BA.1,2022-02-07,91,80012.71428571429,63947.0,1173.5628949295588,68179315.0
UK06,United Kingdom,Omicron BA.1,2022-02-08,92,76618.42857142857,66745.0,1123.7782100249697,68179315.0
UK06,United Kingdom,Omicron BA.1,2022-02-09,93,74526.28571428571,67980.0,1093.092321538955,68179315.0
UK06,United Kingdom,Omicron BA.1,2022-02-10,94,72737.85714285714,164474.0,1066.8610727880903,68179315.0
UK06,United Kingdom,Omicron BA.1,2022-02-11,95,69565.28571428571,58860.0,1020.3283167964611,68179315.0
UK06,United Kingdom,Omicron BA.1,2022-02-12,96,66650.42857142857,45956.0,977.5755091031432,68179315.0
UK06,United Kingdom,Omicron BA.1,2022-02-13,97,64693.42857142857,41203.0,948.8717886272188,68179315.0
UK06,United Kingdom,Omicron BA.1,2022-02-14,98,48764.142857142855,41739.0,715.2336871841974,68179315.0
UK06,United Kingdom,Omicron BA.1,2022-02-15,99,47164.0,46341.0,691.7640636313228,68179315.0
UK06,United Kingdom,Omicron BA.1,2022-02-16,100,46201.857142857145,54281.0,677.6521169632923,68179315.0
UK06,United Kingdom,Omicron BA.1,2022-02-17,101,44745.71428571428,52969.0,656.2945709518243,68179315.0
UK06,United Kingdom,Omicron BA.1,2022-02-18,102,44317.42857142857,47659.0,650.0128165181562,68179315.0
UK06,United Kingdom,Omicron BA.1,2022-02-19,103,43645.142857142855,39221.0,640.1522640282153,68179315.0
UK06,United Kingdom,Omicron BA.1,2022-02-20,104,41693.142857142855,31010.0,611.521879578034,68179315.0
UK06,United Kingdom,Omicron BA.1,2022-02-21,105,39692.0,38741.0,582.1707067605475,68179315.0
UK06,United Kingdom,Omicron BA.1,2022-02-22,106,37455.0,41635.0,549.3601688429987,68179315.0
UK06,United Kingdom,Omicron BA.1,2022-02-23,107,31852.0,40617.0,467.17981839506604,68179315.0
UK06,United Kingdom,Omicron BA.1,2022-02-24,108,27422.0,38961.0,402.20409958650947,68179315.0
UK07,United Kingdom,Omicron BA.2,2022-02-25,0,33677.57142857143,32000.0,493.95584905145245,68179315.0
UK07,United Kingdom,Omicron BA.2,2022-02-26,1,41968.28571428572,0.0,615.5574563089365,68179315.0
UK07,United Kingdom,Omicron BA.2,2022-02-27,2,42637.71428571428,0.0,625.3761024984525,68179315.0
UK07,United Kingdom,Omicron BA.2,2022-02-28,3,43628.28571428572,82530.0,639.9050168557094,68179315.0
UK07,United Kingdom,Omicron BA.2,2022-03-01,4,45469.857142857145,99670.0,666.9157227944744,68179315.0
UK07,United Kingdom,Omicron BA.2,2022-03-02,5,45469.857142857145,45303.0,666.9157227944744,68179315.0
UK07,United Kingdom,Omicron BA.2,2022-03-03,6,45469.857142857145,45895.0,666.9157227944744,68179315.0
UK07,United Kingdom,Omicron BA.2,2022-03-04,7,51809.57142857143,44891.0,759.9016128069258,68179315.0
UK07,United Kingdom,Omicron BA.2,2022-03-05,8,46592.28571428572,0.0,683.3786129163327,68179315.0
UK07,United Kingdom,Omicron BA.2,2022-03-06,9,49928.28571428572,0.0,732.308409292257,68179315.0
UK07,United Kingdom,Omicron BA.2,2022-03-07,10,55478.42857142857,126908.0,813.7134931823321,68179315.0
UK07,United Kingdom,Omicron BA.2,2022-03-08,11,59501.71428571428,63149.0,872.723850125427,68179315.0
UK07,United Kingdom,Omicron BA.2,2022-03-09,12,59501.71428571428,68655.0,872.723850125427,68179315.0
UK07,United Kingdom,Omicron BA.2,2022-03-10,13,59501.71428571428,84746.0,872.723850125427,68179315.0
UK07,United Kingdom,Omicron BA.2,2022-03-11,14,65896.14285714286,73054.0,966.5122457910123,68179315.0
UK07,United Kingdom,Omicron BA.2,2022-03-12,15,74115.14285714286,0.0,1087.0620049078354,68179315.0
UK07,United Kingdom,Omicron BA.2,2022-03-13,16,77727.71428571429,0.0,1140.0483311648745,68179315.0
UK07,United Kingdom,Omicron BA.2,2022-03-14,17,78650.57142857143,171669.0,1153.5840662020648,68179315.0
UK07,United Kingdom,Omicron BA.2,2022-03-15,18,81513.28571428571,120682.0,1195.5720839126311,68179315.0
UK07,United Kingdom,Omicron BA.2,2022-03-16,19,81513.28571428571,93943.0,1195.5720839126311,68179315.0
UK07,United Kingdom,Omicron BA.2,2022-03-17,20,81513.28571428571,91206.0,1195.5720839126311,68179315.0
UK07,United Kingdom,Omicron BA.2,2022-03-18,21,89333.57142857143,93093.0,1310.2738188051821,68179315.0
UK07,United Kingdom,Omicron BA.2,2022-03-19,22,85760.42857142857,0.0,1257.8657994940042,68179315.0
UK07,United Kingdom,Omicron BA.2,2022-03-20,23,87065.42857142857,0.0,1277.0065022130036,68179315.0
UK07,United Kingdom,Omicron BA.2,2022-03-21,24,88548.42857142857,226411.0,1298.757967448464,68179315.0
UK07,United Kingdom,Omicron BA.2,2022-03-22,25,86424.57142857143,95670.0,1267.6069190277349,68179315.0
UK07,United Kingdom,Omicron BA.2,2022-03-23,26,86424.71428571429,103078.0,1267.6090143427562,68179315.0
UK07,United Kingdom,Omicron BA.2,2022-03-24,27,86424.71428571429,101587.0,1267.6090143427562,68179315.0
UK07,United Kingdom,Omicron BA.2,2022-03-25,28,84851.42857142857,78226.0,1244.533310013874,68179315.0
UK07,United Kingdom,Omicron BA.2,2022-03-26,29,82821.71428571429,1.0,1214.76307419214,68179315.0
UK07,United Kingdom,Omicron BA.2,2022-03-27,30,80802.85714285714,0.0,1185.1520823120202,68179315.0
UK07,United Kingdom,Omicron BA.2,2022-03-28,31,77011.85714285714,215398.0,1129.5487075934561,68179315.0
UK07,United Kingdom,Omicron BA.2,2022-03-29,32,75804.71428571429,81462.0,1111.8432956640042,68179315.0
UK07,United Kingdom,Omicron BA.2,2022-03-30,33,75804.57142857143,88946.0,1111.8412003489832,68179315.0
UK07,United Kingdom,Omicron BA.2,2022-03-31,34,75804.57142857143,75050.0,1111.8412003489832,68179315.0
UK07,United Kingdom,Omicron BA.2,2022-04-01,35,65520.57142857143,69776.0,961.0036626001805,68179315.0
UK07,United Kingdom,Omicron BA.2,2022-04-02,36,61174.857142857145,0.0,897.2641796541538,68179315.0
UK07,United Kingdom,Omicron BA.2,2022-04-03,37,55830.142857142855,0.0,818.8721587646173,68179315.0
UK07,United Kingdom,Omicron BA.2,2022-04-04,38,52061.0,143410.0,763.5893672443027,68179315.0
UK07,United Kingdom,Omicron BA.2,2022-04-05,39,48090.71428571428,51042.0,705.3563721740866,68179315.0
UK07,United Kingdom,Omicron BA.2,2022-04-06,40,48090.71428571428,51533.0,705.3563721740866,68179315.0
UK07,United Kingdom,Omicron BA.2,2022-04-07,41,48090.71428571428,48666.0,705.3563721740866,68179315.0
UK07,United Kingdom,Omicron BA.2,2022-04-08,42,40653.857142857145,41984.0,596.2784627985357,68179315.0
UK07,United Kingdom,Omicron BA.2,2022-04-09,43,38874.0,0.0,570.172932948945,68179315.0
UK07,United Kingdom,Omicron BA.2,2022-04-10,44,36864.142857142855,0.0,540.6939459151629,68179315.0
UK07,United Kingdom,Omicron BA.2,2022-04-11,45,34680.71428571428,91352.0,508.669151130578,68179315.0
UK07,United Kingdom,Omicron BA.2,2022-04-12,46,28683.0,38583.0,420.6994452789677,68179315.0
UK07,United Kingdom,Omicron BA.2,2022-04-13,47,28683.0,37464.0,420.6994452789677,68179315.0
UK07,United Kingdom,Omicron BA.2,2022-04-14,48,28683.0,33382.0,420.6994452789677,68179315.0
UK07,United Kingdom,Omicron BA.2,2022-04-15,49,15632.714285714286,0.0,229.28822745893365,68179315.0
UK07,United Kingdom,Omicron BA.2,2022-04-16,50,26752.571428571428,0.0,392.38545339699334,68179315.0
UK07,United Kingdom,Omicron BA.2,2022-04-17,51,25303.571428571428,0.0,371.13267313658736,68179315.0
UK07,United Kingdom,Omicron BA.2,2022-04-18,52,23630.428571428572,0.0,346.5923436078607,68179315.0
UK07,United Kingdom,Omicron BA.2,2022-04-19,53,27049.285714285714,116422.0,396.7374226961024,68179315.0
UK07,United Kingdom,Omicron BA.2,2022-04-20,54,27049.285714285714,27321.0,396.7374226961024,68179315.0
UK07,United Kingdom,Omicron BA.2,2022-04-21,55,27049.285714285714,21670.0,396.7374226961024,68179315.0
UK07,United Kingdom,Omicron BA.2,2022-04-22,56,33500.57142857143,23932.0,491.35975374013987,68179315.0
UK07,United Kingdom,Omicron BA.2,2022-04-23,57,19286.714285714286,0.0,282.88219507213125,68179315.0
UK07,United Kingdom,Omicron BA.2,2022-04-24,58,17993.428571428572,0.0,263.9133081848736,68179315.0
UK07,United Kingdom,Omicron BA.2,2022-04-25,59,16995.14285714286,45159.0,249.27124681647007,68179315.0
UK07,United Kingdom,Omicron BA.2,2022-04-26,60,15377.285714285714,16925.0,225.54180420096205,68179315.0
UK07,United Kingdom,Omicron BA.2,2022-04-27,61,15380.857142857143,18268.0,225.59418707649297,68179315.0
UK07,United Kingdom,Omicron BA.2,2022-04-28,62,15385.42857142857,14682.0,225.66123715717254,68179315.0
UK07,United Kingdom,Omicron BA.2,2022-04-29,63,8949.42857142857,12607.0,131.26310482040736,68179315.0
UK07,United Kingdom,Omicron BA.2,2022-04-30,64,11610.142857142857,25.0,170.28834709094477,68179315.0
UK07,United Kingdom,Omicron BA.2,2022-05-01,65,11591.142857142857,32.0,170.00967019312026,68179315.0
UK07,United Kingdom,Omicron BA.2,2022-05-02,66,11308.0,107.0,165.8567558210287,68179315.0
UK07,United Kingdom,Omicron BA.2,2022-05-03,67,11161.42857142857,35550.0,163.70696260923964,68179315.0
UK07,United Kingdom,Omicron BA.2,2022-05-04,68,11163.714285714286,18135.0,163.74048764957945,68179315.0
UK07,United Kingdom,Omicron BA.2,2022-05-05,69,11159.142857142857,12700.0,163.67343756889986,68179315.0
UK07,United Kingdom,Omicron BA.2,2022-05-06,70,14894.285714285714,11581.0,218.45754411416007,68179315.0
UK07,United Kingdom,Omicron BA.2,2022-05-07,71,11359.857142857143,41.0,166.6173551737377,68179315.0
UK07,United Kingdom,Omicron BA.2,2022-05-08,72,10136.285714285714,0.0,148.67098201684357,68179315.0
UK07,United Kingdom,Omicron BA.2,2022-05-09,73,10588.714285714286,26253.0,155.3068446891009,68179315.0
UK07,United Kingdom,Omicron BA.2,2022-05-10,74,9875.285714285714,10809.0,144.84284147304376,68179315.0
UK07,United Kingdom,Omicron BA.2,2022-05-11,75,9869.42857142857,9570.0,144.75693355717303,68179315.0
UK07,United Kingdom,Omicron BA.2,2022-05-12,76,9876.142857142857,15867.0,144.85541336317115,68179315.0
UK07,United Kingdom,Omicron BA.2,2022-05-13,77,9547.42857142857,6587.0,140.03409349930504,68179315.0
UK07,United Kingdom,Omicron BA.2,2022-05-14,78,9231.285714285714,0.0,135.39716135730777,68179315.0
UK07,United Kingdom,Omicron BA.2,2022-05-15,79,9091.714285714286,47.0,133.35003858155932,68179315.0
UK07,United Kingdom,Omicron BA.2,2022-05-16,80,8798.142857142857,23952.0,129.04416621291745,68179315.0
UK07,United Kingdom,Omicron BA.2,2022-05-17,81,8791.714285714286,8596.0,128.94987703696182,68179315.0
UK07,United Kingdom,Omicron BA.2,2022-05-18,82,8799.42857142857,8593.0,129.0630240481086,68179315.0
UK07,United Kingdom,Omicron BA.2,2022-05-19,83,8792.714285714286,13812.0,128.96454424211046,68179315.0
UK07,United Kingdom,Omicron BA.2,2022-05-20,84,9093.0,6542.0,133.36889641675046,68179315.0
UK07,United Kingdom,Omicron BA.2,2022-05-21,85,8799.0,54.0,129.0567381030449,68179315.0
UK07,United Kingdom,Omicron BA.2,2022-05-22,86,8533.857142857143,0.0,125.16783342362919,68179315.0
UK07,United Kingdom,Omicron BA.2,2022-05-23,87,6560.714285714285,26054.0,96.22734235030501,68179315.0
UK07,United Kingdom,Omicron BA.2,2022-05-24,88,6326.571428571428,6538.0,92.79312103049772,68179315.0
UK07,United Kingdom,Omicron BA.2,2022-05-25,89,6321.285714285715,6737.0,92.71559437471196,68179315.0
UK07,United Kingdom,Omicron BA.2,2022-05-26,90,6322.0,0.0,92.72607094981814,68179315.0
UK07,United Kingdom,Omicron BA.2,2022-05-27,91,5161.571428571428,4903.0,75.70582703231072,68179315.0
UK07,United Kingdom,Omicron BA.2,2022-05-28,92,5056.285714285715,17.0,74.16157986165913,68179315.0
UK07,United Kingdom,Omicron BA.2,2022-05-29,93,4937.571428571428,5.0,72.42037307901126,68179315.0
UK07,United Kingdom,Omicron BA.2,2022-05-30,94,4995.0,17931.0,73.2626897175485,68179315.0
UK07,United Kingdom,Omicron BA.2,2022-05-31,95,4297.857142857143,5801.0,63.03755241391239,68179315.0
UK07,United Kingdom,Omicron BA.2,2022-06-01,96,4295.428571428572,5906.0,63.001932058551354,68179315.0
UK07,United Kingdom,Omicron BA.2,2022-06-02,97,4294.714285714285,402.0,62.99145548344517,68179315.0
UK08,United Kingdom,Omicron BA.5,2022-06-03,0,6536.142857142857,23.0,95.86694816665225,68179315.0
UK08,United Kingdom,Omicron BA.5,2022-06-04,1,7169.857142857143,0.0,105.16176560085918,68179315.0
UK08,United Kingdom,Omicron BA.5,2022-06-05,2,8393.857142857143,0.0,123.114424702817,68179315.0
UK08,United Kingdom,Omicron BA.5,2022-06-06,3,9852.857142857143,33621.0,144.51387701470955,68179315.0
UK08,United Kingdom,Omicron BA.5,2022-06-07,4,11221.714285714286,10237.0,164.59118554820162,68179315.0
UK08,United Kingdom,Omicron BA.5,2022-06-08,5,11221.714285714286,14474.0,164.59118554820162,68179315.0
UK08,United Kingdom,Omicron BA.5,2022-06-09,6,11222.0,10615.0,164.5953761782441,68179315.0
UK08,United Kingdom,Omicron BA.5,2022-06-10,7,10456.57142857143,9605.0,153.36867829445677,68179315.0
UK08,United Kingdom,Omicron BA.5,2022-06-11,8,10712.42857142857,0.0,157.121387497492,68179315.0
UK08,United Kingdom,Omicron BA.5,2022-06-12,9,12453.142857142857,2.0,182.65280103126375,68179315.0
UK08,United Kingdom,Omicron BA.5,2022-06-13,10,12804.714285714286,28263.0,187.8093712985278,68179315.0
UK08,United Kingdom,Omicron BA.5,2022-06-14,11,13222.0,12028.0,193.9297864755608,68179315.0
UK08,United Kingdom,Omicron BA.5,2022-06-15,12,13222.142857142857,26659.0,193.93188179058203,68179315.0
UK08,United Kingdom,Omicron BA.5,2022-06-16,13,13221.857142857143,13076.0,193.92769116053958,68179315.0
UK08,United Kingdom,Omicron BA.5,2022-06-17,14,14487.42857142857,12526.0,212.4900869336773,68179315.0
UK08,United Kingdom,Omicron BA.5,2022-06-18,15,15116.285714285714,1.0,221.7136636571622,68179315.0
UK08,United Kingdom,Omicron BA.5,2022-06-19,16,16080.142857142857,0.0,235.8507541054476,68179315.0
UK08,United Kingdom,Omicron BA.5,2022-06-20,17,16864.285714285714,37122.0,247.351938257017,68179315.0
UK08,United Kingdom,Omicron BA.5,2022-06-21,18,17428.14285714286,16430.0,255.62214664583914,68179315.0
UK08,United Kingdom,Omicron BA.5,2022-06-22,19,17481.428571428572,33406.0,256.4036991487605,68179315.0
UK08,United Kingdom,Omicron BA.5,2022-06-23,20,17481.428571428572,18565.0,256.4036991487605,68179315.0
UK08,United Kingdom,Omicron BA.5,2022-06-24,21,18942.285714285714,16473.0,277.83039055592906,68179315.0
UK08,United Kingdom,Omicron BA.5,2022-06-25,22,19654.0,374.0,288.2692499917314,68179315.0
UK08,United Kingdom,Omicron BA.5,2022-06-26,23,20610.85714285714,0.0,302.30367000397615,68179315.0
UK08,United Kingdom,Omicron BA.5,2022-06-27,24,21278.0,47348.0,312.0887911531525,68179315.0
UK08,United Kingdom,Omicron BA.5,2022-06-28,25,22132.714285714286,21412.0,324.62506092521295,68179315.0
UK08,United Kingdom,Omicron BA.5,2022-06-29,26,22079.285714285714,40104.0,323.84141310727034,68179315.0
UK08,United Kingdom,Omicron BA.5,2022-06-30,27,22079.571428571428,23235.0,323.84560373731284,68179315.0
UK08,United Kingdom,Omicron BA.5,2022-07-01,28,15318.42857142857,22456.0,224.67853441221243,68179315.0
UK08,United Kingdom,Omicron BA.5,2022-07-02,29,12404.142857142857,0.0,181.9341079789795,68179315.0
UK08,United Kingdom,Omicron BA.5,2022-07-03,30,27230.428571428572,2.0,399.3942821430308,68179315.0
UK08,United Kingdom,Omicron BA.5,2022-07-04,31,23934.428571428572,20.0,351.05117397305287,68179315.0
UK08,United Kingdom,Omicron BA.5,2022-07-05,32,20956.14285714286,1012.0,307.3680464103058,68179315.0
UK08,United Kingdom,Omicron BA.5,2022-07-06,33,20956.285714285714,143888.0,307.370141725327,68179315.0
UK08,United Kingdom,Omicron BA.5,2022-07-07,34,20956.0,163.0,307.3659510952845,68179315.0
UK08,United Kingdom,Omicron BA.5,2022-07-08,35,20956.0,1608.0,307.3659510952845,68179315.0
UK08,United Kingdom,Omicron BA.5,2022-07-09,36,20864.571428571428,1.0,306.02494948169294,68179315.0
UK08,United Kingdom,Omicron BA.5,2022-07-10,37,27798.285714285714,0.0,407.7231593524475,68179315.0
UK08,United Kingdom,Omicron BA.5,2022-07-11,38,27787.428571428572,20.0,407.5639154108335,68179315.0
UK08,United Kingdom,Omicron BA.5,2022-07-12,39,27808.14285714286,372.0,407.86773608891286,68179315.0
UK08,United Kingdom,Omicron BA.5,2022-07-13,40,27808.0,192424.0,407.86564077389164,68179315.0
UK08,United Kingdom,Omicron BA.5,2022-07-14,41,27808.0,87.0,407.86564077389164,68179315.0
UK08,United Kingdom,Omicron BA.5,2022-07-15,42,27810.714285714286,1753.0,407.90545175929515,68179315.0
UK08,United Kingdom,Omicron BA.5,2022-07-16,43,27757.571428571428,0.0,407.125994571395,68179315.0
UK08,United Kingdom,Omicron BA.5,2022-07-17,44,20095.428571428572,0.0,294.74377340735344,68179315.0
UK08,United Kingdom,Omicron BA.5,2022-07-18,45,20088.714285714286,39.0,294.64529360135526,68179315.0
UK08,United Kingdom,Omicron BA.5,2022-07-19,46,20005.285714285714,0.0,293.4216296289529,68179315.0
UK08,United Kingdom,Omicron BA.5,2022-07-20,47,20006.428571428572,138789.0,293.4383921491228,68179315.0
UK08,United Kingdom,Omicron BA.5,2022-07-21,48,20006.428571428572,40.0,293.4383921491228,68179315.0
UK08,United Kingdom,Omicron BA.5,2022-07-22,49,20000.85714285714,1169.0,293.3566748632946,68179315.0
UK08,United Kingdom,Omicron BA.5,2022-07-23,50,20030.14285714286,8.0,293.7862144426482,68179315.0
UK08,United Kingdom,Omicron BA.5,2022-07-24,51,13411.857142857143,0.0,196.7144601387847,68179315.0
UK08,United Kingdom,Omicron BA.5,2022-07-25,52,13406.142857142857,0.0,196.63064753793518,68179315.0
UK08,United Kingdom,Omicron BA.5,2022-07-26,53,13305.142857142857,205.0,195.1492598179207,68179315.0
UK08,United Kingdom,Omicron BA.5,2022-07-27,54,13305.285714285714,92461.0,195.15135513294192,68179315.0
UK08,United Kingdom,Omicron BA.5,2022-07-28,55,13305.285714285714,0.0,195.15135513294192,68179315.0
UK08,United Kingdom,Omicron BA.5,2022-07-29,56,13310.42857142857,462.0,195.22678647370645,68179315.0
UK08,United Kingdom,Omicron BA.5,2022-07-30,57,13328.142857142857,9.0,195.48660553633982,68179315.0
UK08,United Kingdom,Omicron BA.5,2022-07-31,58,9410.0,0.0,138.01840044887516,68179315.0
UK08,United Kingdom,Omicron BA.5,2022-08-01,59,9464.142857142857,36.0,138.81252484192393,68179315.0
UK08,United Kingdom,Omicron BA.5,2022-08-02,60,9445.0,329.0,138.53175262907817,68179315.0
UK08,United Kingdom,Omicron BA.5,2022-08-03,61,9445.0,65034.0,138.53175262907817,68179315.0
UK08,United Kingdom,Omicron BA.5,2022-08-04,62,9445.0,379.0,138.53175262907817,68179315.0
UK08,United Kingdom,Omicron BA.5,2022-08-05,63,9439.857142857143,328.0,138.45632128831366,68179315.0
UK08,United Kingdom,Omicron BA.5,2022-08-06,64,9392.857142857143,9.0,137.7669626463267,68179315.0
UK08,United Kingdom,Omicron BA.5,2022-08-07,65,7610.571428571428,0.0,111.62581244137505,68179315.0
UK08,United Kingdom,Omicron BA.5,2022-08-08,66,7557.428571428572,0.0,110.84635525347493,68179315.0
UK08,United Kingdom,Omicron BA.5,2022-08-09,67,7546.714285714285,0.0,110.68920662688214,68179315.0
UK08,United Kingdom,Omicron BA.5,2022-08-10,68,7545.428571428572,52558.0,110.67034879169103,68179315.0
UK08,United Kingdom,Omicron BA.5,2022-08-11,69,7545.428571428572,7.0,110.67034879169103,68179315.0
UK08,United Kingdom,Omicron BA.5,2022-08-12,70,7545.428571428572,253.0,110.67034879169103,68179315.0
UK08,United Kingdom,Omicron BA.5,2022-08-13,71,7565.285714285715,0.0,110.96159757964296,68179315.0
UK08,United Kingdom,Omicron BA.5,2022-08-14,72,5844.142857142857,0.0,85.71724220378069,68179315.0
UK08,United Kingdom,Omicron BA.5,2022-08-15,73,5845.285714285715,0.0,85.73400472395058,68179315.0
UK08,United Kingdom,Omicron BA.5,2022-08-16,74,5809.142857142857,139.0,85.20389002357763,68179315.0
UK08,United Kingdom,Omicron BA.5,2022-08-17,75,5809.142857142857,40510.0,85.20389002357763,68179315.0
UK08,United Kingdom,Omicron BA.5,2022-08-18,76,5809.142857142857,15.0,85.20389002357763,68179315.0
UK08,United Kingdom,Omicron BA.5,2022-08-19,77,5845.714285714285,0.0,85.74029066901427,68179315.0
UK08,United Kingdom,Omicron BA.5,2022-08-20,78,5827.0,0.0,85.46580440123225,68179315.0
UK08,United Kingdom,Omicron BA.5,2022-08-21,79,129.71428571428572,0.0,1.9025460392831128,68179315.0
US01,United States,Ancestral,2020-03-16,0,1725.2857142857142,1467.0,5.0515776091722415,341534041.0
US01,United States,Ancestral,2020-03-17,1,2544.4285714285716,1833.0,7.449999900386421,341534041.0
US01,United States,Ancestral,2020-03-18,2,3292.4285714285716,2657.0,9.640118337218901,341534041.0
US01,United States,Ancestral,2020-03-19,3,4533.142857142857,4494.0,13.272887363935876,341534041.0
US01,United States,Ancestral,2020-03-20,4,5916.714285714285,6367.0,17.323937222744615,341534041.0
US01,United States,Ancestral,2020-03-21,5,7171.714285714285,5995.0,20.998534332670765,341534041.0
US01,United States,Ancestral,2020-03-22,6,8524.57142857143,8919.0,24.959653812579784,341534041.0
US01,United States,Ancestral,2020-03-23,7,10428.42857142857,11152.0,30.534082461866724,341534041.0
US01,United States,Ancestral,2020-03-24,8,12174.714285714286,10618.0,35.64714735335646,341534041.0
US01,United States,Ancestral,2020-03-25,9,14484.57142857143,12127.0,42.4103301274482,341534041.0
US01,United States,Ancestral,2020-03-26,10,15514.285714285714,17821.0,45.42529836516564,341534041.0
US01,United States,Ancestral,2020-03-27,11,17086.0,18591.0,50.02722407983923,341534041.0
US01,United States,Ancestral,2020-03-28,12,19337.85714285714,22164.0,56.62058483610172,341534041.0
US01,United States,Ancestral,2020-03-29,13,22723.14285714286,16127.0,66.53258571418027,341534041.0
US01,United States,Ancestral,2020-03-30,14,24788.714285714286,22154.0,72.5805082653951,341534041.0
US01,United States,Ancestral,2020-03-31,15,26768.14285714286,26381.0,78.37620747485859,341534041.0
US01,United States,Ancestral,2020-04-01,16,28131.85714285714,35824.0,82.36911629800657,341534041.0
US01,United States,Ancestral,2020-04-02,17,29939.0,32280.0,87.66036882396739,341534041.0
US01,United States,Ancestral,2020-04-03,18,31344.571428571428,32447.0,91.77583393091825,341534041.0
US01,United States,Ancestral,2020-04-04,19,31882.428571428572,31710.0,93.35066126374376,341534041.0
US01,United States,Ancestral,2020-04-05,20,31228.14285714286,28777.0,91.43493505276348,341534041.0
US01,United States,Ancestral,2020-04-06,21,31763.285714285714,31993.0,93.00181504977922,341534041.0
US01,United States,Ancestral,2020-04-07,22,32011.0,30146.0,93.72711401262634,341534041.0
US01,United States,Ancestral,2020-04-08,23,31621.85714285714,31244.0,92.58771702600838,341534041.0
US01,United States,Ancestral,2020-04-09,24,31204.85714285714,36026.0,91.36675527713251,341534041.0
US01,United States,Ancestral,2020-04-10,25,30526.285714285714,34181.0,89.37992132469662,341534041.0
US01,United States,Ancestral,2020-04-11,26,30292.85714285714,28986.0,88.69645044505869,341534041.0
US01,United States,Ancestral,2020-04-12,27,29595.571428571428,25858.0,86.6548217036188,341534041.0
US01,United States,Ancestral,2020-04-13,28,28689.285714285714,27243.0,84.00124810482863,341534041.0
US01,United States,Ancestral,2020-04-14,29,28543.0,28512.0,83.57292853276665,341534041.0
US01,United States,Ancestral,2020-04-15,30,28309.14285714286,26363.0,82.88820281063245,341534041.0
US01,United States,Ancestral,2020-04-16,31,28191.0,29682.0,82.54228456249255,341534041.0
US01,United States,Ancestral,2020-04-17,32,28676.714285714286,33157.0,83.96443939160456,341534041.0
US01,United States,Ancestral,2020-04-18,33,28310.285714285714,27349.0,82.89154905728918,341534041.0
US01,United States,Ancestral,2020-04-19,34,28825.14285714286,25031.0,84.39903317614791,341534041.0
US01,United States,Ancestral,2020-04-20,35,29167.428571428572,30643.0,85.40123404983977,341534041.0
US01,United States,Ancestral,2020-04-21,36,28929.428571428572,25947.0,84.70437818357489,341534041.0
US01,United States,Ancestral,2020-04-22,37,29397.571428571428,29967.0,86.07508447033959,341534041.0
US01,United States,Ancestral,2020-04-23,38,29521.285714285714,32078.0,86.43731567093107,341534041.0
US01,United States,Ancestral,2020-04-24,39,28671.285714285714,31491.0,83.94854471998507,341534041.0
US01,United States,Ancestral,2020-04-25,40,28479.428571428572,30626.0,83.38679356248583,341534041.0
US01,United States,Ancestral,2020-04-26,41,28028.285714285714,25897.0,82.06586269474003,341534041.0
US01,United States,Ancestral,2020-04-27,42,27661.0,24693.0,80.99046267543211,341534041.0
US01,United States,Ancestral,2020-04-28,43,28136.85714285714,24604.0,82.38375612712977,341534041.0
US01,United States,Ancestral,2020-04-29,44,27568.428571428572,26809.0,80.71941669623665,341534041.0
US01,United States,Ancestral,2020-04-30,45,27236.0,29507.0,79.7460771999591,341534041.0
US01,United States,Ancestral,2020-05-01,46,27144.285714285714,34822.0,79.47754090575619,341534041.0
US01,United States,Ancestral,2020-05-02,47,27069.571428571428,26647.0,79.2587800305722,341534041.0
US01,United States,Ancestral,2020-05-03,48,26721.571428571428,23570.0,78.23984792359666,341534041.0
US01,United States,Ancestral,2020-05-04,49,26536.285714285714,24051.0,77.69733768437364,341534041.0
US01,United States,Ancestral,2020-05-05,50,25448.428571428572,24081.0,74.51212914799487,341534041.0
US01,United States,Ancestral,2020-05-06,51,25105.571428571428,24373.0,73.50825515097462,341534041.0
US01,United States,Ancestral,2020-05-07,52,24410.285714285714,28210.0,71.472482341184,341534041.0
US01,United States,Ancestral,2020-05-08,53,23720.428571428572,27207.0,69.45260420301288,341534041.0
US01,United States,Ancestral,2020-05-09,54,23620.0,24247.0,69.15855277805237,341534041.0
US01,United States,Ancestral,2020-05-10,55,22995.428571428572,18703.0,67.32982898014717,341534041.0
US01,United States,Ancestral,2020-05-11,56,22662.14285714286,19222.0,66.35397979887709,341534041.0
US01,United States,Ancestral,2020-05-12,57,22261.0,23378.0,65.17944722236341,341534041.0
US01,United States,Ancestral,2020-05-13,58,22206.85714285714,20001.0,65.02091878700062,341534041.0
US01,United States,Ancestral,2020-05-14,59,22198.285714285714,25877.0,64.99582193707512,341534041.0
US01,United States,Ancestral,2020-05-15,60,22650.0,24399.0,66.31842592814928,341534041.0
US01,United States,Ancestral,2020-05-16,61,22275.714285714286,23868.0,65.22253014806886,341534041.0
US01,United States,Ancestral,2020-05-17,62,22681.14285714286,18643.0,66.40961114954528,341534041.0
US01,United States,Ancestral,2020-05-18,63,22571.85714285714,22384.0,66.0896263129951,341534041.0
US01,United States,Ancestral,2020-05-19,64,22503.714285714286,20758.0,65.89010635608732,341534041.0
US01,United States,Ancestral,2020-05-20,65,21940.85714285714,22839.0,64.24207987764575,341534041.0
US01,United States,Ancestral,2020-05-21,66,22152.0,25112.0,64.86029894747739,341534041.0
US01,United States,Ancestral,2020-05-22,67,21695.14285714286,23922.0,63.52263684644794,341534041.0
US01,United States,Ancestral,2020-05-23,68,21400.571428571428,19928.0,62.660141770674706,341534041.0
US01,United States,Ancestral,2020-05-24,69,20824.285714285714,20121.0,60.972796894016525,341534041.0
US01,United States,Ancestral,2020-05-25,70,20255.285714285714,19186.0,59.30678433979503,341534041.0
US02,United States,Ancestral,2020-05-26,0,20371.714285714286,18696.0,59.64768321794982,341534041.0
US02,United States,Ancestral,2020-05-27,1,20770.14285714286,18805.0,60.81426845865376,341534041.0
US02,United States,Ancestral,2020-05-28,2,20576.285714285714,21129.0,60.246661369505226,341534041.0
US02,United States,Ancestral,2020-05-29,3,20383.571428571428,24737.0,59.682400527013435,341534041.0
US02,United States,Ancestral,2020-05-30,4,20563.571428571428,22717.0,60.20943437544906,341534041.0
US02,United States,Ancestral,2020-05-31,5,20598.285714285714,18764.0,60.31107661764736,341534041.0
US02,United States,Ancestral,2020-06-01,6,21538.571428571428,17837.0,63.06420105447535,341534041.0
US02,United States,Ancestral,2020-06-02,7,21744.85714285714,19956.0,63.66819857601586,341534041.0
US02,United States,Ancestral,2020-06-03,8,21378.571428571428,19048.0,62.59572652253257,341534041.0
US02,United States,Ancestral,2020-06-04,9,21242.14285714286,27711.0,62.19626832788495,341534041.0
US02,United States,Ancestral,2020-06-05,10,21110.0,26181.0,61.80935855820006,341534041.0
US02,United States,Ancestral,2020-06-06,11,21162.571428571428,20153.0,61.96328590440982,341534041.0
US02,United States,Ancestral,2020-06-07,12,21548.0,17809.0,63.09180758939341,341534041.0
US02,United States,Ancestral,2020-06-08,13,20775.428571428572,16912.0,60.82974484944115,341534041.0
US02,United States,Ancestral,2020-06-09,14,20686.0,20324.0,60.567901048551704,341534041.0
US02,United States,Ancestral,2020-06-10,15,21255.0,21746.0,62.2339136027732,341534041.0
US02,United States,Ancestral,2020-06-11,16,21418.428571428572,22303.0,62.71242687468619,341534041.0
US02,United States,Ancestral,2020-06-12,17,22016.0,25555.0,64.46209559532603,341534041.0
US02,United States,Ancestral,2020-06-13,18,22630.85714285714,24136.0,66.26237629664898,341534041.0
US02,United States,Ancestral,2020-06-14,19,23392.714285714286,18953.0,68.49306797419437,341534041.0
US02,United States,Ancestral,2020-06-15,20,24240.571428571428,21095.0,70.975564712659,341534041.0
US02,United States,Ancestral,2020-06-16,21,25017.85714285714,24628.0,73.25143072007027,341534041.0
US02,United States,Ancestral,2020-06-17,22,26122.14285714286,27079.0,76.48474155213962,341534041.0
US02,United States,Ancestral,2020-06-18,23,27108.714285714286,28238.0,79.37338897856536,341534041.0
US02,United States,Ancestral,2020-06-19,24,28379.285714285714,30996.0,83.09357869918951,341534041.0
US02,United States,Ancestral,2020-06-20,25,30408.0,31866.0,89.03358479572465,341534041.0
US02,United States,Ancestral,2020-06-21,26,31722.285714285714,25859.0,92.88176845096888,341534041.0
US02,United States,Ancestral,2020-06-22,27,33310.71428571428,29989.0,97.5326330229972,341534041.0
US02,United States,Ancestral,2020-06-23,28,35895.0,38829.0,105.09933327553725,341534041.0
US02,United States,Ancestral,2020-06-24,29,37176.0,36279.0,108.85005749690409,341534041.0
US02,United States,Ancestral,2020-06-25,30,39613.0,39357.0,115.9855102115575,341534041.0
US02,United States,Ancestral,2020-06-26,31,41260.0,49086.0,120.80786992474346,341534041.0
US02,United States,Ancestral,2020-06-27,32,42863.857142857145,40833.0,125.50390882663771,341534041.0
US02,United States,Ancestral,2020-06-28,33,44728.28571428572,42918.0,130.96289196626734,341534041.0
US02,United States,Ancestral,2020-06-29,34,46975.0,41518.0,137.54119461257451,341534041.0
US02,United States,Ancestral,2020-06-30,35,47342.42857142857,50056.0,138.61701291271453,341534041.0
US02,United States,Ancestral,2020-07-01,36,48084.0,49330.0,140.78830871210286,341534041.0
US02,United States,Ancestral,2020-07-02,37,49660.0,55084.0,145.40278285173923,341534041.0
US02,United States,Ancestral,2020-07-03,38,49962.0,51658.0,146.2870285307812,341534041.0
US02,United States,Ancestral,2020-07-04,39,51013.0,46024.0,149.36432061248033,341534041.0
US02,United States,Ancestral,2020-07-05,40,52609.28571428572,53950.0,154.03819063027373,341534041.0
US02,United States,Ancestral,2020-07-06,41,53287.57142857143,43632.0,156.0241880210454,341534041.0
US02,United States,Ancestral,2020-07-07,42,55696.71428571428,57413.0,163.07807597344092,341534041.0
US02,United States,Ancestral,2020-07-08,43,57756.28571428572,60504.0,169.1084307297079,341534041.0
US02,United States,Ancestral,2020-07-09,44,58652.0,59832.0,171.73105154692325,341534041.0
US02,United States,Ancestral,2020-07-10,45,60936.71428571428,68522.0,178.42061689456682,341534041.0
US02,United States,Ancestral,2020-07-11,46,62128.71428571428,60441.0,181.91075215754051,341534041.0
US02,United States,Ancestral,2020-07-12,47,62956.57142857143,60220.0,184.33468957951231,341534041.0
US02,United States,Ancestral,2020-07-13,48,64519.71428571428,59625.0,188.9115184442604,341534041.0
US02,United States,Ancestral,2020-07-14,49,64219.71428571428,65757.0,188.0331286968677,341534041.0
US02,United States,Ancestral,2020-07-15,50,64774.57142857143,66299.0,189.6577314487121,341534041.0
US02,United States,Ancestral,2020-07-16,51,64599.28571428572,70774.0,189.14450086773553,341534041.0
US02,United States,Ancestral,2020-07-17,52,64775.142857142855,66422.0,189.65940457204044,341534041.0
US02,United States,Ancestral,2020-07-18,53,65137.71428571428,64325.0,190.72100132388937,341534041.0
US02,United States,Ancestral,2020-07-19,54,65302.142857142855,58993.0,191.20244256162698,341534041.0
US02,United States,Ancestral,2020-07-20,55,64872.57142857143,60856.0,189.94467209952705,341534041.0
US02,United States,Ancestral,2020-07-21,56,66090.71428571429,68295.0,193.51135275477355,341534041.0
US02,United States,Ancestral,2020-07-22,57,66009.28571428571,67450.0,193.2729326804812,341534041.0
US02,United States,Ancestral,2020-07-23,58,65529.0,67767.0,191.86667252298872,341534041.0
US02,United States,Ancestral,2020-07-24,59,65406.28571428572,74949.0,191.5073692882219,341534041.0
US02,United States,Ancestral,2020-07-25,60,64873.28571428572,63755.0,189.94676350368752,341534041.0
US02,United States,Ancestral,2020-07-26,61,64387.857142857145,55631.0,188.5254452362397,341534041.0
US02,United States,Ancestral,2020-07-27,62,64593.142857142855,59997.0,189.12651479195554,341534041.0
US02,United States,Ancestral,2020-07-28,63,63082.57142857143,64564.0,184.70361327341726,341534041.0
US02,United States,Ancestral,2020-07-29,64,62178.142857142855,64052.0,182.0554773254443,341534041.0
US02,United States,Ancestral,2020-07-30,65,60929.28571428572,69204.0,178.39886629129808,341534041.0
US02,United States,Ancestral,2020-07-31,66,58343.42857142857,64375.0,170.82756494960506,341534041.0
US02,United States,Ancestral,2020-08-01,67,57923.0,57424.0,169.59656446075897,341534041.0
US02,United States,Ancestral,2020-08-02,68,56506.57142857143,46889.0,165.44931001056912,341534041.0
US02,United States,Ancestral,2020-08-03,69,55196.857142857145,41896.0,161.61451134195184,341534041.0
US02,United States,Ancestral,2020-08-04,70,54634.857142857145,61621.0,159.96899454850285,341534041.0
US02,United States,Ancestral,2020-08-05,71,55541.0,54137.0,162.6221498664609,341534041.0
US02,United States,Ancestral,2020-08-06,72,56580.142857142855,60036.0,165.6647246390964,341534041.0
US02,United States,Ancestral,2020-08-07,73,57971.71428571428,60441.0,169.73919822450227,341534041.0
US02,United States,Ancestral,2020-08-08,74,57293.857142857145,63767.0,167.75445567622685,341534041.0
US02,United States,Ancestral,2020-08-09,75,57448.857142857145,54163.0,168.20829037904642,341534041.0
US02,United States,Ancestral,2020-08-10,76,56221.71428571428,51637.0,164.61525803137815,341534041.0
US02,United States,Ancestral,2020-08-11,77,57597.57142857143,56876.0,168.64372072525393,341534041.0
US02,United States,Ancestral,2020-08-12,78,55963.0,55222.0,163.85775144445995,341534041.0
US02,United States,Ancestral,2020-08-13,79,53165.0,51446.0,155.66530306711067,341534041.0
US02,United States,Ancestral,2020-08-14,80,51216.42857142857,70072.0,149.959952517379,341534041.0
US02,United States,Ancestral,2020-08-15,81,49516.28571428572,52325.0,144.9819923346549,341534041.0
US02,United States,Ancestral,2020-08-16,82,48186.71428571428,34577.0,141.08905263037684,341534041.0
US02,United States,Ancestral,2020-08-17,83,47285.142857142855,37997.0,138.44928229904573,341534041.0
US02,United States,Ancestral,2020-08-18,84,44117.71428571428,44975.0,129.1751596899071,341534041.0
US02,United States,Ancestral,2020-08-19,85,43110.0,45915.0,126.22460670033182,341534041.0
US02,United States,Ancestral,2020-08-20,86,42728.0,45135.0,125.10612375531844,341534041.0
US02,United States,Ancestral,2020-08-21,87,42170.0,47900.0,123.47231882516799,341534041.0
US02,United States,Ancestral,2020-08-22,88,41825.28571428572,45271.0,122.46300717733057,341534041.0
US02,United States,Ancestral,2020-08-23,89,41293.42857142857,31903.0,120.90574763945293,341534041.0
US02,United States,Ancestral,2020-08-24,90,42050.857142857145,34091.0,123.12347261120348,341534041.0
US02,United States,Ancestral,2020-08-25,91,41825.142857142855,42562.0,122.46258889649849,341534041.0
US02,United States,Ancestral,2020-08-26,92,41510.857142857145,42192.0,121.5423710658966,341534041.0
US02,United States,Ancestral,2020-08-27,93,41834.42857142857,50437.0,122.48977715058446,341534041.0
US02,United States,Ancestral,2020-08-28,94,41753.71428571428,46320.0,122.2534484804526,341534041.0
US02,United States,Ancestral,2020-08-29,95,41669.0,43071.0,122.00540794702219,341534041.0
US02,United States,Ancestral,2020-08-30,96,41372.71428571428,34168.0,121.13789350126385,341534041.0
US02,United States,Ancestral,2020-08-31,97,40626.142857142855,33526.0,118.9519578727523,341534041.0
US02,United States,Ancestral,2020-09-01,98,40960.28571428572,41969.0,119.93031673901496,341534041.0
US02,United States,Ancestral,2020-09-02,99,40984.142857142855,40118.0,120.00016963797425,341534041.0
US02,United States,Ancestral,2020-09-03,100,40257.0,45211.0,117.87112020262718,341534041.0
US02,United States,Ancestral,2020-09-04,101,38996.42857142857,48659.0,114.18021014024944,341534041.0
US02,United States,Ancestral,2020-09-05,102,36872.71428571428,43238.0,107.96204729037328,341534041.0
US02,United States,Ancestral,2020-09-06,103,35977.42857142857,29078.0,105.3406813156542,341534041.0
US02,United States,Ancestral,2020-09-07,104,35179.0,24702.0,103.00290974509332,341534041.0
US02,United States,Ancestral,2020-09-08,105,34631.28571428572,27103.0,101.3992210348535,341534041.0
US03,United States,Ancestral/Alpha transition,2020-09-30,0,42967.57142857143,38916.0,125.80758071073633,341534041.0
US03,United States,Ancestral/Alpha transition,2020-10-01,1,42919.42857142857,46362.0,125.6666200703214,341534041.0
US03,United States,Ancestral/Alpha transition,2020-10-02,2,43116.0,53547.0,126.24217449527968,341534041.0
US03,United States,Ancestral/Alpha transition,2020-10-03,3,43506.142857142855,49380.0,127.38449944772228,341534041.0
US03,United States,Ancestral/Alpha transition,2020-10-04,4,45013.42857142857,33370.0,131.7977805071225,341534041.0
US03,United States,Ancestral/Alpha transition,2020-10-05,5,46706.42857142857,37947.0,136.754826648242,341534041.0
US03,United States,Ancestral/Alpha transition,2020-10-06,6,46961.28571428572,45021.0,137.5010396526937,341534041.0
US03,United States,Ancestral/Alpha transition,2020-10-07,7,47800.42857142857,49467.0,139.95802126040073,341534041.0
US03,United States,Ancestral/Alpha transition,2020-10-08,8,49730.42857142857,58213.0,145.60899530196045,341534041.0
US03,United States,Ancestral/Alpha transition,2020-10-09,9,50445.857142857145,55331.0,147.70374570907603,341534041.0
US03,United States,Ancestral/Alpha transition,2020-10-10,10,51242.28571428572,55254.0,150.03566134798763,341534041.0
US03,United States,Ancestral/Alpha transition,2020-10-11,11,52628.57142857143,46880.0,154.0946585426061,341534041.0
US03,United States,Ancestral/Alpha transition,2020-10-12,12,53435.57142857143,42955.0,156.45752696309248,341534041.0
US03,United States,Ancestral/Alpha transition,2020-10-13,13,55575.42857142857,50596.0,162.722955546995,341534041.0
US03,United States,Ancestral/Alpha transition,2020-10-14,14,55517.71428571428,59171.0,162.55397009082992,341534041.0
US03,United States,Ancestral/Alpha transition,2020-10-15,15,56291.142857142855,63862.0,164.81854251577474,341534041.0
US03,United States,Ancestral/Alpha transition,2020-10-16,16,59974.28571428572,70310.0,175.6026589287646,341534041.0
US03,United States,Ancestral/Alpha transition,2020-10-17,17,61685.0,54850.0,180.6115718930635,341534041.0
US03,United States,Ancestral/Alpha transition,2020-10-18,18,62007.0,52294.0,181.55437688859834,341534041.0
US03,United States,Ancestral/Alpha transition,2020-10-19,19,64343.28571428572,68737.0,188.39494161662708,341534041.0
US03,United States,Ancestral/Alpha transition,2020-10-20,20,66032.14285714286,62571.0,193.3398576136159,341534041.0
US03,United States,Ancestral/Alpha transition,2020-10-21,21,69353.42857142857,61425.0,203.06446867891734,341534041.0
US03,United States,Ancestral/Alpha transition,2020-10-22,22,70508.14285714286,80216.0,206.44543264471505,341534041.0
US03,United States,Ancestral/Alpha transition,2020-10-23,23,69898.57142857143,82132.0,204.66062833417953,341534041.0
US03,United States,Ancestral/Alpha transition,2020-10-24,24,72242.28571428571,78099.0,211.522943665477,341534041.0
US03,United States,Ancestral/Alpha transition,2020-10-25,25,76094.14285714286,60377.0,222.80104974116725,341534041.0
US03,United States,Ancestral/Alpha transition,2020-10-26,26,77874.57142857143,64470.0,228.01408375152695,341534041.0
US03,United States,Ancestral/Alpha transition,2020-10-27,27,80498.42857142857,78977.0,235.69664779455633,341534041.0
US03,United States,Ancestral/Alpha transition,2020-10-28,28,81737.42857142857,88388.0,239.3243974512882,341534041.0
US03,United States,Ancestral/Alpha transition,2020-10-29,29,84274.71428571429,92679.0,246.75348331007007,341534041.0
US03,United States,Ancestral/Alpha transition,2020-10-30,30,87055.85714285714,100499.0,254.89657454923253,341534041.0
US03,United States,Ancestral/Alpha transition,2020-10-31,31,93902.28571428571,86772.0,274.94268342723035,341534041.0
US03,United States,Ancestral/Alpha transition,2020-11-01,32,95856.71428571429,78138.0,280.6651834910778,341534041.0
US03,United States,Ancestral/Alpha transition,2020-11-02,33,101192.85714285714,83938.0,296.28922741220146,341534041.0
US03,United States,Ancestral/Alpha transition,2020-11-03,34,105282.57142857143,126902.0,308.2637710733245,341534041.0
US03,United States,Ancestral/Alpha transition,2020-11-04,35,111061.14285714286,102069.0,325.18323073143637,341534041.0
US03,United States,Ancestral/Alpha transition,2020-11-05,36,116951.14285714286,130032.0,342.4289494385798,341534041.0
US03,United States,Ancestral/Alpha transition,2020-11-06,37,122035.0,129127.0,357.3143094102295,341534041.0
US03,United States,Ancestral/Alpha transition,2020-11-07,38,123777.71428571429,127222.0,362.41691728091695,341534041.0
US03,United States,Ancestral/Alpha transition,2020-11-08,39,130562.0,119368.0,382.28107399695483,341534041.0
US03,United States,Ancestral/Alpha transition,2020-11-09,40,134792.14285714287,119525.0,394.6667877160241,341534041.0
US03,United States,Ancestral/Alpha transition,2020-11-10,41,141882.7142857143,139101.0,415.4277385360667,341534041.0
US03,United States,Ancestral/Alpha transition,2020-11-11,42,146987.7142857143,149559.0,430.37500407086594,341534041.0
US03,United States,Ancestral/Alpha transition,2020-11-12,43,149722.85714285713,159643.0,438.38340888209484,341534041.0
US03,United States,Ancestral/Alpha transition,2020-11-13,44,154896.0,178761.0,453.5301943738018,341534041.0
US03,United States,Ancestral/Alpha transition,2020-11-14,45,158931.85714285713,162957.0,465.3470461612262,341534041.0
US03,United States,Ancestral/Alpha transition,2020-11-15,46,162340.0,138514.0,475.3259719724395,341534041.0
US03,United States,Ancestral/Alpha transition,2020-11-16,47,166957.7142857143,155737.0,488.8464815889737,341534041.0
US03,United States,Ancestral/Alpha transition,2020-11-17,48,170146.85714285713,167352.0,498.1841828845902,341534041.0
US03,United States,Ancestral/Alpha transition,2020-11-18,49,172239.2857142857,173416.0,504.31074223223834,341534041.0
US03,United States,Ancestral/Alpha transition,2020-11-19,50,173199.42857142858,191967.0,507.1220077047271,341534041.0
US03,United States,Ancestral/Alpha transition,2020-11-20,51,177277.85714285713,201085.0,519.0635071801148,341534041.0
US03,United States,Ancestral/Alpha transition,2020-11-21,52,178365.85714285713,177604.0,522.2491339973258,341534041.0
US03,United States,Ancestral/Alpha transition,2020-11-22,53,179485.14285714287,145235.0,525.5263643167647,341534041.0
US03,United States,Ancestral/Alpha transition,2020-11-23,54,168191.42857142858,184286.0,492.45875485491825,341534041.0
US03,United States,Ancestral/Alpha transition,2020-11-24,55,170208.14285714287,174968.0,498.3636253615576,341534041.0
US03,United States,Ancestral/Alpha transition,2020-11-25,56,168763.14285714287,181251.0,494.1327147449494,341534041.0
US03,United States,Ancestral/Alpha transition,2020-11-26,57,167968.57142857142,112911.0,491.806236756855,341534041.0
US03,United States,Ancestral/Alpha transition,2020-11-27,58,164289.2857142857,215202.0,481.0334139263316,341534041.0
US03,United States,Ancestral/Alpha transition,2020-11-28,59,167698.2857142857,167489.0,491.0148494225374,341534041.0
US03,United States,Ancestral/Alpha transition,2020-11-29,60,169950.42857142858,139673.0,497.6090467404641,341534041.0
US03,United States,Ancestral/Alpha transition,2020-11-30,61,185166.42857142858,158531.0,542.1609747282222,341534041.0
US03,United States,Ancestral/Alpha transition,2020-12-01,62,188013.85714285713,198831.0,550.4981482734752,341534041.0
US03,United States,Ancestral/Alpha transition,2020-12-02,63,195504.42857142858,197016.0,572.4302854233748,341534041.0
US03,United States,Ancestral/Alpha transition,2020-12-03,64,200998.42857142858,219423.0,588.5165296639598,341534041.0
US03,United States,Ancestral/Alpha transition,2020-12-04,65,206385.57142857142,235134.0,604.2898998421402,341534041.0
US03,United States,Ancestral/Alpha transition,2020-12-05,66,210481.0,219923.0,616.281174736547,341534041.0
US03,United States,Ancestral/Alpha transition,2020-12-06,67,213155.14285714287,178131.0,624.1109736324728,341534041.0
US03,United States,Ancestral/Alpha transition,2020-12-07,68,215491.42857142858,196241.0,630.9515383605016,341534041.0
US03,United States,Ancestral/Alpha transition,2020-12-08,69,215744.0,227499.0,631.6910588716396,341534041.0
US03,United States,Ancestral/Alpha transition,2020-12-09,70,216148.7142857143,215735.0,632.8760484689557,341534041.0
US03,United States,Ancestral/Alpha transition,2020-12-10,71,217936.0,235777.0,638.1091599592556,341534041.0
US03,United States,Ancestral/Alpha transition,2020-12-11,72,219953.14285714287,236902.0,644.0152853083914,341534041.0
US03,United States,Ancestral/Alpha transition,2020-12-12,73,219913.42857142858,222756.0,643.89900323707,341534041.0
US03,United States,Ancestral/Alpha transition,2020-12-13,74,222543.14285714287,190642.0,651.5987167942152,341534041.0
US03,United States,Ancestral/Alpha transition,2020-12-14,75,223028.42857142858,210361.0,653.0196167808308,341534041.0
US03,United States,Ancestral/Alpha transition,2020-12-15,76,224391.0,227221.0,657.0091793573222,341534041.0
US03,United States,Ancestral/Alpha transition,2020-12-16,77,221858.0,234143.0,649.592641923503,341534041.0
US03,United States,Ancestral/Alpha transition,2020-12-17,78,221219.0,239174.0,647.7216717615565,341534041.0
US03,United States,Ancestral/Alpha transition,2020-12-18,79,219371.0,246440.0,642.3107909176175,341534041.0
US03,United States,Ancestral/Alpha transition,2020-12-19,80,216309.42857142858,205025.0,633.3466144050589,341534041.0
US03,United States,Ancestral/Alpha transition,2020-12-20,81,214401.42857142858,186169.0,627.7600556116413,341534041.0
US03,United States,Ancestral/Alpha transition,2020-12-21,82,210461.57142857142,197425.0,616.2242885433825,341534041.0
US03,United States,Ancestral/Alpha transition,2020-12-22,83,193187.85714285713,205790.0,565.6474434501747,341534041.0
US03,United States,Ancestral/Alpha transition,2020-12-23,84,195036.85714285713,220787.0,571.0612522599384,341534041.0
US03,United States,Ancestral/Alpha transition,2020-12-24,85,187896.0,211595.0,550.1530665869994,341534041.0
US03,United States,Ancestral/Alpha transition,2020-12-25,86,184640.0,125524.0,540.619609861964,341534041.0
US03,United States,Ancestral/Alpha transition,2020-12-26,87,184790.14285714287,217968.0,541.0592230164924,341534041.0
US03,United States,Ancestral/Alpha transition,2020-12-27,88,184498.85714285713,136183.0,540.2063483998572,341534041.0
US03,United States,Ancestral/Alpha transition,2020-12-28,89,199117.57142857142,174633.0,583.0094442286396,341534041.0
US03,United States,Ancestral/Alpha transition,2020-12-29,90,206545.57142857142,206841.0,604.758374374083,341534041.0
US03,United States,Ancestral/Alpha transition,2020-12-30,91,214353.57142857142,218748.0,627.6199315328905,341534041.0
US03,United States,Ancestral/Alpha transition,2020-12-31,92,223929.2857142857,313926.0,655.6572957080015,341534041.0
US03,United States,Ancestral/Alpha transition,2021-01-01,93,225657.85714285713,177520.0,660.7184937763119,341534041.0
US03,United States,Ancestral/Alpha transition,2021-01-02,94,229272.2857142857,272624.0,671.3014171090656,341534041.0
US03,United States,Ancestral/Alpha transition,2021-01-03,95,235124.7142857143,203213.0,688.437127957369,341534041.0
US03,United States,Ancestral/Alpha transition,2021-01-04,96,231001.42857142858,186733.0,676.3642883007043,341534041.0
US03,United States,Ancestral/Alpha transition,2021-01-05,97,248907.14285714287,232142.0,728.7916077950862,341534041.0
US03,United States,Ancestral/Alpha transition,2021-01-06,98,247604.2857142857,259715.0,724.9768866064092,341534041.0
US03,United States,Ancestral/Alpha transition,2021-01-07,99,248566.14285714287,285063.0,727.7931714488831,341534041.0
US03,United States,Ancestral/Alpha transition,2021-01-08,100,251104.57142857142,302860.0,735.2256035543215,341534041.0
US03,United States,Ancestral/Alpha transition,2021-01-09,101,249715.14285714287,263504.0,731.1574041813972,341534041.0
US03,United States,Ancestral/Alpha transition,2021-01-10,102,245280.85714285713,209946.0,718.1739671532687,341534041.0
US03,United States,Ancestral/Alpha transition,2021-01-11,103,238118.14285714287,204502.0,697.2017845130198,341534041.0
US03,United States,Ancestral/Alpha transition,2021-01-12,104,229757.57142857142,222416.0,672.7223170956812,341534041.0
US03,United States,Ancestral/Alpha transition,2021-01-13,105,223111.57142857142,228675.0,653.2630562251081,341534041.0
US03,United States,Ancestral/Alpha transition,2021-01-14,106,218285.7142857143,234924.0,639.1331114362164,341534041.0
US03,United States,Ancestral/Alpha transition,2021-01-15,107,209254.57142857142,244336.0,612.6902337930392,341534041.0
US03,United States,Ancestral/Alpha transition,2021-01-16,108,199911.42857142858,216982.0,585.3338308125736,341534041.0
US03,United States,Ancestral/Alpha transition,2021-01-17,109,194053.2857142857,176165.0,568.1813887309866,341534041.0
US03,United States,Ancestral/Alpha transition,2021-01-18,110,187925.14285714287,141284.0,550.2383958767462,341534041.0
US03,United States,Ancestral/Alpha transition,2021-01-19,111,180356.57142857142,157014.0,528.0778773925244,341534041.0
US03,United States,Ancestral/Alpha transition,2021-01-20,112,174693.2857142857,187668.0,511.49597036591064,341534041.0
US03,United States,Ancestral/Alpha transition,2021-01-21,113,169497.57142857142,192027.0,496.28309650273314,341534041.0
US03,United States,Ancestral/Alpha transition,2021-01-22,114,167881.7142857143,191356.0,491.5519220109432,341534041.0
US03,United States,Ancestral/Alpha transition,2021-01-23,115,167064.57142857142,177339.0,489.15935565137835,341534041.0
US03,United States,Ancestral/Alpha transition,2021-01-24,116,162421.2857142857,139795.0,475.5639737658997,341534041.0
US03,United States,Ancestral/Alpha transition,2021-01-25,117,158805.2857142857,129973.0,464.9764493439929,341534041.0
US03,United States,Ancestral/Alpha transition,2021-01-26,118,154797.14285714287,151294.0,453.2407440379943,341534041.0
US03,United States,Ancestral/Alpha transition,2021-01-27,119,150950.0,155165.0,441.97644122976305,341534041.0
US03,United States,Ancestral/Alpha transition,2021-01-28,120,147060.85714285713,166715.0,430.58916385689685,341534041.0
US03,United States,Ancestral/Alpha transition,2021-01-29,121,146466.42857142858,163299.0,428.8486973145631,341534041.0
US03,United States,Ancestral/Alpha transition,2021-01-30,122,141623.0,150409.0,414.6673039833239,341534041.0
US03,United States,Ancestral/Alpha transition,2021-01-31,123,137224.42857142858,112571.0,401.7884371632185,341534041.0
US03,United States,Ancestral/Alpha transition,2021-02-01,124,131215.57142857142,125812.0,384.1947088037746,341534041.0
US03,United States,Ancestral/Alpha transition,2021-02-02,125,126516.71428571429,117390.0,370.43661567461237,341534041.0
US03,United States,Ancestral/Alpha transition,2021-02-03,126,121641.14285714286,124375.0,356.16110915615246,341534041.0
US03,United States,Ancestral/Alpha transition,2021-02-04,127,118298.0,124653.0,346.372501123541,341534041.0
US03,United States,Ancestral/Alpha transition,2021-02-05,128,112205.14285714286,130407.0,328.53282363482725,341534041.0
US03,United States,Ancestral/Alpha transition,2021-02-06,129,109114.85714285714,116280.0,319.48457267501817,341534041.0
US03,United States,Ancestral/Alpha transition,2021-02-07,130,105017.71428571429,89169.0,307.4882784106264,341534041.0
US03,United States,Ancestral/Alpha transition,2021-02-08,131,102374.71428571429,83162.0,299.74966473609663,341534041.0
US03,United States,Ancestral/Alpha transition,2021-02-09,132,97967.85714285714,95758.0,286.8465376277299,341534041.0
US03,United States,Ancestral/Alpha transition,2021-02-10,133,94263.28571428571,95695.0,275.99967908992625,341534041.0
US03,United States,Ancestral/Alpha transition,2021-02-11,134,91266.28571428571,106152.0,267.2245655134731,341534041.0
US03,United States,Ancestral/Alpha transition,2021-02-12,135,87400.85714285714,99559.0,255.9067227587342,341534041.0
US03,United States,Ancestral/Alpha transition,2021-02-13,136,82269.42857142857,90348.0,240.88207526999796,341534041.0
US03,United States,Ancestral/Alpha transition,2021-02-14,137,78456.57142857143,68190.0,229.71815986146876,341534041.0
US03,United States,Ancestral/Alpha transition,2021-02-15,138,73613.42857142857,56104.0,215.53760309189374,341534041.0
US03,United States,Ancestral/Alpha transition,2021-02-16,139,70087.0,59838.0,205.21234075170855,341534041.0
US03,United States,Ancestral/Alpha transition,2021-02-17,140,67691.71428571429,69005.0,198.19902604002596,341534041.0
US03,United States,Ancestral/Alpha transition,2021-02-18,141,65843.57142857143,72250.0,192.7877269152548,341534041.0
US03,United States,Ancestral/Alpha transition,2021-02-19,142,65836.71428571429,74874.0,192.76764943531438,341534041.0
US03,United States,Ancestral/Alpha transition,2021-02-20,143,67835.57142857143,73581.0,198.62023483794235,341534041.0
US03,United States,Ancestral/Alpha transition,2021-02-21,144,68689.28571428571,55253.0,201.1198810905227,341534041.0
US03,United States,Ancestral/Alpha transition,2021-02-22,145,69376.42857142857,56056.0,203.1318118928841,341534041.0
US03,United States,Ancestral/Alpha transition,2021-02-23,146,69383.42857142857,73830.0,203.1523076536566,341534041.0
US03,United States,Ancestral/Alpha transition,2021-02-24,147,68990.42857142857,74981.0,202.00161708457216,341534041.0
US03,United States,Ancestral/Alpha transition,2021-02-25,148,68476.57142857143,77060.0,200.4970609315381,341534041.0
US03,United States,Ancestral/Alpha transition,2021-02-26,149,67628.85714285714,74923.0,198.01498247390555,341534041.0
US03,United States,Ancestral/Alpha transition,2021-02-27,150,65464.0,70830.0,191.67635474438697,341534041.0
US03,United States,Ancestral/Alpha transition,2021-02-28,151,64333.57142857143,51656.0,188.36649852004484,341534041.0
US03,United States,Ancestral/Alpha transition,2021-03-01,152,63102.28571428572,50122.0,184.76133602824592,341534041.0
US03,United States,Ancestral/Alpha transition,2021-03-02,153,61996.42857142857,58676.0,181.52342410702357,341534041.0
US03,United States,Ancestral/Alpha transition,2021-03-03,154,60558.28571428572,67068.0,177.31259097035576,341534041.0
US03,United States,Ancestral/Alpha transition,2021-03-04,155,59113.71428571428,68441.0,173.08293519624382,341534041.0
US03,United States,Ancestral/Alpha transition,2021-03-05,156,58346.0,67182.0,170.8350940045827,341534041.0
US03,United States,Ancestral/Alpha transition,2021-03-06,157,57939.57142857143,60763.0,169.6450850372816,341534041.0
US03,United States,Ancestral/Alpha transition,2021-03-07,158,56604.142857142855,41544.0,165.7349958188878,341534041.0
US03,United States,Ancestral/Alpha transition,2021-03-08,159,55649.0,44748.0,162.93837017552227,341534041.0
US03,United States,Ancestral/Alpha transition,2021-03-09,160,54947.857142857145,55831.0,160.88544785161588,341534041.0
US03,United States,Ancestral/Alpha transition,2021-03-10,161,54304.28571428572,57720.0,159.00109270304247,341534041.0
US03,United States,Ancestral/Alpha transition,2021-03-11,162,53878.857142857145,61755.0,157.75545238507323,341534041.0
US03,United States,Ancestral/Alpha transition,2021-03-12,163,54848.71428571428,62274.0,160.5951609541442,341534041.0
US03,United States,Ancestral/Alpha transition,2021-03-13,164,54741.28571428572,56258.0,160.2806137684112,341534041.0
US03,United States,Ancestral/Alpha transition,2021-03-14,165,55049.71428571428,38566.0,161.18368208489733,341534041.0
US03,United States,Ancestral/Alpha transition,2021-03-15,166,55113.71428571428,51537.0,161.37107189767443,341534041.0
US03,United States,Ancestral/Alpha transition,2021-03-16,167,54918.857142857145,55079.0,160.80053684270126,341534041.0
US03,United States,Ancestral/Alpha transition,2021-03-17,168,55205.857142857145,59879.0,161.64086303437364,341534041.0
US03,United States,Ancestral/Alpha transition,2021-03-18,169,54755.28571428572,62203.0,160.3216052899562,341534041.0
US03,United States,Ancestral/Alpha transition,2021-03-19,170,54312.42857142857,60910.0,159.0249347104717,341534041.0
US03,United States,Ancestral/Alpha transition,2021-03-20,171,53976.28571428572,58267.0,158.04071991255978,341534041.0
US03,United States,Ancestral/Alpha transition,2021-03-21,172,57968.57142857143,35412.0,169.72999604619625,341534041.0
US03,United States,Ancestral/Alpha transition,2021-03-22,173,58709.42857142857,48437.0,171.89920044142414,341534041.0
US03,United States,Ancestral/Alpha transition,2021-03-23,174,60885.71428571428,52726.0,178.27129063751008,341534041.0
US03,United States,Ancestral/Alpha transition,2021-03-24,175,61675.0,87825.0,180.5822922348171,341534041.0
US03,United States,Ancestral/Alpha transition,2021-03-25,176,63240.71428571428,67389.0,185.16665015454282,341534041.0
US03,United States,Ancestral/Alpha transition,2021-03-26,177,65841.57142857143,76144.0,192.78187098360553,341534041.0
US03,United States,Ancestral/Alpha transition,2021-03-27,178,67198.14285714286,63792.0,196.7538657651489,341534041.0
US03,United States,Ancestral/Alpha transition,2021-03-28,179,64566.28571428572,46372.0,189.0478779955223,341534041.0
US03,United States,Ancestral/Alpha transition,2021-03-29,180,65917.14285714286,66643.0,193.00314154378202,341534041.0
US03,United States,Ancestral/Alpha transition,2021-03-30,181,65591.42857142857,62222.0,192.0494612466128,341534041.0
US03,United States,Ancestral/Alpha transition,2021-03-31,182,65693.85714285714,69402.0,192.34936860322262,341534041.0
US03,United States,Ancestral/Alpha transition,2021-04-01,183,64478.857142857145,76845.0,188.79189012628214,341534041.0
US03,United States,Ancestral/Alpha transition,2021-04-02,184,64704.71428571428,73864.0,189.45319212181923,341534041.0
US03,United States,Ancestral/Alpha transition,2021-04-03,185,64872.28571428572,64509.0,189.9438355378629,341534041.0
US03,United States,Ancestral/Alpha transition,2021-04-04,186,65777.57142857143,37867.0,192.5944811708284,341534041.0
US03,United States,Ancestral/Alpha transition,2021-04-05,187,66206.0,68224.0,193.84890538627158,341534041.0
US03,United States,Ancestral/Alpha transition,2021-04-06,188,67712.85714285714,63395.0,198.26093160317552,341534041.0
US03,United States,Ancestral/Alpha transition,2021-04-07,189,68549.28571428571,75739.0,200.7099658750728,341534041.0
US03,United States,Ancestral/Alpha transition,2021-04-08,190,69901.28571428571,79844.0,204.66857566998925,341534041.0
US03,United States,Ancestral/Alpha transition,2021-04-09,191,69183.85714285714,84412.0,202.56796933122442,341534041.0
US03,United States,Ancestral/Alpha transition,2021-04-10,192,71657.85714285714,70364.0,209.8117567813896,341534041.0
US03,United States,Ancestral/Alpha transition,2021-04-11,193,71546.85714285714,47331.0,209.4867525748543,341534041.0
US03,United States,Ancestral/Alpha transition,2021-04-12,194,70744.57142857143,63202.0,207.13768742182697,341534041.0
US03,United States,Ancestral/Alpha transition,2021-04-13,195,70506.85714285714,80713.0,206.44166811722624,341534041.0
US03,United States,Ancestral/Alpha transition,2021-04-14,196,68366.85714285714,74962.0,200.17582125249163,341534041.0
US03,United States,Ancestral/Alpha transition,2021-04-15,197,67865.71428571429,74228.0,198.7084920935137,341534041.0
US03,United States,Ancestral/Alpha transition,2021-04-16,198,67384.71428571429,82748.0,197.30014053186076,341534041.0
US03,United States,Ancestral/Alpha transition,2021-04-17,199,64772.71428571428,55384.0,189.6522937978949,341534041.0
US03,United States,Ancestral/Alpha transition,2021-04-18,200,63305.28571428572,43823.0,185.3557130906483,341534041.0
US03,United States,Ancestral/Alpha transition,2021-04-19,201,62160.28571428572,59835.0,182.0031922214328,341534041.0
US03,United States,Ancestral/Alpha transition,2021-04-20,202,59289.142857142855,62429.0,173.59658405805254,341534041.0
US03,United States,Ancestral/Alpha transition,2021-04-21,203,59135.28571428572,64690.0,173.1460956018897,341534041.0
US03,United States,Ancestral/Alpha transition,2021-04-22,204,57790.28571428572,66213.0,169.20798156774575,341534041.0
US03,United States,Ancestral/Alpha transition,2021-04-23,205,55426.42857142857,62650.0,162.2866886391233,341534041.0
US03,United States,Ancestral/Alpha transition,2021-04-24,206,53944.71428571428,54307.0,157.9482798486675,341534041.0
US03,United States,Ancestral/Alpha transition,2021-04-25,207,52679.57142857143,34408.0,154.24398479966285,341534041.0
US03,United States,Ancestral/Alpha transition,2021-04-26,208,51460.42857142857,43288.0,150.67437617859173,341534041.0
US03,United States,Ancestral/Alpha transition,2021-04-27,209,50757.0,52057.0,148.61476136137188,341534041.0
US03,United States,Ancestral/Alpha transition,2021-04-28,210,49880.42857142857,55834.0,146.04819017565683,341534041.0
US04,United States,Delta,2021-06-19,0,11368.285714285714,8889.0,33.28595205619844,341534041.0
US04,United States,Delta,2021-06-20,1,11473.42857142857,4929.0,33.593806748617986,341534041.0
US04,United States,Delta,2021-06-21,2,11855.285714285714,10728.0,34.71187141279927,341534041.0
US04,United States,Delta,2021-06-22,3,12358.57142857143,10770.0,36.18547478425856,341534041.0
US04,United States,Delta,2021-06-23,4,12380.857142857143,12490.0,36.25072659406488,341534041.0
US04,United States,Delta,2021-06-24,5,12342.714285714286,14195.0,36.13904561189637,341534041.0
US04,United States,Delta,2021-06-25,6,12776.57142857143,24509.0,37.409364498959064,341534041.0
US04,United States,Delta,2021-06-26,7,12313.857142857143,9045.0,36.054552883813834,341534041.0
US04,United States,Delta,2021-06-27,8,12712.285714285714,4662.0,37.221138124517765,341534041.0
US04,United States,Delta,2021-06-28,9,12816.714285714286,13765.0,37.526901412776844,341534041.0
US04,United States,Delta,2021-06-29,10,13543.42857142857,7531.0,39.654696005627656,341534041.0
US04,United States,Delta,2021-06-30,11,13006.42857142857,15279.0,38.0823783577947,341534041.0
US04,United States,Delta,2021-07-01,12,12950.57142857143,14926.0,37.91883055244683,341534041.0
US04,United States,Delta,2021-07-02,13,12293.42857142857,29596.0,35.994738724824714,341534041.0
US04,United States,Delta,2021-07-03,14,14441.57142857143,5286.0,42.284427596988586,341534041.0
US04,United States,Delta,2021-07-04,15,15135.857142857143,4271.0,44.31727244095456,341534041.0
US04,United States,Delta,2021-07-05,16,15987.0,9165.0,46.80938963855729,341534041.0
US04,United States,Delta,2021-07-06,17,18469.571428571428,22568.0,54.07827393864797,341534041.0
US04,United States,Delta,2021-07-07,18,19149.0,20139.0,56.06761757607641,341534041.0
US04,United States,Delta,2021-07-08,19,20220.0,20884.0,59.20346897426836,341534041.0
US04,United States,Delta,2021-07-09,20,23148.0,46974.0,67.77655290882117,341534041.0
US04,United States,Delta,2021-07-10,21,23710.428571428572,10042.0,69.42332454476646,341534041.0
US04,United States,Delta,2021-07-11,22,25279.14285714286,11768.0,74.01646636196612,341534041.0
US04,United States,Delta,2021-07-12,23,26857.428571428572,29661.0,78.63763299491593,341534041.0
US04,United States,Delta,2021-07-13,24,31294.14285714286,26505.0,91.62818079718987,341534041.0
US04,United States,Delta,2021-07-14,25,31869.714285714286,31120.0,93.31343426968759,341534041.0
US04,United States,Delta,2021-07-15,26,33100.57142857143,31932.0,96.91734191899023,341534041.0
US04,United States,Delta,2021-07-16,27,35893.71428571428,78031.0,105.09556874804841,341534041.0
US04,United States,Delta,2021-07-17,28,37810.857142857145,14071.0,110.70889751471991,341534041.0
US04,United States,Delta,2021-07-18,29,40201.42857142857,20384.0,117.70840895894348,341534041.0
US04,United States,Delta,2021-07-19,30,43700.71428571428,49213.0,127.95419794103124,341534041.0
US04,United States,Delta,2021-07-20,31,49807.857142857145,39925.0,145.83570351295418,341534041.0
US04,United States,Delta,2021-07-21,32,51997.0,47854.0,152.2454389839284,341534041.0
US04,United States,Delta,2021-07-22,33,53178.42857142857,56427.0,155.7046214653273,341534041.0
US04,United States,Delta,2021-07-23,34,57367.71428571428,120781.0,167.97070686641828,341534041.0
US04,United States,Delta,2021-07-24,35,60971.42857142857,29395.0,178.52225913676514,341534041.0
US04,United States,Delta,2021-07-25,36,64645.142857142855,28654.0,189.27876901483697,341534041.0
US04,United States,Delta,2021-07-26,37,66920.71428571429,78538.0,195.9415643892267,341534041.0
US04,United States,Delta,2021-07-27,38,76974.28571428571,65151.0,225.3780779476846,341534041.0
US04,United States,Delta,2021-07-28,39,79165.85714285714,73570.0,231.7949241928044,341534041.0
US04,United States,Delta,2021-07-29,40,81560.14285714286,72356.0,238.80531093866236,341534041.0
US04,United States,Delta,2021-07-30,41,85693.85714285714,191156.0,250.90868509606966,341534041.0
US04,United States,Delta,2021-07-31,42,90397.85714285714,44736.0,264.6818363351873,341534041.0
US04,United States,Delta,2021-08-01,43,94517.14285714286,45414.0,276.7429641285533,341534041.0
US04,United States,Delta,2021-08-02,44,99838.28571428571,107474.0,292.32308856230736,341534041.0
US04,United States,Delta,2021-08-03,45,108524.42857142857,98079.0,317.7558179959829,341534041.0
US04,United States,Delta,2021-08-04,46,111266.0,102405.0,325.78304544465595,341534041.0
US04,United States,Delta,2021-08-05,47,109883.14285714286,109604.0,321.7340869900077,341534041.0
US04,United States,Delta,2021-08-06,48,117157.14285714286,251959.0,343.03211039845615,341534041.0
US04,United States,Delta,2021-08-07,49,120048.85714285714,63927.0,351.4989510016577,341534041.0
US04,United States,Delta,2021-08-08,50,127490.14285714286,35734.0,373.28678126448557,341534041.0
US04,United States,Delta,2021-08-09,51,132381.85714285713,158392.0,387.60955351697174,341534041.0
US04,United States,Delta,2021-08-10,52,128775.14285714286,118321.0,377.04921734915104,341534041.0
US04,United States,Delta,2021-08-11,53,130247.85714285714,154494.0,381.361274447185,341534041.0
US04,United States,Delta,2021-08-12,54,131985.7142857143,143846.0,386.4496607695813,341534041.0
US04,United States,Delta,2021-08-13,55,136975.7142857143,226712.0,401.0602102345467,341534041.0
US04,United States,Delta,2021-08-14,56,141677.0,74236.0,414.8254141378546,341534041.0
US04,United States,Delta,2021-08-15,57,143500.57142857142,47899.0,420.1647689595059,341534041.0
US04,United States,Delta,2021-08-16,58,145147.7142857143,193322.0,424.98754695352403,341534041.0
US04,United States,Delta,2021-08-17,59,146903.57142857142,151230.0,430.12863666076385,341534041.0
US04,United States,Delta,2021-08-18,60,149668.2857142857,167259.0,438.2236256042358,341534041.0
US04,United States,Delta,2021-08-19,61,149313.57142857142,155376.0,437.18503429815195,341534041.0
US04,United States,Delta,2021-08-20,62,151148.42857142858,239003.0,442.5574333055386,341534041.0
US04,United States,Delta,2021-08-21,63,151718.85714285713,93589.0,444.2276286680809,341534041.0
US04,United States,Delta,2021-08-22,64,153418.14285714287,45416.0,449.20307916581254,341534041.0
US04,United States,Delta,2021-08-23,65,157477.42857142858,206166.0,461.08852900970004,341534041.0
US04,United States,Delta,2021-08-24,66,157383.42857142858,155223.0,460.81330022218367,341534041.0
US04,United States,Delta,2021-08-25,67,155454.2857142857,179154.0,455.16483586561645,341534041.0
US04,United States,Delta,2021-08-26,68,156570.57142857142,183791.0,458.43328228758145,341534041.0
US04,United States,Delta,2021-08-27,69,159678.0,238345.0,467.5317269472415,341534041.0
US04,United States,Delta,2021-08-28,70,163229.14285714287,80085.0,477.9293518713786,341534041.0
US04,United States,Delta,2021-08-29,71,164833.85714285713,53230.0,482.62790045826534,341534041.0
US04,United States,Delta,2021-08-30,72,164175.14285714287,227918.0,480.69920754149035,341534041.0
US04,United States,Delta,2021-08-31,73,163713.7142857143,180081.0,479.34816045383394,341534041.0
US04,United States,Delta,2021-09-01,74,164754.42857142858,190387.0,482.39533631562244,341534041.0
US04,United States,Delta,2021-09-02,75,166399.14285714287,179180.0,487.2110035354949,341534041.0
US04,United States,Delta,2021-09-03,76,146701.85714285713,235115.0,429.53802412585026,341534041.0
US04,United States,Delta,2021-09-04,77,150988.0,87370.0,442.0877039310995,341534041.0
US04,United States,Delta,2021-09-05,78,149164.7142857143,64743.0,436.74918567111234,341534041.0
US04,United States,Delta,2021-09-06,79,147382.7142857143,90037.0,431.53155057159967,341534041.0
US04,United States,Delta,2021-09-07,80,148322.0,210084.0,434.281747042603,341534041.0
US04,United States,Delta,2021-09-08,81,148779.85714285713,177624.0,435.6223371094571,341534041.0
US04,United States,Delta,2021-09-09,82,146619.42857142858,166706.0,429.2966760857334,341534041.0
US04,United States,Delta,2021-09-10,83,163426.0,241690.0,478.5057428580011,341534041.0
US04,United States,Delta,2021-09-11,84,154215.2857142857,90575.0,451.53708620888455,341534041.0
US04,United States,Delta,2021-09-12,85,153585.14285714287,49620.0,449.69204945852783,341534041.0
US04,United States,Delta,2021-09-13,86,152434.7142857143,207683.0,446.3236339176928,341534041.0
US04,United States,Delta,2021-09-14,87,147997.57142857142,145609.0,433.33183127292256,341534041.0
US04,United States,Delta,2021-09-15,88,145960.14285714287,173213.0,427.3663100456299,341534041.0
US04,United States,Delta,2021-09-16,89,145447.42857142858,158653.0,425.8651001392525,341534041.0
US04,United States,Delta,2021-09-17,90,139975.7142857143,210630.0,409.84410770847376,341534041.0
US04,United States,Delta,2021-09-18,91,136585.7142857143,76313.0,399.91830356293616,341534041.0
US04,United States,Delta,2021-09-19,92,130645.42857142857,46031.0,382.5253500028964,341534041.0
US04,United States,Delta,2021-09-20,93,126420.14285714286,169381.0,370.1538578321183,341534041.0
US04,United States,Delta,2021-09-21,94,121268.57142857143,121879.0,355.0702327460572,341534041.0
US04,United States,Delta,2021-09-22,95,119211.71428571429,131631.0,349.04782532559994,341534041.0
US04,United States,Delta,2021-09-23,96,120586.85714285714,129076.0,353.07419661531526,341534041.0
US04,United States,Delta,2021-09-24,97,118375.42857142857,174569.0,346.59920933453475,341534041.0
US04,United States,Delta,2021-09-25,98,117136.85714285714,61915.0,342.9727145202991,341534041.0
US04,United States,Delta,2021-09-26,99,115743.85714285714,55657.0,338.89405812657236,341534041.0
US04,United States,Delta,2021-09-27,100,113039.71428571429,153901.0,330.9764202559073,341534041.0
US04,United States,Delta,2021-09-28,101,110220.14285714286,113209.0,322.72081147291215,341534041.0
US04,United States,Delta,2021-09-29,102,108488.85714285714,121880.0,317.6516660687921,341534041.0
US04,United States,Delta,2021-09-30,103,107143.28571428571,110147.0,313.71187891131973,341534041.0
US04,United States,Delta,2021-10-01,104,105238.0,154832.0,308.1332674537119,341534041.0
US04,United States,Delta,2021-10-02,105,102716.42857142857,49796.0,300.7501924864601,341534041.0
US04,United States,Delta,2021-10-03,106,101412.0,46238.0,296.93087020863027,341534041.0
US04,United States,Delta,2021-10-04,107,100120.71428571429,140564.0,293.1500297673528,341534041.0
US04,United States,Delta,2021-10-05,108,96653.42857142857,95558.0,282.99793569165354,341534041.0
US04,United States,Delta,2021-10-06,109,95308.28571428571,112749.0,279.0594033766775,341534041.0
US04,United States,Delta,2021-10-07,110,94562.71428571429,101108.0,276.87639571399063,341534041.0
US04,United States,Delta,2021-10-08,111,87745.57142857143,130561.0,256.9160344065716,341534041.0
US04,United States,Delta,2021-10-09,112,89952.28571428571,40380.0,263.37721841989304,341534041.0
US04,United States,Delta,2021-10-10,113,89319.14285714286,41019.0,261.52339777206237,341534041.0
US04,United States,Delta,2021-10-11,114,87187.14285714286,92844.0,255.28097463392487,341534041.0
US04,United States,Delta,2021-10-12,115,84071.42857142857,111005.0,246.15826968600348,341534041.0
US04,United States,Delta,2021-10-13,116,84215.71428571429,108317.0,246.58073332641618,341534041.0
US04,United States,Delta,2021-10-14,117,83097.42857142857,86184.0,243.30643097280182,341534041.0
US04,United States,Delta,2021-10-15,118,83638.42857142857,108751.0,244.8904604839333,341534041.0
US04,United States,Delta,2021-10-16,119,79584.85714285714,41390.0,233.02174187332955,341534041.0
US04,United States,Delta,2021-10-17,120,77287.14285714286,33191.0,226.2941129699656,341534041.0
US04,United States,Delta,2021-10-18,121,76022.57142857143,96631.0,222.5914910442893,341534041.0
US04,United States,Delta,2021-10-19,122,74186.57142857143,82630.0,217.21574579024596,341534041.0
US04,United States,Delta,2021-10-20,123,73178.14285714286,92233.0,214.26310139651017,341534041.0
US04,United States,Delta,2021-10-21,124,71432.42857142857,77332.0,209.15170962834875,341534041.0
US04,United States,Delta,2021-10-22,125,73267.0,95899.0,214.52327207407126,341534041.0
US04,United States,Delta,2021-10-23,126,71129.28571428571,34331.0,208.26411770265005,341534041.0
US05,United States,Omicron BA.1,2021-10-24,0,72591.28571428571,20971.0,212.54480373827715,341534041.0
US05,United States,Omicron BA.1,2021-10-25,1,72195.0,109473.0,211.38449271005462,341534041.0
US05,United States,Omicron BA.1,2021-10-26,2,72026.14285714286,67666.0,210.89008476652216,341534041.0
US05,United States,Omicron BA.1,2021-10-27,3,72313.0,102467.0,211.72999267736242,341534041.0
US05,United States,Omicron BA.1,2021-10-28,4,74178.71428571429,74558.0,217.1927403444809,341534041.0
US05,United States,Omicron BA.1,2021-10-29,5,74231.14285714286,94717.0,217.34624940985856,341534041.0
US05,United States,Omicron BA.1,2021-10-30,6,74577.85714285714,36339.0,218.36141698934526,341534041.0
US05,United States,Omicron BA.1,2021-10-31,7,72327.57142857143,34031.0,211.7726573222358,341534041.0
US05,United States,Omicron BA.1,2021-11-01,8,73281.0,109840.0,214.5642635956162,341534041.0
US05,United States,Omicron BA.1,2021-11-02,9,73620.0,70093.0,215.55684401016998,341534041.0
US05,United States,Omicron BA.1,2021-11-03,10,73756.42857142857,86715.0,215.9563022048176,341534041.0
US05,United States,Omicron BA.1,2021-11-04,11,74465.14285714286,81232.0,218.03139341282485,341534041.0
US05,United States,Omicron BA.1,2021-11-05,12,74106.57142857143,97090.0,216.98150852427455,341534041.0
US05,United States,Omicron BA.1,2021-11-06,13,75521.57142857143,37294.0,221.1245801661435,341534041.0
US05,United States,Omicron BA.1,2021-11-07,14,76724.28571428571,38992.0,224.64608649152402,341534041.0
US05,United States,Omicron BA.1,2021-11-08,15,73359.14285714286,107330.0,214.79306321077044,341534041.0
US05,United States,Omicron BA.1,2021-11-09,16,80077.85714285714,79998.0,234.46522902487823,341534041.0
US05,United States,Omicron BA.1,2021-11-10,17,81349.14285714286,95134.0,238.1875101496628,341534041.0
US05,United States,Omicron BA.1,2021-11-11,18,80622.0,57676.0,236.05846071431574,341534041.0
US05,United States,Omicron BA.1,2021-11-12,19,84011.57142857143,144121.0,245.9830100173571,341534041.0
US05,United States,Omicron BA.1,2021-11-13,20,85152.0,46193.0,249.3221458999456,341534041.0
US05,United States,Omicron BA.1,2021-11-14,21,87619.42857142857,33902.0,256.5466924318346,341534041.0
US05,United States,Omicron BA.1,2021-11-15,22,94891.85714285714,131057.0,277.84011475113,341534041.0
US05,United States,Omicron BA.1,2021-11-16,23,92341.85714285714,87981.0,270.373801898292,341534041.0
US05,United States,Omicron BA.1,2021-11-17,24,92493.71428571429,112406.0,270.8184344228056,341534041.0
US05,United States,Omicron BA.1,2021-11-18,25,93583.28571428571,108583.0,274.00866232916945,341534041.0
US05,United States,Omicron BA.1,2021-11-19,26,94988.85714285714,126271.0,278.1241274361203,341534041.0
US05,United States,Omicron BA.1,2021-11-20,27,95523.28571428571,47256.0,279.6889160289756,341534041.0
US05,United States,Omicron BA.1,2021-11-21,28,95404.0,41529.0,279.33965153417904,341534041.0
US05,United States,Omicron BA.1,2021-11-22,29,85186.0,140896.0,249.42169673798344,341534041.0
US05,United States,Omicron BA.1,2021-11-23,30,74960.57142857143,91722.0,219.48199133851912,341534041.0
US05,United States,Omicron BA.1,2021-11-24,31,72276.42857142857,111571.0,211.62291278434694,341534041.0
US05,United States,Omicron BA.1,2021-11-25,32,72789.85714285714,37057.0,213.12621409488474,341534041.0
US05,United States,Omicron BA.1,2021-11-26,33,79111.85714285714,54693.0,231.6368140382737,341534041.0
US05,United States,Omicron BA.1,2021-11-27,34,82809.57142857143,28467.0,242.46359509613694,341534041.0
US05,United States,Omicron BA.1,2021-11-28,35,86442.42857142857,45123.0,253.10047665623046,341534041.0
US05,United States,Omicron BA.1,2021-11-29,36,100850.42857142857,185150.0,295.28660825767747,341534041.0
US05,United States,Omicron BA.1,2021-11-30,37,115608.28571428571,117606.0,338.49710961691727,341534041.0
US05,United States,Omicron BA.1,2021-12-01,38,121228.42857142857,137001.0,354.9526958322393,341534041.0
US05,United States,Omicron BA.1,2021-12-02,39,122862.57142857143,137913.0,359.7374102705371,341534041.0
US05,United States,Omicron BA.1,2021-12-03,40,121401.0,157998.0,355.4579790774062,341534041.0
US05,United States,Omicron BA.1,2021-12-04,41,120667.0,67808.0,353.30885216211874,341534041.0
US05,United States,Omicron BA.1,2021-12-05,42,122435.14285714286,56562.0,358.4859140209185,341534041.0
US05,United States,Omicron BA.1,2021-12-06,43,120438.14285714286,174919.0,352.63876626910775,341534041.0
US05,United States,Omicron BA.1,2021-12-07,44,120354.85714285714,112468.0,352.39490854399827,341534041.0
US05,United States,Omicron BA.1,2021-12-08,45,118916.85714285714,149378.0,348.18449368816255,341534041.0
US05,United States,Omicron BA.1,2021-12-09,46,118464.71428571429,123934.0,346.86063485459215,341534041.0
US05,United States,Omicron BA.1,2021-12-10,47,119655.28571428571,157415.0,350.34658730924485,341534041.0
US05,United States,Omicron BA.1,2021-12-11,48,119781.28571428571,57742.0,350.71551100314974,341534041.0
US05,United States,Omicron BA.1,2021-12-12,49,119243.71428571429,53397.0,349.14152023198847,341534041.0
US05,United States,Omicron BA.1,2021-12-13,50,121851.85714285714,183253.0,356.7780733834878,341534041.0
US05,United States,Omicron BA.1,2021-12-14,51,126865.14285714286,113350.0,371.4568026240841,341534041.0
US05,United States,Omicron BA.1,2021-12-15,52,130285.0,145615.0,381.4700274635289,341534041.0
US05,United States,Omicron BA.1,2021-12-16,53,135645.2857142857,142191.0,397.1647608452761,341534041.0
US05,United States,Omicron BA.1,2021-12-17,54,143918.14285714287,192508.0,421.38740383171023,341534041.0
US05,United States,Omicron BA.1,2021-12-18,55,153764.42857142858,81681.0,450.216991902803,341534041.0
US05,United States,Omicron BA.1,2021-12-19,56,168370.0,90919.0,492.9816058950329,341534041.0
US05,United States,Omicron BA.1,2021-12-20,57,187255.42857142858,241163.0,548.2774953359,341534041.0
US05,United States,Omicron BA.1,2021-12-21,58,195221.14285714287,182274.0,571.6008345333368,341534041.0
US05,United States,Omicron BA.1,2021-12-22,59,196168.85714285713,247854.0,574.3757095734336,341534041.0
US05,United States,Omicron BA.1,2021-12-23,60,209397.7142857143,274389.0,613.1093511867952,341534041.0
US05,United States,Omicron BA.1,2021-12-24,61,247241.7142857143,248268.0,723.9152898545602,341534041.0
US05,United States,Omicron BA.1,2021-12-25,62,274411.0,88315.0,803.4660299059325,341534041.0
US05,United States,Omicron BA.1,2021-12-26,63,312006.14285714284,183521.0,913.5433233641938,341534041.0
US05,United States,Omicron BA.1,2021-12-27,64,358229.0,506071.0,1048.8822693958052,341534041.0
US05,United States,Omicron BA.1,2021-12-28,65,395911.14285714284,372459.0,1159.2142958808106,341534041.0
US05,United States,Omicron BA.1,2021-12-29,66,410756.28571428574,511020.0,1202.6803668284583,341534041.0
US05,United States,Omicron BA.1,2021-12-30,67,426859.4285714286,597949.0,1249.8298187835064,341534041.0
US05,United States,Omicron BA.1,2021-12-31,68,503533.85714285716,512043.0,1474.3299252646302,341534041.0
US05,United States,Omicron BA.1,2022-01-01,69,568727.0,192231.0,1665.2132195513711,341534041.0
US05,United States,Omicron BA.1,2022-01-02,70,592264.4285714285,296243.0,1734.1300060084743,341534041.0
US05,United States,Omicron BA.1,2022-01-03,71,627501.1428571428,1042792.0,1837.301901209733,341534041.0
US05,United States,Omicron BA.1,2022-01-04,72,679922.8571428572,828811.0,1990.79088910747,341534041.0
US05,United States,Omicron BA.1,2022-01-05,73,710843.5714285715,675782.0,2081.325683809572,341534041.0
US05,United States,Omicron BA.1,2022-01-06,74,739010.5714285715,844606.0,2163.7976971922735,341534041.0
US05,United States,Omicron BA.1,2022-01-07,75,783541.0,878995.0,2294.1812702060934,341534041.0
US05,United States,Omicron BA.1,2022-01-08,76,777455.8571428572,408676.0,2276.3641798823123,341534041.0
US05,United States,Omicron BA.1,2022-01-09,77,802896.5714285715,493412.0,2350.8537218653746,341534041.0
US05,United States,Omicron BA.1,2022-01-10,78,805851.2857142857,1354505.0,2359.5050243155283,341534041.0
US05,United States,Omicron BA.1,2022-01-11,79,805873.5714285715,786215.0,2359.570276125335,341534041.0
US05,United States,Omicron BA.1,2022-01-12,80,806962.8571428572,853867.0,2362.7596674700344,341534041.0
US05,United States,Omicron BA.1,2022-01-13,81,805918.2857142857,865289.0,2359.7011980257794,341534041.0
US05,United States,Omicron BA.1,2022-01-14,82,706738.7142857143,879151.0,2069.306802380247,341534041.0
US05,United States,Omicron BA.1,2022-01-15,83,756257.4285714285,416301.0,2214.2959054890475,341534041.0
US05,United States,Omicron BA.1,2022-01-16,84,764253.7142857143,486100.0,2237.7087567845524,341534041.0
US05,United States,Omicron BA.1,2022-01-17,85,745052.2857142857,660248.0,2181.487630143098,341534041.0
US05,United States,Omicron BA.1,2022-01-18,86,734564.5714285715,1132846.0,2150.7799611359133,341534041.0
US05,United States,Omicron BA.1,2022-01-19,87,719372.8571428572,909841.0,2106.299140889611,341534041.0
US05,United States,Omicron BA.1,2022-01-20,88,702918.4285714285,730879.0,2058.1211363684492,341534041.0
US05,United States,Omicron BA.1,2022-01-21,89,738418.2857142857,805737.0,2162.063504862421,341534041.0
US05,United States,Omicron BA.1,2022-01-22,90,646905.7142857143,309959.0,1894.1178231944216,341534041.0
US05,United States,Omicron BA.1,2022-01-23,91,613656.7142857143,370919.0,1796.765887490888,341534041.0
US05,United States,Omicron BA.1,2022-01-24,92,581143.2857142857,908747.0,1701.5676797917947,341534041.0
US05,United States,Omicron BA.1,2022-01-25,93,553559.0,492258.0,1620.801833923196,341534041.0
US05,United States,Omicron BA.1,2022-01-26,94,535375.1428571428,677098.0,1567.5601216487314,341534041.0
US05,United States,Omicron BA.1,2022-01-27,95,511102.5714285714,503285.0,1496.490862029684,341534041.0
US05,United States,Omicron BA.1,2022-01-28,96,457754.71428571426,612647.0,1340.2901594974958,341534041.0
US05,United States,Omicron BA.1,2022-01-29,97,434066.0,182672.0,1270.9304136392072,341534041.0
US05,United States,Omicron BA.1,2022-01-30,98,384065.85714285716,201011.0,1124.5317041262576,341534041.0
US05,United States,Omicron BA.1,2022-01-31,99,351257.0,535312.0,1028.468491666399,341534041.0
US05,United States,Omicron BA.1,2022-02-01,100,314413.0,326437.0,920.590518823276,341534041.0
US05,United States,Omicron BA.1,2022-02-02,101,300948.4285714286,327097.0,881.166713836963,341534041.0
US05,United States,Omicron BA.1,2022-02-03,102,284378.5714285714,273623.0,832.6507384034713,341534041.0
US05,United States,Omicron BA.1,2022-02-04,103,256846.85714285713,354739.0,752.0388198810822,341534041.0
US05,United States,Omicron BA.1,2022-02-05,104,240758.2857142857,88420.0,704.9320325709077,341534041.0
US05,United States,Omicron BA.1,2022-02-06,105,220766.0,85022.0,646.3953032429936,341534041.0
US05,United States,Omicron BA.1,2022-02-07,106,206014.85714285713,342590.0,603.204461082862,341534041.0
US05,United States,Omicron BA.1,2022-02-08,107,185076.2857142857,213817.0,541.8970395231722,341534041.0
US05,United States,Omicron BA.1,2022-02-09,108,179986.85714285713,187151.0,526.995366599071,341534041.0
US05,United States,Omicron BA.1,2022-02-10,109,176297.42857142858,170365.0,516.1928458294691,341534041.0
US05,United States,Omicron BA.1,2022-02-11,110,151241.57142857142,208169.0,442.83015240806236,341534041.0
US05,United States,Omicron BA.1,2022-02-12,111,136465.2857142857,52794.0,399.5656928214828,341534041.0
US05,United States,Omicron BA.1,2022-02-13,112,125987.57142857143,59196.0,368.88730347254443,341534041.0
US05,United States,Omicron BA.1,2022-02-14,113,116116.57142857143,167199.0,339.9853528174998,341534041.0
US05,United States,Omicron BA.1,2022-02-15,114,106933.42857142857,110383.0,313.09742436897693,341534041.0
US05,United States,Omicron BA.1,2022-02-16,115,103985.42857142857,113807.0,304.4657811179313,341534041.0
US05,United States,Omicron BA.1,2022-02-17,116,98892.0,101268.0,289.55239633053156,341534041.0
US05,United States,Omicron BA.1,2022-02-18,117,86384.28571428571,143887.0,252.93023635756916,341534041.0
US05,United States,Omicron BA.1,2022-02-19,118,83355.57142857143,32158.0,244.06226443639167,341534041.0
US05,United States,Omicron BA.1,2022-02-20,119,79103.71428571429,23542.0,231.61297203084447,341534041.0
US05,United States,Omicron BA.1,2022-02-21,120,74140.85714285714,79645.0,217.08189592397656,341534041.0
US05,United States,Omicron BA.1,2022-02-22,121,64105.857142857145,89182.0,187.69975887369054,341534041.0
US05,United States,Omicron BA.1,2022-02-23,122,66346.42857142857,84044.0,194.26007544421776,341534041.0
US05,United States,Omicron BA.1,2022-02-24,123,65630.85714285714,66528.0,192.16490675627014,341534041.0
US05,United States,Omicron BA.1,2022-02-25,124,68076.42857142857,73642.0,199.32545632084904,341534041.0
US05,United States,Omicron BA.1,2022-02-26,125,61972.42857142857,47842.0,181.45315292723214,341534041.0
US05,United States,Omicron BA.1,2022-02-27,126,57541.0,18533.0,168.4780815157456,341534041.0
US05,United States,Omicron BA.1,2022-02-28,127,54963.71428571428,96764.0,160.93187702397805,341534041.0
US05,United States,Omicron BA.1,2022-03-01,128,51678.142857142855,46454.0,151.31183616669958,341534041.0
US05,United States,Omicron BA.1,2022-03-02,129,47024.57142857143,53024.0,137.68633806131035,341534041.0
US05,United States,Omicron BA.1,2022-03-03,130,46180.42857142857,48487.0,135.2147166244801,341534041.0
US05,United States,Omicron BA.1,2022-03-04,131,41119.0,50643.0,120.39502674346889,341534041.0
US05,United States,Omicron BA.1,2022-03-05,132,38673.57142857143,15267.0,113.23489545972205,341534041.0
US05,United States,Omicron BA.1,2022-03-06,133,36369.42857142857,12624.0,106.488443918914,341534041.0
US05,United States,Omicron BA.1,2022-03-07,134,35966.71428571428,61334.0,105.30931025324729,341534041.0
US05,United States,Omicron BA.1,2022-03-08,135,35697.71428571428,29336.0,104.5216874464185,341534041.0
US05,United States,Omicron BA.1,2022-03-09,136,35019.28571428572,36895.0,102.53527177481473,341534041.0
US05,United States,Omicron BA.1,2022-03-10,137,34831.28571428572,45668.0,101.98481419978197,341534041.0
US05,United States,Omicron BA.1,2022-03-11,138,30965.0,48760.0,90.66446176005044,341534041.0
US05,United States,Omicron BA.1,2022-03-12,139,30133.14285714286,10518.0,88.2288124747801,341534041.0
US05,United States,Omicron BA.1,2022-03-13,140,32181.714285714286,11308.0,94.22695960697601,341534041.0
US05,United States,Omicron BA.1,2022-03-14,141,33089.857142857145,34270.0,96.88597085658336,341534041.0
US05,United States,Omicron BA.1,2022-03-15,142,30643.0,23513.0,89.7216567645156,341534041.0
US05,United States,Omicron BA.1,2022-03-16,143,30729.285714285714,51235.0,89.97429838709904,341534041.0
US05,United States,Omicron BA.1,2022-03-17,144,30780.285714285714,52025.0,90.1236246441558,341534041.0
US05,United States,Omicron BA.1,2022-03-18,145,31748.14285714286,31632.0,92.9574772815775,341534041.0
US05,United States,Omicron BA.1,2022-03-19,146,31421.85714285714,11122.0,92.0021238610799,341534041.0
US05,United States,Omicron BA.1,2022-03-20,147,29802.571428571428,11665.0,87.26091062931975,341534041.0
US05,United States,Omicron BA.1,2022-03-21,148,28377.714285714286,41045.0,83.0889776100365,341534041.0
US05,United States,Omicron BA.1,2022-03-22,149,30203.85714285714,21229.0,88.43586148666552,341534041.0
US05,United States,Omicron BA.1,2022-03-23,150,30000.0,39900.0,87.83897473927057,341534041.0
US05,United States,Omicron BA.1,2022-03-24,151,30053.0,42051.0,87.99415692797662,341534041.0
US05,United States,Omicron BA.1,2022-03-25,152,29576.85714285714,44415.0,86.60002691461476,341534041.0
US05,United States,Omicron BA.1,2022-03-26,153,29838.285714285714,9695.0,87.3654808373427,341534041.0
US05,United States,Omicron BA.1,2022-03-27,154,29583.571428571428,12036.0,86.61968611372308,341534041.0
US05,United States,Omicron BA.1,2022-03-28,155,29940.571428571428,37712.0,87.66496991312039,341534041.0
US05,United States,Omicron BA.1,2022-03-29,156,28047.428571428572,23059.0,82.12191232624033,341534041.0
US05,United States,Omicron BA.1,2022-03-30,157,28388.14285714286,38117.0,83.1195121107792,341534041.0
US05,United States,Omicron BA.1,2022-03-31,158,27385.0,44550.0,80.18234410783083,341534041.0
US06,United States,Omicron BA.5,2022-04-05,0,34708.857142857145,24970.0,101.62634752667933,341534041.0
US06,United States,Omicron BA.5,2022-04-06,1,34848.28571428572,39930.0,102.0345896188009,341534041.0
US06,United States,Omicron BA.5,2022-04-07,2,35533.0,49672.0,104.03940964701671,341534041.0
US06,United States,Omicron BA.5,2022-04-08,3,35532.42857142857,73178.0,104.03773652368835,341534041.0
US06,United States,Omicron BA.5,2022-04-09,4,36997.142857142855,13056.0,108.3263698951252,341534041.0
US06,United States,Omicron BA.5,2022-04-10,5,39302.57142857143,9807.0,115.07658596342209,341534041.0
US06,United States,Omicron BA.5,2022-04-11,6,39042.71428571428,38114.0,114.31573312984717,341534041.0
US06,United States,Omicron BA.5,2022-04-12,7,33512.857142857145,35223.0,98.12450040040707,341534041.0
US06,United States,Omicron BA.5,2022-04-13,8,33479.0,56068.0,98.02536784320132,341534041.0
US06,United States,Omicron BA.5,2022-04-14,9,33209.857142857145,47853.0,97.23732675554044,341534041.0
US06,United States,Omicron BA.5,2022-04-15,10,36272.28571428572,34469.0,106.2040129530916,341534041.0
US06,United States,Omicron BA.5,2022-04-16,11,36740.28571428572,12819.0,107.57430095902421,341534041.0
US06,United States,Omicron BA.5,2022-04-17,12,38412.57142857143,7923.0,112.4706963794904,341534041.0
US06,United States,Omicron BA.5,2022-04-18,13,40216.857142857145,59551.0,117.75358328880941,341534041.0
US06,United States,Omicron BA.5,2022-04-19,14,47946.42857142857,38499.0,140.38550427079852,341534041.0
US06,United States,Omicron BA.5,2022-04-20,15,49072.71428571428,67774.0,143.68323035100997,341534041.0
US06,United States,Omicron BA.5,2022-04-21,16,49938.42857142857,60483.0,146.21801219348606,341534041.0
US06,United States,Omicron BA.5,2022-04-22,17,51117.42857142857,88576.0,149.6700839007394,341534041.0
US06,United States,Omicron BA.5,2022-04-23,18,52030.42857142857,20703.0,152.34331669863786,341534041.0
US06,United States,Omicron BA.5,2022-04-24,19,55178.71428571428,13983.0,161.56138967627618,341534041.0
US06,United States,Omicron BA.5,2022-04-25,20,57534.57142857143,67804.0,168.45925887830148,341534041.0
US06,United States,Omicron BA.5,2022-04-26,21,53631.28571428572,44890.0,157.0305717030582,341534041.0
US06,United States,Omicron BA.5,2022-04-27,22,54259.0,89812.0,158.8684976792694,341534041.0
US06,United States,Omicron BA.5,2022-04-28,23,54741.857142857145,76974.0,160.28228689173957,341534041.0
US06,United States,Omicron BA.5,2022-04-29,24,58466.0,61253.0,171.18644990353977,341534041.0
US06,United States,Omicron BA.5,2022-04-30,25,59148.0,25097.0,173.18332259594587,341534041.0
US06,United States,Omicron BA.5,2022-05-01,26,62367.57142857143,17363.0,182.61011770879796,341534041.0
US06,United States,Omicron BA.5,2022-05-02,27,63973.142857142855,93873.0,187.31117598067732,341534041.0
US06,United States,Omicron BA.5,2022-05-03,28,73658.71428571429,49664.0,215.67019811566686,341534041.0
US06,United States,Omicron BA.5,2022-05-04,29,74223.57142857143,112349.0,217.32408052575772,341534041.0
US06,United States,Omicron BA.5,2022-05-05,30,72687.85714285714,88213.0,212.82756158077123,341534041.0
US06,United States,Omicron BA.5,2022-05-06,31,77731.42857142857,129052.0,227.59496635777094,341534041.0
US06,United States,Omicron BA.5,2022-05-07,32,80710.71428571429,29051.0,236.31821311104474,341534041.0
US06,United States,Omicron BA.5,2022-05-08,33,87663.85714285714,6613.0,256.6767777706151,341534041.0
US06,United States,Omicron BA.5,2022-05-09,34,90110.57142857143,129178.0,263.84067358185075,341534041.0
US06,United States,Omicron BA.5,2022-05-10,35,84140.42857142857,70519.0,246.36029932790376,341534041.0
US06,United States,Omicron BA.5,2022-05-11,36,82631.42857142857,161021.0,241.94199889851848,341534041.0
US06,United States,Omicron BA.5,2022-05-12,37,86419.42857142857,105340.0,253.0331334422637,341534041.0
US06,United States,Omicron BA.5,2022-05-13,38,93240.28571428571,87261.0,273.0043700513171,341534041.0
US06,United States,Omicron BA.5,2022-05-14,39,95355.57142857143,18488.0,279.1978543320999,341534041.0
US06,United States,Omicron BA.5,2022-05-15,40,101471.57142857143,33129.0,297.1052933156125,341534041.0
US06,United States,Omicron BA.5,2022-05-16,41,105787.14285714286,176924.0,309.74113897227267,341534041.0
US06,United States,Omicron BA.5,2022-05-17,42,114575.71428571429,85326.0,335.47377576255803,341534041.0
US06,United States,Omicron BA.5,2022-05-18,43,115956.57142857143,203833.0,339.516878285557,341534041.0
US06,United States,Omicron BA.5,2022-05-19,44,113106.28571428571,135549.0,331.1713391236621,341534041.0
US06,United States,Omicron BA.5,2022-05-20,45,109145.71428571429,148781.0,319.57492133475,341534041.0
US06,United States,Omicron BA.5,2022-05-21,46,108936.28571428571,28154.0,318.9617216349035,341534041.0
US06,United States,Omicron BA.5,2022-05-22,47,109923.0,13177.0,321.8507873421613,341534041.0
US06,United States,Omicron BA.5,2022-05-23,48,109920.28571428571,149200.0,321.84284000635154,341534041.0
US06,United States,Omicron BA.5,2022-05-24,49,104070.42857142857,83860.0,304.71465821302587,341534041.0
US06,United States,Omicron BA.5,2022-05-25,50,102087.42857142857,210740.0,298.9085019827601,341534041.0
US06,United States,Omicron BA.5,2022-05-26,51,101223.14285714286,135530.0,296.37790294860497,341534041.0
US06,United States,Omicron BA.5,2022-05-27,52,88839.14285714286,107832.0,260.11797417623404,341534041.0
US06,United States,Omicron BA.5,2022-05-28,53,100740.71428571429,14273.0,294.96536857863106,341534041.0
US06,United States,Omicron BA.5,2022-05-29,54,103309.71428571429,7127.0,302.4873127821373,341534041.0
US06,United States,Omicron BA.5,2022-05-30,55,101422.57142857143,62512.0,296.96182299020506,341534041.0
US06,United States,Omicron BA.5,2022-05-31,56,108444.57142857143,167171.0,317.5219990108436,341534041.0
US06,United States,Omicron BA.5,2022-06-01,57,110426.28571428571,228723.0,323.3243907136206,341534041.0
US06,United States,Omicron BA.5,2022-06-02,58,111748.42857142857,122320.0,327.19557981462987,341534041.0
US06,United States,Omicron BA.5,2022-06-03,59,125649.85714285714,156986.0,367.8984875854795,341534041.0
US06,United States,Omicron BA.5,2022-06-04,60,114144.42857142857,28145.0,334.21098593047293,341534041.0
US06,United States,Omicron BA.5,2022-06-05,61,109841.0,16382.0,321.6106941445406,341534041.0
US06,United States,Omicron BA.5,2022-06-06,62,111215.14285714286,159822.0,325.63413746843133,341534041.0
US06,United States,Omicron BA.5,2022-06-07,63,103954.42857142857,86633.0,304.37501417736735,341534041.0
US06,United States,Omicron BA.5,2022-06-08,64,104990.14285714286,198599.0,307.4075502100327,341534041.0
US06,United States,Omicron BA.5,2022-06-09,65,105203.28571428571,131939.0,308.0316252115136,341534041.0
US06,United States,Omicron BA.5,2022-06-10,66,104024.28571428571,106161.0,304.5795535042603,341534041.0
US06,United States,Omicron BA.5,2022-06-11,67,104530.57142857143,35395.0,306.0619407731935,341534041.0
US06,United States,Omicron BA.5,2022-06-12,68,102571.85714285714,17874.0,300.3268922843833,341534041.0
US06,United States,Omicron BA.5,2022-06-13,69,102299.28571428571,151569.0,299.5288124567522,341534041.0
US06,United States,Omicron BA.5,2022-06-14,70,106963.71428571429,90177.0,313.18609990538044,341534041.0
US06,United States,Omicron BA.5,2022-06-15,71,104449.28571428571,184888.0,305.82393897973327,341534041.0
US06,United States,Omicron BA.5,2022-06-16,72,104488.71428571429,130031.0,305.9393844893906,341534041.0
US06,United States,Omicron BA.5,2022-06-17,73,96556.42857142857,138812.0,282.71392300666326,341534041.0
US06,United States,Omicron BA.5,2022-06-18,74,99557.71428571429,17794.0,291.50158500807913,341534041.0
US06,United States,Omicron BA.5,2022-06-19,75,99625.14285714286,18150.0,291.6990135608264,341534041.0
US06,United States,Omicron BA.5,2022-06-20,76,100864.57142857143,96043.0,295.3280180600546,341534041.0
US06,United States,Omicron BA.5,2022-06-21,77,97778.14285714286,111186.0,286.29106068271204,341534041.0
US06,United States,Omicron BA.5,2022-06-22,78,101109.71428571429,185360.0,296.04578796792407,341534041.0
US06,United States,Omicron BA.5,2022-06-23,79,101725.71428571429,138707.0,297.84941491590376,341534041.0
US06,United States,Omicron BA.5,2022-06-24,80,110853.14285714286,117207.0,324.5742138399108,341534041.0
US06,United States,Omicron BA.5,2022-06-25,81,108942.28571428571,41115.0,318.97928942985135,341534041.0
US06,United States,Omicron BA.5,2022-06-26,82,109589.85714285714,22462.0,320.87535644172334,341534041.0
US06,United States,Omicron BA.5,2022-06-27,83,113739.28571428571,159935.0,333.02474149066074,341534041.0
US06,United States,Omicron BA.5,2022-06-28,84,119400.85714285714,97810.0,349.60162914728943,341534041.0
US06,United States,Omicron BA.5,2022-06-29,85,116467.14285714286,189893.0,341.01181397945294,341534041.0
US06,United States,Omicron BA.5,2022-06-30,86,114495.28571428571,167753.0,335.2382836540903,341534041.0
US06,United States,Omicron BA.5,2022-07-01,87,102569.85714285714,156838.0,300.32103635273404,341534041.0
US06,United States,Omicron BA.5,2022-07-02,88,108799.28571428571,20579.0,318.56059031692746,341534041.0
US06,United States,Omicron BA.5,2022-07-03,89,110300.85714285714,8659.0,322.95714014304406,341534041.0
US06,United States,Omicron BA.5,2022-07-04,90,106202.0,76457.0,310.95582650866714,341534041.0
US06,United States,Omicron BA.5,2022-07-05,91,103469.0,141416.0,302.95369590991953,341534041.0
US06,United States,Omicron BA.5,2022-07-06,92,104715.0,200404.0,306.6019413274239,341534041.0
US06,United States,Omicron BA.5,2022-07-07,93,107016.28571428571,139061.0,313.34002725159013,341534041.0
US06,United States,Omicron BA.5,2022-07-08,94,124790.28571428571,137707.0,365.38169181878334,341534041.0
US06,United States,Omicron BA.5,2022-07-09,95,125759.57142857143,29301.0,368.219727264526,341534041.0
US06,United States,Omicron BA.5,2022-07-10,96,126318.57142857143,24768.0,369.85646016050106,341534041.0
US06,United States,Omicron BA.5,2022-07-11,97,131517.2857142857,200875.0,385.07811792115245,341534041.0
US06,United States,Omicron BA.5,2022-07-12,98,133729.57142857142,148201.0,391.55561488692547,341534041.0
US06,United States,Omicron BA.5,2022-07-13,99,135179.7142857143,204317.0,395.801583613489,341534041.0
US06,United States,Omicron BA.5,2022-07-14,100,135903.7142857143,175452.0,397.9214308705301,341534041.0
US06,United States,Omicron BA.5,2022-07-15,101,130756.85714285714,153193.0,382.851609051928,341534041.0
US06,United States,Omicron BA.5,2022-07-16,102,126327.71428571429,39452.0,369.8832301337549,341534041.0
US06,United States,Omicron BA.5,2022-07-17,103,128054.28571428571,29836.0,374.93857227041593,341534041.0
US06,United States,Omicron BA.5,2022-07-18,104,128098.28571428571,164847.0,375.06740276670024,341534041.0
US06,United States,Omicron BA.5,2022-07-19,105,124985.57142857143,117197.0,365.9534817162528,341534041.0
US06,United States,Omicron BA.5,2022-07-20,106,123149.71428571429,216403.0,360.5781547430415,341534041.0
US06,United States,Omicron BA.5,2022-07-21,107,122243.28571428571,175760.0,357.92416286341927,341534041.0
US06,United States,Omicron BA.5,2022-07-22,108,125816.42857142857,131404.0,368.38620303569843,341534041.0
US06,United States,Omicron BA.5,2022-07-23,109,127944.71428571429,26601.0,374.6177508722016,341534041.0
US06,United States,Omicron BA.5,2022-07-24,110,131283.85714285713,23491.0,384.3946470415145,341534041.0
US06,United States,Omicron BA.5,2022-07-25,111,131514.85714285713,189859.0,385.07100714700687,341534041.0
US06,United States,Omicron BA.5,2022-07-26,112,135490.7142857143,132095.0,396.7121809849528,341534041.0
US06,United States,Omicron BA.5,2022-07-27,113,134008.7142857143,239777.0,392.3729356328328,341534041.0
US06,United States,Omicron BA.5,2022-07-28,114,132541.57142857142,177377.0,388.0771914872504,341534041.0
US06,United States,Omicron BA.5,2022-07-29,115,129677.57142857143,159235.0,379.69149736547473,341534041.0
US06,United States,Omicron BA.5,2022-07-30,116,123797.57142857143,16227.0,362.4750583165777,341534041.0
US06,United States,Omicron BA.5,2022-07-31,117,118172.14285714286,13221.0,346.0039957104682,341534041.0
US06,United States,Omicron BA.5,2022-08-01,118,119593.0,169811.0,350.1642168664528,341534041.0
US06,United States,Omicron BA.5,2022-08-02,119,112004.85714285714,90935.0,327.9463939082346,341534041.0
US06,United States,Omicron BA.5,2022-08-03,120,111849.71428571429,200399.0,327.49214092458294,341534041.0
US06,United States,Omicron BA.5,2022-08-04,121,111780.57142857143,187323.0,327.28969300185054,341534041.0
US06,United States,Omicron BA.5,2022-08-05,122,109692.28571428571,106118.0,321.1752637983331,341534041.0
US06,United States,Omicron BA.5,2022-08-06,123,110952.85714285714,15141.0,324.8661738607109,341534041.0
US06,United States,Omicron BA.5,2022-08-07,124,110392.85714285714,12737.0,323.2265129989111,341534041.0
US06,United States,Omicron BA.5,2022-08-08,125,106914.85714285714,155193.0,313.043047860805,341534041.0
US06,United States,Omicron BA.5,2022-08-09,126,105562.85714285714,99759.0,309.08443806588855,341534041.0
US06,United States,Omicron BA.5,2022-08-10,127,115373.57142857143,196479.0,337.8098742097905,341534041.0
US06,United States,Omicron BA.5,2022-08-11,128,114957.0,162977.0,336.5901673034109,341534041.0
US06,United States,Omicron BA.5,2022-08-12,129,110314.71428571429,96654.0,322.99771338375695,341534041.0
US06,United States,Omicron BA.5,2022-08-13,130,109174.42857142857,83816.0,319.65899578200043,341534041.0
US06,United States,Omicron BA.5,2022-08-14,131,100659.28571428571,9821.0,294.72694850433874,341534041.0
US06,United States,Omicron BA.5,2022-08-15,132,98680.85714285714,122697.0,288.9341772606999,341534041.0
US06,United States,Omicron BA.5,2022-08-16,133,95951.57142857143,91777.0,280.94292196358674,341534041.0
US06,United States,Omicron BA.5,2022-08-17,134,85580.14285714286,136873.0,250.5757335537246,341534041.0
US06,United States,Omicron BA.5,2022-08-18,135,85587.85714285714,149128.0,250.59832071865756,341534041.0
US06,United States,Omicron BA.5,2022-08-19,136,86481.0,77549.0,253.21341248089527,341534041.0
US06,United States,Omicron BA.5,2022-08-20,137,87553.71428571429,11216.0,256.35428324907235,341534041.0
US06,United States,Omicron BA.5,2022-08-21,138,89670.28571428571,9875.0,262.5515320573439,341534041.0
US06,United States,Omicron BA.5,2022-08-22,139,88317.85714285714,128949.0,258.5916674199312,341534041.0
US06,United States,Omicron BA.5,2022-08-23,140,94485.14285714286,99286.0,276.6492692221648,341534041.0
US06,United States,Omicron BA.5,2022-08-24,141,94579.0,151689.0,276.92407972884905,341534041.0
US06,United States,Omicron BA.5,2022-08-25,142,94385.85714285714,139661.0,276.35856404386095,341534041.0
US06,United States,Omicron BA.5,2022-08-26,143,91124.14285714286,120720.0,266.80837608554185,341534041.0
US06,United States,Omicron BA.5,2022-08-27,144,87728.14285714286,11873.0,256.8650041450564,341534041.0
US06,United States,Omicron BA.5,2022-08-28,145,88089.71428571429,8523.0,257.92367293108066,341534041.0
US06,United States,Omicron BA.5,2022-08-29,146,86826.28571428571,106117.0,254.22439725206104,341534041.0
US06,United States,Omicron BA.5,2022-08-30,147,78814.71428571429,75514.0,230.76678990752282,341534041.0
US06,United States,Omicron BA.5,2022-08-31,148,78759.71428571429,154220.0,230.6057517871675,341534041.0
US06,United States,Omicron BA.5,2022-09-01,149,78611.0,130817.0,230.17032144095998,341534041.0
US06,United States,Omicron BA.5,2022-09-02,150,68262.14285714286,64639.0,199.86922140256834,341534041.0
US06,United States,Omicron BA.5,2022-09-03,151,73538.28571428571,11488.0,215.31758737421347,341534041.0
US06,United States,Omicron BA.5,2022-09-04,152,69217.0,7482.0,202.66501048426971,341534041.0
US06,United States,Omicron BA.5,2022-09-05,153,65846.57142857143,33675.0,192.7965108127287,341534041.0
US06,United States,Omicron BA.5,2022-09-06,154,71006.71428571429,112447.0,207.90523274871535,341534041.0
US06,United States,Omicron BA.5,2022-09-07,155,70817.0,123971.0,207.34975580369746,341534041.0
US06,United States,Omicron BA.5,2022-09-08,156,71040.14285714286,107224.0,208.0031104634248,341534041.0
US06,United States,Omicron BA.5,2022-09-09,157,76142.0,100760.0,222.941173819918,341534041.0
US06,United States,Omicron BA.5,2022-09-10,158,71460.0,10160.0,209.23243782894252,341534041.0
US06,United States,Omicron BA.5,2022-09-11,159,68492.85714285714,9044.0,200.54474494639658,341534041.0
US06,United States,Omicron BA.5,2022-09-12,160,65123.28571428572,69388.0,190.6787549598481,341534041.0
US06,United States,Omicron BA.5,2022-09-13,161,58762.71428571428,79673.0,172.05521919179435,341534041.0
US06,United States,Omicron BA.5,2022-09-14,162,58535.71428571428,103201.0,171.39057094960054,341534041.0
US06,United States,Omicron BA.5,2022-09-15,163,58028.142857142855,83637.0,169.9044191531785,341534041.0
US06,United States,Omicron BA.5,2022-09-16,164,56071.42857142857,56236.0,164.17522659601764,341534041.0
US06,United States,Omicron BA.5,2022-09-17,165,54584.142857142855,8571.0,159.82050485311024,341534041.0
US06,United States,Omicron BA.5,2022-09-18,166,53893.142857142855,5491.0,157.7972804682824,341534041.0
US06,United States,Omicron BA.5,2022-09-19,167,53526.42857142857,55691.0,156.72355357230282,341534041.0
US06,United States,Omicron BA.5,2022-09-20,168,57390.42857142857,69262.0,168.03721351872088,341534041.0
US06,United States,Omicron BA.5,2022-09-21,169,57560.0,98364.0,168.5337128664138,341534041.0
US06,United States,Omicron BA.5,2022-09-22,170,57739.142857142855,81070.0,169.05823702985688,341534041.0
US06,United States,Omicron BA.5,2022-09-23,171,56290.71428571428,83284.0,164.81728767327849,341534041.0
US06,United States,Omicron BA.5,2022-09-24,172,55117.42857142857,9758.0,161.3819471993088,341534041.0
US06,United States,Omicron BA.5,2022-09-25,173,53429.0,6745.0,156.43828604481627,341534041.0
US06,United States,Omicron BA.5,2022-09-26,174,53924.142857142855,45552.0,157.8880474088463,341534041.0
US06,United States,Omicron BA.5,2022-09-27,175,46821.42857142857,61049.0,137.09154271807586,341534041.0
