country,CountryCode,Date,C1M_School closing,C2M_Workplace closing,C3M_Cancel public events,C4M_Restrictions on gatherings,C5M_Close public transport,C6M_Stay at home requirements,C7M_Restrictions on internal movement,C8EV_International travel controls,H1_Public information campaigns,H2_Testing policy,H3_Contact tracing,H6M_Facial Coverings,H7_Vaccination policy,H8M_Protection of elderly people,PopulationVaccinated,StringencyIndex_Average,GovernmentResponseIndex_Average,ContainmentHealthIndex_Average,EconomicSupportIndex
China,CHN,20200101,0.0,0.0,0.0,0.0,0.0,0.0,0.0,0.0,0.0,1.0,1.0,1.0,0.0,0.0,0.0,0.0,5.99,6.85,0.0
China,CHN,20200102,0.0,0.0,0.0,0.0,0.0,0.0,0.0,0.0,0.0,1.0,1.0,1.0,0.0,0.0,0.0,0.0,5.99,6.85,0.0
China,CHN,20200103,0.0,0.0,0.0,0.0,0.0,0.0,0.0,0.0,0.0,1.0,1.0,1.0,0.0,0.0,0.0,0.0,5.99,6.85,0.0
China,CHN,20200104,0.0,0.0,0.0,0.0,0.0,0.0,0.0,0.0,0.0,1.0,1.0,1.0,0.0,0.0,0.0,0.0,5.99,6.85,0.0
China,CHN,20200105,0.0,0.0,0.0,0.0,0.0,0.0,0.0,0.0,1.0,1.0,2.0,1.0,0.0,0.0,0.0,2.78,10.68,12.2,0.0
China,CHN,20200106,0.0,0.0,0.0,0.0,0.0,0.0,0.0,0.0,1.0,1.0,2.0,1.0,0.0,0.0,0.0,2.78,10.68,12.2,0.0
China,CHN,20200107,0.0,0.0,0.0,0.0,0.0,0.0,0.0,0.0,1.0,1.0,2.0,1.0,0.0,0.0,0.0,2.78,10.68,12.2,0.0
China,CHN,20200108,0.0,0.0,0.0,0.0,0.0,0.0,0.0,0.0,1.0,1.0,2.0,1.0,0.0,0.0,0.0,2.78,10.68,12.2,0.0
China,CHN,20200109,0.0,0.0,0.0,0.0,0.0,0.0,0.0,0.0,1.0,1.0,2.0,1.0,0.0,0.0,0.0,2.78,10.68,12.2,0.0
China,CHN,20200110,0.0,0.0,0.0,0.0,0.0,0.0,0.0,0.0,1.0,1.0,2.0,1.0,0.0,0.0,0.0,2.78,10.68,12.2,0.0
China,CHN,20200111,0.0,0.0,0.0,0.0,0.0,0.0,0.0,0.0,1.0,1.0,2.0,1.0,0.0,0.0,0.0,2.78,10.68,12.2,0.0
China,CHN,20200112,0.0,0.0,0.0,0.0,0.0,0.0,0.0,0.0,1.0,1.0,2.0,1.0,0.0,0.0,0.0,2.78,10.68,12.2,0.0
China,CHN,20200113,0.0,0.0,0.0,0.0,0.0,0.0,0.0,0.0,1.0,1.0,2.0,1.0,0.0,0.0,0.0,2.78,10.68,12.2,0.0
China,CHN,20200114,0.0,0.0,0.0,0.0,0.0,0.0,0.0,0.0,1.0,1.0,2.0,1.0,0.0,0.0,0.0,2.78,10.68,12.2,0.0
China,CHN,20200115,0.0,0.0,0.0,0.0,0.0,0.0,0.0,0.0,2.0,1.0,2.0,1.0,0.0,0.0,0.0,8.33,13.8,15.77,0.0
China,CHN,20200116,0.0,0.0,0.0,0.0,0.0,0.0,0.0,0.0,2.0,1.0,2.0,1.0,0.0,0.0,0.0,8.33,13.8,15.77,0.0
China,CHN,20200117,0.0,0.0,0.0,0.0,0.0,0.0,0.0,0.0,2.0,1.0,2.0,1.0,0.0,0.0,0.0,8.33,13.8,15.77,0.0
China,CHN,20200118,0.0,0.0,0.0,0.0,0.0,0.0,0.0,0.0,2.0,1.0,2.0,1.0,0.0,0.0,0.0,8.33,13.8,15.77,0.0
China,CHN,20200119,0.0,0.0,0.0,0.0,0.0,0.0,0.0,0.0,2.0,1.0,2.0,1.0,0.0,0.0,0.0,8.33,13.8,15.77,0.0
China,CHN,20200120,0.0,0.0,0.0,0.0,0.0,0.0,0.0,0.0,2.0,1.0,2.0,1.0,0.0,0.0,0.0,8.33,14.58,16.67,0.0
China,CHN,20200121,0.0,0.0,0.0,0.0,0.0,0.0,0.0,0.0,2.0,1.0,2.0,2.0,0.0,0.0,0.0,8.33,16.15,18.45,0.0
China,CHN,20200122,0.0,0.0,2.0,4.0,0.0,0.0,0.0,0.0,2.0,1.0,2.0,3.0,0.0,0.0,0.0,26.39,27.08,30.95,0.0
China,CHN,20200123,0.0,0.0,2.0,4.0,2.0,1.0,2.0,0.0,2.0,1.0,2.0,3.0,0.0,0.0,0.0,44.91,37.5,42.86,0.0
China,CHN,20200124,0.0,0.0,2.0,4.0,2.0,1.0,2.0,0.0,2.0,1.0,2.0,3.0,0.0,0.0,0.0,44.91,37.5,42.86,0.0
China,CHN,20200125,0.0,0.0,2.0,4.0,2.0,1.0,2.0,0.0,2.0,1.0,2.0,3.0,0.0,0.0,0.0,47.69,39.06,44.64,0.0
China,CHN,20200126,3.0,3.0,2.0,4.0,2.0,1.0,2.0,0.0,2.0,1.0,2.0,3.0,0.0,0.0,0.0,69.91,51.56,58.93,0.0
China,CHN,20200127,3.0,3.0,2.0,4.0,2.0,1.0,2.0,0.0,2.0,1.0,2.0,3.0,0.0,0.0,0.0,69.91,51.56,58.93,0.0
China,CHN,20200128,3.0,3.0,2.0,4.0,2.0,1.0,2.0,0.0,2.0,1.0,2.0,3.0,0.0,2.0,0.0,69.91,55.73,63.69,0.0
China,CHN,20200129,3.0,3.0,2.0,4.0,2.0,1.0,2.0,0.0,2.0,1.0,2.0,3.0,0.0,2.0,0.0,69.91,55.73,63.69,0.0
China,CHN,20200130,3.0,3.0,2.0,4.0,2.0,1.0,2.0,0.0,2.0,1.0,2.0,3.0,0.0,2.0,0.0,69.91,55.73,63.69,0.0
China,CHN,20200131,3.0,3.0,2.0,4.0,2.0,1.0,2.0,0.0,2.0,1.0,2.0,3.0,0.0,2.0,0.0,69.91,55.73,63.69,0.0
China,CHN,20200201,3.0,3.0,2.0,4.0,2.0,3.0,2.0,0.0,2.0,1.0,2.0,3.0,0.0,2.0,0.0,77.31,59.9,68.45,0.0
China,CHN,20200202,3.0,3.0,2.0,4.0,2.0,3.0,2.0,0.0,2.0,1.0,2.0,3.0,0.0,2.0,0.0,77.31,59.9,68.45,0.0
China,CHN,20200203,3.0,3.0,2.0,4.0,2.0,3.0,2.0,0.0,2.0,1.0,2.0,3.0,0.0,2.0,0.0,77.31,59.9,68.45,0.0
China,CHN,20200204,3.0,3.0,2.0,4.0,2.0,3.0,2.0,0.0,2.0,1.0,2.0,3.0,0.0,2.0,0.0,77.31,59.9,68.45,0.0
China,CHN,20200205,3.0,3.0,2.0,4.0,2.0,3.0,2.0,0.0,2.0,1.0,2.0,3.0,0.0,2.0,0.0,77.31,59.9,68.45,0.0
China,CHN,20200206,3.0,3.0,2.0,4.0,2.0,3.0,2.0,0.0,2.0,1.0,2.0,3.0,0.0,2.0,0.0,77.31,59.9,68.45,0.0
China,CHN,20200207,3.0,3.0,2.0,4.0,2.0,3.0,2.0,0.0,2.0,1.0,2.0,3.0,0.0,2.0,0.0,77.31,59.9,68.45,0.0
China,CHN,20200208,3.0,3.0,2.0,4.0,2.0,3.0,2.0,0.0,2.0,1.0,2.0,3.0,0.0,2.0,0.0,77.31,59.9,68.45,0.0
China,CHN,20200209,3.0,3.0,2.0,4.0,2.0,3.0,2.0,0.0,2.0,1.0,2.0,3.0,0.0,2.0,0.0,77.31,59.9,68.45,0.0
China,CHN,20200210,3.0,3.0,2.0,4.0,2.0,3.0,2.0,0.0,2.0,1.0,2.0,3.0,0.0,2.0,0.0,75.46,58.85,67.26,0.0
China,CHN,20200211,3.0,3.0,2.0,4.0,2.0,3.0,2.0,0.0,2.0,1.0,2.0,3.0,0.0,2.0,0.0,75.46,58.85,67.26,0.0
China,CHN,20200212,3.0,3.0,2.0,4.0,2.0,3.0,2.0,0.0,2.0,1.0,2.0,3.0,0.0,2.0,0.0,75.46,58.85,67.26,0.0
China,CHN,20200213,3.0,3.0,2.0,4.0,2.0,3.0,2.0,0.0,2.0,1.0,2.0,3.0,0.0,2.0,0.0,75.46,58.85,67.26,0.0
China,CHN,20200214,3.0,3.0,2.0,4.0,2.0,3.0,2.0,0.0,2.0,1.0,2.0,3.0,0.0,2.0,0.0,75.46,58.85,67.26,0.0
China,CHN,20200215,3.0,3.0,2.0,4.0,2.0,3.0,2.0,0.0,2.0,1.0,2.0,3.0,0.0,2.0,0.0,75.46,58.85,67.26,0.0
China,CHN,20200216,3.0,3.0,2.0,4.0,2.0,3.0,2.0,0.0,2.0,2.0,2.0,3.0,0.0,2.0,0.0,75.46,60.94,69.64,0.0
China,CHN,20200217,3.0,3.0,2.0,4.0,2.0,3.0,2.0,0.0,2.0,2.0,2.0,3.0,0.0,2.0,0.0,75.46,60.94,69.64,0.0
China,CHN,20200218,3.0,3.0,2.0,4.0,2.0,3.0,2.0,0.0,2.0,2.0,2.0,3.0,0.0,2.0,0.0,75.46,60.94,69.64,0.0
China,CHN,20200219,3.0,3.0,2.0,4.0,2.0,3.0,2.0,0.0,2.0,2.0,2.0,3.0,0.0,2.0,0.0,75.46,60.94,69.64,0.0
China,CHN,20200220,3.0,3.0,2.0,4.0,2.0,3.0,2.0,0.0,2.0,2.0,2.0,3.0,0.0,2.0,0.0,75.46,60.94,69.64,0.0
China,CHN,20200221,3.0,3.0,2.0,4.0,2.0,3.0,2.0,0.0,2.0,2.0,2.0,3.0,0.0,2.0,0.0,75.46,60.94,69.64,0.0
China,CHN,20200222,3.0,3.0,2.0,4.0,2.0,3.0,2.0,0.0,2.0,2.0,2.0,3.0,0.0,2.0,0.0,75.46,60.94,69.64,0.0
China,CHN,20200223,3.0,3.0,2.0,4.0,2.0,3.0,2.0,0.0,2.0,2.0,2.0,3.0,0.0,2.0,0.0,75.46,60.94,69.64,0.0
China,CHN,20200224,3.0,3.0,2.0,4.0,2.0,3.0,2.0,0.0,2.0,2.0,2.0,3.0,0.0,2.0,0.0,75.46,60.94,69.64,0.0
China,CHN,20200225,3.0,3.0,2.0,4.0,2.0,3.0,2.0,2.0,2.0,2.0,2.0,3.0,0.0,2.0,0.0,81.02,64.06,73.21,0.0
China,CHN,20200226,3.0,3.0,2.0,4.0,2.0,3.0,2.0,2.0,2.0,2.0,2.0,3.0,0.0,2.0,0.0,81.02,64.06,73.21,0.0
China,CHN,20200227,3.0,3.0,2.0,4.0,2.0,3.0,2.0,2.0,2.0,2.0,2.0,3.0,0.0,2.0,0.0,81.02,64.06,73.21,0.0
China,CHN,20200228,3.0,3.0,2.0,4.0,2.0,3.0,2.0,2.0,2.0,2.0,2.0,3.0,0.0,2.0,0.0,81.02,64.06,73.21,0.0
China,CHN,20200229,3.0,3.0,2.0,4.0,2.0,3.0,2.0,2.0,2.0,2.0,2.0,3.0,0.0,2.0,0.0,81.02,64.06,73.21,0.0
China,CHN,20200301,3.0,3.0,2.0,4.0,2.0,3.0,2.0,2.0,2.0,2.0,2.0,3.0,0.0,2.0,0.0,81.02,64.06,73.21,0.0
China,CHN,20200302,3.0,3.0,2.0,4.0,2.0,3.0,2.0,2.0,2.0,2.0,2.0,3.0,0.0,2.0,0.0,81.02,64.06,73.21,0.0
China,CHN,20200303,3.0,3.0,2.0,4.0,2.0,3.0,2.0,2.0,2.0,2.0,2.0,3.0,0.0,2.0,0.0,81.02,64.06,73.21,0.0
China,CHN,20200304,3.0,3.0,2.0,4.0,2.0,3.0,2.0,2.0,2.0,2.0,2.0,3.0,0.0,2.0,0.0,81.02,64.06,73.21,0.0
China,CHN,20200305,3.0,3.0,2.0,4.0,2.0,3.0,2.0,2.0,2.0,2.0,2.0,3.0,0.0,2.0,0.0,81.02,64.06,73.21,0.0
China,CHN,20200306,3.0,3.0,2.0,4.0,2.0,3.0,2.0,2.0,2.0,2.0,2.0,3.0,0.0,2.0,0.0,81.02,64.06,73.21,0.0
China,CHN,20200307,3.0,3.0,2.0,4.0,2.0,3.0,2.0,2.0,2.0,2.0,2.0,3.0,0.0,2.0,0.0,81.02,64.06,73.21,0.0
China,CHN,20200308,3.0,3.0,2.0,4.0,2.0,3.0,2.0,2.0,2.0,2.0,2.0,3.0,0.0,2.0,0.0,81.02,64.06,73.21,0.0
China,CHN,20200309,3.0,3.0,2.0,4.0,2.0,3.0,2.0,2.0,2.0,2.0,2.0,3.0,0.0,2.0,0.0,81.02,64.06,73.21,0.0
China,CHN,20200310,3.0,3.0,2.0,4.0,2.0,3.0,2.0,2.0,2.0,2.0,2.0,3.0,0.0,2.0,0.0,81.02,64.06,73.21,0.0
China,CHN,20200311,3.0,3.0,2.0,4.0,2.0,3.0,2.0,2.0,2.0,2.0,2.0,3.0,0.0,2.0,0.0,81.02,64.06,73.21,0.0
China,CHN,20200312,3.0,3.0,2.0,4.0,2.0,3.0,2.0,2.0,2.0,2.0,2.0,3.0,0.0,2.0,0.0,81.02,64.06,73.21,0.0
China,CHN,20200313,3.0,3.0,2.0,4.0,2.0,3.0,2.0,2.0,2.0,2.0,2.0,3.0,0.0,2.0,0.0,81.02,64.06,73.21,0.0
China,CHN,20200314,3.0,3.0,2.0,4.0,2.0,3.0,2.0,2.0,2.0,2.0,2.0,3.0,0.0,2.0,0.0,81.02,64.06,73.21,0.0
China,CHN,20200315,3.0,3.0,2.0,4.0,2.0,3.0,2.0,2.0,2.0,2.0,2.0,3.0,0.0,2.0,0.0,81.02,64.06,73.21,0.0
China,CHN,20200316,3.0,3.0,2.0,4.0,2.0,3.0,2.0,2.0,2.0,2.0,2.0,3.0,0.0,2.0,0.0,79.17,63.02,72.02,0.0
China,CHN,20200317,3.0,3.0,2.0,4.0,2.0,3.0,2.0,2.0,2.0,2.0,2.0,3.0,0.0,2.0,0.0,79.17,63.02,72.02,0.0
China,CHN,20200318,3.0,3.0,2.0,4.0,2.0,3.0,2.0,2.0,2.0,2.0,2.0,3.0,0.0,2.0,0.0,79.17,63.02,72.02,0.0
China,CHN,20200319,3.0,3.0,2.0,4.0,2.0,3.0,2.0,2.0,2.0,2.0,2.0,3.0,0.0,2.0,0.0,79.17,63.02,72.02,0.0
China,CHN,20200320,3.0,3.0,2.0,4.0,2.0,3.0,2.0,2.0,2.0,2.0,2.0,3.0,0.0,2.0,0.0,79.17,63.02,72.02,0.0
China,CHN,20200321,3.0,3.0,2.0,4.0,2.0,3.0,2.0,2.0,2.0,2.0,2.0,3.0,0.0,2.0,0.0,79.17,63.02,72.02,0.0
China,CHN,20200322,3.0,3.0,2.0,4.0,2.0,3.0,2.0,2.0,2.0,2.0,2.0,3.0,0.0,2.0,0.0,79.17,63.02,72.02,0.0
China,CHN,20200323,3.0,3.0,2.0,4.0,2.0,3.0,2.0,2.0,2.0,2.0,2.0,3.0,0.0,2.0,0.0,79.17,63.02,72.02,0.0
China,CHN,20200324,3.0,3.0,2.0,4.0,2.0,3.0,2.0,2.0,2.0,2.0,2.0,2.0,0.0,2.0,0.0,79.17,62.24,71.13,0.0
China,CHN,20200325,3.0,3.0,2.0,4.0,2.0,3.0,2.0,2.0,2.0,2.0,2.0,2.0,0.0,2.0,0.0,79.17,62.24,71.13,0.0
China,CHN,20200326,3.0,3.0,2.0,4.0,2.0,3.0,2.0,3.0,2.0,2.0,2.0,2.0,0.0,2.0,0.0,81.94,63.8,72.92,0.0
China,CHN,20200327,3.0,3.0,2.0,4.0,2.0,3.0,2.0,3.0,2.0,2.0,2.0,2.0,0.0,2.0,0.0,81.94,63.8,72.92,0.0
China,CHN,20200328,3.0,3.0,2.0,4.0,0.0,3.0,2.0,3.0,2.0,2.0,2.0,2.0,0.0,2.0,0.0,73.61,59.11,67.56,0.0
China,CHN,20200329,3.0,3.0,2.0,4.0,0.0,3.0,2.0,3.0,2.0,2.0,2.0,2.0,0.0,2.0,0.0,73.61,59.11,67.56,0.0
China,CHN,20200330,3.0,3.0,2.0,4.0,0.0,3.0,2.0,3.0,2.0,2.0,2.0,2.0,0.0,2.0,0.0,73.61,59.11,67.56,0.0
China,CHN,20200331,3.0,3.0,2.0,4.0,0.0,3.0,2.0,3.0,2.0,3.0,2.0,2.0,0.0,2.0,0.0,73.61,61.2,69.94,0.0
China,CHN,20200401,3.0,3.0,2.0,4.0,0.0,3.0,2.0,3.0,2.0,3.0,2.0,2.0,0.0,2.0,0.0,73.61,61.2,69.94,0.0
China,CHN,20200402,3.0,3.0,2.0,4.0,0.0,3.0,2.0,3.0,2.0,3.0,2.0,2.0,0.0,2.0,0.0,73.61,61.2,69.94,0.0
China,CHN,20200403,3.0,2.0,2.0,4.0,0.0,3.0,2.0,3.0,2.0,3.0,2.0,2.0,0.0,2.0,0.0,69.91,59.11,67.56,0.0
China,CHN,20200404,3.0,2.0,2.0,4.0,0.0,3.0,2.0,3.0,2.0,3.0,2.0,2.0,0.0,2.0,0.0,69.91,59.11,67.56,0.0
China,CHN,20200405,3.0,2.0,2.0,4.0,0.0,3.0,2.0,3.0,2.0,3.0,2.0,2.0,0.0,2.0,0.0,69.91,59.11,67.56,0.0
China,CHN,20200406,3.0,2.0,2.0,4.0,0.0,3.0,2.0,3.0,2.0,3.0,2.0,2.0,0.0,2.0,0.0,69.91,59.11,67.56,0.0
China,CHN,20200407,3.0,2.0,2.0,4.0,0.0,3.0,2.0,3.0,2.0,3.0,2.0,2.0,0.0,2.0,0.0,69.91,59.11,67.56,0.0
China,CHN,20200408,3.0,2.0,2.0,4.0,0.0,1.0,1.0,3.0,2.0,3.0,2.0,2.0,0.0,2.0,0.0,56.94,51.82,59.23,0.0
China,CHN,20200409,3.0,2.0,2.0,4.0,0.0,1.0,1.0,3.0,2.0,3.0,2.0,2.0,0.0,2.0,0.0,56.94,51.82,59.23,0.0
China,CHN,20200410,3.0,2.0,2.0,4.0,0.0,1.0,1.0,3.0,2.0,3.0,2.0,2.0,0.0,2.0,0.0,56.94,51.82,59.23,0.0
China,CHN,20200411,3.0,2.0,2.0,4.0,0.0,1.0,1.0,3.0,2.0,3.0,2.0,2.0,0.0,2.0,0.0,56.94,53.39,59.23,12.5
China,CHN,20200412,3.0,2.0,2.0,4.0,0.0,1.0,1.0,3.0,2.0,3.0,2.0,2.0,0.0,2.0,0.0,56.94,53.39,59.23,12.5
China,CHN,20200413,3.0,2.0,2.0,4.0,0.0,1.0,1.0,3.0,2.0,3.0,2.0,2.0,0.0,2.0,0.0,56.94,53.39,59.23,12.5
China,CHN,20200414,3.0,2.0,2.0,4.0,0.0,1.0,1.0,3.0,2.0,3.0,2.0,2.0,0.0,2.0,0.0,56.94,53.39,59.23,12.5
China,CHN,20200415,3.0,2.0,2.0,4.0,0.0,1.0,1.0,3.0,2.0,3.0,2.0,2.0,0.0,2.0,0.0,56.94,53.39,59.23,12.5
China,CHN,20200416,3.0,2.0,2.0,4.0,0.0,1.0,1.0,3.0,2.0,3.0,2.0,2.0,0.0,2.0,0.0,56.94,53.39,59.23,12.5
China,CHN,20200417,3.0,2.0,2.0,4.0,0.0,1.0,1.0,3.0,2.0,3.0,2.0,2.0,0.0,2.0,0.0,56.94,53.39,59.23,12.5
China,CHN,20200418,3.0,2.0,2.0,4.0,0.0,1.0,1.0,3.0,2.0,3.0,2.0,2.0,0.0,2.0,0.0,56.94,53.39,59.23,12.5
China,CHN,20200419,3.0,2.0,2.0,4.0,0.0,1.0,1.0,3.0,2.0,3.0,2.0,2.0,0.0,2.0,0.0,56.94,53.39,59.23,12.5
China,CHN,20200420,3.0,2.0,2.0,4.0,0.0,1.0,1.0,3.0,2.0,3.0,2.0,2.0,0.0,2.0,0.0,56.94,53.39,59.23,12.5
China,CHN,20200421,3.0,2.0,2.0,4.0,0.0,1.0,1.0,3.0,2.0,3.0,2.0,2.0,0.0,2.0,0.0,56.94,53.39,59.23,12.5
China,CHN,20200422,3.0,2.0,2.0,4.0,0.0,1.0,1.0,3.0,2.0,3.0,2.0,2.0,0.0,2.0,0.0,56.94,53.39,59.23,12.5
China,CHN,20200423,3.0,2.0,2.0,4.0,0.0,1.0,1.0,3.0,2.0,3.0,2.0,2.0,0.0,2.0,0.0,56.94,53.39,59.23,12.5
China,CHN,20200424,3.0,2.0,2.0,4.0,0.0,1.0,1.0,3.0,2.0,3.0,2.0,2.0,0.0,2.0,0.0,56.94,53.39,59.23,12.5
China,CHN,20200425,3.0,2.0,2.0,4.0,0.0,1.0,1.0,3.0,2.0,3.0,2.0,2.0,0.0,2.0,0.0,56.94,53.39,59.23,12.5
China,CHN,20200426,3.0,2.0,2.0,4.0,0.0,1.0,1.0,3.0,2.0,3.0,2.0,2.0,0.0,2.0,0.0,56.94,53.39,59.23,12.5
China,CHN,20200427,3.0,2.0,2.0,4.0,0.0,1.0,1.0,3.0,2.0,3.0,2.0,2.0,0.0,2.0,0.0,56.94,53.39,59.23,12.5
China,CHN,20200428,3.0,2.0,2.0,4.0,0.0,1.0,1.0,3.0,2.0,3.0,2.0,2.0,0.0,2.0,0.0,56.94,53.39,59.23,12.5
China,CHN,20200429,3.0,2.0,2.0,4.0,0.0,1.0,1.0,3.0,2.0,3.0,2.0,2.0,0.0,2.0,0.0,56.94,53.39,59.23,12.5
China,CHN,20200430,3.0,2.0,2.0,4.0,0.0,1.0,1.0,3.0,2.0,3.0,2.0,2.0,0.0,2.0,0.0,56.94,53.39,59.23,12.5
China,CHN,20200501,3.0,2.0,2.0,4.0,0.0,1.0,1.0,3.0,2.0,3.0,2.0,2.0,0.0,2.0,0.0,56.94,53.39,59.23,12.5
China,CHN,20200502,3.0,2.0,2.0,4.0,0.0,1.0,1.0,3.0,2.0,3.0,2.0,2.0,0.0,2.0,0.0,56.94,53.39,59.23,12.5
China,CHN,20200503,3.0,2.0,2.0,4.0,0.0,1.0,1.0,3.0,2.0,3.0,2.0,2.0,0.0,2.0,0.0,56.94,53.39,59.23,12.5
China,CHN,20200504,3.0,2.0,2.0,4.0,0.0,1.0,1.0,3.0,2.0,3.0,2.0,2.0,0.0,2.0,0.0,56.94,53.39,59.23,12.5
China,CHN,20200505,3.0,2.0,2.0,4.0,0.0,1.0,1.0,3.0,2.0,3.0,2.0,2.0,0.0,2.0,0.0,56.94,53.39,59.23,12.5
China,CHN,20200506,3.0,2.0,2.0,4.0,0.0,1.0,1.0,3.0,2.0,3.0,2.0,2.0,0.0,2.0,0.0,56.94,53.39,59.23,12.5
China,CHN,20200507,3.0,2.0,2.0,4.0,0.0,1.0,1.0,3.0,2.0,3.0,2.0,2.0,0.0,2.0,0.0,56.94,53.39,59.23,12.5
China,CHN,20200508,3.0,2.0,2.0,4.0,0.0,1.0,1.0,3.0,2.0,3.0,2.0,2.0,0.0,2.0,0.0,56.94,53.39,59.23,12.5
China,CHN,20200509,3.0,2.0,2.0,4.0,0.0,1.0,1.0,3.0,2.0,3.0,2.0,2.0,0.0,2.0,0.0,56.94,53.39,59.23,12.5
China,CHN,20200510,3.0,3.0,2.0,4.0,2.0,3.0,2.0,3.0,2.0,3.0,2.0,2.0,0.0,2.0,0.0,81.94,67.45,75.3,12.5
China,CHN,20200511,3.0,3.0,2.0,4.0,2.0,3.0,2.0,3.0,2.0,3.0,2.0,2.0,0.0,2.0,0.0,81.94,67.45,75.3,12.5
China,CHN,20200512,3.0,3.0,2.0,4.0,2.0,3.0,2.0,3.0,2.0,3.0,2.0,2.0,0.0,2.0,0.0,81.94,67.45,75.3,12.5
China,CHN,20200513,3.0,3.0,2.0,4.0,2.0,3.0,2.0,3.0,2.0,3.0,2.0,2.0,0.0,2.0,0.0,81.94,67.45,75.3,12.5
China,CHN,20200514,3.0,3.0,2.0,4.0,2.0,3.0,2.0,3.0,2.0,3.0,2.0,2.0,0.0,2.0,0.0,81.94,67.45,75.3,12.5
China,CHN,20200515,3.0,3.0,2.0,4.0,2.0,3.0,2.0,3.0,2.0,3.0,2.0,2.0,0.0,2.0,0.0,81.94,67.45,75.3,12.5
China,CHN,20200516,3.0,3.0,2.0,4.0,2.0,3.0,2.0,3.0,2.0,3.0,2.0,2.0,0.0,2.0,0.0,81.94,67.45,75.3,12.5
China,CHN,20200517,3.0,3.0,2.0,4.0,2.0,3.0,2.0,3.0,2.0,3.0,2.0,2.0,0.0,2.0,0.0,81.94,67.45,75.3,12.5
China,CHN,20200518,3.0,3.0,2.0,4.0,2.0,3.0,2.0,3.0,2.0,3.0,2.0,2.0,0.0,2.0,0.0,81.94,67.45,75.3,12.5
China,CHN,20200519,3.0,3.0,2.0,4.0,2.0,3.0,2.0,3.0,2.0,3.0,2.0,2.0,0.0,2.0,0.0,81.94,67.45,75.3,12.5
China,CHN,20200520,3.0,3.0,2.0,4.0,2.0,3.0,2.0,3.0,2.0,3.0,2.0,2.0,0.0,2.0,0.0,81.94,67.45,75.3,12.5
China,CHN,20200521,3.0,3.0,2.0,4.0,2.0,3.0,2.0,3.0,2.0,3.0,2.0,2.0,0.0,2.0,0.0,81.94,70.57,75.3,37.5
China,CHN,20200522,3.0,3.0,2.0,4.0,2.0,3.0,2.0,3.0,2.0,3.0,2.0,2.0,0.0,2.0,0.0,81.94,70.57,75.3,37.5
China,CHN,20200523,3.0,3.0,2.0,4.0,2.0,3.0,2.0,3.0,2.0,3.0,2.0,2.0,0.0,2.0,0.0,81.94,70.57,75.3,37.5
China,CHN,20200524,3.0,3.0,2.0,4.0,2.0,3.0,2.0,3.0,2.0,3.0,2.0,2.0,0.0,2.0,0.0,81.94,70.57,75.3,37.5
China,CHN,20200525,3.0,3.0,2.0,4.0,2.0,3.0,2.0,3.0,2.0,3.0,2.0,2.0,0.0,2.0,0.0,81.94,70.57,75.3,37.5
China,CHN,20200526,3.0,3.0,2.0,4.0,2.0,3.0,2.0,3.0,2.0,3.0,2.0,2.0,0.0,2.0,0.0,81.94,70.57,75.3,37.5
China,CHN,20200527,3.0,3.0,2.0,4.0,2.0,3.0,2.0,3.0,2.0,3.0,2.0,2.0,0.0,2.0,0.0,81.94,70.57,75.3,37.5
China,CHN,20200528,3.0,3.0,2.0,4.0,2.0,3.0,2.0,3.0,2.0,3.0,2.0,2.0,0.0,2.0,0.0,81.94,70.57,75.3,37.5
China,CHN,20200529,3.0,3.0,2.0,4.0,2.0,3.0,2.0,3.0,2.0,3.0,2.0,2.0,0.0,2.0,0.0,81.94,70.57,75.3,37.5
China,CHN,20200530,3.0,3.0,2.0,4.0,2.0,3.0,2.0,3.0,2.0,3.0,2.0,2.0,0.0,2.0,0.0,81.94,70.57,75.3,37.5
China,CHN,20200531,3.0,3.0,2.0,4.0,2.0,3.0,2.0,3.0,2.0,3.0,2.0,2.0,0.0,2.0,0.0,81.94,70.57,75.3,37.5
China,CHN,20200601,3.0,3.0,2.0,4.0,2.0,3.0,2.0,3.0,2.0,3.0,2.0,2.0,0.0,2.0,0.0,81.94,70.57,75.3,37.5
China,CHN,20200602,3.0,3.0,2.0,4.0,2.0,3.0,2.0,3.0,2.0,3.0,2.0,2.0,0.0,2.0,0.0,81.94,70.57,75.3,37.5
China,CHN,20200603,2.0,3.0,2.0,4.0,2.0,3.0,2.0,3.0,2.0,3.0,2.0,2.0,0.0,2.0,0.0,78.24,68.49,72.92,37.5
China,CHN,20200604,2.0,3.0,2.0,4.0,2.0,3.0,2.0,3.0,2.0,3.0,2.0,2.0,0.0,2.0,0.0,78.24,68.49,72.92,37.5
China,CHN,20200605,2.0,3.0,2.0,4.0,2.0,3.0,2.0,3.0,2.0,3.0,2.0,2.0,0.0,2.0,0.0,78.24,68.49,72.92,37.5
China,CHN,20200606,2.0,3.0,2.0,4.0,2.0,3.0,2.0,3.0,2.0,3.0,2.0,2.0,0.0,2.0,0.0,78.24,68.49,72.92,37.5
China,CHN,20200607,2.0,3.0,2.0,4.0,2.0,3.0,2.0,3.0,2.0,3.0,2.0,2.0,0.0,2.0,0.0,78.24,68.49,72.92,37.5
China,CHN,20200608,2.0,3.0,2.0,4.0,2.0,3.0,2.0,3.0,2.0,3.0,2.0,2.0,0.0,2.0,0.0,78.24,68.49,72.92,37.5
China,CHN,20200609,2.0,3.0,2.0,4.0,2.0,3.0,2.0,3.0,2.0,3.0,2.0,2.0,0.0,2.0,0.0,78.24,68.49,72.92,37.5
China,CHN,20200610,2.0,3.0,2.0,4.0,2.0,3.0,2.0,3.0,2.0,3.0,2.0,2.0,0.0,2.0,0.0,78.24,68.49,72.92,37.5
China,CHN,20200611,2.0,3.0,2.0,4.0,2.0,3.0,2.0,3.0,2.0,3.0,2.0,2.0,0.0,2.0,0.0,78.24,68.49,72.92,37.5
China,CHN,20200612,2.0,3.0,2.0,4.0,2.0,3.0,2.0,3.0,2.0,3.0,2.0,2.0,0.0,2.0,0.0,78.24,68.49,72.92,37.5
China,CHN,20200613,2.0,3.0,2.0,4.0,2.0,3.0,2.0,3.0,2.0,3.0,2.0,2.0,0.0,2.0,0.0,78.24,68.49,72.92,37.5
China,CHN,20200614,2.0,3.0,2.0,4.0,2.0,3.0,2.0,3.0,2.0,3.0,2.0,2.0,0.0,2.0,0.0,78.24,68.49,72.92,37.5
China,CHN,20200615,2.0,3.0,2.0,4.0,2.0,3.0,2.0,3.0,2.0,3.0,2.0,2.0,0.0,2.0,0.0,78.24,68.49,72.92,37.5
China,CHN,20200616,2.0,3.0,2.0,4.0,2.0,3.0,2.0,3.0,2.0,3.0,2.0,2.0,0.0,2.0,0.0,78.24,68.49,72.92,37.5
China,CHN,20200617,2.0,3.0,2.0,4.0,2.0,3.0,2.0,3.0,2.0,3.0,2.0,2.0,0.0,2.0,0.0,78.24,68.49,72.92,37.5
China,CHN,20200618,2.0,3.0,2.0,4.0,2.0,3.0,2.0,3.0,2.0,3.0,2.0,2.0,0.0,2.0,0.0,78.24,68.49,72.92,37.5
China,CHN,20200619,2.0,3.0,2.0,4.0,2.0,3.0,2.0,3.0,2.0,3.0,2.0,2.0,0.0,2.0,0.0,78.24,68.49,72.92,37.5
China,CHN,20200620,2.0,3.0,2.0,4.0,2.0,3.0,2.0,3.0,2.0,3.0,2.0,2.0,0.0,2.0,0.0,78.24,68.49,72.92,37.5
China,CHN,20200621,2.0,3.0,2.0,4.0,2.0,3.0,2.0,3.0,2.0,3.0,2.0,2.0,0.0,2.0,0.0,78.24,68.49,72.92,37.5
China,CHN,20200622,2.0,3.0,2.0,4.0,2.0,3.0,2.0,3.0,2.0,3.0,2.0,2.0,0.0,2.0,0.0,78.24,68.49,72.92,37.5
China,CHN,20200623,2.0,3.0,2.0,4.0,2.0,3.0,2.0,3.0,2.0,3.0,2.0,2.0,0.0,2.0,0.0,78.24,68.49,72.92,37.5
China,CHN,20200624,2.0,3.0,2.0,4.0,2.0,3.0,2.0,3.0,2.0,3.0,2.0,2.0,0.0,2.0,0.0,78.24,68.49,72.92,37.5
China,CHN,20200625,2.0,3.0,2.0,4.0,2.0,3.0,2.0,3.0,2.0,3.0,2.0,2.0,0.0,2.0,0.0,78.24,68.49,72.92,37.5
China,CHN,20200626,2.0,3.0,2.0,4.0,2.0,3.0,2.0,3.0,2.0,3.0,2.0,2.0,0.0,2.0,0.0,78.24,68.49,72.92,37.5
China,CHN,20200627,2.0,3.0,2.0,4.0,2.0,3.0,2.0,3.0,2.0,3.0,2.0,2.0,0.0,2.0,0.0,78.24,68.49,72.92,37.5
China,CHN,20200628,2.0,3.0,2.0,4.0,2.0,3.0,2.0,3.0,2.0,3.0,2.0,2.0,0.0,2.0,0.0,78.24,68.49,72.92,37.5
China,CHN,20200629,2.0,3.0,2.0,4.0,2.0,3.0,2.0,3.0,2.0,3.0,2.0,2.0,0.0,2.0,0.0,78.24,68.49,72.92,37.5
China,CHN,20200630,2.0,3.0,2.0,4.0,2.0,3.0,2.0,3.0,2.0,3.0,2.0,2.0,0.0,2.0,0.0,78.24,68.49,72.92,37.5
China,CHN,20200701,2.0,3.0,2.0,4.0,2.0,3.0,2.0,3.0,2.0,3.0,2.0,2.0,0.0,2.0,0.0,78.24,68.49,72.92,37.5
China,CHN,20200702,2.0,3.0,2.0,4.0,2.0,3.0,2.0,3.0,2.0,3.0,2.0,2.0,0.0,2.0,0.0,78.24,68.49,72.92,37.5
China,CHN,20200703,2.0,3.0,2.0,4.0,2.0,3.0,2.0,3.0,2.0,3.0,2.0,2.0,0.0,2.0,0.0,78.24,68.49,72.92,37.5
China,CHN,20200704,2.0,3.0,2.0,4.0,2.0,3.0,2.0,3.0,2.0,3.0,2.0,2.0,0.0,2.0,0.0,78.24,68.49,72.92,37.5
China,CHN,20200705,2.0,3.0,2.0,4.0,2.0,3.0,2.0,3.0,2.0,3.0,2.0,2.0,0.0,2.0,0.0,78.24,68.49,72.92,37.5
China,CHN,20200706,2.0,3.0,2.0,4.0,2.0,3.0,2.0,3.0,2.0,3.0,2.0,2.0,0.0,2.0,0.0,78.24,68.49,72.92,37.5
China,CHN,20200707,2.0,3.0,2.0,4.0,2.0,3.0,2.0,3.0,2.0,3.0,2.0,2.0,0.0,2.0,0.0,78.24,68.49,72.92,37.5
China,CHN,20200708,2.0,3.0,2.0,4.0,2.0,3.0,2.0,3.0,2.0,3.0,2.0,2.0,0.0,2.0,0.0,78.24,68.49,72.92,37.5
China,CHN,20200709,2.0,3.0,2.0,4.0,2.0,3.0,2.0,3.0,2.0,3.0,2.0,2.0,0.0,2.0,0.0,78.24,68.49,72.92,37.5
China,CHN,20200710,2.0,3.0,2.0,4.0,2.0,3.0,2.0,3.0,2.0,3.0,2.0,2.0,0.0,2.0,0.0,78.24,68.49,72.92,37.5
China,CHN,20200711,2.0,3.0,2.0,4.0,2.0,3.0,2.0,3.0,2.0,3.0,2.0,2.0,0.0,2.0,0.0,78.24,68.49,72.92,37.5
China,CHN,20200712,2.0,3.0,2.0,4.0,2.0,3.0,2.0,3.0,2.0,3.0,2.0,2.0,0.0,2.0,0.0,78.24,68.49,72.92,37.5
China,CHN,20200713,2.0,3.0,2.0,4.0,2.0,3.0,2.0,3.0,2.0,3.0,2.0,2.0,0.0,2.0,0.0,78.24,68.49,72.92,37.5
China,CHN,20200714,2.0,3.0,2.0,4.0,2.0,3.0,2.0,3.0,2.0,3.0,2.0,2.0,0.0,2.0,0.0,78.24,68.49,72.92,37.5
China,CHN,20200715,2.0,3.0,2.0,4.0,2.0,3.0,2.0,3.0,2.0,3.0,2.0,2.0,0.0,2.0,0.0,78.24,68.49,72.92,37.5
China,CHN,20200716,2.0,3.0,2.0,4.0,2.0,3.0,2.0,3.0,2.0,3.0,2.0,2.0,0.0,2.0,0.0,78.24,68.49,72.92,37.5
China,CHN,20200717,2.0,3.0,2.0,4.0,2.0,3.0,2.0,3.0,2.0,3.0,2.0,2.0,0.0,2.0,0.0,78.24,68.49,72.92,37.5
China,CHN,20200718,2.0,3.0,2.0,4.0,2.0,3.0,2.0,3.0,2.0,3.0,2.0,2.0,0.0,2.0,0.0,78.24,68.49,72.92,37.5
China,CHN,20200719,2.0,3.0,2.0,4.0,2.0,3.0,2.0,3.0,2.0,3.0,2.0,2.0,0.0,2.0,0.0,78.24,68.49,72.92,37.5
China,CHN,20200720,2.0,3.0,2.0,4.0,2.0,3.0,2.0,3.0,2.0,3.0,2.0,2.0,0.0,2.0,0.0,78.24,68.49,72.92,37.5
China,CHN,20200721,2.0,3.0,2.0,4.0,2.0,3.0,2.0,3.0,2.0,3.0,2.0,2.0,0.0,2.0,0.0,78.24,68.49,72.92,37.5
China,CHN,20200722,2.0,3.0,2.0,4.0,2.0,3.0,2.0,3.0,2.0,3.0,2.0,2.0,0.0,2.0,0.0,78.24,68.49,72.92,37.5
China,CHN,20200723,2.0,3.0,2.0,4.0,2.0,3.0,2.0,3.0,2.0,3.0,2.0,2.0,0.0,2.0,0.0,78.24,68.49,72.92,37.5
China,CHN,20200724,2.0,3.0,2.0,4.0,2.0,3.0,2.0,3.0,2.0,3.0,2.0,2.0,0.0,2.0,0.0,78.24,68.49,72.92,37.5
China,CHN,20200725,2.0,3.0,2.0,4.0,2.0,3.0,2.0,3.0,2.0,3.0,2.0,2.0,0.0,2.0,0.0,78.24,68.49,72.92,37.5
China,CHN,20200726,2.0,3.0,2.0,4.0,2.0,3.0,2.0,3.0,2.0,3.0,2.0,2.0,0.0,2.0,0.0,78.24,68.49,72.92,37.5
China,CHN,20200727,2.0,3.0,2.0,4.0,2.0,3.0,2.0,3.0,2.0,3.0,2.0,2.0,0.0,2.0,0.0,78.24,68.49,72.92,37.5
China,CHN,20200728,2.0,3.0,2.0,4.0,2.0,3.0,2.0,3.0,2.0,3.0,2.0,2.0,0.0,2.0,0.0,78.24,68.49,72.92,37.5
China,CHN,20200729,2.0,3.0,2.0,4.0,2.0,3.0,2.0,3.0,2.0,3.0,2.0,2.0,0.0,2.0,0.0,78.24,68.49,72.92,37.5
China,CHN,20200730,2.0,3.0,2.0,4.0,2.0,3.0,2.0,3.0,2.0,3.0,2.0,2.0,0.0,2.0,0.0,78.24,68.49,72.92,37.5
China,CHN,20200731,2.0,3.0,2.0,4.0,2.0,3.0,2.0,3.0,2.0,3.0,2.0,2.0,0.0,2.0,0.0,78.24,68.49,72.92,37.5
China,CHN,20200801,2.0,3.0,2.0,4.0,2.0,3.0,2.0,3.0,2.0,3.0,2.0,2.0,0.0,2.0,0.0,78.24,68.49,72.92,37.5
China,CHN,20200802,2.0,3.0,2.0,4.0,2.0,3.0,2.0,3.0,2.0,3.0,2.0,2.0,0.0,2.0,0.0,78.24,68.49,72.92,37.5
China,CHN,20200803,2.0,3.0,2.0,4.0,2.0,3.0,2.0,3.0,2.0,3.0,2.0,2.0,0.0,2.0,0.0,78.24,68.49,72.92,37.5
China,CHN,20200804,2.0,3.0,2.0,4.0,2.0,3.0,2.0,3.0,2.0,3.0,2.0,2.0,0.0,2.0,0.0,78.24,68.49,72.92,37.5
China,CHN,20200805,2.0,3.0,2.0,4.0,2.0,3.0,2.0,3.0,2.0,3.0,2.0,2.0,0.0,2.0,0.0,78.24,68.49,72.92,37.5
China,CHN,20200806,2.0,3.0,2.0,4.0,2.0,3.0,2.0,3.0,2.0,3.0,2.0,2.0,0.0,2.0,0.0,78.24,68.49,72.92,37.5
China,CHN,20200807,2.0,3.0,2.0,4.0,2.0,3.0,2.0,3.0,2.0,3.0,2.0,2.0,0.0,2.0,0.0,78.24,68.49,72.92,37.5
China,CHN,20200808,2.0,3.0,2.0,4.0,2.0,3.0,2.0,3.0,2.0,3.0,2.0,2.0,0.0,2.0,0.0,78.24,68.49,72.92,37.5
China,CHN,20200809,2.0,3.0,2.0,4.0,2.0,3.0,2.0,3.0,2.0,3.0,2.0,2.0,0.0,2.0,0.0,78.24,68.49,72.92,37.5
China,CHN,20200810,2.0,3.0,2.0,4.0,2.0,3.0,2.0,3.0,2.0,3.0,2.0,2.0,0.0,2.0,0.0,78.24,68.49,72.92,37.5
China,CHN,20200811,2.0,3.0,2.0,4.0,2.0,3.0,2.0,3.0,2.0,3.0,2.0,2.0,0.0,2.0,0.0,78.24,68.49,72.92,37.5
China,CHN,20200812,2.0,3.0,2.0,4.0,2.0,3.0,2.0,3.0,2.0,3.0,2.0,2.0,0.0,2.0,0.0,78.24,68.49,72.92,37.5
China,CHN,20200813,2.0,3.0,2.0,4.0,2.0,3.0,2.0,3.0,2.0,3.0,2.0,2.0,0.0,2.0,0.0,78.24,68.49,72.92,37.5
China,CHN,20200814,2.0,3.0,2.0,4.0,2.0,3.0,2.0,3.0,2.0,3.0,2.0,2.0,0.0,2.0,0.0,78.24,68.49,72.92,37.5
China,CHN,20200815,2.0,3.0,2.0,4.0,2.0,3.0,2.0,3.0,2.0,3.0,2.0,2.0,0.0,2.0,0.0,78.24,68.49,72.92,37.5
China,CHN,20200816,2.0,3.0,2.0,4.0,2.0,3.0,2.0,3.0,2.0,3.0,2.0,2.0,0.0,2.0,0.0,78.24,68.49,72.92,37.5
China,CHN,20200817,2.0,3.0,2.0,4.0,2.0,3.0,2.0,3.0,2.0,3.0,2.0,2.0,0.0,2.0,0.0,78.24,68.49,72.92,37.5
China,CHN,20200818,2.0,3.0,2.0,4.0,2.0,3.0,2.0,3.0,2.0,3.0,2.0,2.0,0.0,2.0,0.0,78.24,68.49,72.92,37.5
China,CHN,20200819,2.0,3.0,2.0,4.0,2.0,3.0,2.0,3.0,2.0,3.0,2.0,2.0,0.0,2.0,0.0,78.24,68.49,72.92,37.5
China,CHN,20200820,2.0,3.0,2.0,4.0,2.0,3.0,2.0,3.0,2.0,3.0,2.0,2.0,0.0,2.0,0.0,78.24,68.49,72.92,37.5
China,CHN,20200821,2.0,3.0,2.0,4.0,2.0,3.0,2.0,3.0,2.0,3.0,2.0,2.0,0.0,2.0,0.0,78.24,68.49,72.92,37.5
China,CHN,20200822,2.0,3.0,2.0,4.0,2.0,3.0,2.0,3.0,2.0,3.0,2.0,2.0,0.0,2.0,0.0,78.24,68.49,72.92,37.5
China,CHN,20200823,2.0,3.0,2.0,4.0,2.0,3.0,2.0,3.0,2.0,3.0,2.0,2.0,0.0,2.0,0.0,78.24,68.49,72.92,37.5
China,CHN,20200824,2.0,3.0,2.0,4.0,2.0,3.0,2.0,3.0,2.0,3.0,2.0,2.0,0.0,2.0,0.0,78.24,68.49,72.92,37.5
China,CHN,20200825,2.0,3.0,2.0,4.0,2.0,3.0,2.0,3.0,2.0,3.0,2.0,2.0,0.0,2.0,0.0,78.24,68.49,72.92,37.5
China,CHN,20200826,2.0,3.0,2.0,4.0,2.0,3.0,2.0,3.0,2.0,3.0,2.0,2.0,0.0,2.0,0.0,78.24,68.49,72.92,37.5
China,CHN,20200827,2.0,3.0,2.0,4.0,2.0,3.0,2.0,3.0,2.0,3.0,2.0,2.0,0.0,2.0,0.0,78.24,68.49,72.92,37.5
China,CHN,20200828,2.0,3.0,2.0,4.0,2.0,3.0,2.0,3.0,2.0,3.0,2.0,2.0,0.0,2.0,0.0,78.24,68.49,72.92,37.5
China,CHN,20200829,2.0,3.0,2.0,4.0,2.0,3.0,2.0,3.0,2.0,3.0,2.0,2.0,0.0,2.0,0.0,78.24,68.49,72.92,37.5
China,CHN,20200830,2.0,3.0,2.0,4.0,2.0,3.0,2.0,3.0,2.0,3.0,2.0,2.0,0.0,2.0,0.0,78.24,68.49,72.92,37.5
China,CHN,20200831,2.0,3.0,2.0,4.0,2.0,3.0,2.0,3.0,2.0,3.0,2.0,2.0,0.0,2.0,0.0,78.24,68.49,72.92,37.5
China,CHN,20200901,2.0,3.0,2.0,4.0,2.0,3.0,2.0,3.0,2.0,3.0,2.0,2.0,0.0,2.0,0.0,78.24,68.49,72.92,37.5
China,CHN,20200902,2.0,1.0,2.0,4.0,0.0,0.0,2.0,3.0,2.0,3.0,2.0,2.0,0.0,2.0,0.0,55.09,55.47,58.04,37.5
China,CHN,20200903,2.0,1.0,2.0,4.0,0.0,0.0,2.0,3.0,2.0,3.0,2.0,2.0,0.0,2.0,0.0,55.09,55.47,58.04,37.5
China,CHN,20200904,2.0,1.0,2.0,4.0,0.0,0.0,0.0,3.0,2.0,3.0,2.0,2.0,0.0,2.0,0.0,46.76,50.78,52.68,37.5
China,CHN,20200905,2.0,1.0,2.0,4.0,0.0,0.0,0.0,3.0,2.0,3.0,2.0,2.0,0.0,2.0,0.0,46.76,50.78,52.68,37.5
China,CHN,20200906,2.0,1.0,2.0,4.0,0.0,0.0,0.0,3.0,2.0,3.0,2.0,2.0,0.0,2.0,0.0,46.76,50.78,52.68,37.5
China,CHN,20200907,2.0,1.0,2.0,4.0,0.0,0.0,0.0,3.0,2.0,3.0,2.0,2.0,0.0,2.0,0.0,46.76,50.78,52.68,37.5
China,CHN,20200908,2.0,1.0,2.0,4.0,0.0,0.0,0.0,3.0,2.0,3.0,2.0,2.0,0.0,2.0,0.0,46.76,50.78,52.68,37.5
China,CHN,20200909,2.0,1.0,2.0,4.0,0.0,0.0,0.0,3.0,2.0,3.0,2.0,2.0,0.0,2.0,0.0,46.76,50.78,52.68,37.5
China,CHN,20200910,2.0,1.0,2.0,4.0,0.0,0.0,0.0,3.0,2.0,3.0,2.0,2.0,0.0,2.0,0.0,46.76,50.78,52.68,37.5
China,CHN,20200911,2.0,1.0,2.0,4.0,0.0,0.0,0.0,3.0,2.0,3.0,2.0,2.0,0.0,2.0,0.0,46.76,50.78,52.68,37.5
China,CHN,20200912,2.0,1.0,2.0,4.0,0.0,0.0,0.0,3.0,2.0,3.0,2.0,2.0,0.0,2.0,0.0,46.76,50.78,52.68,37.5
China,CHN,20200913,2.0,1.0,2.0,4.0,0.0,0.0,0.0,3.0,2.0,3.0,2.0,2.0,0.0,2.0,0.0,46.76,50.78,52.68,37.5
China,CHN,20200914,2.0,1.0,2.0,4.0,0.0,0.0,0.0,3.0,2.0,3.0,2.0,2.0,0.0,2.0,0.0,46.76,50.78,52.68,37.5
China,CHN,20200915,3.0,3.0,2.0,4.0,2.0,3.0,2.0,3.0,2.0,3.0,2.0,2.0,0.0,2.0,0.0,81.94,70.57,75.3,37.5
China,CHN,20200916,3.0,3.0,2.0,4.0,2.0,3.0,2.0,3.0,2.0,3.0,2.0,2.0,0.0,2.0,0.0,81.94,70.57,75.3,37.5
China,CHN,20200917,3.0,3.0,2.0,4.0,2.0,3.0,2.0,3.0,2.0,3.0,2.0,2.0,0.0,2.0,0.0,81.94,70.57,75.3,37.5
China,CHN,20200918,3.0,3.0,2.0,4.0,2.0,3.0,2.0,3.0,2.0,3.0,2.0,2.0,0.0,2.0,0.0,81.94,70.57,75.3,37.5
China,CHN,20200919,3.0,3.0,2.0,4.0,2.0,3.0,2.0,3.0,2.0,3.0,2.0,2.0,0.0,2.0,0.0,81.94,70.57,75.3,37.5
China,CHN,20200920,3.0,3.0,2.0,4.0,2.0,3.0,2.0,3.0,2.0,3.0,2.0,2.0,0.0,2.0,0.0,81.94,70.57,75.3,37.5
China,CHN,20200921,3.0,2.0,2.0,3.0,2.0,3.0,2.0,3.0,2.0,3.0,2.0,2.0,0.0,2.0,0.0,75.46,66.93,71.13,37.5
China,CHN,20200922,2.0,2.0,2.0,3.0,2.0,3.0,2.0,3.0,2.0,3.0,2.0,2.0,0.0,2.0,0.0,71.76,64.84,68.75,37.5
China,CHN,20200923,2.0,2.0,2.0,3.0,0.0,3.0,2.0,3.0,2.0,3.0,2.0,2.0,0.0,2.0,0.0,63.43,60.16,63.39,37.5
China,CHN,20200924,2.0,2.0,2.0,3.0,0.0,3.0,2.0,3.0,2.0,3.0,2.0,2.0,0.0,2.0,0.0,63.43,60.16,63.39,37.5
China,CHN,20200925,2.0,2.0,2.0,3.0,0.0,3.0,2.0,3.0,2.0,3.0,2.0,2.0,0.0,2.0,0.0,63.43,60.16,63.39,37.5
China,CHN,20200926,2.0,2.0,2.0,3.0,0.0,0.0,2.0,3.0,2.0,3.0,2.0,2.0,0.0,2.0,0.0,54.17,54.95,57.44,37.5
China,CHN,20200927,2.0,2.0,2.0,3.0,0.0,0.0,2.0,3.0,2.0,3.0,2.0,2.0,0.0,2.0,0.0,54.17,54.95,57.44,37.5
China,CHN,20200928,2.0,2.0,2.0,3.0,0.0,0.0,2.0,3.0,2.0,3.0,2.0,2.0,0.0,2.0,0.0,54.17,54.95,57.44,37.5
China,CHN,20200929,2.0,2.0,2.0,3.0,0.0,0.0,2.0,3.0,2.0,3.0,2.0,2.0,0.0,2.0,0.0,54.17,54.95,57.44,37.5
China,CHN,20200930,2.0,2.0,2.0,3.0,0.0,0.0,2.0,3.0,2.0,3.0,2.0,2.0,0.0,2.0,0.0,54.17,54.95,57.44,37.5
China,CHN,20201001,2.0,2.0,2.0,3.0,0.0,0.0,2.0,3.0,2.0,3.0,2.0,2.0,0.0,2.0,0.0,54.17,54.95,57.44,37.5
China,CHN,20201002,2.0,2.0,2.0,3.0,0.0,0.0,2.0,3.0,2.0,3.0,2.0,2.0,0.0,2.0,0.0,54.17,54.95,57.44,37.5
China,CHN,20201003,2.0,2.0,2.0,3.0,0.0,0.0,2.0,3.0,2.0,3.0,2.0,2.0,0.0,2.0,0.0,54.17,54.95,57.44,37.5
China,CHN,20201004,2.0,2.0,2.0,3.0,0.0,0.0,2.0,3.0,2.0,3.0,2.0,2.0,0.0,2.0,0.0,54.17,54.95,57.44,37.5
China,CHN,20201005,2.0,2.0,2.0,3.0,0.0,0.0,2.0,3.0,2.0,3.0,2.0,2.0,0.0,2.0,0.0,54.17,54.95,57.44,37.5
China,CHN,20201006,2.0,2.0,2.0,3.0,0.0,0.0,2.0,3.0,2.0,3.0,2.0,2.0,0.0,2.0,0.0,54.17,54.95,57.44,37.5
China,CHN,20201007,2.0,2.0,2.0,3.0,0.0,0.0,2.0,3.0,2.0,3.0,2.0,2.0,0.0,2.0,0.0,54.17,54.95,57.44,37.5
China,CHN,20201008,2.0,2.0,2.0,3.0,0.0,0.0,2.0,3.0,2.0,3.0,2.0,2.0,0.0,2.0,0.0,54.17,54.95,57.44,37.5
China,CHN,20201009,2.0,2.0,2.0,3.0,0.0,0.0,2.0,3.0,2.0,3.0,2.0,2.0,0.0,2.0,0.0,54.17,54.95,57.44,37.5
China,CHN,20201010,1.0,2.0,2.0,3.0,0.0,0.0,2.0,3.0,2.0,3.0,2.0,2.0,0.0,2.0,0.0,52.31,53.91,56.25,37.5
China,CHN,20201011,1.0,2.0,2.0,3.0,0.0,0.0,2.0,3.0,2.0,3.0,2.0,2.0,0.0,2.0,0.0,52.31,53.91,56.25,37.5
China,CHN,20201012,1.0,2.0,2.0,3.0,0.0,3.0,2.0,3.0,2.0,3.0,2.0,2.0,0.0,2.0,0.0,61.57,59.11,62.2,37.5
China,CHN,20201013,1.0,2.0,2.0,3.0,0.0,3.0,2.0,3.0,2.0,3.0,2.0,2.0,0.0,2.0,0.0,61.57,59.11,62.2,37.5
China,CHN,20201014,1.0,2.0,2.0,3.0,0.0,3.0,2.0,3.0,2.0,3.0,2.0,2.0,0.0,2.0,0.0,61.57,59.11,62.2,37.5
China,CHN,20201015,1.0,2.0,2.0,3.0,0.0,3.0,2.0,3.0,2.0,3.0,2.0,2.0,0.0,2.0,0.0,61.57,59.11,62.2,37.5
China,CHN,20201016,1.0,2.0,2.0,3.0,0.0,3.0,2.0,3.0,2.0,3.0,2.0,2.0,0.0,2.0,0.0,61.57,59.11,62.2,37.5
China,CHN,20201017,1.0,2.0,2.0,3.0,0.0,3.0,2.0,3.0,2.0,3.0,2.0,2.0,0.0,2.0,0.0,61.57,59.11,62.2,37.5
China,CHN,20201018,1.0,2.0,2.0,3.0,0.0,3.0,2.0,3.0,2.0,3.0,2.0,2.0,0.0,2.0,0.0,61.57,59.11,62.2,37.5
China,CHN,20201019,1.0,2.0,2.0,3.0,0.0,3.0,2.0,3.0,2.0,3.0,2.0,2.0,0.0,2.0,0.0,61.57,59.11,62.2,37.5
China,CHN,20201020,1.0,2.0,2.0,3.0,0.0,3.0,2.0,3.0,2.0,3.0,2.0,2.0,0.0,2.0,0.0,61.57,59.11,62.2,37.5
China,CHN,20201021,1.0,2.0,2.0,3.0,0.0,3.0,2.0,3.0,2.0,3.0,2.0,2.0,0.0,2.0,0.0,61.57,59.11,62.2,37.5
China,CHN,20201022,1.0,2.0,2.0,3.0,0.0,3.0,2.0,3.0,2.0,3.0,2.0,2.0,0.0,2.0,0.0,61.57,59.11,62.2,37.5
China,CHN,20201023,1.0,2.0,2.0,3.0,0.0,3.0,2.0,3.0,2.0,3.0,2.0,2.0,0.0,2.0,0.0,61.57,59.11,62.2,37.5
China,CHN,20201024,3.0,3.0,2.0,4.0,2.0,3.0,2.0,3.0,2.0,3.0,2.0,4.0,0.0,2.0,0.0,81.94,72.92,77.98,37.5
China,CHN,20201025,3.0,3.0,2.0,4.0,2.0,3.0,2.0,3.0,2.0,3.0,2.0,4.0,0.0,2.0,0.0,81.94,72.92,77.98,37.5
China,CHN,20201026,3.0,3.0,2.0,4.0,2.0,3.0,2.0,3.0,2.0,3.0,2.0,4.0,0.0,2.0,0.0,81.94,72.92,77.98,37.5
China,CHN,20201027,3.0,3.0,2.0,4.0,2.0,3.0,2.0,3.0,2.0,3.0,2.0,4.0,0.0,2.0,0.0,81.94,72.92,77.98,37.5
China,CHN,20201028,3.0,3.0,2.0,4.0,2.0,3.0,2.0,3.0,2.0,3.0,2.0,4.0,0.0,2.0,0.0,81.94,72.92,77.98,37.5
China,CHN,20201029,3.0,3.0,2.0,4.0,2.0,3.0,2.0,3.0,2.0,3.0,2.0,4.0,0.0,2.0,0.0,81.94,72.92,77.98,37.5
China,CHN,20201030,3.0,2.0,2.0,4.0,1.0,2.0,2.0,3.0,2.0,3.0,2.0,4.0,0.0,2.0,0.0,68.98,68.75,69.64,62.5
China,CHN,20201031,1.0,2.0,2.0,4.0,1.0,2.0,2.0,3.0,2.0,3.0,2.0,4.0,0.0,2.0,0.0,63.43,65.62,66.07,62.5
China,CHN,20201101,1.0,2.0,2.0,4.0,1.0,2.0,2.0,3.0,2.0,3.0,2.0,4.0,0.0,2.0,0.0,63.43,65.62,66.07,62.5
China,CHN,20201102,1.0,2.0,2.0,4.0,1.0,2.0,2.0,3.0,2.0,3.0,2.0,4.0,0.0,2.0,0.0,63.43,65.62,66.07,62.5
China,CHN,20201103,1.0,2.0,2.0,4.0,1.0,2.0,2.0,3.0,2.0,3.0,2.0,4.0,0.0,2.0,0.0,63.43,65.62,66.07,62.5
China,CHN,20201104,1.0,2.0,2.0,4.0,1.0,2.0,2.0,3.0,2.0,3.0,2.0,4.0,0.0,2.0,0.0,63.43,65.62,66.07,62.5
China,CHN,20201105,1.0,2.0,2.0,4.0,1.0,2.0,2.0,3.0,2.0,3.0,2.0,4.0,0.0,2.0,0.0,63.43,65.62,66.07,62.5
China,CHN,20201106,1.0,2.0,2.0,4.0,1.0,2.0,2.0,3.0,2.0,3.0,2.0,4.0,0.0,2.0,0.0,63.43,65.62,66.07,62.5
China,CHN,20201107,1.0,2.0,2.0,4.0,1.0,2.0,2.0,3.0,2.0,3.0,2.0,4.0,0.0,2.0,0.0,63.43,65.62,66.07,62.5
China,CHN,20201108,1.0,2.0,2.0,4.0,1.0,2.0,2.0,3.0,2.0,3.0,2.0,4.0,0.0,2.0,0.0,63.43,65.62,66.07,62.5
China,CHN,20201109,1.0,2.0,2.0,4.0,1.0,2.0,2.0,3.0,2.0,3.0,2.0,4.0,0.0,2.0,0.0,63.43,65.62,66.07,62.5
China,CHN,20201110,1.0,2.0,2.0,4.0,1.0,2.0,2.0,3.0,2.0,3.0,2.0,4.0,0.0,2.0,0.0,63.43,65.62,66.07,62.5
China,CHN,20201111,1.0,2.0,2.0,4.0,1.0,2.0,2.0,3.0,2.0,3.0,2.0,4.0,0.0,2.0,0.0,63.43,65.62,66.07,62.5
China,CHN,20201112,1.0,2.0,2.0,4.0,1.0,2.0,2.0,3.0,2.0,3.0,2.0,4.0,0.0,2.0,0.0,63.43,65.62,66.07,62.5
China,CHN,20201113,1.0,2.0,2.0,4.0,1.0,2.0,2.0,3.0,2.0,3.0,2.0,4.0,0.0,2.0,0.0,63.43,65.62,66.07,62.5
China,CHN,20201114,1.0,2.0,2.0,4.0,1.0,2.0,2.0,3.0,2.0,3.0,2.0,4.0,0.0,2.0,0.0,63.43,65.62,66.07,62.5
China,CHN,20201115,1.0,2.0,2.0,4.0,1.0,2.0,2.0,3.0,2.0,3.0,2.0,4.0,0.0,2.0,0.0,63.43,65.62,66.07,62.5
China,CHN,20201116,1.0,2.0,2.0,4.0,1.0,2.0,2.0,3.0,2.0,3.0,2.0,4.0,0.0,2.0,0.0,63.43,65.62,66.07,62.5
China,CHN,20201117,1.0,2.0,2.0,4.0,1.0,2.0,2.0,3.0,2.0,3.0,2.0,4.0,0.0,2.0,0.0,63.43,65.62,66.07,62.5
China,CHN,20201118,1.0,2.0,2.0,4.0,1.0,2.0,2.0,3.0,2.0,3.0,2.0,4.0,0.0,2.0,0.0,63.43,65.62,66.07,62.5
China,CHN,20201119,1.0,2.0,2.0,4.0,1.0,2.0,2.0,3.0,2.0,3.0,2.0,4.0,0.0,2.0,0.0,63.43,65.62,66.07,62.5
China,CHN,20201120,3.0,3.0,2.0,4.0,1.0,3.0,2.0,3.0,2.0,3.0,2.0,4.0,0.0,2.0,0.0,76.39,72.92,74.4,62.5
China,CHN,20201121,3.0,3.0,2.0,4.0,1.0,3.0,2.0,3.0,2.0,3.0,2.0,4.0,0.0,2.0,0.0,76.39,72.92,74.4,62.5
China,CHN,20201122,3.0,3.0,2.0,4.0,1.0,3.0,2.0,3.0,2.0,3.0,2.0,4.0,0.0,2.0,0.0,76.39,72.92,74.4,62.5
China,CHN,20201123,3.0,3.0,2.0,4.0,1.0,3.0,2.0,3.0,2.0,3.0,2.0,4.0,0.0,2.0,0.0,76.39,72.92,74.4,62.5
China,CHN,20201124,3.0,3.0,2.0,4.0,2.0,3.0,2.0,3.0,2.0,3.0,2.0,4.0,0.0,2.0,0.0,81.94,76.04,77.98,62.5
China,CHN,20201125,3.0,3.0,2.0,4.0,2.0,3.0,2.0,3.0,2.0,3.0,2.0,4.0,0.0,2.0,0.0,81.94,76.04,77.98,62.5
China,CHN,20201126,3.0,3.0,2.0,4.0,2.0,3.0,2.0,3.0,2.0,3.0,2.0,4.0,0.0,2.0,0.0,81.94,76.04,77.98,62.5
China,CHN,20201127,3.0,3.0,2.0,4.0,2.0,3.0,2.0,3.0,2.0,3.0,2.0,4.0,0.0,2.0,0.0,81.94,76.04,77.98,62.5
China,CHN,20201128,3.0,3.0,2.0,4.0,2.0,3.0,2.0,3.0,2.0,3.0,2.0,4.0,0.0,2.0,0.0,81.94,76.04,77.98,62.5
China,CHN,20201129,3.0,3.0,2.0,4.0,2.0,3.0,2.0,3.0,2.0,3.0,2.0,4.0,0.0,2.0,0.0,81.94,76.04,77.98,62.5
China,CHN,20201130,3.0,3.0,2.0,4.0,2.0,3.0,2.0,3.0,2.0,3.0,2.0,4.0,0.0,2.0,0.0,81.94,76.04,77.98,62.5
China,CHN,20201201,3.0,3.0,2.0,4.0,2.0,3.0,2.0,3.0,2.0,3.0,2.0,4.0,0.0,2.0,0.0,81.94,76.04,77.98,62.5
China,CHN,20201202,3.0,3.0,2.0,4.0,2.0,3.0,2.0,3.0,2.0,3.0,2.0,4.0,0.0,2.0,0.0,81.94,76.04,77.98,62.5
China,CHN,20201203,3.0,3.0,2.0,4.0,2.0,3.0,2.0,3.0,2.0,3.0,2.0,4.0,0.0,2.0,0.0,81.94,76.04,77.98,62.5
China,CHN,20201204,3.0,3.0,2.0,4.0,2.0,3.0,2.0,3.0,2.0,3.0,2.0,4.0,0.0,2.0,0.0,81.94,76.04,77.98,62.5
China,CHN,20201205,3.0,3.0,2.0,4.0,2.0,3.0,2.0,3.0,2.0,3.0,2.0,4.0,0.0,2.0,0.0,81.94,76.04,77.98,62.5
China,CHN,20201206,3.0,3.0,2.0,4.0,2.0,3.0,2.0,3.0,2.0,3.0,2.0,4.0,0.0,2.0,0.0,81.94,76.04,77.98,62.5
China,CHN,20201207,3.0,3.0,2.0,4.0,2.0,3.0,2.0,3.0,2.0,3.0,2.0,4.0,0.0,2.0,0.0,81.94,76.04,77.98,62.5
China,CHN,20201208,3.0,2.0,2.0,4.0,2.0,3.0,2.0,3.0,2.0,3.0,2.0,4.0,0.0,2.0,0.0,78.24,73.96,75.6,62.5
China,CHN,20201209,3.0,2.0,2.0,4.0,2.0,3.0,2.0,3.0,2.0,3.0,2.0,4.0,0.0,2.0,0.0,78.24,73.96,75.6,62.5
China,CHN,20201210,3.0,2.0,2.0,4.0,2.0,3.0,2.0,3.0,2.0,3.0,2.0,4.0,0.0,2.0,0.0,78.24,73.96,75.6,62.5
China,CHN,20201211,3.0,2.0,2.0,4.0,2.0,3.0,2.0,3.0,2.0,3.0,2.0,4.0,0.0,2.0,0.0,78.24,73.96,75.6,62.5
China,CHN,20201212,3.0,2.0,2.0,4.0,2.0,3.0,2.0,3.0,2.0,3.0,2.0,4.0,0.0,2.0,0.0,78.24,73.96,75.6,62.5
China,CHN,20201213,3.0,2.0,2.0,4.0,2.0,3.0,2.0,3.0,2.0,3.0,2.0,4.0,0.0,2.0,0.0,78.24,73.96,75.6,62.5
China,CHN,20201214,3.0,2.0,2.0,4.0,2.0,3.0,2.0,3.0,2.0,3.0,2.0,4.0,0.0,2.0,0.0,78.24,73.96,75.6,62.5
China,CHN,20201215,3.0,2.0,2.0,4.0,2.0,3.0,2.0,3.0,2.0,3.0,2.0,4.0,1.0,2.0,0.0,78.24,75.21,77.02,62.5
China,CHN,20201216,3.0,2.0,2.0,4.0,2.0,3.0,2.0,3.0,2.0,3.0,2.0,4.0,1.0,2.0,0.0,78.24,75.21,77.02,62.5
China,CHN,20201217,3.0,2.0,2.0,4.0,2.0,3.0,2.0,3.0,2.0,3.0,2.0,4.0,1.0,2.0,0.0,78.24,75.21,77.02,62.5
China,CHN,20201218,3.0,2.0,2.0,4.0,2.0,3.0,2.0,3.0,2.0,3.0,2.0,4.0,1.0,2.0,0.0,78.24,75.21,77.02,62.5
China,CHN,20201219,3.0,2.0,2.0,4.0,2.0,3.0,2.0,3.0,2.0,3.0,2.0,4.0,1.0,2.0,0.0,78.24,75.21,77.02,62.5
China,CHN,20201220,3.0,2.0,2.0,4.0,2.0,3.0,2.0,3.0,2.0,3.0,2.0,4.0,1.0,2.0,0.0,78.24,75.21,77.02,62.5
China,CHN,20201221,3.0,2.0,2.0,4.0,2.0,3.0,2.0,3.0,2.0,3.0,2.0,4.0,1.0,2.0,0.0,78.24,75.21,77.02,62.5
China,CHN,20201222,3.0,2.0,2.0,4.0,2.0,3.0,2.0,3.0,2.0,3.0,2.0,4.0,1.0,2.0,0.0,78.24,75.21,77.02,62.5
China,CHN,20201223,3.0,2.0,2.0,4.0,2.0,3.0,2.0,3.0,2.0,3.0,2.0,4.0,1.0,2.0,0.0,78.24,75.21,77.02,62.5
China,CHN,20201224,3.0,2.0,2.0,4.0,2.0,3.0,2.0,3.0,2.0,3.0,2.0,4.0,1.0,2.0,0.0,78.24,75.21,77.02,62.5
China,CHN,20201225,3.0,2.0,2.0,4.0,2.0,3.0,2.0,3.0,2.0,3.0,2.0,4.0,1.0,2.0,0.0,78.24,75.21,77.02,62.5
China,CHN,20201226,3.0,2.0,2.0,4.0,2.0,3.0,2.0,3.0,2.0,3.0,2.0,4.0,1.0,2.0,0.0,78.24,75.21,77.02,62.5
China,CHN,20201227,3.0,2.0,2.0,4.0,2.0,3.0,2.0,3.0,2.0,3.0,2.0,4.0,1.0,2.0,0.0,78.24,75.21,77.02,62.5
China,CHN,20201228,3.0,2.0,2.0,4.0,2.0,3.0,2.0,3.0,2.0,3.0,2.0,4.0,1.0,2.0,0.0,78.24,75.21,77.02,62.5
China,CHN,20201229,3.0,2.0,2.0,4.0,2.0,3.0,2.0,3.0,2.0,3.0,2.0,4.0,1.0,2.0,0.0,78.24,75.21,77.02,62.5
China,CHN,20201230,3.0,2.0,2.0,4.0,2.0,3.0,2.0,3.0,2.0,3.0,2.0,4.0,1.0,2.0,0.0,78.24,75.21,77.02,62.5
China,CHN,20201231,3.0,2.0,2.0,4.0,2.0,3.0,2.0,3.0,2.0,3.0,2.0,4.0,1.0,2.0,0.0,78.24,75.21,77.02,62.5
China,CHN,20210101,3.0,2.0,2.0,4.0,2.0,3.0,2.0,3.0,2.0,3.0,2.0,4.0,1.0,2.0,0.0,78.24,75.21,77.02,62.5
China,CHN,20210102,3.0,2.0,2.0,4.0,2.0,3.0,2.0,3.0,2.0,3.0,2.0,4.0,1.0,2.0,0.0,78.24,75.21,77.02,62.5
China,CHN,20210103,3.0,2.0,2.0,4.0,2.0,3.0,2.0,3.0,2.0,3.0,2.0,4.0,1.0,2.0,0.0,78.24,75.21,77.02,62.5
China,CHN,20210104,3.0,2.0,2.0,4.0,2.0,3.0,2.0,3.0,2.0,3.0,2.0,4.0,1.0,2.0,0.0,78.24,75.21,77.02,62.5
China,CHN,20210105,3.0,2.0,2.0,4.0,2.0,3.0,2.0,3.0,2.0,3.0,2.0,4.0,1.0,2.0,0.0,78.24,75.21,77.02,62.5
China,CHN,20210106,3.0,2.0,2.0,4.0,2.0,3.0,2.0,3.0,2.0,3.0,2.0,4.0,1.0,2.0,0.0,78.24,75.21,77.02,62.5
China,CHN,20210107,3.0,2.0,2.0,4.0,2.0,3.0,2.0,3.0,2.0,3.0,2.0,4.0,1.0,2.0,0.0,78.24,75.21,77.02,62.5
China,CHN,20210108,3.0,2.0,2.0,4.0,2.0,3.0,2.0,3.0,2.0,3.0,2.0,4.0,1.0,2.0,0.0,78.24,75.21,77.02,62.5
China,CHN,20210109,3.0,2.0,2.0,4.0,2.0,3.0,2.0,3.0,2.0,3.0,2.0,4.0,1.0,2.0,0.0,78.24,75.21,77.02,62.5
China,CHN,20210110,3.0,2.0,2.0,4.0,2.0,3.0,2.0,3.0,2.0,3.0,2.0,4.0,1.0,2.0,0.0,78.24,75.21,77.02,62.5
China,CHN,20210111,3.0,2.0,2.0,4.0,2.0,3.0,2.0,3.0,2.0,3.0,2.0,4.0,1.0,2.0,0.0,78.24,75.21,77.02,62.5
China,CHN,20210112,3.0,2.0,2.0,4.0,2.0,3.0,2.0,3.0,2.0,3.0,2.0,4.0,1.0,2.0,0.0,78.24,75.21,77.02,62.5
China,CHN,20210113,3.0,2.0,2.0,4.0,2.0,3.0,2.0,3.0,2.0,3.0,2.0,4.0,1.0,2.0,0.0,78.24,75.21,77.02,62.5
China,CHN,20210114,3.0,2.0,2.0,4.0,2.0,3.0,2.0,3.0,2.0,3.0,2.0,4.0,1.0,2.0,0.0,78.24,75.21,77.02,62.5
China,CHN,20210115,3.0,2.0,2.0,4.0,2.0,3.0,2.0,3.0,2.0,3.0,2.0,4.0,1.0,2.0,0.0,78.24,75.21,77.02,62.5
China,CHN,20210116,3.0,2.0,2.0,4.0,2.0,3.0,2.0,3.0,2.0,3.0,2.0,4.0,1.0,2.0,0.0,78.24,75.21,77.02,62.5
China,CHN,20210117,3.0,2.0,2.0,4.0,2.0,3.0,2.0,3.0,2.0,3.0,2.0,4.0,1.0,2.0,0.0,78.24,75.21,77.02,62.5
China,CHN,20210118,3.0,2.0,2.0,4.0,2.0,3.0,2.0,3.0,2.0,3.0,2.0,4.0,1.0,2.0,0.0,78.24,75.21,77.02,62.5
China,CHN,20210119,3.0,2.0,2.0,4.0,2.0,3.0,2.0,3.0,2.0,3.0,2.0,4.0,1.0,2.0,0.0,78.24,75.21,77.02,62.5
China,CHN,20210120,3.0,2.0,2.0,4.0,2.0,3.0,2.0,3.0,2.0,3.0,2.0,4.0,1.0,2.0,0.0,78.24,75.21,77.02,62.5
China,CHN,20210121,3.0,2.0,2.0,4.0,2.0,3.0,2.0,3.0,2.0,3.0,2.0,4.0,1.0,2.0,0.0,78.24,75.21,77.02,62.5
China,CHN,20210122,3.0,2.0,2.0,4.0,2.0,3.0,2.0,3.0,2.0,3.0,2.0,4.0,1.0,2.0,0.0,78.24,75.21,77.02,62.5
China,CHN,20210123,3.0,2.0,2.0,4.0,2.0,3.0,2.0,3.0,2.0,3.0,2.0,4.0,1.0,2.0,0.0,78.24,75.21,77.02,62.5
China,CHN,20210124,3.0,2.0,2.0,4.0,2.0,3.0,2.0,3.0,2.0,3.0,2.0,4.0,1.0,2.0,0.0,78.24,75.21,77.02,62.5
China,CHN,20210125,3.0,2.0,2.0,4.0,2.0,3.0,2.0,3.0,2.0,3.0,2.0,4.0,1.0,2.0,0.0,78.24,75.21,77.02,62.5
China,CHN,20210126,3.0,2.0,2.0,4.0,2.0,3.0,2.0,3.0,2.0,3.0,2.0,4.0,1.0,2.0,0.0,78.24,75.21,77.02,62.5
China,CHN,20210127,3.0,2.0,2.0,4.0,2.0,3.0,2.0,3.0,2.0,3.0,2.0,4.0,1.0,2.0,0.0,78.24,75.21,77.02,62.5
China,CHN,20210128,3.0,2.0,2.0,4.0,2.0,3.0,2.0,3.0,2.0,3.0,2.0,4.0,1.0,2.0,0.0,78.24,75.21,77.02,62.5
China,CHN,20210129,3.0,2.0,2.0,4.0,2.0,3.0,2.0,3.0,2.0,3.0,2.0,4.0,1.0,2.0,0.0,78.24,75.21,77.02,62.5
China,CHN,20210130,3.0,2.0,2.0,4.0,2.0,3.0,2.0,3.0,2.0,3.0,2.0,4.0,1.0,2.0,0.0,78.24,75.21,77.02,62.5
China,CHN,20210131,3.0,2.0,2.0,4.0,2.0,3.0,2.0,3.0,2.0,3.0,2.0,4.0,1.0,2.0,0.0,78.24,75.21,77.02,62.5
China,CHN,20210201,3.0,2.0,2.0,4.0,2.0,3.0,2.0,3.0,2.0,3.0,2.0,4.0,1.0,2.0,0.0,78.24,75.21,77.02,62.5
China,CHN,20210202,3.0,2.0,2.0,4.0,2.0,3.0,2.0,3.0,2.0,3.0,2.0,4.0,1.0,2.0,0.0,78.24,75.21,77.02,62.5
China,CHN,20210203,3.0,2.0,2.0,4.0,2.0,3.0,2.0,3.0,2.0,3.0,2.0,4.0,1.0,2.0,0.0,78.24,75.21,77.02,62.5
China,CHN,20210204,3.0,2.0,2.0,4.0,2.0,3.0,2.0,3.0,2.0,3.0,2.0,4.0,1.0,2.0,0.0,78.24,75.21,77.02,62.5
China,CHN,20210205,3.0,2.0,2.0,4.0,2.0,3.0,2.0,3.0,2.0,3.0,2.0,4.0,1.0,2.0,0.0,78.24,75.21,77.02,62.5
China,CHN,20210206,3.0,2.0,2.0,4.0,2.0,3.0,2.0,3.0,2.0,3.0,2.0,4.0,1.0,2.0,0.0,78.24,75.21,77.02,62.5
China,CHN,20210207,3.0,2.0,2.0,4.0,2.0,3.0,2.0,3.0,2.0,3.0,2.0,4.0,1.0,2.0,0.0,78.24,75.21,77.02,62.5
China,CHN,20210208,3.0,2.0,2.0,4.0,2.0,3.0,2.0,3.0,2.0,3.0,2.0,4.0,1.0,2.0,0.0,78.24,75.21,77.02,62.5
China,CHN,20210209,3.0,2.0,2.0,4.0,2.0,3.0,2.0,3.0,2.0,3.0,2.0,4.0,1.0,2.0,0.0,78.24,75.21,77.02,62.5
China,CHN,20210210,3.0,2.0,2.0,4.0,2.0,3.0,2.0,3.0,2.0,3.0,2.0,4.0,1.0,2.0,0.0,78.24,75.21,77.02,62.5
China,CHN,20210211,3.0,2.0,2.0,4.0,2.0,3.0,2.0,3.0,2.0,3.0,2.0,4.0,1.0,2.0,0.0,78.24,75.21,77.02,62.5
China,CHN,20210212,3.0,2.0,2.0,4.0,2.0,3.0,2.0,3.0,2.0,3.0,2.0,4.0,1.0,2.0,0.0,78.24,75.21,77.02,62.5
China,CHN,20210213,3.0,2.0,2.0,4.0,2.0,3.0,2.0,3.0,2.0,3.0,2.0,4.0,1.0,2.0,0.0,78.24,75.21,77.02,62.5
China,CHN,20210214,3.0,2.0,2.0,4.0,2.0,3.0,2.0,3.0,2.0,3.0,2.0,4.0,1.0,2.0,0.0,78.24,75.21,77.02,62.5
China,CHN,20210215,3.0,2.0,2.0,4.0,2.0,3.0,2.0,3.0,2.0,3.0,2.0,4.0,1.0,2.0,0.0,78.24,75.21,77.02,62.5
China,CHN,20210216,3.0,2.0,2.0,4.0,2.0,3.0,2.0,3.0,2.0,3.0,2.0,4.0,1.0,2.0,0.0,78.24,75.21,77.02,62.5
China,CHN,20210217,3.0,2.0,2.0,4.0,2.0,3.0,2.0,3.0,2.0,3.0,2.0,4.0,1.0,2.0,0.0,78.24,75.21,77.02,62.5
China,CHN,20210218,3.0,2.0,2.0,4.0,2.0,3.0,2.0,3.0,2.0,3.0,2.0,4.0,1.0,2.0,0.0,78.24,75.21,77.02,62.5
China,CHN,20210219,3.0,2.0,2.0,4.0,2.0,3.0,2.0,3.0,2.0,3.0,2.0,4.0,1.0,2.0,0.0,78.24,75.21,77.02,62.5
China,CHN,20210220,3.0,2.0,2.0,4.0,2.0,3.0,2.0,3.0,2.0,3.0,2.0,4.0,1.0,2.0,0.0,78.24,75.21,77.02,62.5
China,CHN,20210221,3.0,2.0,2.0,4.0,2.0,3.0,2.0,3.0,2.0,3.0,2.0,4.0,1.0,2.0,0.0,78.24,75.21,77.02,62.5
China,CHN,20210222,3.0,2.0,2.0,4.0,0.0,1.0,1.0,3.0,2.0,3.0,2.0,2.0,1.0,2.0,0.0,61.57,63.49,63.63,62.5
China,CHN,20210223,3.0,2.0,2.0,4.0,0.0,1.0,1.0,3.0,2.0,3.0,2.0,2.0,1.0,2.0,0.0,61.57,63.49,63.63,62.5
China,CHN,20210224,3.0,2.0,2.0,4.0,0.0,1.0,1.0,3.0,2.0,3.0,2.0,2.0,1.0,2.0,0.0,61.57,63.49,63.63,62.5
China,CHN,20210225,3.0,2.0,2.0,4.0,0.0,1.0,1.0,3.0,2.0,3.0,2.0,2.0,1.0,2.0,0.0,61.57,63.49,63.63,62.5
China,CHN,20210226,3.0,2.0,2.0,4.0,0.0,1.0,1.0,3.0,2.0,3.0,2.0,2.0,1.0,2.0,0.0,61.57,63.49,63.63,62.5
China,CHN,20210227,3.0,2.0,2.0,4.0,0.0,1.0,1.0,3.0,2.0,3.0,2.0,2.0,1.0,2.0,0.0,61.57,63.49,63.63,62.5
China,CHN,20210228,3.0,2.0,2.0,4.0,0.0,1.0,1.0,3.0,2.0,3.0,2.0,2.0,1.0,2.0,0.0,61.57,63.49,63.63,62.5
China,CHN,20210301,1.0,2.0,2.0,4.0,0.0,1.0,1.0,3.0,2.0,3.0,2.0,2.0,1.0,2.0,0.0,56.02,60.36,60.06,62.5
China,CHN,20210302,1.0,2.0,2.0,4.0,0.0,1.0,1.0,3.0,2.0,3.0,2.0,2.0,1.0,2.0,0.0,56.02,60.36,60.06,62.5
China,CHN,20210303,1.0,2.0,2.0,4.0,0.0,1.0,1.0,3.0,2.0,3.0,2.0,2.0,2.0,2.0,0.0,56.02,61.61,61.49,62.5
China,CHN,20210304,1.0,2.0,2.0,4.0,0.0,1.0,1.0,3.0,2.0,3.0,2.0,2.0,2.0,2.0,0.0,56.02,61.61,61.49,62.5
China,CHN,20210305,1.0,2.0,2.0,4.0,0.0,1.0,1.0,3.0,2.0,3.0,2.0,2.0,2.0,2.0,0.0,56.02,61.61,61.49,62.5
China,CHN,20210306,1.0,2.0,2.0,4.0,0.0,1.0,1.0,3.0,2.0,3.0,2.0,2.0,2.0,2.0,0.0,56.02,61.61,61.49,62.5
China,CHN,20210307,1.0,2.0,2.0,4.0,0.0,1.0,1.0,3.0,2.0,3.0,2.0,2.0,2.0,2.0,0.0,56.02,61.61,61.49,62.5
China,CHN,20210308,1.0,2.0,2.0,4.0,0.0,1.0,1.0,3.0,2.0,3.0,2.0,2.0,2.0,2.0,0.0,56.02,61.61,61.49,62.5
China,CHN,20210309,1.0,2.0,2.0,4.0,0.0,1.0,1.0,3.0,2.0,3.0,2.0,2.0,2.0,2.0,0.0,56.02,61.61,61.49,62.5
China,CHN,20210310,1.0,2.0,2.0,4.0,0.0,1.0,1.0,3.0,2.0,3.0,2.0,2.0,2.0,2.0,0.0,56.02,61.61,61.49,62.5
China,CHN,20210311,1.0,2.0,2.0,4.0,0.0,1.0,1.0,3.0,2.0,3.0,2.0,2.0,2.0,2.0,0.0,56.02,61.61,61.49,62.5
China,CHN,20210312,1.0,2.0,2.0,4.0,0.0,1.0,1.0,3.0,2.0,3.0,2.0,2.0,2.0,2.0,0.0,56.02,61.61,61.49,62.5
China,CHN,20210313,1.0,2.0,2.0,4.0,0.0,1.0,1.0,3.0,2.0,3.0,2.0,2.0,2.0,2.0,0.0,56.02,61.61,61.49,62.5
China,CHN,20210314,1.0,2.0,2.0,4.0,0.0,1.0,1.0,3.0,2.0,3.0,2.0,2.0,2.0,2.0,0.0,56.02,61.61,61.49,62.5
China,CHN,20210315,1.0,1.0,1.0,4.0,0.0,1.0,1.0,3.0,2.0,3.0,2.0,2.0,2.0,2.0,0.0,51.39,59.01,58.51,62.5
China,CHN,20210316,1.0,1.0,1.0,4.0,0.0,1.0,1.0,3.0,2.0,3.0,2.0,2.0,2.0,2.0,0.0,51.39,59.01,58.51,62.5
China,CHN,20210317,1.0,1.0,1.0,4.0,0.0,1.0,1.0,3.0,2.0,3.0,2.0,2.0,2.0,2.0,0.0,51.39,59.01,58.51,62.5
China,CHN,20210318,1.0,1.0,1.0,4.0,0.0,1.0,1.0,3.0,2.0,3.0,2.0,2.0,2.0,2.0,0.0,51.39,59.01,58.51,62.5
China,CHN,20210319,1.0,1.0,1.0,4.0,0.0,1.0,1.0,3.0,2.0,3.0,2.0,2.0,2.0,2.0,0.0,51.39,59.01,58.51,62.5
China,CHN,20210320,1.0,1.0,1.0,4.0,0.0,1.0,1.0,3.0,2.0,3.0,2.0,2.0,2.0,2.0,0.0,51.39,59.01,58.51,62.5
China,CHN,20210321,1.0,1.0,1.0,4.0,0.0,1.0,1.0,3.0,2.0,3.0,2.0,2.0,2.0,2.0,0.0,51.39,59.01,58.51,62.5
China,CHN,20210322,1.0,1.0,1.0,4.0,0.0,1.0,1.0,3.0,2.0,3.0,2.0,2.0,2.0,2.0,0.0,51.39,59.01,58.51,62.5
China,CHN,20210323,1.0,1.0,1.0,4.0,0.0,1.0,1.0,3.0,2.0,3.0,2.0,2.0,4.0,2.0,0.0,51.39,61.51,61.37,62.5
China,CHN,20210324,1.0,1.0,1.0,4.0,0.0,1.0,1.0,3.0,2.0,3.0,2.0,2.0,4.0,2.0,0.0,51.39,61.51,61.37,62.5
China,CHN,20210325,1.0,1.0,1.0,4.0,0.0,1.0,1.0,3.0,2.0,3.0,2.0,2.0,4.0,2.0,0.0,51.39,61.51,61.37,62.5
China,CHN,20210326,1.0,1.0,1.0,4.0,0.0,1.0,1.0,3.0,2.0,3.0,2.0,2.0,4.0,2.0,0.0,51.39,61.51,61.37,62.5
China,CHN,20210327,1.0,1.0,1.0,4.0,0.0,1.0,1.0,3.0,2.0,3.0,2.0,2.0,4.0,2.0,0.0,51.39,61.51,61.37,62.5
China,CHN,20210328,1.0,1.0,1.0,4.0,0.0,1.0,1.0,3.0,2.0,3.0,2.0,2.0,4.0,2.0,0.0,51.39,61.51,61.37,62.5
China,CHN,20210329,1.0,1.0,1.0,1.0,0.0,1.0,1.0,3.0,2.0,3.0,2.0,2.0,4.0,2.0,0.0,44.44,57.6,56.9,62.5
China,CHN,20210330,1.0,1.0,1.0,1.0,0.0,1.0,1.0,3.0,2.0,3.0,2.0,2.0,4.0,2.0,0.0,44.44,57.6,56.9,62.5
China,CHN,20210331,3.0,1.0,1.0,1.0,0.0,1.0,1.0,3.0,2.0,3.0,2.0,2.0,4.0,2.0,0.0,50.0,60.73,60.48,62.5
China,CHN,20210401,3.0,1.0,1.0,1.0,0.0,1.0,1.0,3.0,2.0,3.0,2.0,2.0,4.0,2.0,0.0,50.0,60.73,60.48,62.5
China,CHN,20210402,3.0,1.0,1.0,1.0,0.0,1.0,1.0,3.0,2.0,3.0,2.0,2.0,4.0,2.0,0.0,50.0,60.73,60.48,62.5
China,CHN,20210403,3.0,1.0,1.0,1.0,0.0,1.0,1.0,3.0,2.0,3.0,2.0,2.0,4.0,2.0,0.0,50.0,60.73,60.48,62.5
China,CHN,20210404,3.0,1.0,1.0,1.0,0.0,1.0,1.0,3.0,2.0,3.0,2.0,2.0,4.0,2.0,0.0,50.0,60.73,60.48,62.5
China,CHN,20210405,3.0,2.0,2.0,4.0,2.0,3.0,2.0,3.0,2.0,3.0,2.0,2.0,4.0,2.0,0.0,78.24,76.61,78.63,62.5
China,CHN,20210406,3.0,2.0,2.0,4.0,2.0,3.0,2.0,3.0,2.0,3.0,2.0,2.0,4.0,2.0,0.0,78.24,76.61,78.63,62.5
China,CHN,20210407,3.0,2.0,2.0,4.0,2.0,3.0,2.0,3.0,2.0,3.0,2.0,2.0,4.0,2.0,0.0,78.24,76.61,78.63,62.5
China,CHN,20210408,3.0,2.0,2.0,4.0,2.0,3.0,2.0,3.0,2.0,3.0,2.0,2.0,4.0,2.0,0.0,78.24,76.61,78.63,62.5
China,CHN,20210409,3.0,2.0,2.0,4.0,2.0,3.0,2.0,3.0,2.0,3.0,2.0,2.0,4.0,2.0,0.0,78.24,76.61,78.63,62.5
China,CHN,20210410,3.0,2.0,2.0,4.0,2.0,3.0,2.0,3.0,2.0,3.0,2.0,2.0,4.0,2.0,0.0,78.24,76.61,78.63,62.5
China,CHN,20210411,3.0,2.0,2.0,4.0,2.0,3.0,2.0,3.0,2.0,3.0,2.0,2.0,4.0,2.0,0.0,78.24,76.61,78.63,62.5
China,CHN,20210412,3.0,2.0,2.0,4.0,2.0,3.0,2.0,3.0,2.0,3.0,2.0,2.0,4.0,2.0,0.0,78.24,76.61,78.63,62.5
China,CHN,20210413,3.0,2.0,2.0,4.0,2.0,3.0,2.0,3.0,2.0,3.0,2.0,2.0,4.0,2.0,0.0,78.24,76.61,78.63,62.5
China,CHN,20210414,3.0,2.0,2.0,4.0,2.0,3.0,2.0,3.0,2.0,3.0,2.0,2.0,4.0,2.0,0.0,78.24,76.61,78.63,62.5
China,CHN,20210415,3.0,2.0,2.0,4.0,2.0,3.0,2.0,3.0,2.0,3.0,2.0,2.0,4.0,2.0,0.0,78.24,76.61,78.63,62.5
China,CHN,20210416,3.0,2.0,2.0,4.0,2.0,3.0,2.0,3.0,2.0,3.0,2.0,2.0,4.0,2.0,0.0,78.24,76.61,78.63,62.5
China,CHN,20210417,3.0,2.0,2.0,4.0,2.0,3.0,2.0,3.0,2.0,3.0,2.0,2.0,4.0,2.0,0.0,78.24,76.61,78.63,62.5
China,CHN,20210418,3.0,2.0,2.0,4.0,2.0,3.0,2.0,3.0,2.0,3.0,2.0,2.0,4.0,2.0,0.0,78.24,76.61,78.63,62.5
China,CHN,20210419,3.0,2.0,2.0,4.0,2.0,3.0,2.0,3.0,2.0,3.0,2.0,2.0,4.0,2.0,0.0,78.24,76.61,78.63,62.5
China,CHN,20210420,3.0,2.0,2.0,4.0,2.0,3.0,2.0,3.0,2.0,3.0,2.0,2.0,4.0,2.0,0.0,78.24,76.61,78.63,62.5
China,CHN,20210421,3.0,2.0,2.0,4.0,2.0,3.0,2.0,3.0,2.0,3.0,2.0,2.0,4.0,2.0,0.0,78.24,76.61,78.63,62.5
China,CHN,20210422,3.0,2.0,2.0,4.0,2.0,3.0,2.0,3.0,2.0,3.0,2.0,2.0,4.0,2.0,0.0,78.24,76.61,78.63,62.5
China,CHN,20210423,3.0,2.0,2.0,4.0,2.0,3.0,2.0,3.0,2.0,3.0,2.0,2.0,4.0,2.0,0.0,78.24,76.61,78.63,62.5
China,CHN,20210424,3.0,2.0,2.0,4.0,2.0,3.0,2.0,3.0,2.0,3.0,2.0,2.0,4.0,2.0,0.0,78.24,76.61,78.63,62.5
China,CHN,20210425,3.0,2.0,2.0,4.0,2.0,3.0,2.0,3.0,2.0,3.0,2.0,2.0,4.0,2.0,0.0,78.24,76.61,78.63,62.5
China,CHN,20210426,3.0,2.0,2.0,4.0,2.0,3.0,2.0,3.0,2.0,3.0,2.0,2.0,4.0,2.0,0.0,78.24,76.61,78.63,62.5
China,CHN,20210427,3.0,2.0,2.0,4.0,2.0,3.0,2.0,3.0,2.0,3.0,2.0,2.0,4.0,2.0,0.0,78.24,76.61,78.63,62.5
China,CHN,20210428,3.0,2.0,2.0,4.0,2.0,3.0,2.0,3.0,2.0,3.0,2.0,2.0,4.0,2.0,0.0,78.24,76.61,78.63,62.5
China,CHN,20210429,3.0,2.0,2.0,4.0,2.0,3.0,2.0,3.0,2.0,3.0,2.0,2.0,4.0,2.0,0.0,78.24,76.61,78.63,62.5
China,CHN,20210430,3.0,2.0,2.0,4.0,2.0,3.0,2.0,3.0,2.0,3.0,2.0,2.0,4.0,2.0,0.0,78.24,76.61,78.63,62.5
China,CHN,20210501,3.0,2.0,2.0,4.0,2.0,3.0,2.0,3.0,2.0,3.0,2.0,2.0,4.0,2.0,0.0,78.24,76.61,78.63,62.5
China,CHN,20210502,3.0,2.0,2.0,4.0,2.0,3.0,2.0,3.0,2.0,3.0,2.0,2.0,4.0,2.0,0.0,78.24,76.61,78.63,62.5
China,CHN,20210503,3.0,2.0,2.0,4.0,2.0,3.0,2.0,3.0,2.0,3.0,2.0,2.0,4.0,2.0,0.0,78.24,76.61,78.63,62.5
China,CHN,20210504,3.0,2.0,2.0,4.0,1.0,1.0,1.0,3.0,2.0,3.0,2.0,2.0,4.0,2.0,0.0,67.13,70.36,71.49,62.5
China,CHN,20210505,3.0,2.0,2.0,4.0,1.0,1.0,1.0,3.0,2.0,3.0,2.0,2.0,4.0,2.0,0.0,67.13,70.36,71.49,62.5
China,CHN,20210506,2.0,2.0,2.0,4.0,1.0,1.0,1.0,3.0,2.0,3.0,2.0,2.0,4.0,2.0,0.0,63.43,68.28,69.11,62.5
China,CHN,20210507,2.0,2.0,2.0,4.0,1.0,1.0,1.0,3.0,2.0,3.0,2.0,2.0,4.0,2.0,0.0,63.43,68.28,69.11,62.5
China,CHN,20210508,2.0,2.0,2.0,4.0,1.0,1.0,1.0,3.0,2.0,3.0,2.0,2.0,4.0,2.0,0.0,63.43,68.28,69.11,62.5
China,CHN,20210509,2.0,2.0,2.0,4.0,1.0,1.0,1.0,3.0,2.0,3.0,2.0,2.0,4.0,2.0,0.0,63.43,68.28,69.11,62.5
China,CHN,20210510,2.0,2.0,2.0,4.0,1.0,1.0,1.0,3.0,2.0,3.0,2.0,2.0,5.0,2.0,0.0,63.43,69.53,70.54,62.5
China,CHN,20210511,2.0,2.0,2.0,4.0,1.0,1.0,1.0,3.0,2.0,3.0,2.0,2.0,5.0,2.0,0.0,63.43,69.53,70.54,62.5
China,CHN,20210512,1.0,2.0,2.0,4.0,1.0,1.0,1.0,3.0,2.0,3.0,2.0,2.0,5.0,2.0,0.0,61.57,68.49,69.35,62.5
China,CHN,20210513,1.0,2.0,2.0,4.0,1.0,1.0,1.0,3.0,2.0,3.0,2.0,2.0,5.0,2.0,0.0,61.57,68.49,69.35,62.5
China,CHN,20210514,1.0,2.0,2.0,4.0,1.0,3.0,1.0,3.0,2.0,3.0,2.0,2.0,5.0,2.0,0.0,67.13,71.61,72.92,62.5
China,CHN,20210515,1.0,2.0,2.0,4.0,1.0,3.0,1.0,3.0,2.0,3.0,2.0,2.0,5.0,2.0,0.0,67.13,71.61,72.92,62.5
China,CHN,20210516,2.0,2.0,2.0,4.0,1.0,3.0,1.0,3.0,2.0,3.0,2.0,2.0,5.0,2.0,0.0,68.98,72.66,74.11,62.5
China,CHN,20210517,2.0,2.0,2.0,4.0,1.0,3.0,1.0,3.0,2.0,3.0,2.0,2.0,5.0,2.0,0.0,68.98,72.66,74.11,62.5
China,CHN,20210518,2.0,2.0,2.0,4.0,1.0,3.0,1.0,3.0,2.0,3.0,2.0,2.0,5.0,2.0,0.0,68.98,72.66,74.11,62.5
China,CHN,20210519,2.0,2.0,2.0,4.0,1.0,3.0,1.0,3.0,2.0,3.0,2.0,2.0,5.0,2.0,0.0,68.98,72.66,74.11,62.5
China,CHN,20210520,2.0,2.0,2.0,4.0,1.0,3.0,1.0,3.0,2.0,3.0,2.0,2.0,5.0,2.0,0.0,68.98,72.66,74.11,62.5
China,CHN,20210521,2.0,2.0,2.0,4.0,1.0,3.0,1.0,3.0,2.0,3.0,2.0,2.0,5.0,2.0,0.0,68.98,72.66,74.11,62.5
China,CHN,20210522,2.0,2.0,2.0,4.0,1.0,3.0,1.0,3.0,2.0,3.0,2.0,2.0,5.0,2.0,0.0,68.98,72.66,74.11,62.5
China,CHN,20210523,2.0,2.0,2.0,4.0,1.0,3.0,1.0,3.0,2.0,3.0,2.0,2.0,5.0,2.0,0.0,68.98,72.66,74.11,62.5
China,CHN,20210524,2.0,2.0,2.0,4.0,1.0,3.0,1.0,3.0,2.0,3.0,2.0,2.0,5.0,2.0,0.0,68.98,72.66,74.11,62.5
China,CHN,20210525,2.0,2.0,2.0,4.0,1.0,3.0,1.0,3.0,2.0,3.0,2.0,2.0,5.0,2.0,0.0,68.98,72.66,74.11,62.5
China,CHN,20210526,2.0,2.0,2.0,4.0,1.0,3.0,1.0,3.0,2.0,3.0,2.0,2.0,5.0,2.0,0.0,68.98,72.66,74.11,62.5
China,CHN,20210527,2.0,2.0,2.0,4.0,1.0,3.0,1.0,3.0,2.0,3.0,2.0,2.0,5.0,2.0,0.0,68.98,72.66,74.11,62.5
China,CHN,20210528,2.0,2.0,2.0,4.0,1.0,3.0,1.0,3.0,2.0,3.0,2.0,2.0,5.0,2.0,0.0,68.98,72.66,74.11,62.5
China,CHN,20210529,2.0,3.0,2.0,4.0,1.0,3.0,2.0,3.0,2.0,3.0,2.0,2.0,5.0,2.0,0.0,72.69,74.74,76.49,62.5
China,CHN,20210530,2.0,3.0,2.0,4.0,1.0,3.0,2.0,3.0,2.0,3.0,2.0,2.0,5.0,2.0,0.0,72.69,74.74,76.49,62.5
China,CHN,20210531,2.0,3.0,2.0,4.0,1.0,3.0,2.0,3.0,2.0,3.0,2.0,2.0,5.0,2.0,0.0,72.69,74.74,76.49,62.5
China,CHN,20210601,2.0,3.0,2.0,4.0,1.0,3.0,2.0,3.0,2.0,3.0,2.0,2.0,5.0,0.0,0.0,72.69,70.57,71.73,62.5
China,CHN,20210602,2.0,3.0,2.0,4.0,1.0,3.0,2.0,3.0,2.0,3.0,2.0,4.0,5.0,0.0,0.0,72.69,72.92,74.4,62.5
China,CHN,20210603,2.0,3.0,2.0,4.0,1.0,3.0,2.0,3.0,2.0,3.0,2.0,4.0,5.0,0.0,0.0,72.69,72.92,74.4,62.5
China,CHN,20210604,2.0,3.0,2.0,4.0,1.0,3.0,2.0,3.0,2.0,3.0,2.0,4.0,5.0,0.0,0.0,72.69,72.92,74.4,62.5
China,CHN,20210605,2.0,3.0,2.0,4.0,1.0,3.0,2.0,3.0,2.0,3.0,2.0,4.0,5.0,0.0,0.0,72.69,72.92,74.4,62.5
China,CHN,20210606,2.0,3.0,2.0,4.0,1.0,3.0,2.0,3.0,2.0,3.0,2.0,4.0,5.0,0.0,0.0,72.69,72.92,74.4,62.5
China,CHN,20210607,2.0,3.0,2.0,4.0,1.0,3.0,2.0,3.0,2.0,3.0,2.0,4.0,5.0,0.0,0.0,72.69,72.92,74.4,62.5
China,CHN,20210608,2.0,3.0,2.0,4.0,1.0,3.0,2.0,3.0,2.0,3.0,2.0,4.0,5.0,0.0,0.0,72.69,72.92,74.4,62.5
China,CHN,20210609,2.0,3.0,2.0,4.0,1.0,3.0,2.0,3.0,2.0,3.0,2.0,4.0,5.0,0.0,0.0,72.69,72.92,74.4,62.5
China,CHN,20210610,2.0,3.0,2.0,4.0,1.0,3.0,2.0,3.0,2.0,3.0,2.0,4.0,5.0,0.0,0.0,72.69,72.92,74.4,62.5
China,CHN,20210611,3.0,3.0,2.0,4.0,1.0,3.0,2.0,3.0,2.0,3.0,2.0,4.0,5.0,0.0,0.0,76.39,75.0,76.79,62.5
China,CHN,20210612,3.0,3.0,2.0,4.0,1.0,3.0,2.0,3.0,2.0,3.0,2.0,4.0,5.0,0.0,0.0,76.39,75.0,76.79,62.5
China,CHN,20210613,3.0,3.0,2.0,4.0,1.0,3.0,2.0,3.0,2.0,3.0,2.0,4.0,5.0,0.0,0.0,76.39,75.0,76.79,62.5
China,CHN,20210614,3.0,3.0,2.0,4.0,1.0,3.0,2.0,3.0,2.0,3.0,2.0,4.0,5.0,0.0,0.0,76.39,75.0,76.79,62.5
China,CHN,20210615,3.0,3.0,2.0,4.0,1.0,3.0,2.0,3.0,2.0,3.0,2.0,4.0,5.0,0.0,0.0,76.39,75.0,76.79,62.5
China,CHN,20210616,3.0,3.0,2.0,4.0,1.0,3.0,2.0,3.0,2.0,3.0,2.0,4.0,5.0,0.0,0.0,76.39,75.0,76.79,62.5
China,CHN,20210617,3.0,3.0,2.0,4.0,1.0,3.0,2.0,3.0,2.0,3.0,2.0,4.0,5.0,0.0,0.0,76.39,75.0,76.79,62.5
China,CHN,20210618,3.0,3.0,2.0,4.0,1.0,3.0,2.0,3.0,2.0,3.0,2.0,4.0,5.0,0.0,0.0,76.39,75.0,76.79,62.5
China,CHN,20210619,3.0,3.0,2.0,4.0,1.0,3.0,2.0,3.0,2.0,3.0,2.0,4.0,5.0,0.0,0.0,76.39,75.0,76.79,62.5
China,CHN,20210620,3.0,3.0,2.0,4.0,1.0,3.0,2.0,3.0,2.0,3.0,2.0,4.0,5.0,0.0,0.0,76.39,75.0,76.79,62.5
China,CHN,20210621,3.0,3.0,2.0,4.0,1.0,3.0,2.0,3.0,2.0,3.0,2.0,4.0,5.0,0.0,0.0,76.39,75.0,76.79,62.5
China,CHN,20210622,3.0,3.0,2.0,4.0,1.0,3.0,2.0,3.0,2.0,3.0,2.0,4.0,5.0,0.0,0.0,76.39,75.0,76.79,62.5
China,CHN,20210623,3.0,3.0,2.0,4.0,1.0,3.0,2.0,3.0,2.0,3.0,2.0,4.0,5.0,0.0,0.0,76.39,75.0,76.79,62.5
China,CHN,20210624,3.0,2.0,2.0,4.0,1.0,3.0,2.0,3.0,2.0,3.0,2.0,2.0,5.0,0.0,0.0,72.69,70.57,71.73,62.5
China,CHN,20210625,3.0,2.0,2.0,4.0,1.0,3.0,2.0,3.0,2.0,3.0,2.0,2.0,5.0,0.0,0.0,72.69,70.57,71.73,62.5
China,CHN,20210626,3.0,2.0,2.0,4.0,1.0,3.0,2.0,3.0,2.0,3.0,2.0,2.0,5.0,0.0,0.0,72.69,70.57,71.73,62.5
China,CHN,20210627,3.0,2.0,2.0,4.0,1.0,3.0,2.0,3.0,2.0,3.0,2.0,2.0,5.0,0.0,0.0,72.69,70.57,71.73,62.5
China,CHN,20210628,3.0,2.0,2.0,4.0,1.0,3.0,2.0,3.0,2.0,3.0,2.0,2.0,5.0,0.0,0.0,72.69,70.57,71.73,62.5
China,CHN,20210629,3.0,2.0,2.0,4.0,1.0,3.0,2.0,3.0,2.0,3.0,2.0,2.0,5.0,0.0,0.0,72.69,70.57,71.73,62.5
China,CHN,20210630,3.0,2.0,2.0,4.0,1.0,3.0,2.0,3.0,2.0,3.0,2.0,2.0,5.0,0.0,0.0,72.69,70.57,71.73,62.5
China,CHN,20210701,3.0,2.0,2.0,4.0,1.0,3.0,2.0,3.0,2.0,3.0,2.0,2.0,5.0,0.0,0.0,72.69,70.57,71.73,62.5
China,CHN,20210702,1.0,2.0,2.0,4.0,1.0,3.0,2.0,3.0,2.0,3.0,2.0,2.0,5.0,0.0,0.0,67.13,67.45,68.15,62.5
China,CHN,20210703,1.0,2.0,2.0,4.0,1.0,3.0,2.0,3.0,2.0,3.0,2.0,2.0,5.0,0.0,0.0,67.13,67.45,68.15,62.5
China,CHN,20210704,1.0,2.0,2.0,4.0,1.0,3.0,2.0,3.0,2.0,3.0,2.0,2.0,5.0,0.0,0.0,67.13,67.45,68.15,62.5
China,CHN,20210705,1.0,2.0,2.0,4.0,1.0,3.0,2.0,3.0,2.0,3.0,2.0,2.0,5.0,0.0,0.0,67.13,67.45,68.15,62.5
China,CHN,20210706,1.0,2.0,2.0,4.0,1.0,3.0,2.0,3.0,2.0,3.0,2.0,2.0,5.0,0.0,0.0,67.13,67.45,68.15,62.5
China,CHN,20210707,3.0,3.0,2.0,4.0,1.0,3.0,2.0,3.0,2.0,3.0,2.0,2.0,5.0,0.0,0.0,76.39,72.66,74.11,62.5
China,CHN,20210708,3.0,3.0,2.0,4.0,1.0,3.0,2.0,3.0,2.0,3.0,2.0,2.0,5.0,0.0,0.0,76.39,72.66,74.11,62.5
China,CHN,20210709,3.0,3.0,2.0,4.0,1.0,3.0,2.0,3.0,2.0,3.0,2.0,2.0,5.0,0.0,0.0,76.39,72.66,74.11,62.5
China,CHN,20210710,3.0,3.0,2.0,4.0,1.0,3.0,2.0,3.0,2.0,3.0,2.0,2.0,5.0,0.0,0.0,76.39,72.66,74.11,62.5
China,CHN,20210711,3.0,3.0,2.0,4.0,1.0,3.0,2.0,3.0,2.0,3.0,2.0,2.0,5.0,0.0,0.0,76.39,72.66,74.11,62.5
China,CHN,20210712,3.0,3.0,2.0,4.0,1.0,3.0,2.0,3.0,2.0,3.0,2.0,2.0,5.0,0.0,0.0,76.39,72.66,74.11,62.5
China,CHN,20210713,3.0,3.0,2.0,4.0,1.0,3.0,2.0,3.0,2.0,3.0,2.0,2.0,5.0,0.0,0.0,76.39,72.66,74.11,62.5
China,CHN,20210714,3.0,3.0,2.0,4.0,1.0,3.0,2.0,3.0,2.0,3.0,2.0,2.0,5.0,0.0,0.0,76.39,72.66,74.11,62.5
China,CHN,20210715,3.0,3.0,2.0,4.0,1.0,3.0,2.0,3.0,2.0,3.0,2.0,2.0,5.0,0.0,0.0,76.39,72.66,74.11,62.5
China,CHN,20210716,3.0,3.0,2.0,4.0,1.0,3.0,2.0,3.0,2.0,3.0,2.0,2.0,5.0,0.0,0.0,76.39,72.66,74.11,62.5
China,CHN,20210717,3.0,3.0,2.0,4.0,1.0,3.0,2.0,3.0,2.0,3.0,2.0,2.0,5.0,0.0,0.0,76.39,72.66,74.11,62.5
China,CHN,20210718,3.0,3.0,2.0,4.0,1.0,3.0,2.0,3.0,2.0,3.0,2.0,2.0,5.0,0.0,0.0,76.39,72.66,74.11,62.5
China,CHN,20210719,3.0,3.0,2.0,4.0,1.0,3.0,2.0,3.0,2.0,3.0,2.0,2.0,5.0,0.0,0.0,76.39,72.66,74.11,62.5
China,CHN,20210720,3.0,3.0,2.0,4.0,1.0,3.0,2.0,2.0,2.0,3.0,2.0,2.0,5.0,3.0,0.0,73.61,76.3,78.27,62.5
China,CHN,20210721,3.0,3.0,2.0,4.0,1.0,3.0,2.0,2.0,2.0,3.0,2.0,2.0,5.0,3.0,0.0,73.61,76.3,78.27,62.5
China,CHN,20210722,3.0,3.0,2.0,4.0,1.0,3.0,2.0,2.0,2.0,3.0,2.0,2.0,5.0,3.0,0.0,73.61,76.3,78.27,62.5
China,CHN,20210723,3.0,3.0,2.0,4.0,1.0,3.0,2.0,2.0,2.0,3.0,2.0,2.0,5.0,3.0,0.0,73.61,76.3,78.27,62.5
China,CHN,20210724,3.0,3.0,2.0,4.0,1.0,3.0,2.0,2.0,2.0,3.0,2.0,2.0,5.0,3.0,0.0,73.61,76.3,78.27,62.5
China,CHN,20210725,3.0,3.0,2.0,4.0,1.0,3.0,2.0,2.0,2.0,3.0,2.0,2.0,5.0,3.0,0.0,73.61,76.3,78.27,62.5
China,CHN,20210726,3.0,3.0,2.0,4.0,1.0,3.0,2.0,2.0,2.0,3.0,2.0,2.0,5.0,3.0,0.0,73.61,76.3,78.27,62.5
China,CHN,20210727,3.0,3.0,2.0,4.0,1.0,3.0,2.0,2.0,2.0,3.0,2.0,2.0,5.0,3.0,0.0,73.61,76.3,78.27,62.5
China,CHN,20210728,3.0,3.0,2.0,4.0,1.0,3.0,2.0,2.0,2.0,3.0,2.0,2.0,5.0,3.0,0.0,73.61,76.3,78.27,62.5
China,CHN,20210729,3.0,3.0,2.0,4.0,1.0,3.0,2.0,2.0,2.0,3.0,2.0,2.0,5.0,3.0,0.0,73.61,76.3,78.27,62.5
China,CHN,20210730,3.0,3.0,2.0,4.0,1.0,3.0,2.0,2.0,2.0,3.0,2.0,2.0,5.0,3.0,0.0,73.61,76.3,78.27,62.5
China,CHN,20210731,3.0,3.0,2.0,4.0,2.0,3.0,2.0,2.0,2.0,3.0,2.0,2.0,5.0,3.0,0.0,79.17,79.43,81.85,62.5
China,CHN,20210801,3.0,3.0,2.0,4.0,2.0,3.0,2.0,2.0,2.0,3.0,2.0,2.0,5.0,3.0,0.0,79.17,79.43,81.85,62.5
China,CHN,20210802,3.0,3.0,2.0,4.0,2.0,3.0,2.0,2.0,2.0,3.0,2.0,2.0,5.0,3.0,0.0,79.17,79.43,81.85,62.5
China,CHN,20210803,3.0,3.0,2.0,4.0,2.0,3.0,2.0,2.0,2.0,3.0,2.0,2.0,5.0,3.0,0.0,79.17,79.43,81.85,62.5
China,CHN,20210804,3.0,3.0,2.0,4.0,2.0,3.0,2.0,2.0,2.0,3.0,2.0,2.0,5.0,3.0,0.0,79.17,79.43,81.85,62.5
China,CHN,20210805,3.0,3.0,2.0,4.0,2.0,3.0,2.0,2.0,2.0,3.0,2.0,2.0,5.0,3.0,0.0,79.17,79.43,81.85,62.5
China,CHN,20210806,3.0,3.0,2.0,4.0,2.0,3.0,2.0,2.0,2.0,3.0,2.0,2.0,5.0,3.0,0.0,79.17,79.43,81.85,62.5
China,CHN,20210807,3.0,3.0,2.0,4.0,2.0,3.0,2.0,2.0,2.0,3.0,2.0,2.0,5.0,3.0,0.0,79.17,79.43,81.85,62.5
China,CHN,20210808,3.0,3.0,2.0,4.0,2.0,3.0,2.0,2.0,2.0,3.0,2.0,2.0,5.0,3.0,0.0,79.17,79.43,81.85,62.5
China,CHN,20210809,3.0,3.0,2.0,4.0,2.0,3.0,2.0,2.0,2.0,3.0,2.0,2.0,5.0,3.0,0.0,79.17,79.43,81.85,62.5
China,CHN,20210810,3.0,3.0,2.0,4.0,2.0,3.0,2.0,2.0,2.0,3.0,2.0,2.0,5.0,3.0,0.0,79.17,79.43,81.85,62.5
China,CHN,20210811,3.0,3.0,2.0,4.0,2.0,3.0,2.0,2.0,2.0,3.0,2.0,2.0,5.0,3.0,0.0,79.17,79.43,81.85,62.5
China,CHN,20210812,3.0,3.0,2.0,4.0,2.0,3.0,2.0,2.0,2.0,3.0,2.0,2.0,5.0,3.0,54.5,79.17,79.43,81.85,62.5
China,CHN,20210813,3.0,3.0,2.0,4.0,2.0,3.0,2.0,2.0,2.0,3.0,2.0,2.0,5.0,3.0,54.5,79.17,79.43,81.85,62.5
China,CHN,20210814,3.0,3.0,2.0,4.0,2.0,3.0,2.0,2.0,2.0,3.0,2.0,2.0,5.0,3.0,54.5,79.17,79.43,81.85,62.5
China,CHN,20210815,3.0,3.0,2.0,4.0,2.0,3.0,2.0,2.0,2.0,3.0,2.0,2.0,5.0,3.0,54.5,79.17,79.43,81.85,62.5
China,CHN,20210816,3.0,3.0,2.0,4.0,2.0,3.0,2.0,2.0,2.0,3.0,2.0,2.0,5.0,3.0,54.5,79.17,79.43,81.85,62.5
China,CHN,20210817,3.0,3.0,2.0,4.0,2.0,3.0,2.0,2.0,2.0,3.0,2.0,2.0,5.0,3.0,54.5,79.17,79.43,81.85,62.5
China,CHN,20210818,3.0,3.0,2.0,4.0,2.0,3.0,2.0,2.0,2.0,3.0,2.0,2.0,5.0,3.0,54.5,79.17,79.43,81.85,62.5
China,CHN,20210819,3.0,3.0,2.0,4.0,2.0,3.0,2.0,2.0,2.0,3.0,2.0,2.0,5.0,3.0,54.5,79.17,79.43,81.85,62.5
China,CHN,20210820,3.0,3.0,2.0,4.0,2.0,3.0,2.0,2.0,2.0,3.0,2.0,2.0,5.0,3.0,54.5,79.17,79.43,81.85,62.5
China,CHN,20210821,3.0,3.0,2.0,4.0,2.0,3.0,2.0,2.0,2.0,3.0,2.0,2.0,5.0,3.0,54.5,79.17,79.43,81.85,62.5
China,CHN,20210822,3.0,3.0,2.0,4.0,2.0,3.0,2.0,2.0,2.0,3.0,2.0,2.0,5.0,3.0,54.5,79.17,79.43,81.85,62.5
China,CHN,20210823,3.0,3.0,2.0,4.0,2.0,3.0,2.0,2.0,2.0,3.0,2.0,2.0,5.0,3.0,54.5,79.17,79.43,81.85,62.5
China,CHN,20210824,3.0,3.0,2.0,4.0,2.0,3.0,2.0,2.0,2.0,3.0,2.0,2.0,5.0,3.0,54.5,79.17,79.43,81.85,62.5
China,CHN,20210825,3.0,3.0,2.0,4.0,2.0,3.0,2.0,2.0,2.0,3.0,2.0,2.0,5.0,3.0,54.5,79.17,79.43,81.85,62.5
China,CHN,20210826,3.0,3.0,2.0,4.0,2.0,3.0,2.0,2.0,2.0,3.0,2.0,2.0,5.0,3.0,62.38,79.17,79.43,81.85,62.5
China,CHN,20210827,3.0,3.0,2.0,4.0,2.0,3.0,2.0,2.0,2.0,3.0,2.0,2.0,5.0,3.0,62.38,79.17,79.43,81.85,62.5
China,CHN,20210828,3.0,3.0,2.0,4.0,2.0,3.0,2.0,2.0,2.0,3.0,2.0,2.0,5.0,3.0,62.38,79.17,79.43,81.85,62.5
China,CHN,20210829,3.0,3.0,2.0,4.0,2.0,3.0,2.0,2.0,2.0,3.0,2.0,2.0,5.0,3.0,62.38,79.17,79.43,81.85,62.5
China,CHN,20210830,3.0,3.0,2.0,4.0,2.0,3.0,2.0,2.0,2.0,3.0,2.0,2.0,5.0,3.0,62.38,79.17,79.43,81.85,62.5
China,CHN,20210831,3.0,3.0,2.0,4.0,2.0,3.0,2.0,2.0,2.0,3.0,2.0,2.0,5.0,3.0,62.38,79.17,79.43,81.85,62.5
China,CHN,20210901,3.0,3.0,2.0,4.0,1.0,3.0,2.0,2.0,2.0,3.0,2.0,2.0,5.0,3.0,62.38,73.61,76.3,78.27,62.5
China,CHN,20210902,3.0,3.0,2.0,4.0,1.0,3.0,2.0,2.0,2.0,3.0,2.0,2.0,5.0,3.0,62.38,73.61,76.3,78.27,62.5
China,CHN,20210903,3.0,3.0,2.0,4.0,1.0,3.0,2.0,2.0,2.0,3.0,2.0,2.0,5.0,3.0,62.38,73.61,76.3,78.27,62.5
China,CHN,20210904,3.0,3.0,2.0,4.0,1.0,3.0,2.0,2.0,2.0,3.0,2.0,2.0,5.0,3.0,62.38,73.61,76.3,78.27,62.5
China,CHN,20210905,3.0,3.0,2.0,4.0,1.0,3.0,2.0,2.0,2.0,3.0,2.0,2.0,5.0,3.0,62.38,73.61,76.3,78.27,62.5
China,CHN,20210906,3.0,3.0,2.0,4.0,1.0,3.0,2.0,2.0,2.0,3.0,2.0,2.0,5.0,3.0,68.01,73.61,76.3,78.27,62.5
China,CHN,20210907,3.0,3.0,2.0,4.0,1.0,3.0,2.0,2.0,2.0,3.0,2.0,2.0,5.0,3.0,68.01,73.61,76.3,78.27,62.5
China,CHN,20210908,3.0,3.0,2.0,4.0,1.0,3.0,2.0,2.0,2.0,3.0,2.0,2.0,5.0,3.0,68.01,73.61,76.3,78.27,62.5
China,CHN,20210909,3.0,3.0,2.0,4.0,1.0,3.0,2.0,2.0,2.0,3.0,2.0,2.0,5.0,3.0,68.01,73.61,76.3,78.27,62.5
China,CHN,20210910,3.0,3.0,2.0,4.0,1.0,3.0,2.0,2.0,2.0,3.0,2.0,2.0,5.0,3.0,68.01,73.61,76.3,78.27,62.5
China,CHN,20210911,3.0,3.0,2.0,4.0,2.0,3.0,2.0,2.0,2.0,3.0,2.0,2.0,5.0,3.0,68.01,79.17,79.43,81.85,62.5
China,CHN,20210912,3.0,3.0,2.0,4.0,2.0,3.0,2.0,2.0,2.0,3.0,2.0,2.0,5.0,3.0,68.01,79.17,79.43,81.85,62.5
China,CHN,20210913,3.0,3.0,2.0,4.0,2.0,3.0,2.0,2.0,2.0,3.0,2.0,2.0,5.0,3.0,68.01,79.17,79.43,81.85,62.5
China,CHN,20210914,3.0,3.0,2.0,4.0,2.0,3.0,2.0,2.0,2.0,3.0,2.0,2.0,5.0,3.0,68.01,79.17,79.43,81.85,62.5
China,CHN,20210915,3.0,3.0,2.0,4.0,2.0,3.0,2.0,2.0,2.0,3.0,2.0,2.0,5.0,3.0,70.94,79.17,79.43,81.85,62.5
China,CHN,20210916,3.0,3.0,2.0,4.0,2.0,3.0,2.0,2.0,2.0,3.0,2.0,2.0,5.0,3.0,70.94,79.17,79.43,81.85,62.5
China,CHN,20210917,3.0,3.0,2.0,4.0,2.0,3.0,2.0,2.0,2.0,3.0,2.0,2.0,5.0,3.0,70.94,79.17,79.43,81.85,62.5
China,CHN,20210918,3.0,3.0,2.0,4.0,2.0,3.0,2.0,2.0,2.0,3.0,2.0,2.0,5.0,3.0,71.69,79.17,79.43,81.85,62.5
China,CHN,20210919,3.0,3.0,2.0,4.0,2.0,3.0,2.0,2.0,2.0,3.0,2.0,2.0,5.0,3.0,71.69,79.17,79.43,81.85,62.5
China,CHN,20210920,3.0,3.0,2.0,4.0,2.0,3.0,2.0,2.0,2.0,3.0,2.0,2.0,5.0,3.0,71.69,79.17,79.43,81.85,62.5
China,CHN,20210921,3.0,3.0,2.0,4.0,2.0,3.0,2.0,2.0,2.0,3.0,2.0,2.0,5.0,3.0,71.69,79.17,79.43,81.85,62.5
China,CHN,20210922,3.0,3.0,2.0,4.0,2.0,3.0,2.0,2.0,2.0,3.0,2.0,2.0,5.0,3.0,71.69,79.17,79.43,81.85,62.5
China,CHN,20210923,3.0,3.0,2.0,4.0,2.0,3.0,2.0,2.0,2.0,3.0,2.0,2.0,5.0,3.0,71.69,79.17,79.43,81.85,62.5
China,CHN,20210924,3.0,3.0,2.0,4.0,2.0,3.0,2.0,2.0,2.0,3.0,2.0,2.0,5.0,3.0,71.69,79.17,79.43,81.85,62.5
China,CHN,20210925,3.0,3.0,2.0,4.0,2.0,3.0,2.0,2.0,2.0,3.0,2.0,2.0,5.0,3.0,71.69,79.17,79.43,81.85,62.5
China,CHN,20210926,3.0,3.0,2.0,4.0,2.0,3.0,2.0,2.0,2.0,3.0,2.0,2.0,5.0,3.0,71.69,79.17,79.43,81.85,62.5
China,CHN,20210927,3.0,3.0,2.0,4.0,2.0,3.0,2.0,2.0,2.0,3.0,2.0,2.0,5.0,3.0,71.69,79.17,79.43,81.85,62.5
China,CHN,20210928,3.0,3.0,2.0,4.0,2.0,3.0,2.0,2.0,2.0,3.0,2.0,2.0,5.0,3.0,73.49,79.17,79.43,81.85,62.5
China,CHN,20210929,3.0,3.0,2.0,4.0,2.0,3.0,2.0,2.0,2.0,3.0,2.0,2.0,5.0,3.0,73.49,79.17,79.43,81.85,62.5
China,CHN,20210930,3.0,3.0,2.0,4.0,2.0,3.0,2.0,2.0,2.0,3.0,2.0,2.0,5.0,3.0,73.49,79.17,79.43,81.85,62.5
China,CHN,20211001,3.0,3.0,2.0,4.0,2.0,3.0,2.0,2.0,2.0,3.0,2.0,2.0,5.0,3.0,73.49,79.17,79.43,81.85,62.5
China,CHN,20211002,3.0,3.0,2.0,4.0,2.0,3.0,2.0,2.0,2.0,3.0,2.0,2.0,5.0,3.0,73.49,79.17,79.43,81.85,62.5
China,CHN,20211003,3.0,3.0,2.0,4.0,2.0,3.0,2.0,2.0,2.0,3.0,2.0,2.0,5.0,3.0,73.49,79.17,79.43,81.85,62.5
China,CHN,20211004,3.0,3.0,2.0,4.0,2.0,3.0,2.0,2.0,2.0,3.0,2.0,2.0,5.0,3.0,73.49,79.17,79.43,81.85,62.5
China,CHN,20211005,3.0,3.0,2.0,4.0,2.0,3.0,2.0,2.0,2.0,3.0,2.0,2.0,5.0,3.0,73.49,79.17,79.43,81.85,62.5
China,CHN,20211006,3.0,3.0,2.0,4.0,2.0,3.0,2.0,2.0,2.0,3.0,2.0,2.0,5.0,3.0,73.49,79.17,79.43,81.85,62.5
China,CHN,20211007,3.0,3.0,2.0,4.0,2.0,3.0,2.0,2.0,2.0,3.0,2.0,2.0,5.0,3.0,73.49,79.17,79.43,81.85,62.5
China,CHN,20211008,3.0,3.0,2.0,4.0,2.0,3.0,2.0,2.0,2.0,3.0,2.0,2.0,5.0,3.0,73.49,79.17,79.43,81.85,62.5
China,CHN,20211009,3.0,3.0,2.0,4.0,2.0,3.0,2.0,2.0,2.0,3.0,2.0,2.0,5.0,3.0,73.49,79.17,79.43,81.85,62.5
China,CHN,20211010,3.0,3.0,2.0,4.0,2.0,3.0,2.0,2.0,2.0,3.0,2.0,2.0,5.0,3.0,73.49,79.17,79.43,81.85,62.5
China,CHN,20211011,3.0,3.0,2.0,4.0,2.0,3.0,2.0,2.0,2.0,3.0,2.0,2.0,5.0,3.0,73.49,79.17,79.43,81.85,62.5
China,CHN,20211012,3.0,3.0,2.0,4.0,2.0,3.0,2.0,2.0,2.0,3.0,2.0,2.0,5.0,3.0,73.49,79.17,79.43,81.85,62.5
China,CHN,20211013,3.0,3.0,2.0,4.0,2.0,3.0,2.0,2.0,2.0,3.0,2.0,2.0,5.0,3.0,73.49,79.17,79.43,81.85,62.5
China,CHN,20211014,3.0,3.0,2.0,4.0,2.0,3.0,2.0,2.0,2.0,3.0,2.0,2.0,5.0,3.0,73.49,79.17,79.43,81.85,62.5
China,CHN,20211015,3.0,3.0,2.0,4.0,1.0,3.0,2.0,2.0,2.0,3.0,2.0,2.0,5.0,3.0,73.49,73.61,76.3,78.27,62.5
China,CHN,20211016,3.0,3.0,2.0,4.0,1.0,3.0,2.0,2.0,2.0,3.0,2.0,2.0,5.0,3.0,73.49,73.61,76.3,78.27,62.5
China,CHN,20211017,3.0,3.0,2.0,4.0,1.0,3.0,2.0,2.0,2.0,3.0,2.0,2.0,5.0,3.0,73.49,73.61,76.3,78.27,62.5
China,CHN,20211018,3.0,3.0,2.0,4.0,1.0,3.0,2.0,2.0,2.0,3.0,2.0,2.0,5.0,3.0,73.49,73.61,76.3,78.27,62.5
China,CHN,20211019,3.0,3.0,2.0,4.0,2.0,3.0,2.0,2.0,2.0,3.0,2.0,2.0,5.0,3.0,73.49,79.17,79.43,81.85,62.5
China,CHN,20211020,3.0,3.0,2.0,4.0,2.0,3.0,2.0,2.0,2.0,3.0,2.0,2.0,5.0,3.0,73.49,79.17,79.43,81.85,62.5
China,CHN,20211021,3.0,3.0,2.0,4.0,2.0,3.0,2.0,2.0,2.0,3.0,2.0,2.0,5.0,3.0,73.49,79.17,79.43,81.85,62.5
China,CHN,20211022,3.0,3.0,2.0,4.0,2.0,3.0,2.0,2.0,2.0,3.0,2.0,2.0,5.0,3.0,73.49,79.17,79.43,81.85,62.5
China,CHN,20211023,3.0,3.0,2.0,4.0,2.0,3.0,2.0,2.0,2.0,3.0,2.0,2.0,5.0,3.0,74.87,79.17,79.43,81.85,62.5
China,CHN,20211024,3.0,3.0,2.0,4.0,2.0,3.0,2.0,2.0,2.0,3.0,2.0,2.0,5.0,3.0,74.87,79.17,79.43,81.85,62.5
China,CHN,20211025,3.0,3.0,2.0,4.0,2.0,3.0,2.0,2.0,2.0,3.0,2.0,2.0,5.0,3.0,74.87,79.17,79.43,81.85,62.5
China,CHN,20211026,3.0,3.0,2.0,4.0,2.0,3.0,2.0,2.0,2.0,3.0,2.0,2.0,5.0,3.0,74.87,79.17,79.43,81.85,62.5
China,CHN,20211027,3.0,3.0,2.0,4.0,2.0,3.0,2.0,2.0,2.0,3.0,2.0,2.0,5.0,3.0,74.87,79.17,79.43,81.85,62.5
China,CHN,20211028,3.0,3.0,2.0,4.0,2.0,3.0,2.0,2.0,2.0,3.0,2.0,2.0,5.0,3.0,74.87,79.17,79.43,81.85,62.5
China,CHN,20211029,3.0,3.0,2.0,4.0,2.0,3.0,2.0,2.0,2.0,3.0,2.0,2.0,5.0,3.0,75.07,79.17,79.43,81.85,62.5
China,CHN,20211030,3.0,3.0,2.0,4.0,2.0,3.0,2.0,2.0,2.0,3.0,2.0,2.0,5.0,3.0,75.07,79.17,79.43,81.85,62.5
China,CHN,20211031,3.0,3.0,2.0,4.0,2.0,3.0,2.0,2.0,2.0,3.0,2.0,2.0,5.0,3.0,75.07,79.17,79.43,81.85,62.5
China,CHN,20211101,3.0,3.0,2.0,4.0,2.0,3.0,2.0,2.0,2.0,3.0,2.0,2.0,5.0,3.0,75.07,79.17,79.43,81.85,62.5
China,CHN,20211102,3.0,3.0,2.0,4.0,2.0,3.0,2.0,2.0,2.0,3.0,2.0,2.0,5.0,3.0,75.07,79.17,79.43,81.85,62.5
China,CHN,20211103,3.0,3.0,2.0,4.0,2.0,3.0,2.0,2.0,2.0,3.0,2.0,2.0,5.0,3.0,75.07,79.17,79.43,81.85,62.5
China,CHN,20211104,3.0,3.0,2.0,4.0,2.0,3.0,2.0,2.0,2.0,3.0,2.0,2.0,5.0,3.0,75.07,79.17,79.43,81.85,62.5
China,CHN,20211105,3.0,3.0,2.0,4.0,2.0,3.0,2.0,2.0,2.0,3.0,2.0,2.0,5.0,3.0,75.21,79.17,79.43,81.85,62.5
China,CHN,20211106,3.0,3.0,2.0,4.0,2.0,3.0,2.0,2.0,2.0,3.0,2.0,2.0,5.0,3.0,75.21,79.17,79.43,81.85,62.5
China,CHN,20211107,3.0,3.0,2.0,4.0,2.0,3.0,2.0,2.0,2.0,3.0,2.0,2.0,5.0,3.0,75.21,79.17,79.43,81.85,62.5
China,CHN,20211108,3.0,3.0,2.0,4.0,2.0,3.0,2.0,2.0,2.0,3.0,2.0,2.0,5.0,3.0,75.21,79.17,79.43,81.85,62.5
China,CHN,20211109,3.0,3.0,2.0,4.0,2.0,3.0,2.0,2.0,2.0,3.0,2.0,2.0,5.0,3.0,75.21,79.17,79.43,81.85,62.5
China,CHN,20211110,3.0,3.0,2.0,4.0,2.0,3.0,2.0,2.0,2.0,3.0,2.0,2.0,5.0,3.0,75.21,79.17,79.43,81.85,62.5
China,CHN,20211111,3.0,3.0,2.0,4.0,2.0,3.0,2.0,2.0,2.0,3.0,2.0,2.0,5.0,3.0,75.21,79.17,79.43,81.85,62.5
China,CHN,20211112,3.0,3.0,2.0,4.0,2.0,3.0,2.0,2.0,2.0,3.0,2.0,2.0,5.0,3.0,75.31,79.17,79.43,81.85,62.5
China,CHN,20211113,3.0,3.0,2.0,4.0,2.0,3.0,2.0,2.0,2.0,3.0,2.0,2.0,5.0,3.0,75.31,79.17,79.43,81.85,62.5
China,CHN,20211114,3.0,3.0,2.0,4.0,2.0,3.0,2.0,2.0,2.0,3.0,2.0,2.0,5.0,3.0,75.31,79.17,79.43,81.85,62.5
China,CHN,20211115,3.0,3.0,2.0,4.0,2.0,3.0,2.0,2.0,2.0,3.0,2.0,2.0,5.0,3.0,75.31,79.17,79.43,81.85,62.5
China,CHN,20211116,3.0,3.0,2.0,4.0,2.0,3.0,2.0,2.0,2.0,3.0,2.0,2.0,5.0,3.0,75.31,79.17,79.43,81.85,62.5
China,CHN,20211117,3.0,3.0,2.0,4.0,2.0,3.0,2.0,2.0,2.0,3.0,2.0,2.0,5.0,3.0,75.31,79.17,79.43,81.85,62.5
China,CHN,20211118,3.0,3.0,2.0,4.0,2.0,3.0,2.0,2.0,2.0,3.0,2.0,2.0,5.0,3.0,75.31,79.17,79.43,81.85,62.5
China,CHN,20211119,3.0,3.0,2.0,4.0,2.0,3.0,2.0,2.0,2.0,3.0,2.0,2.0,5.0,3.0,75.48,79.17,79.43,81.85,62.5
China,CHN,20211120,3.0,3.0,2.0,4.0,2.0,3.0,2.0,2.0,2.0,3.0,2.0,2.0,5.0,3.0,75.48,79.17,79.43,81.85,62.5
China,CHN,20211121,3.0,3.0,2.0,4.0,2.0,3.0,2.0,2.0,2.0,3.0,2.0,2.0,5.0,3.0,75.48,79.17,79.43,81.85,62.5
China,CHN,20211122,3.0,3.0,2.0,4.0,2.0,3.0,2.0,2.0,2.0,3.0,2.0,2.0,5.0,3.0,75.48,79.17,79.43,81.85,62.5
China,CHN,20211123,3.0,3.0,2.0,4.0,2.0,3.0,2.0,2.0,2.0,3.0,2.0,2.0,5.0,3.0,75.48,79.17,79.43,81.85,62.5
China,CHN,20211124,3.0,3.0,2.0,4.0,2.0,3.0,2.0,2.0,2.0,3.0,2.0,2.0,5.0,3.0,75.48,79.17,79.43,81.85,62.5
China,CHN,20211125,3.0,3.0,2.0,4.0,2.0,3.0,2.0,2.0,2.0,3.0,2.0,2.0,5.0,3.0,75.48,79.17,79.43,81.85,62.5
China,CHN,20211126,3.0,3.0,2.0,4.0,2.0,3.0,2.0,2.0,2.0,3.0,2.0,2.0,5.0,3.0,75.48,79.17,79.43,81.85,62.5
China,CHN,20211127,3.0,3.0,2.0,4.0,2.0,3.0,2.0,2.0,2.0,3.0,2.0,2.0,5.0,3.0,75.48,79.17,79.43,81.85,62.5
China,CHN,20211128,3.0,3.0,2.0,4.0,2.0,3.0,2.0,2.0,2.0,3.0,2.0,2.0,5.0,3.0,75.48,79.17,79.43,81.85,62.5
China,CHN,20211129,3.0,3.0,2.0,4.0,2.0,3.0,2.0,2.0,2.0,3.0,2.0,2.0,5.0,3.0,77.88,79.17,79.43,81.85,62.5
China,CHN,20211130,3.0,3.0,2.0,4.0,2.0,3.0,2.0,2.0,2.0,3.0,2.0,2.0,5.0,3.0,77.88,79.17,79.43,81.85,62.5
China,CHN,20211201,3.0,3.0,2.0,4.0,2.0,3.0,2.0,2.0,2.0,3.0,2.0,2.0,5.0,3.0,77.88,79.17,79.43,81.85,62.5
China,CHN,20211202,3.0,3.0,2.0,4.0,2.0,3.0,2.0,2.0,2.0,3.0,2.0,2.0,5.0,3.0,77.88,79.17,79.43,81.85,62.5
China,CHN,20211203,3.0,3.0,2.0,4.0,2.0,3.0,2.0,2.0,2.0,3.0,2.0,2.0,5.0,3.0,78.9,79.17,79.43,81.85,62.5
China,CHN,20211204,3.0,3.0,2.0,4.0,2.0,3.0,2.0,2.0,2.0,3.0,2.0,2.0,5.0,3.0,78.9,79.17,79.43,81.85,62.5
China,CHN,20211205,3.0,3.0,2.0,4.0,2.0,3.0,2.0,2.0,2.0,3.0,2.0,2.0,5.0,3.0,78.9,79.17,79.43,81.85,62.5
China,CHN,20211206,3.0,3.0,2.0,4.0,2.0,3.0,2.0,2.0,2.0,3.0,2.0,2.0,5.0,3.0,78.9,79.17,79.43,81.85,62.5
China,CHN,20211207,3.0,3.0,2.0,4.0,2.0,3.0,2.0,2.0,2.0,3.0,2.0,2.0,5.0,3.0,78.9,79.17,79.43,81.85,62.5
China,CHN,20211208,3.0,3.0,2.0,4.0,2.0,3.0,2.0,2.0,2.0,3.0,2.0,2.0,5.0,3.0,78.9,79.17,79.43,81.85,62.5
China,CHN,20211209,3.0,3.0,2.0,4.0,2.0,3.0,2.0,2.0,2.0,3.0,2.0,2.0,5.0,3.0,78.9,79.17,79.43,81.85,62.5
China,CHN,20211210,3.0,3.0,2.0,4.0,2.0,3.0,2.0,2.0,2.0,3.0,2.0,2.0,5.0,3.0,81.53,79.17,79.43,81.85,62.5
China,CHN,20211211,3.0,3.0,2.0,4.0,2.0,3.0,2.0,2.0,2.0,3.0,2.0,2.0,5.0,3.0,81.53,79.17,79.43,81.85,62.5
China,CHN,20211212,3.0,3.0,2.0,4.0,2.0,3.0,2.0,2.0,2.0,3.0,2.0,2.0,5.0,3.0,81.53,79.17,79.43,81.85,62.5
China,CHN,20211213,3.0,3.0,2.0,4.0,2.0,3.0,2.0,2.0,2.0,3.0,2.0,2.0,5.0,3.0,81.53,79.17,79.43,81.85,62.5
China,CHN,20211214,3.0,3.0,2.0,4.0,2.0,3.0,2.0,2.0,2.0,3.0,2.0,2.0,5.0,3.0,81.53,79.17,79.43,81.85,62.5
China,CHN,20211215,3.0,3.0,2.0,4.0,2.0,3.0,2.0,2.0,2.0,3.0,2.0,2.0,5.0,3.0,81.53,79.17,79.43,81.85,62.5
China,CHN,20211216,3.0,3.0,2.0,4.0,2.0,3.0,2.0,2.0,2.0,3.0,2.0,2.0,5.0,3.0,81.53,79.17,79.43,81.85,62.5
China,CHN,20211217,3.0,3.0,2.0,4.0,2.0,3.0,2.0,2.0,2.0,3.0,2.0,2.0,5.0,3.0,83.2,79.17,79.43,81.85,62.5
China,CHN,20211218,3.0,3.0,2.0,4.0,2.0,3.0,2.0,2.0,2.0,3.0,2.0,2.0,5.0,3.0,83.2,79.17,79.43,81.85,62.5
China,CHN,20211219,3.0,3.0,2.0,4.0,2.0,3.0,2.0,2.0,2.0,3.0,2.0,2.0,5.0,3.0,83.7,79.17,79.43,81.85,62.5
China,CHN,20211220,3.0,3.0,2.0,4.0,2.0,3.0,2.0,2.0,2.0,3.0,2.0,2.0,5.0,3.0,83.7,79.17,79.43,81.85,62.5
China,CHN,20211221,3.0,3.0,2.0,4.0,2.0,3.0,2.0,2.0,2.0,3.0,2.0,2.0,5.0,3.0,83.7,79.17,79.43,81.85,62.5
China,CHN,20211222,3.0,3.0,2.0,4.0,2.0,3.0,2.0,2.0,2.0,3.0,2.0,2.0,5.0,3.0,83.7,79.17,79.43,81.85,62.5
China,CHN,20211223,3.0,3.0,2.0,4.0,2.0,3.0,2.0,2.0,2.0,3.0,2.0,2.0,5.0,3.0,83.7,79.17,79.43,81.85,62.5
China,CHN,20211224,3.0,3.0,2.0,4.0,2.0,3.0,2.0,2.0,2.0,3.0,2.0,2.0,5.0,3.0,83.7,79.17,79.43,81.85,62.5
China,CHN,20211225,3.0,3.0,2.0,4.0,2.0,3.0,2.0,2.0,2.0,3.0,2.0,2.0,5.0,3.0,84.39,79.17,79.43,81.85,62.5
China,CHN,20211226,3.0,3.0,2.0,4.0,2.0,3.0,2.0,2.0,2.0,3.0,2.0,2.0,5.0,3.0,84.39,79.17,79.43,81.85,62.5
China,CHN,20211227,3.0,3.0,2.0,4.0,2.0,3.0,2.0,2.0,2.0,3.0,2.0,2.0,5.0,3.0,84.39,79.17,79.43,81.85,62.5
China,CHN,20211228,3.0,3.0,2.0,4.0,2.0,3.0,2.0,2.0,2.0,3.0,2.0,2.0,5.0,3.0,84.68,79.17,79.43,81.85,62.5
China,CHN,20211229,3.0,3.0,2.0,4.0,2.0,3.0,2.0,2.0,2.0,3.0,2.0,2.0,5.0,3.0,84.68,79.17,79.43,81.85,62.5
China,CHN,20211230,3.0,3.0,2.0,4.0,2.0,3.0,2.0,2.0,2.0,3.0,2.0,2.0,5.0,3.0,84.68,79.17,79.43,81.85,62.5
China,CHN,20211231,3.0,3.0,2.0,4.0,2.0,3.0,2.0,2.0,2.0,3.0,2.0,2.0,5.0,3.0,84.68,79.17,79.43,81.85,62.5
China,CHN,20220101,3.0,3.0,2.0,4.0,2.0,3.0,2.0,2.0,2.0,3.0,2.0,2.0,5.0,3.0,84.68,79.17,79.43,81.85,62.5
China,CHN,20220102,3.0,3.0,2.0,4.0,2.0,3.0,2.0,2.0,2.0,3.0,2.0,2.0,5.0,3.0,84.68,79.17,79.43,81.85,62.5
China,CHN,20220103,3.0,3.0,2.0,4.0,2.0,3.0,2.0,2.0,2.0,3.0,2.0,2.0,5.0,3.0,84.68,79.17,79.43,81.85,62.5
China,CHN,20220104,3.0,3.0,2.0,4.0,2.0,3.0,2.0,2.0,2.0,3.0,2.0,2.0,5.0,3.0,84.68,79.17,79.43,81.85,62.5
China,CHN,20220105,3.0,3.0,2.0,4.0,2.0,3.0,2.0,2.0,2.0,3.0,2.0,2.0,5.0,3.0,84.68,79.17,79.43,81.85,62.5
China,CHN,20220106,3.0,3.0,2.0,4.0,2.0,3.0,2.0,2.0,2.0,3.0,2.0,2.0,5.0,3.0,85.07,79.17,79.43,81.85,62.5
China,CHN,20220107,3.0,3.0,2.0,4.0,2.0,3.0,2.0,2.0,2.0,3.0,2.0,2.0,5.0,3.0,85.27,79.17,79.43,81.85,62.5
China,CHN,20220108,3.0,3.0,2.0,4.0,2.0,3.0,2.0,2.0,2.0,3.0,2.0,2.0,5.0,3.0,85.27,79.17,79.43,81.85,62.5
China,CHN,20220109,3.0,3.0,2.0,4.0,2.0,3.0,2.0,2.0,2.0,3.0,2.0,2.0,5.0,3.0,85.27,79.17,79.43,81.85,62.5
China,CHN,20220110,3.0,3.0,2.0,4.0,2.0,3.0,2.0,2.0,2.0,3.0,2.0,2.0,5.0,3.0,85.27,79.17,79.43,81.85,62.5
China,CHN,20220111,3.0,3.0,2.0,4.0,2.0,3.0,2.0,2.0,2.0,3.0,2.0,2.0,5.0,3.0,85.27,79.17,79.43,81.85,62.5
China,CHN,20220112,3.0,3.0,2.0,4.0,2.0,3.0,2.0,2.0,2.0,3.0,2.0,2.0,5.0,3.0,85.27,79.17,79.43,81.85,62.5
China,CHN,20220113,3.0,3.0,2.0,4.0,2.0,3.0,2.0,2.0,2.0,3.0,2.0,2.0,5.0,3.0,85.27,79.17,79.43,81.85,62.5
China,CHN,20220114,3.0,3.0,2.0,4.0,2.0,3.0,2.0,2.0,2.0,3.0,2.0,2.0,5.0,3.0,85.6,79.17,79.43,81.85,62.5
China,CHN,20220115,3.0,3.0,2.0,4.0,2.0,3.0,2.0,2.0,2.0,3.0,2.0,2.0,5.0,3.0,85.6,79.17,79.43,81.85,62.5
China,CHN,20220116,3.0,3.0,2.0,4.0,2.0,3.0,2.0,2.0,2.0,3.0,2.0,2.0,5.0,3.0,85.6,79.17,79.43,81.85,62.5
China,CHN,20220117,3.0,3.0,2.0,4.0,2.0,3.0,2.0,2.0,2.0,3.0,2.0,2.0,5.0,3.0,85.6,79.17,79.43,81.85,62.5
China,CHN,20220118,3.0,3.0,2.0,4.0,2.0,3.0,2.0,2.0,2.0,3.0,2.0,2.0,5.0,3.0,85.6,79.17,79.43,81.85,62.5
China,CHN,20220119,3.0,3.0,2.0,4.0,2.0,3.0,2.0,2.0,2.0,3.0,2.0,2.0,5.0,3.0,85.6,79.17,79.43,81.85,62.5
China,CHN,20220120,3.0,3.0,2.0,4.0,2.0,3.0,2.0,2.0,2.0,3.0,2.0,2.0,5.0,3.0,85.6,79.17,79.43,81.85,62.5
China,CHN,20220121,3.0,3.0,2.0,4.0,2.0,3.0,2.0,2.0,2.0,3.0,2.0,2.0,5.0,3.0,85.87,79.17,79.43,81.85,62.5
China,CHN,20220122,3.0,3.0,2.0,4.0,2.0,3.0,2.0,2.0,2.0,3.0,2.0,2.0,5.0,3.0,85.87,79.17,79.43,81.85,62.5
China,CHN,20220123,3.0,3.0,2.0,4.0,2.0,3.0,2.0,2.0,2.0,3.0,2.0,2.0,5.0,3.0,85.87,79.17,79.43,81.85,62.5
China,CHN,20220124,3.0,3.0,2.0,4.0,2.0,2.0,2.0,2.0,2.0,3.0,2.0,2.0,5.0,3.0,85.87,75.46,77.34,79.46,62.5
China,CHN,20220125,3.0,3.0,2.0,4.0,2.0,3.0,2.0,2.0,2.0,3.0,2.0,2.0,5.0,3.0,85.87,79.17,79.43,81.85,62.5
China,CHN,20220126,3.0,3.0,2.0,4.0,2.0,3.0,2.0,2.0,2.0,3.0,2.0,2.0,5.0,3.0,85.87,79.17,79.43,81.85,62.5
China,CHN,20220127,3.0,3.0,2.0,4.0,2.0,3.0,2.0,2.0,2.0,3.0,2.0,2.0,5.0,3.0,85.87,79.17,79.43,81.85,62.5
China,CHN,20220128,3.0,3.0,2.0,4.0,2.0,3.0,2.0,2.0,2.0,3.0,2.0,2.0,5.0,3.0,86.08,79.17,79.43,81.85,62.5
China,CHN,20220129,3.0,3.0,2.0,4.0,2.0,3.0,2.0,2.0,2.0,3.0,2.0,2.0,5.0,3.0,86.08,79.17,79.43,81.85,62.5
China,CHN,20220130,3.0,3.0,2.0,4.0,2.0,3.0,2.0,2.0,2.0,3.0,2.0,2.0,5.0,3.0,86.08,79.17,79.43,81.85,62.5
China,CHN,20220131,3.0,3.0,2.0,4.0,2.0,3.0,2.0,2.0,2.0,3.0,2.0,2.0,5.0,3.0,86.08,79.17,79.43,81.85,62.5
China,CHN,20220201,3.0,3.0,2.0,4.0,2.0,3.0,2.0,2.0,2.0,3.0,2.0,2.0,5.0,3.0,86.08,79.17,79.43,81.85,62.5
China,CHN,20220202,3.0,3.0,2.0,4.0,2.0,3.0,2.0,2.0,2.0,3.0,2.0,2.0,5.0,3.0,86.08,79.17,79.43,81.85,62.5
China,CHN,20220203,3.0,3.0,2.0,4.0,2.0,3.0,2.0,2.0,2.0,3.0,2.0,2.0,5.0,3.0,86.08,79.17,79.43,81.85,62.5
China,CHN,20220204,3.0,3.0,2.0,4.0,2.0,3.0,2.0,2.0,2.0,3.0,2.0,2.0,5.0,3.0,86.08,79.17,79.43,81.85,62.5
China,CHN,20220205,3.0,3.0,2.0,4.0,2.0,3.0,2.0,2.0,2.0,3.0,2.0,2.0,5.0,3.0,86.08,79.17,79.43,81.85,62.5
China,CHN,20220206,3.0,3.0,2.0,4.0,2.0,3.0,2.0,2.0,2.0,3.0,2.0,2.0,5.0,3.0,86.08,79.17,79.43,81.85,62.5
China,CHN,20220207,3.0,3.0,2.0,4.0,2.0,3.0,2.0,2.0,2.0,3.0,2.0,2.0,5.0,3.0,86.15,79.17,79.43,81.85,62.5
China,CHN,20220208,3.0,3.0,2.0,4.0,2.0,3.0,2.0,2.0,2.0,3.0,2.0,2.0,5.0,3.0,86.15,79.17,79.43,81.85,62.5
China,CHN,20220209,3.0,3.0,2.0,4.0,2.0,3.0,2.0,2.0,2.0,3.0,2.0,2.0,5.0,3.0,86.15,79.17,79.43,81.85,62.5
China,CHN,20220210,3.0,3.0,2.0,4.0,2.0,3.0,2.0,2.0,2.0,3.0,2.0,2.0,5.0,3.0,86.15,79.17,79.43,81.85,62.5
China,CHN,20220211,3.0,3.0,2.0,4.0,2.0,3.0,2.0,2.0,2.0,3.0,2.0,2.0,5.0,3.0,86.15,79.17,79.43,81.85,62.5
China,CHN,20220212,3.0,3.0,2.0,4.0,2.0,3.0,2.0,2.0,2.0,3.0,2.0,2.0,5.0,3.0,86.15,79.17,79.43,81.85,62.5
China,CHN,20220213,3.0,3.0,2.0,4.0,2.0,3.0,2.0,2.0,2.0,3.0,2.0,2.0,5.0,3.0,86.15,79.17,79.43,81.85,62.5
China,CHN,20220214,3.0,3.0,2.0,4.0,2.0,3.0,2.0,2.0,2.0,3.0,2.0,2.0,5.0,3.0,86.15,79.17,79.43,81.85,62.5
China,CHN,20220215,3.0,3.0,2.0,4.0,2.0,3.0,2.0,2.0,2.0,3.0,2.0,2.0,5.0,3.0,86.15,79.17,79.43,81.85,62.5
China,CHN,20220216,3.0,3.0,2.0,4.0,2.0,3.0,2.0,2.0,2.0,3.0,2.0,2.0,5.0,3.0,86.15,79.17,79.43,81.85,62.5
China,CHN,20220217,3.0,3.0,2.0,4.0,2.0,3.0,2.0,2.0,2.0,3.0,2.0,2.0,5.0,3.0,86.15,79.17,79.43,81.85,62.5
China,CHN,20220218,3.0,3.0,2.0,4.0,2.0,3.0,2.0,2.0,2.0,3.0,2.0,2.0,5.0,3.0,86.44,79.17,79.43,81.85,62.5
China,CHN,20220219,3.0,3.0,2.0,4.0,2.0,3.0,2.0,2.0,2.0,3.0,2.0,2.0,5.0,3.0,86.44,79.17,79.43,81.85,62.5
China,CHN,20220220,3.0,3.0,2.0,4.0,2.0,3.0,2.0,2.0,2.0,3.0,2.0,2.0,5.0,3.0,86.44,79.17,79.43,81.85,62.5
China,CHN,20220221,3.0,3.0,2.0,4.0,2.0,3.0,2.0,2.0,2.0,3.0,2.0,2.0,5.0,3.0,86.44,79.17,79.43,81.85,62.5
China,CHN,20220222,3.0,3.0,2.0,4.0,2.0,3.0,2.0,2.0,2.0,3.0,2.0,2.0,5.0,3.0,86.44,79.17,79.43,81.85,62.5
China,CHN,20220223,3.0,3.0,2.0,4.0,2.0,3.0,2.0,2.0,2.0,3.0,2.0,2.0,5.0,3.0,86.44,79.17,79.43,81.85,62.5
China,CHN,20220224,3.0,3.0,2.0,4.0,2.0,3.0,2.0,2.0,2.0,3.0,2.0,2.0,5.0,3.0,86.44,79.17,79.43,81.85,62.5
China,CHN,20220225,3.0,3.0,2.0,4.0,2.0,3.0,2.0,2.0,2.0,3.0,2.0,2.0,5.0,3.0,86.58,79.17,79.43,81.85,62.5
China,CHN,20220226,3.0,3.0,2.0,4.0,2.0,3.0,2.0,2.0,2.0,3.0,2.0,2.0,5.0,3.0,86.58,79.17,79.43,81.85,62.5
China,CHN,20220227,3.0,3.0,2.0,4.0,2.0,3.0,2.0,2.0,2.0,3.0,2.0,2.0,5.0,3.0,86.58,79.17,79.43,81.85,62.5
China,CHN,20220228,3.0,3.0,2.0,4.0,2.0,3.0,2.0,2.0,2.0,3.0,2.0,2.0,5.0,3.0,86.58,79.17,79.43,81.85,62.5
China,CHN,20220301,3.0,3.0,2.0,4.0,2.0,3.0,2.0,2.0,2.0,3.0,2.0,2.0,5.0,3.0,86.58,79.17,79.43,81.85,62.5
China,CHN,20220302,3.0,3.0,2.0,4.0,2.0,3.0,2.0,2.0,2.0,3.0,2.0,2.0,5.0,3.0,86.58,79.17,79.43,81.85,62.5
China,CHN,20220303,3.0,3.0,2.0,4.0,2.0,3.0,2.0,2.0,2.0,3.0,2.0,2.0,5.0,3.0,86.58,79.17,79.43,81.85,62.5
China,CHN,20220304,3.0,3.0,2.0,4.0,2.0,3.0,2.0,2.0,2.0,3.0,2.0,2.0,5.0,3.0,86.58,79.17,79.43,81.85,62.5
China,CHN,20220305,3.0,3.0,2.0,4.0,2.0,3.0,2.0,2.0,2.0,3.0,2.0,2.0,5.0,3.0,86.58,79.17,79.43,81.85,62.5
China,CHN,20220306,3.0,3.0,2.0,4.0,2.0,3.0,2.0,2.0,2.0,3.0,2.0,2.0,5.0,3.0,86.58,79.17,79.43,81.85,62.5
China,CHN,20220307,3.0,3.0,2.0,4.0,2.0,3.0,2.0,2.0,2.0,3.0,2.0,2.0,5.0,3.0,86.58,79.17,79.43,81.85,62.5
China,CHN,20220308,3.0,3.0,2.0,4.0,2.0,3.0,2.0,2.0,2.0,3.0,2.0,2.0,5.0,3.0,86.58,79.17,79.43,81.85,62.5
China,CHN,20220309,3.0,3.0,2.0,4.0,2.0,3.0,2.0,2.0,2.0,3.0,2.0,2.0,5.0,3.0,86.58,79.17,79.43,81.85,62.5
China,CHN,20220310,3.0,3.0,2.0,4.0,2.0,3.0,2.0,2.0,2.0,3.0,2.0,2.0,5.0,3.0,86.58,79.17,79.43,81.85,62.5
China,CHN,20220311,3.0,3.0,2.0,4.0,2.0,3.0,2.0,2.0,2.0,3.0,2.0,2.0,5.0,3.0,86.58,79.17,79.43,81.85,62.5
China,CHN,20220312,3.0,3.0,2.0,4.0,2.0,3.0,2.0,2.0,2.0,3.0,2.0,2.0,5.0,3.0,86.58,79.17,79.43,81.85,62.5
China,CHN,20220313,3.0,3.0,2.0,4.0,2.0,3.0,2.0,2.0,2.0,3.0,2.0,2.0,5.0,3.0,86.58,79.17,79.43,81.85,62.5
China,CHN,20220314,3.0,3.0,2.0,4.0,2.0,3.0,2.0,2.0,2.0,3.0,2.0,2.0,5.0,3.0,86.91,79.17,79.43,81.85,62.5
China,CHN,20220315,3.0,3.0,2.0,4.0,2.0,3.0,2.0,2.0,2.0,3.0,2.0,2.0,5.0,3.0,86.91,79.17,79.43,81.85,62.5
China,CHN,20220316,3.0,3.0,2.0,4.0,2.0,3.0,2.0,2.0,2.0,3.0,2.0,4.0,5.0,3.0,86.91,79.17,81.77,84.52,62.5
China,CHN,20220317,3.0,3.0,2.0,4.0,2.0,3.0,2.0,2.0,2.0,3.0,2.0,4.0,5.0,3.0,86.93,79.17,81.77,84.52,62.5
China,CHN,20220318,3.0,3.0,2.0,4.0,2.0,3.0,2.0,2.0,2.0,3.0,2.0,4.0,5.0,3.0,86.94,79.17,81.77,84.52,62.5
China,CHN,20220319,3.0,3.0,2.0,4.0,2.0,3.0,2.0,2.0,2.0,3.0,2.0,4.0,5.0,3.0,86.94,79.17,81.77,84.52,62.5
China,CHN,20220320,3.0,3.0,2.0,4.0,2.0,3.0,2.0,2.0,2.0,3.0,2.0,4.0,5.0,3.0,86.94,79.17,81.77,84.52,62.5
China,CHN,20220321,3.0,3.0,2.0,4.0,2.0,3.0,2.0,2.0,2.0,3.0,2.0,4.0,5.0,3.0,86.99,79.17,81.77,84.52,62.5
China,CHN,20220322,3.0,3.0,2.0,4.0,2.0,3.0,2.0,2.0,2.0,3.0,2.0,4.0,5.0,3.0,86.99,79.17,81.77,84.52,62.5
China,CHN,20220323,3.0,3.0,2.0,4.0,2.0,3.0,2.0,2.0,2.0,3.0,2.0,4.0,5.0,3.0,86.99,79.17,81.77,84.52,62.5
China,CHN,20220324,3.0,3.0,2.0,4.0,2.0,3.0,2.0,2.0,2.0,3.0,2.0,4.0,5.0,3.0,87.02,79.17,81.77,84.52,62.5
China,CHN,20220325,3.0,3.0,2.0,4.0,2.0,3.0,2.0,2.0,2.0,3.0,2.0,4.0,5.0,3.0,87.02,79.17,81.77,84.52,62.5
China,CHN,20220326,3.0,3.0,2.0,4.0,2.0,3.0,2.0,2.0,2.0,3.0,2.0,4.0,5.0,3.0,87.02,79.17,81.77,84.52,62.5
China,CHN,20220327,3.0,3.0,2.0,4.0,2.0,3.0,2.0,2.0,2.0,3.0,2.0,4.0,5.0,3.0,87.02,79.17,81.77,84.52,62.5
China,CHN,20220328,3.0,3.0,2.0,4.0,2.0,3.0,2.0,2.0,2.0,3.0,2.0,4.0,5.0,3.0,87.02,79.17,81.77,84.52,62.5
China,CHN,20220329,3.0,3.0,2.0,4.0,2.0,3.0,2.0,2.0,2.0,3.0,2.0,4.0,5.0,3.0,87.02,79.17,81.77,84.52,62.5
China,CHN,20220330,3.0,3.0,2.0,4.0,2.0,3.0,2.0,2.0,2.0,3.0,2.0,4.0,5.0,3.0,87.02,79.17,81.77,84.52,62.5
China,CHN,20220331,3.0,3.0,2.0,4.0,2.0,3.0,2.0,2.0,2.0,3.0,2.0,4.0,5.0,3.0,87.12,79.17,81.77,84.52,62.5
China,CHN,20220401,3.0,3.0,2.0,4.0,2.0,3.0,2.0,2.0,2.0,3.0,2.0,4.0,5.0,3.0,87.12,79.17,81.77,84.52,62.5
China,CHN,20220402,3.0,3.0,2.0,4.0,2.0,3.0,2.0,2.0,2.0,3.0,2.0,4.0,5.0,3.0,87.12,79.17,81.77,84.52,62.5
China,CHN,20220403,3.0,3.0,2.0,4.0,2.0,3.0,2.0,2.0,2.0,3.0,2.0,4.0,5.0,3.0,87.12,79.17,81.77,84.52,62.5
China,CHN,20220404,3.0,3.0,2.0,4.0,2.0,3.0,2.0,2.0,2.0,3.0,2.0,4.0,5.0,3.0,87.12,79.17,81.77,84.52,62.5
China,CHN,20220405,3.0,3.0,2.0,4.0,2.0,3.0,2.0,2.0,2.0,3.0,2.0,4.0,5.0,3.0,87.19,79.17,81.77,84.52,62.5
China,CHN,20220406,3.0,3.0,2.0,4.0,2.0,3.0,2.0,2.0,2.0,3.0,2.0,4.0,5.0,3.0,87.19,79.17,81.77,84.52,62.5
China,CHN,20220407,3.0,3.0,2.0,4.0,2.0,3.0,2.0,2.0,2.0,3.0,2.0,4.0,5.0,3.0,87.19,79.17,81.77,84.52,62.5
China,CHN,20220408,3.0,3.0,2.0,4.0,2.0,3.0,2.0,2.0,2.0,3.0,2.0,4.0,5.0,3.0,87.19,79.17,81.77,84.52,62.5
China,CHN,20220409,3.0,3.0,2.0,4.0,2.0,3.0,2.0,2.0,2.0,3.0,2.0,4.0,5.0,3.0,87.19,79.17,81.77,84.52,62.5
China,CHN,20220410,3.0,3.0,2.0,4.0,2.0,3.0,2.0,2.0,2.0,3.0,2.0,4.0,5.0,3.0,87.19,79.17,81.77,84.52,62.5
China,CHN,20220411,3.0,3.0,2.0,4.0,2.0,3.0,2.0,2.0,2.0,3.0,2.0,4.0,5.0,3.0,87.31,79.17,81.77,84.52,62.5
China,CHN,20220412,3.0,3.0,2.0,4.0,2.0,3.0,2.0,2.0,2.0,3.0,2.0,4.0,5.0,3.0,87.31,79.17,81.77,84.52,62.5
China,CHN,20220413,3.0,3.0,2.0,4.0,2.0,3.0,2.0,2.0,2.0,3.0,2.0,4.0,5.0,3.0,87.31,79.17,81.77,84.52,62.5
China,CHN,20220414,3.0,3.0,2.0,4.0,2.0,3.0,2.0,2.0,2.0,3.0,2.0,4.0,5.0,3.0,87.31,79.17,81.77,84.52,62.5
China,CHN,20220415,3.0,3.0,2.0,4.0,2.0,3.0,2.0,2.0,2.0,3.0,2.0,4.0,5.0,3.0,87.31,79.17,81.77,84.52,62.5
China,CHN,20220416,3.0,2.0,2.0,4.0,2.0,3.0,2.0,2.0,2.0,3.0,2.0,4.0,5.0,3.0,87.31,75.46,79.69,82.14,62.5
China,CHN,20220417,3.0,2.0,2.0,4.0,2.0,3.0,2.0,2.0,2.0,3.0,2.0,4.0,5.0,3.0,87.31,75.46,79.69,82.14,62.5
China,CHN,20220418,3.0,3.0,2.0,4.0,2.0,3.0,2.0,2.0,2.0,3.0,2.0,4.0,5.0,3.0,87.44,79.17,81.77,84.52,62.5
China,CHN,20220419,3.0,3.0,2.0,4.0,2.0,3.0,2.0,2.0,2.0,3.0,2.0,4.0,5.0,3.0,87.44,79.17,81.77,84.52,62.5
China,CHN,20220420,3.0,3.0,2.0,4.0,2.0,3.0,2.0,2.0,2.0,3.0,2.0,4.0,5.0,3.0,87.44,79.17,81.77,84.52,62.5
China,CHN,20220421,3.0,3.0,2.0,4.0,2.0,3.0,2.0,2.0,2.0,3.0,2.0,4.0,5.0,3.0,87.44,79.17,81.77,84.52,62.5
China,CHN,20220422,3.0,3.0,2.0,4.0,2.0,3.0,2.0,2.0,2.0,3.0,2.0,4.0,5.0,3.0,87.44,79.17,81.77,84.52,62.5
China,CHN,20220423,3.0,3.0,2.0,4.0,2.0,3.0,2.0,2.0,2.0,3.0,2.0,4.0,5.0,3.0,87.44,79.17,81.77,84.52,62.5
China,CHN,20220424,3.0,3.0,2.0,4.0,2.0,3.0,2.0,2.0,2.0,3.0,2.0,4.0,5.0,3.0,87.44,79.17,81.77,84.52,62.5
China,CHN,20220425,3.0,3.0,2.0,4.0,2.0,3.0,2.0,2.0,2.0,3.0,2.0,4.0,5.0,3.0,87.44,79.17,81.77,84.52,62.5
China,CHN,20220426,3.0,3.0,2.0,4.0,2.0,3.0,2.0,2.0,2.0,3.0,2.0,4.0,5.0,3.0,87.44,79.17,81.77,84.52,62.5
China,CHN,20220427,3.0,3.0,2.0,4.0,2.0,3.0,2.0,2.0,2.0,3.0,2.0,4.0,5.0,3.0,87.62,79.17,81.77,84.52,62.5
China,CHN,20220428,3.0,3.0,2.0,4.0,2.0,3.0,2.0,2.0,2.0,3.0,2.0,4.0,5.0,3.0,87.64,79.17,81.77,84.52,62.5
China,CHN,20220429,3.0,3.0,2.0,4.0,2.0,3.0,2.0,2.0,2.0,3.0,2.0,4.0,5.0,3.0,87.64,79.17,81.77,84.52,62.5
China,CHN,20220430,3.0,3.0,2.0,4.0,2.0,3.0,2.0,2.0,2.0,3.0,2.0,4.0,5.0,3.0,87.64,79.17,81.77,84.52,62.5
China,CHN,20220501,3.0,3.0,2.0,4.0,2.0,3.0,2.0,2.0,2.0,3.0,2.0,4.0,5.0,3.0,87.64,79.17,81.77,84.52,62.5
China,CHN,20220502,3.0,3.0,2.0,4.0,2.0,3.0,2.0,2.0,2.0,3.0,2.0,4.0,5.0,3.0,87.64,79.17,81.77,84.52,62.5
China,CHN,20220503,3.0,3.0,2.0,4.0,2.0,3.0,2.0,2.0,2.0,3.0,2.0,4.0,5.0,3.0,87.64,79.17,81.77,84.52,62.5
China,CHN,20220504,3.0,3.0,2.0,4.0,2.0,3.0,2.0,2.0,2.0,3.0,2.0,4.0,5.0,3.0,87.64,79.17,81.77,84.52,62.5
China,CHN,20220505,3.0,3.0,2.0,4.0,2.0,3.0,2.0,2.0,2.0,3.0,2.0,4.0,5.0,3.0,87.74,79.17,81.77,84.52,62.5
China,CHN,20220506,3.0,3.0,2.0,4.0,2.0,3.0,2.0,2.0,2.0,3.0,2.0,4.0,5.0,3.0,87.74,79.17,81.77,84.52,62.5
China,CHN,20220507,3.0,3.0,2.0,4.0,2.0,3.0,2.0,2.0,2.0,3.0,2.0,4.0,5.0,3.0,87.74,79.17,81.77,84.52,62.5
China,CHN,20220508,3.0,3.0,2.0,4.0,2.0,3.0,2.0,2.0,2.0,3.0,2.0,4.0,5.0,3.0,87.74,79.17,81.77,84.52,62.5
China,CHN,20220509,3.0,3.0,2.0,4.0,2.0,3.0,2.0,2.0,2.0,3.0,2.0,4.0,5.0,3.0,87.74,79.17,81.77,84.52,62.5
China,CHN,20220510,3.0,3.0,2.0,4.0,2.0,3.0,2.0,2.0,2.0,3.0,2.0,4.0,5.0,3.0,87.74,79.17,81.77,84.52,62.5
China,CHN,20220511,3.0,3.0,2.0,4.0,2.0,3.0,2.0,2.0,2.0,3.0,2.0,4.0,5.0,3.0,87.74,79.17,81.77,84.52,62.5
China,CHN,20220512,3.0,3.0,2.0,4.0,2.0,3.0,2.0,2.0,2.0,3.0,2.0,4.0,5.0,3.0,87.85,79.17,81.77,84.52,62.5
China,CHN,20220513,3.0,3.0,2.0,4.0,2.0,3.0,2.0,2.0,2.0,3.0,2.0,4.0,5.0,3.0,87.85,79.17,81.77,84.52,62.5
China,CHN,20220514,3.0,3.0,2.0,4.0,2.0,3.0,2.0,2.0,2.0,3.0,2.0,4.0,5.0,3.0,87.85,79.17,81.77,84.52,62.5
China,CHN,20220515,3.0,3.0,2.0,4.0,2.0,3.0,2.0,2.0,2.0,3.0,2.0,4.0,5.0,3.0,87.85,79.17,81.77,84.52,62.5
China,CHN,20220516,3.0,3.0,2.0,4.0,2.0,3.0,2.0,2.0,2.0,3.0,2.0,4.0,5.0,3.0,87.85,79.17,81.77,84.52,62.5
China,CHN,20220517,3.0,3.0,2.0,4.0,2.0,3.0,2.0,2.0,2.0,3.0,2.0,4.0,5.0,3.0,87.85,79.17,81.77,84.52,62.5
China,CHN,20220518,3.0,3.0,2.0,4.0,2.0,3.0,2.0,2.0,2.0,3.0,2.0,4.0,5.0,3.0,87.85,79.17,81.77,84.52,62.5
China,CHN,20220519,3.0,3.0,2.0,4.0,2.0,3.0,2.0,2.0,2.0,3.0,2.0,4.0,5.0,3.0,87.85,79.17,81.77,84.52,62.5
China,CHN,20220520,3.0,3.0,2.0,4.0,2.0,3.0,2.0,2.0,2.0,3.0,2.0,4.0,5.0,3.0,87.85,79.17,81.77,84.52,62.5
China,CHN,20220521,3.0,3.0,2.0,4.0,2.0,3.0,2.0,2.0,2.0,3.0,2.0,4.0,5.0,3.0,87.85,79.17,81.77,84.52,62.5
China,CHN,20220522,3.0,3.0,2.0,4.0,2.0,3.0,2.0,2.0,2.0,3.0,2.0,4.0,5.0,3.0,88.01,79.17,81.77,84.52,62.5
China,CHN,20220523,3.0,3.0,2.0,4.0,2.0,3.0,2.0,2.0,2.0,3.0,2.0,4.0,5.0,3.0,88.01,79.17,81.77,84.52,62.5
China,CHN,20220524,3.0,3.0,2.0,4.0,2.0,3.0,2.0,2.0,2.0,3.0,2.0,4.0,5.0,3.0,88.01,79.17,81.77,84.52,62.5
China,CHN,20220525,3.0,3.0,2.0,4.0,2.0,3.0,2.0,2.0,2.0,3.0,2.0,4.0,5.0,3.0,88.01,79.17,81.77,84.52,62.5
China,CHN,20220526,3.0,3.0,2.0,4.0,2.0,3.0,2.0,2.0,2.0,3.0,2.0,4.0,5.0,3.0,88.07,79.17,81.77,84.52,62.5
China,CHN,20220527,3.0,3.0,2.0,4.0,2.0,3.0,2.0,2.0,2.0,3.0,2.0,4.0,5.0,3.0,88.07,79.17,81.77,84.52,62.5
China,CHN,20220528,3.0,3.0,2.0,4.0,2.0,3.0,2.0,2.0,2.0,3.0,2.0,4.0,5.0,3.0,88.07,79.17,81.77,84.52,62.5
China,CHN,20220529,3.0,3.0,2.0,4.0,2.0,3.0,2.0,2.0,2.0,3.0,2.0,4.0,5.0,3.0,88.07,79.17,81.77,84.52,62.5
China,CHN,20220530,3.0,3.0,2.0,4.0,2.0,3.0,2.0,2.0,2.0,3.0,2.0,4.0,5.0,3.0,88.07,79.17,81.77,84.52,62.5
China,CHN,20220531,3.0,3.0,2.0,4.0,2.0,3.0,2.0,2.0,2.0,3.0,2.0,4.0,5.0,3.0,88.07,79.17,81.77,84.52,62.5
China,CHN,20220601,3.0,3.0,2.0,4.0,2.0,3.0,2.0,2.0,2.0,3.0,2.0,4.0,5.0,3.0,88.15,79.17,81.77,84.52,62.5
China,CHN,20220602,3.0,3.0,2.0,4.0,2.0,3.0,2.0,2.0,2.0,3.0,2.0,4.0,5.0,3.0,88.15,79.17,81.77,84.52,62.5
China,CHN,20220603,3.0,3.0,2.0,4.0,2.0,3.0,2.0,2.0,2.0,3.0,2.0,4.0,5.0,3.0,88.15,79.17,81.77,84.52,62.5
China,CHN,20220604,3.0,3.0,2.0,4.0,2.0,3.0,2.0,2.0,2.0,3.0,2.0,4.0,5.0,3.0,88.17,79.17,81.77,84.52,62.5
China,CHN,20220605,3.0,3.0,2.0,4.0,2.0,3.0,2.0,2.0,2.0,3.0,2.0,4.0,5.0,3.0,88.17,79.17,81.77,84.52,62.5
China,CHN,20220606,3.0,3.0,2.0,4.0,2.0,3.0,2.0,2.0,2.0,3.0,2.0,4.0,5.0,3.0,88.17,79.17,81.77,84.52,62.5
China,CHN,20220607,3.0,3.0,2.0,4.0,2.0,3.0,2.0,2.0,2.0,3.0,2.0,4.0,5.0,3.0,88.17,79.17,81.77,84.52,62.5
China,CHN,20220608,3.0,3.0,2.0,4.0,2.0,3.0,2.0,2.0,2.0,3.0,2.0,4.0,5.0,3.0,88.17,79.17,81.77,84.52,62.5
China,CHN,20220609,3.0,3.0,2.0,4.0,2.0,3.0,2.0,2.0,2.0,3.0,2.0,4.0,5.0,3.0,88.17,79.17,81.77,84.52,62.5
China,CHN,20220610,3.0,3.0,2.0,4.0,2.0,3.0,2.0,2.0,2.0,3.0,2.0,4.0,5.0,3.0,88.17,79.17,81.77,84.52,62.5
China,CHN,20220611,3.0,3.0,2.0,4.0,2.0,3.0,2.0,2.0,2.0,3.0,2.0,4.0,5.0,3.0,88.17,79.17,81.77,84.52,62.5
China,CHN,20220612,3.0,3.0,2.0,4.0,2.0,3.0,2.0,2.0,2.0,3.0,2.0,4.0,5.0,3.0,88.17,79.17,81.77,84.52,62.5
China,CHN,20220613,3.0,3.0,2.0,4.0,2.0,3.0,2.0,2.0,2.0,3.0,2.0,4.0,5.0,3.0,88.17,79.17,81.77,84.52,62.5
China,CHN,20220614,3.0,3.0,2.0,4.0,2.0,3.0,2.0,2.0,2.0,3.0,2.0,4.0,5.0,3.0,88.17,79.17,81.77,84.52,62.5
China,CHN,20220615,3.0,3.0,2.0,4.0,2.0,3.0,2.0,2.0,2.0,3.0,2.0,4.0,5.0,3.0,88.17,79.17,81.77,84.52,62.5
China,CHN,20220616,3.0,3.0,2.0,4.0,2.0,3.0,2.0,2.0,2.0,3.0,2.0,4.0,5.0,3.0,88.31,79.17,81.77,84.52,62.5
China,CHN,20220617,3.0,3.0,2.0,4.0,2.0,3.0,2.0,2.0,2.0,3.0,2.0,4.0,5.0,3.0,88.31,79.17,81.77,84.52,62.5
China,CHN,20220618,3.0,3.0,2.0,4.0,2.0,3.0,2.0,2.0,2.0,3.0,2.0,4.0,5.0,3.0,88.31,79.17,81.77,84.52,62.5
China,CHN,20220619,3.0,3.0,2.0,4.0,2.0,3.0,2.0,2.0,2.0,3.0,2.0,4.0,5.0,3.0,88.31,79.17,81.77,84.52,62.5
China,CHN,20220620,3.0,3.0,2.0,4.0,2.0,3.0,2.0,2.0,2.0,3.0,2.0,4.0,5.0,3.0,88.31,79.17,81.77,84.52,62.5
China,CHN,20220621,3.0,3.0,2.0,4.0,2.0,3.0,2.0,2.0,2.0,3.0,2.0,4.0,5.0,3.0,88.31,79.17,81.77,84.52,62.5
China,CHN,20220622,3.0,3.0,2.0,4.0,2.0,3.0,2.0,2.0,2.0,3.0,2.0,4.0,5.0,3.0,88.31,79.17,81.77,84.52,62.5
China,CHN,20220623,3.0,3.0,2.0,4.0,2.0,3.0,2.0,2.0,2.0,3.0,2.0,4.0,5.0,3.0,88.37,79.17,81.77,84.52,62.5
China,CHN,20220624,3.0,3.0,2.0,4.0,2.0,3.0,2.0,2.0,2.0,3.0,2.0,4.0,5.0,3.0,88.37,79.17,81.77,84.52,62.5
China,CHN,20220625,3.0,3.0,2.0,4.0,2.0,3.0,2.0,2.0,2.0,3.0,2.0,4.0,5.0,3.0,88.37,79.17,81.77,84.52,62.5
China,CHN,20220626,3.0,3.0,2.0,4.0,2.0,3.0,2.0,2.0,2.0,3.0,2.0,4.0,5.0,3.0,88.37,79.17,81.77,84.52,62.5
China,CHN,20220627,3.0,3.0,2.0,4.0,2.0,3.0,2.0,2.0,2.0,3.0,2.0,4.0,5.0,3.0,88.4,79.17,81.77,84.52,62.5
China,CHN,20220628,3.0,3.0,2.0,4.0,2.0,3.0,2.0,2.0,2.0,3.0,2.0,4.0,5.0,3.0,88.4,79.17,81.77,84.52,62.5
China,CHN,20220629,3.0,3.0,2.0,4.0,2.0,3.0,2.0,2.0,2.0,3.0,2.0,4.0,5.0,3.0,88.4,79.17,81.77,84.52,62.5
China,CHN,20220630,3.0,3.0,2.0,4.0,2.0,3.0,2.0,2.0,2.0,3.0,2.0,4.0,5.0,3.0,88.4,79.17,81.77,84.52,62.5
China,CHN,20220701,3.0,3.0,2.0,4.0,2.0,3.0,2.0,2.0,2.0,3.0,2.0,4.0,5.0,3.0,88.4,79.17,81.77,84.52,62.5
China,CHN,20220702,3.0,3.0,2.0,4.0,2.0,3.0,2.0,2.0,2.0,3.0,2.0,4.0,5.0,3.0,88.4,79.17,81.77,84.52,62.5
China,CHN,20220703,3.0,3.0,2.0,4.0,2.0,3.0,2.0,2.0,2.0,3.0,2.0,4.0,5.0,3.0,88.4,79.17,81.77,84.52,62.5
China,CHN,20220704,3.0,3.0,2.0,4.0,2.0,3.0,2.0,2.0,2.0,3.0,2.0,4.0,5.0,3.0,88.4,79.17,81.77,84.52,62.5
China,CHN,20220705,3.0,3.0,2.0,4.0,2.0,3.0,2.0,2.0,2.0,3.0,2.0,4.0,5.0,3.0,88.4,79.17,81.77,84.52,62.5
China,CHN,20220706,3.0,3.0,2.0,4.0,2.0,3.0,2.0,2.0,2.0,3.0,2.0,4.0,5.0,3.0,88.4,79.17,81.77,84.52,62.5
China,CHN,20220707,3.0,3.0,2.0,4.0,2.0,3.0,2.0,2.0,2.0,3.0,2.0,4.0,5.0,3.0,88.5,79.17,81.77,84.52,62.5
China,CHN,20220708,3.0,3.0,2.0,4.0,2.0,3.0,2.0,2.0,2.0,3.0,2.0,4.0,5.0,3.0,88.5,79.17,81.77,84.52,62.5
China,CHN,20220709,3.0,3.0,2.0,4.0,2.0,3.0,2.0,2.0,2.0,3.0,2.0,4.0,5.0,3.0,88.5,79.17,81.77,84.52,62.5
China,CHN,20220710,3.0,3.0,2.0,4.0,2.0,3.0,2.0,2.0,2.0,3.0,2.0,4.0,5.0,3.0,88.5,79.17,81.77,84.52,62.5
China,CHN,20220711,3.0,3.0,2.0,4.0,2.0,3.0,2.0,2.0,2.0,3.0,2.0,4.0,5.0,3.0,88.5,79.17,81.77,84.52,62.5
China,CHN,20220712,3.0,3.0,2.0,4.0,2.0,3.0,2.0,2.0,2.0,3.0,2.0,4.0,5.0,3.0,88.5,79.17,81.77,84.52,62.5
China,CHN,20220713,3.0,3.0,2.0,4.0,2.0,3.0,2.0,2.0,2.0,3.0,2.0,4.0,5.0,3.0,88.5,79.17,81.77,84.52,62.5
China,CHN,20220714,3.0,3.0,2.0,4.0,2.0,3.0,2.0,2.0,2.0,3.0,2.0,4.0,5.0,3.0,88.5,79.17,81.77,84.52,62.5
China,CHN,20220715,3.0,3.0,2.0,4.0,2.0,3.0,2.0,2.0,2.0,3.0,2.0,4.0,5.0,3.0,88.5,79.17,81.77,84.52,62.5
China,CHN,20220716,3.0,3.0,2.0,4.0,2.0,3.0,2.0,2.0,2.0,3.0,2.0,4.0,5.0,3.0,88.5,79.17,81.77,84.52,62.5
China,CHN,20220717,3.0,3.0,2.0,4.0,2.0,3.0,2.0,2.0,2.0,3.0,2.0,4.0,5.0,3.0,88.5,79.17,81.77,84.52,62.5
China,CHN,20220718,3.0,3.0,2.0,4.0,2.0,3.0,2.0,2.0,2.0,3.0,2.0,4.0,5.0,3.0,88.5,79.17,81.77,84.52,62.5
China,CHN,20220719,3.0,3.0,2.0,4.0,2.0,3.0,2.0,2.0,2.0,3.0,2.0,4.0,5.0,3.0,88.5,79.17,81.77,84.52,62.5
China,CHN,20220720,3.0,3.0,2.0,4.0,2.0,3.0,2.0,2.0,2.0,3.0,2.0,4.0,5.0,3.0,88.67,79.17,81.77,84.52,62.5
China,CHN,20220721,3.0,3.0,2.0,4.0,2.0,3.0,2.0,2.0,2.0,3.0,2.0,4.0,5.0,3.0,88.67,79.17,81.77,84.52,62.5
China,CHN,20220722,3.0,3.0,2.0,4.0,2.0,3.0,2.0,2.0,2.0,3.0,2.0,4.0,5.0,3.0,88.71,79.17,81.77,84.52,62.5
China,CHN,20220723,3.0,3.0,2.0,4.0,2.0,3.0,2.0,2.0,2.0,3.0,2.0,4.0,5.0,3.0,88.71,79.17,81.77,84.52,62.5
China,CHN,20220724,3.0,3.0,2.0,4.0,2.0,3.0,2.0,2.0,2.0,3.0,2.0,4.0,5.0,3.0,88.71,79.17,81.77,84.52,62.5
China,CHN,20220725,3.0,3.0,2.0,4.0,2.0,3.0,2.0,2.0,2.0,3.0,2.0,4.0,5.0,3.0,88.71,79.17,81.77,84.52,62.5
China,CHN,20220726,3.0,3.0,2.0,4.0,2.0,3.0,2.0,2.0,2.0,3.0,2.0,4.0,5.0,3.0,88.71,79.17,81.77,84.52,62.5
China,CHN,20220727,3.0,3.0,2.0,4.0,2.0,3.0,2.0,2.0,2.0,3.0,2.0,4.0,5.0,3.0,88.71,79.17,81.77,84.52,62.5
China,CHN,20220728,3.0,3.0,2.0,4.0,2.0,3.0,2.0,2.0,2.0,3.0,2.0,4.0,5.0,3.0,88.71,79.17,81.77,84.52,62.5
China,CHN,20220729,3.0,3.0,2.0,4.0,2.0,3.0,2.0,2.0,2.0,3.0,2.0,4.0,5.0,3.0,88.71,79.17,81.77,84.52,62.5
China,CHN,20220730,3.0,3.0,2.0,4.0,2.0,3.0,2.0,2.0,2.0,3.0,2.0,4.0,5.0,3.0,88.71,79.17,81.77,84.52,62.5
China,CHN,20220731,3.0,3.0,2.0,4.0,2.0,3.0,2.0,2.0,2.0,3.0,2.0,4.0,5.0,3.0,88.71,79.17,81.77,84.52,62.5
China,CHN,20220801,3.0,3.0,2.0,4.0,2.0,3.0,2.0,2.0,2.0,3.0,2.0,4.0,5.0,3.0,88.71,79.17,81.77,84.52,62.5
China,CHN,20220802,3.0,3.0,2.0,4.0,2.0,3.0,2.0,2.0,2.0,3.0,2.0,4.0,5.0,3.0,88.71,79.17,81.77,84.52,62.5
China,CHN,20220803,3.0,3.0,2.0,4.0,2.0,3.0,2.0,2.0,2.0,3.0,2.0,4.0,5.0,3.0,88.71,79.17,81.77,84.52,62.5
China,CHN,20220804,3.0,3.0,2.0,4.0,2.0,3.0,2.0,2.0,2.0,3.0,2.0,4.0,5.0,3.0,88.71,79.17,81.77,84.52,62.5
China,CHN,20220805,3.0,3.0,2.0,4.0,2.0,3.0,2.0,2.0,2.0,3.0,2.0,4.0,5.0,3.0,88.71,79.17,81.77,84.52,62.5
China,CHN,20220806,3.0,3.0,2.0,4.0,2.0,3.0,2.0,2.0,2.0,3.0,2.0,4.0,5.0,3.0,88.71,79.17,81.77,84.52,62.5
China,CHN,20220807,3.0,3.0,2.0,4.0,2.0,3.0,2.0,2.0,2.0,3.0,2.0,4.0,5.0,3.0,88.71,79.17,81.77,84.52,62.5
China,CHN,20220808,3.0,3.0,2.0,4.0,2.0,3.0,2.0,2.0,2.0,3.0,2.0,4.0,5.0,3.0,88.71,79.17,81.77,84.52,62.5
China,CHN,20220809,3.0,3.0,2.0,4.0,2.0,3.0,2.0,2.0,2.0,3.0,2.0,4.0,5.0,3.0,88.95,79.17,81.77,84.52,62.5
China,CHN,20220810,3.0,3.0,2.0,4.0,2.0,3.0,2.0,2.0,2.0,3.0,2.0,4.0,5.0,3.0,88.95,79.17,81.77,84.52,62.5
China,CHN,20220811,3.0,3.0,2.0,4.0,2.0,3.0,2.0,2.0,2.0,3.0,2.0,4.0,5.0,3.0,88.95,79.17,81.77,84.52,62.5
China,CHN,20220812,3.0,3.0,2.0,4.0,2.0,3.0,2.0,2.0,2.0,3.0,2.0,4.0,5.0,3.0,88.95,79.17,81.77,84.52,62.5
China,CHN,20220813,3.0,3.0,2.0,4.0,2.0,3.0,2.0,2.0,2.0,3.0,2.0,4.0,5.0,3.0,88.95,79.17,81.77,84.52,62.5
China,CHN,20220814,3.0,3.0,2.0,4.0,2.0,3.0,2.0,2.0,2.0,3.0,2.0,4.0,5.0,3.0,88.95,79.17,81.77,84.52,62.5
China,CHN,20220815,3.0,3.0,2.0,4.0,2.0,3.0,2.0,2.0,2.0,3.0,2.0,4.0,5.0,3.0,88.95,79.17,81.77,84.52,62.5
China,CHN,20220816,3.0,3.0,2.0,4.0,2.0,3.0,2.0,2.0,2.0,3.0,2.0,4.0,5.0,3.0,88.95,79.17,81.77,84.52,62.5
China,CHN,20220817,3.0,3.0,2.0,4.0,2.0,3.0,2.0,2.0,2.0,3.0,2.0,4.0,5.0,3.0,88.95,79.17,81.77,84.52,62.5
China,CHN,20220818,3.0,3.0,2.0,4.0,2.0,3.0,2.0,2.0,2.0,3.0,2.0,4.0,5.0,3.0,88.95,79.17,81.77,84.52,62.5
China,CHN,20220819,3.0,3.0,2.0,4.0,2.0,3.0,2.0,2.0,2.0,3.0,2.0,4.0,5.0,3.0,88.95,79.17,81.77,84.52,62.5
China,CHN,20220820,3.0,3.0,2.0,4.0,2.0,3.0,2.0,2.0,2.0,3.0,2.0,4.0,5.0,3.0,88.95,79.17,81.77,84.52,62.5
China,CHN,20220821,3.0,3.0,2.0,4.0,2.0,3.0,2.0,2.0,2.0,3.0,2.0,4.0,5.0,3.0,88.95,79.17,81.77,84.52,62.5
China,CHN,20220822,3.0,3.0,2.0,4.0,2.0,3.0,2.0,2.0,2.0,3.0,2.0,4.0,5.0,3.0,88.95,79.17,81.77,84.52,62.5
China,CHN,20220823,3.0,3.0,2.0,4.0,2.0,3.0,2.0,2.0,2.0,3.0,2.0,4.0,5.0,3.0,88.95,79.17,81.77,84.52,62.5
China,CHN,20220824,3.0,3.0,2.0,4.0,2.0,3.0,2.0,2.0,2.0,3.0,2.0,4.0,5.0,3.0,88.95,79.17,81.77,84.52,62.5
China,CHN,20220825,3.0,3.0,2.0,4.0,2.0,3.0,2.0,2.0,2.0,3.0,2.0,4.0,5.0,3.0,88.95,79.17,81.77,84.52,62.5
China,CHN,20220826,3.0,3.0,2.0,4.0,2.0,3.0,2.0,2.0,2.0,3.0,2.0,4.0,5.0,3.0,88.95,79.17,81.77,84.52,62.5
China,CHN,20220827,3.0,3.0,2.0,4.0,2.0,3.0,2.0,2.0,2.0,3.0,2.0,4.0,5.0,3.0,88.95,79.17,81.77,84.52,62.5
China,CHN,20220828,3.0,3.0,2.0,4.0,2.0,3.0,2.0,2.0,2.0,3.0,2.0,4.0,5.0,3.0,88.95,79.17,81.77,84.52,62.5
China,CHN,20220829,3.0,3.0,2.0,4.0,2.0,3.0,2.0,2.0,2.0,3.0,2.0,4.0,5.0,3.0,88.95,79.17,81.77,84.52,62.5
China,CHN,20220830,3.0,3.0,2.0,4.0,2.0,3.0,2.0,2.0,2.0,3.0,2.0,4.0,5.0,3.0,88.95,79.17,81.77,84.52,62.5
China,CHN,20220831,3.0,3.0,2.0,4.0,2.0,3.0,2.0,2.0,2.0,3.0,2.0,4.0,5.0,3.0,88.95,79.17,81.77,84.52,62.5
China,CHN,20220901,3.0,3.0,2.0,4.0,2.0,3.0,2.0,2.0,2.0,3.0,2.0,4.0,5.0,3.0,88.95,79.17,81.77,84.52,62.5
China,CHN,20220902,3.0,3.0,2.0,4.0,2.0,3.0,2.0,2.0,2.0,3.0,2.0,4.0,5.0,3.0,88.95,79.17,81.77,84.52,62.5
China,CHN,20220903,3.0,3.0,2.0,4.0,2.0,3.0,2.0,2.0,2.0,3.0,2.0,4.0,5.0,3.0,88.95,79.17,81.77,84.52,62.5
China,CHN,20220904,3.0,3.0,2.0,4.0,2.0,3.0,2.0,2.0,2.0,3.0,2.0,4.0,5.0,3.0,88.95,79.17,81.77,84.52,62.5
China,CHN,20220905,3.0,3.0,2.0,4.0,2.0,3.0,2.0,2.0,2.0,3.0,2.0,4.0,5.0,3.0,88.95,79.17,81.77,84.52,62.5
China,CHN,20220906,3.0,3.0,2.0,4.0,2.0,3.0,2.0,2.0,2.0,3.0,2.0,4.0,5.0,3.0,88.95,79.17,81.77,84.52,62.5
China,CHN,20220907,3.0,3.0,2.0,4.0,2.0,3.0,2.0,2.0,2.0,3.0,2.0,4.0,5.0,3.0,89.11,79.17,81.77,84.52,62.5
China,CHN,20220908,3.0,3.0,2.0,4.0,2.0,3.0,2.0,2.0,2.0,3.0,2.0,4.0,5.0,3.0,89.11,79.17,81.77,84.52,62.5
China,CHN,20220909,3.0,3.0,2.0,4.0,2.0,3.0,2.0,2.0,2.0,3.0,2.0,4.0,5.0,3.0,89.11,79.17,81.77,84.52,62.5
China,CHN,20220910,3.0,3.0,2.0,4.0,2.0,3.0,2.0,2.0,2.0,3.0,2.0,4.0,5.0,3.0,89.11,79.17,81.77,84.52,62.5
China,CHN,20220911,3.0,3.0,2.0,4.0,2.0,3.0,2.0,2.0,2.0,3.0,2.0,4.0,5.0,3.0,89.11,79.17,81.77,84.52,62.5
China,CHN,20220912,3.0,3.0,2.0,4.0,2.0,3.0,2.0,2.0,2.0,3.0,2.0,4.0,5.0,3.0,89.11,79.17,81.77,84.52,62.5
China,CHN,20220913,3.0,3.0,2.0,4.0,2.0,3.0,2.0,2.0,2.0,3.0,2.0,4.0,5.0,3.0,89.11,79.17,81.77,84.52,62.5
China,CHN,20220914,3.0,3.0,2.0,4.0,2.0,3.0,2.0,2.0,2.0,3.0,2.0,4.0,5.0,3.0,89.11,79.17,81.77,84.52,62.5
China,CHN,20220915,3.0,3.0,2.0,4.0,2.0,3.0,2.0,2.0,2.0,3.0,2.0,4.0,5.0,3.0,89.11,79.17,81.77,84.52,62.5
China,CHN,20220916,3.0,3.0,2.0,4.0,2.0,3.0,2.0,2.0,2.0,3.0,2.0,4.0,5.0,3.0,89.11,79.17,81.77,84.52,62.5
China,CHN,20220917,3.0,3.0,2.0,4.0,2.0,3.0,2.0,2.0,2.0,3.0,2.0,4.0,5.0,3.0,89.11,79.17,81.77,84.52,62.5
China,CHN,20220918,3.0,3.0,2.0,4.0,2.0,3.0,2.0,2.0,2.0,3.0,2.0,4.0,5.0,3.0,89.11,79.17,81.77,84.52,62.5
China,CHN,20220919,3.0,3.0,2.0,4.0,2.0,3.0,2.0,2.0,2.0,3.0,2.0,4.0,5.0,3.0,89.11,79.17,81.77,84.52,62.5
China,CHN,20220920,3.0,3.0,2.0,4.0,2.0,3.0,2.0,2.0,2.0,3.0,2.0,4.0,5.0,3.0,89.11,79.17,81.77,84.52,62.5
China,CHN,20220921,3.0,3.0,2.0,4.0,2.0,3.0,2.0,2.0,2.0,3.0,2.0,4.0,5.0,3.0,89.11,79.17,81.77,84.52,62.5
China,CHN,20220922,3.0,3.0,2.0,4.0,2.0,3.0,2.0,2.0,2.0,3.0,2.0,4.0,5.0,3.0,89.11,79.17,81.77,84.52,62.5
China,CHN,20220923,3.0,3.0,2.0,4.0,2.0,3.0,2.0,2.0,2.0,3.0,2.0,4.0,5.0,3.0,89.11,79.17,81.77,84.52,62.5
China,CHN,20220924,3.0,3.0,2.0,4.0,2.0,3.0,2.0,2.0,2.0,3.0,2.0,4.0,5.0,3.0,89.11,79.17,81.77,84.52,62.5
China,CHN,20220925,3.0,3.0,2.0,4.0,2.0,3.0,2.0,2.0,2.0,3.0,2.0,4.0,5.0,3.0,89.11,79.17,81.77,84.52,62.5
China,CHN,20220926,3.0,3.0,2.0,4.0,2.0,3.0,2.0,2.0,2.0,3.0,2.0,4.0,5.0,3.0,89.11,79.17,81.77,84.52,62.5
China,CHN,20220927,3.0,3.0,2.0,4.0,2.0,3.0,2.0,2.0,2.0,3.0,2.0,4.0,5.0,3.0,89.11,79.17,81.77,84.52,62.5
China,CHN,20220928,3.0,3.0,2.0,4.0,2.0,3.0,2.0,2.0,2.0,3.0,2.0,4.0,5.0,3.0,89.17,79.17,81.77,84.52,62.5
China,CHN,20220929,3.0,3.0,2.0,4.0,2.0,3.0,2.0,2.0,2.0,3.0,2.0,4.0,5.0,3.0,89.17,79.17,81.77,84.52,62.5
China,CHN,20220930,3.0,3.0,2.0,4.0,2.0,3.0,2.0,2.0,2.0,3.0,2.0,4.0,5.0,3.0,89.17,79.17,81.77,84.52,62.5
China,CHN,20221001,3.0,3.0,2.0,4.0,2.0,3.0,2.0,2.0,2.0,3.0,2.0,4.0,5.0,3.0,89.17,79.17,81.77,84.52,62.5
China,CHN,20221002,3.0,3.0,2.0,4.0,2.0,3.0,2.0,2.0,2.0,3.0,2.0,4.0,5.0,3.0,89.17,79.17,81.77,84.52,62.5
China,CHN,20221003,3.0,3.0,2.0,4.0,2.0,3.0,2.0,2.0,2.0,3.0,2.0,4.0,5.0,3.0,89.17,79.17,81.77,84.52,62.5
China,CHN,20221004,3.0,3.0,2.0,4.0,2.0,3.0,2.0,2.0,2.0,3.0,2.0,4.0,5.0,3.0,89.17,79.17,81.77,84.52,62.5
China,CHN,20221005,3.0,3.0,2.0,4.0,2.0,3.0,2.0,2.0,2.0,3.0,2.0,4.0,5.0,3.0,89.17,79.17,81.77,84.52,62.5
China,CHN,20221006,3.0,3.0,2.0,4.0,2.0,3.0,2.0,2.0,2.0,3.0,2.0,4.0,5.0,3.0,89.17,79.17,81.77,84.52,62.5
China,CHN,20221007,3.0,3.0,2.0,4.0,2.0,3.0,2.0,2.0,2.0,3.0,2.0,4.0,5.0,3.0,89.17,79.17,81.77,84.52,62.5
China,CHN,20221008,3.0,3.0,2.0,4.0,2.0,3.0,2.0,2.0,2.0,3.0,2.0,4.0,5.0,3.0,89.17,79.17,81.77,84.52,62.5
China,CHN,20221009,3.0,3.0,2.0,4.0,2.0,3.0,2.0,2.0,2.0,3.0,2.0,4.0,5.0,3.0,89.17,79.17,81.77,84.52,62.5
China,CHN,20221010,3.0,3.0,2.0,4.0,2.0,3.0,2.0,2.0,2.0,3.0,2.0,3.0,5.0,3.0,89.17,79.17,80.21,82.74,62.5
China,CHN,20221011,3.0,3.0,2.0,4.0,2.0,3.0,2.0,2.0,2.0,3.0,2.0,3.0,5.0,3.0,89.17,79.17,80.21,82.74,62.5
China,CHN,20221012,3.0,3.0,2.0,4.0,2.0,3.0,2.0,2.0,2.0,3.0,2.0,3.0,5.0,3.0,89.19,79.17,80.21,82.74,62.5
China,CHN,20221013,3.0,3.0,2.0,4.0,2.0,3.0,2.0,2.0,2.0,3.0,2.0,3.0,5.0,3.0,89.19,79.17,80.21,82.74,62.5
China,CHN,20221014,3.0,3.0,2.0,4.0,2.0,3.0,2.0,2.0,2.0,3.0,2.0,3.0,5.0,3.0,89.19,79.17,80.21,82.74,62.5
China,CHN,20221015,3.0,3.0,2.0,4.0,2.0,3.0,2.0,2.0,2.0,3.0,2.0,3.0,5.0,3.0,89.19,79.17,80.21,82.74,62.5
China,CHN,20221016,3.0,3.0,2.0,4.0,2.0,3.0,2.0,2.0,2.0,3.0,2.0,3.0,5.0,3.0,89.19,79.17,80.21,82.74,62.5
China,CHN,20221017,3.0,3.0,2.0,4.0,2.0,3.0,2.0,2.0,2.0,3.0,2.0,3.0,5.0,3.0,89.19,79.17,80.21,82.74,62.5
China,CHN,20221018,3.0,3.0,2.0,4.0,2.0,3.0,2.0,2.0,2.0,3.0,2.0,3.0,5.0,3.0,89.19,79.17,80.21,82.74,62.5
China,CHN,20221019,3.0,3.0,2.0,4.0,2.0,3.0,2.0,2.0,2.0,3.0,2.0,3.0,5.0,3.0,89.19,79.17,80.21,82.74,62.5
China,CHN,20221020,3.0,3.0,2.0,4.0,2.0,3.0,2.0,2.0,2.0,3.0,2.0,3.0,5.0,3.0,89.19,79.17,80.21,82.74,62.5
China,CHN,20221021,3.0,3.0,2.0,4.0,2.0,3.0,2.0,2.0,2.0,3.0,2.0,3.0,5.0,3.0,89.19,79.17,80.21,82.74,62.5
China,CHN,20221022,3.0,3.0,2.0,4.0,2.0,3.0,2.0,2.0,2.0,3.0,2.0,3.0,5.0,3.0,89.19,79.17,80.21,82.74,62.5
China,CHN,20221023,3.0,3.0,2.0,4.0,2.0,3.0,2.0,2.0,2.0,3.0,2.0,3.0,5.0,3.0,89.19,79.17,80.21,82.74,62.5
China,CHN,20221024,3.0,3.0,2.0,4.0,2.0,3.0,2.0,2.0,2.0,3.0,2.0,3.0,5.0,3.0,89.19,79.17,80.21,82.74,62.5
China,CHN,20221025,3.0,3.0,2.0,4.0,2.0,3.0,2.0,2.0,2.0,3.0,2.0,3.0,5.0,3.0,89.19,79.17,80.21,82.74,62.5
China,CHN,20221026,3.0,3.0,2.0,4.0,2.0,3.0,2.0,2.0,2.0,3.0,2.0,3.0,5.0,3.0,89.19,79.17,80.21,82.74,62.5
China,CHN,20221027,3.0,3.0,2.0,4.0,2.0,3.0,2.0,2.0,2.0,3.0,2.0,3.0,5.0,3.0,89.19,79.17,80.21,82.74,62.5
China,CHN,20221028,3.0,3.0,2.0,4.0,2.0,3.0,2.0,2.0,2.0,3.0,2.0,3.0,5.0,3.0,89.19,79.17,80.21,82.74,62.5
China,CHN,20221029,3.0,3.0,2.0,4.0,2.0,3.0,2.0,2.0,2.0,3.0,2.0,3.0,5.0,3.0,89.19,79.17,80.21,82.74,62.5
China,CHN,20221030,3.0,3.0,2.0,4.0,2.0,3.0,2.0,2.0,2.0,3.0,2.0,3.0,5.0,3.0,89.19,79.17,80.21,82.74,62.5
China,CHN,20221031,3.0,3.0,2.0,4.0,2.0,3.0,2.0,2.0,2.0,3.0,2.0,3.0,5.0,3.0,89.19,79.17,80.21,82.74,62.5
China,CHN,20221101,3.0,3.0,2.0,4.0,2.0,3.0,2.0,2.0,2.0,3.0,2.0,3.0,5.0,3.0,89.19,79.17,80.21,82.74,62.5
China,CHN,20221102,3.0,3.0,2.0,4.0,2.0,3.0,2.0,2.0,2.0,3.0,2.0,3.0,5.0,3.0,89.19,79.17,80.21,82.74,62.5
China,CHN,20221103,3.0,3.0,2.0,4.0,2.0,3.0,2.0,2.0,2.0,3.0,2.0,3.0,5.0,3.0,89.19,79.17,80.21,82.74,62.5
China,CHN,20221104,3.0,3.0,2.0,4.0,2.0,3.0,2.0,2.0,2.0,3.0,2.0,3.0,5.0,3.0,89.22,79.17,80.21,82.74,62.5
China,CHN,20221105,3.0,3.0,2.0,4.0,2.0,3.0,2.0,2.0,2.0,3.0,2.0,3.0,5.0,3.0,89.22,79.17,80.21,82.74,62.5
China,CHN,20221106,3.0,3.0,2.0,4.0,2.0,3.0,2.0,2.0,2.0,3.0,2.0,3.0,5.0,3.0,89.22,79.17,80.21,82.74,62.5
China,CHN,20221107,3.0,3.0,2.0,4.0,2.0,3.0,2.0,2.0,2.0,3.0,2.0,3.0,5.0,3.0,89.22,79.17,80.21,82.74,62.5
China,CHN,20221108,3.0,3.0,2.0,4.0,2.0,3.0,2.0,2.0,2.0,3.0,2.0,3.0,5.0,3.0,89.22,79.17,80.21,82.74,62.5
China,CHN,20221109,3.0,3.0,2.0,4.0,2.0,3.0,2.0,2.0,2.0,3.0,2.0,3.0,5.0,3.0,89.22,79.17,80.21,82.74,62.5
China,CHN,20221110,3.0,3.0,2.0,4.0,2.0,3.0,2.0,2.0,2.0,3.0,2.0,3.0,5.0,3.0,89.22,79.17,80.21,82.74,62.5
China,CHN,20221111,3.0,3.0,2.0,4.0,2.0,3.0,2.0,2.0,2.0,3.0,2.0,3.0,5.0,3.0,89.22,79.17,80.21,82.74,62.5
China,CHN,20221112,3.0,3.0,2.0,4.0,2.0,3.0,2.0,2.0,2.0,3.0,2.0,3.0,5.0,3.0,89.22,79.17,80.21,82.74,62.5
China,CHN,20221113,3.0,3.0,2.0,4.0,2.0,3.0,2.0,2.0,2.0,3.0,2.0,3.0,5.0,3.0,89.22,79.17,80.21,82.74,62.5
China,CHN,20221114,3.0,3.0,2.0,4.0,2.0,3.0,2.0,2.0,2.0,3.0,2.0,3.0,5.0,3.0,89.22,79.17,80.21,82.74,62.5
China,CHN,20221115,3.0,3.0,2.0,4.0,2.0,3.0,2.0,2.0,2.0,3.0,2.0,3.0,5.0,3.0,89.22,79.17,80.21,82.74,62.5
China,CHN,20221116,3.0,3.0,2.0,4.0,2.0,3.0,2.0,2.0,2.0,3.0,2.0,3.0,5.0,3.0,89.22,79.17,80.21,82.74,62.5
China,CHN,20221117,3.0,3.0,2.0,4.0,2.0,3.0,2.0,2.0,2.0,3.0,2.0,3.0,5.0,3.0,89.22,79.17,80.21,82.74,62.5
China,CHN,20221118,3.0,3.0,2.0,4.0,2.0,3.0,2.0,2.0,2.0,3.0,2.0,3.0,5.0,3.0,89.22,79.17,80.21,82.74,62.5
China,CHN,20221119,3.0,3.0,2.0,4.0,2.0,3.0,2.0,2.0,2.0,3.0,2.0,3.0,5.0,3.0,89.22,79.17,80.21,82.74,62.5
China,CHN,20221120,3.0,3.0,2.0,4.0,2.0,3.0,2.0,2.0,2.0,3.0,2.0,3.0,5.0,3.0,89.22,79.17,80.21,82.74,62.5
China,CHN,20221121,3.0,3.0,2.0,4.0,2.0,3.0,2.0,2.0,2.0,3.0,2.0,3.0,5.0,3.0,89.22,79.17,80.21,82.74,62.5
China,CHN,20221122,3.0,3.0,2.0,4.0,2.0,3.0,2.0,2.0,2.0,3.0,2.0,3.0,5.0,3.0,89.22,79.17,80.21,82.74,62.5
China,CHN,20221123,3.0,3.0,2.0,4.0,2.0,3.0,2.0,2.0,2.0,3.0,2.0,3.0,5.0,3.0,89.22,79.17,80.21,82.74,62.5
China,CHN,20221124,3.0,3.0,2.0,4.0,2.0,3.0,2.0,2.0,2.0,3.0,2.0,3.0,5.0,3.0,89.22,79.17,80.21,82.74,62.5
China,CHN,20221125,3.0,3.0,2.0,4.0,2.0,3.0,2.0,2.0,2.0,3.0,2.0,3.0,5.0,3.0,89.22,79.17,80.21,82.74,62.5
China,CHN,20221126,3.0,3.0,2.0,4.0,2.0,3.0,2.0,2.0,2.0,3.0,2.0,3.0,5.0,3.0,89.22,79.17,80.21,82.74,62.5
China,CHN,20221127,3.0,3.0,2.0,4.0,2.0,3.0,2.0,2.0,2.0,3.0,2.0,3.0,5.0,3.0,89.22,79.17,80.21,82.74,62.5
China,CHN,20221128,3.0,3.0,2.0,4.0,2.0,3.0,2.0,2.0,2.0,3.0,2.0,3.0,5.0,3.0,89.27,79.17,80.21,82.74,62.5
China,CHN,20221129,3.0,3.0,2.0,4.0,2.0,3.0,2.0,2.0,2.0,3.0,2.0,3.0,5.0,3.0,89.27,79.17,80.21,82.74,62.5
China,CHN,20221130,3.0,3.0,2.0,4.0,2.0,3.0,2.0,2.0,2.0,3.0,2.0,3.0,5.0,3.0,89.27,79.17,80.21,82.74,62.5
China,CHN,20221201,3.0,3.0,2.0,4.0,2.0,3.0,2.0,2.0,2.0,3.0,2.0,3.0,5.0,3.0,89.27,79.17,80.21,82.74,62.5
China,CHN,20221202,3.0,3.0,2.0,4.0,2.0,3.0,2.0,2.0,2.0,3.0,2.0,3.0,5.0,3.0,89.27,79.17,80.21,82.74,62.5
China,CHN,20221203,3.0,3.0,2.0,4.0,2.0,3.0,2.0,2.0,2.0,3.0,2.0,3.0,5.0,3.0,89.27,79.17,80.21,82.74,62.5
China,CHN,20221204,3.0,3.0,2.0,4.0,2.0,3.0,2.0,2.0,2.0,3.0,2.0,3.0,5.0,3.0,89.27,79.17,80.21,82.74,62.5
China,CHN,20221205,3.0,3.0,2.0,4.0,2.0,3.0,2.0,2.0,2.0,3.0,2.0,3.0,5.0,3.0,89.27,79.17,80.21,82.74,62.5
China,CHN,20221206,3.0,3.0,2.0,4.0,2.0,3.0,2.0,2.0,2.0,3.0,2.0,3.0,5.0,3.0,89.27,79.17,80.21,82.74,62.5
China,CHN,20221207,3.0,3.0,2.0,4.0,2.0,3.0,2.0,2.0,2.0,2.0,2.0,3.0,5.0,3.0,89.27,79.17,78.13,80.36,62.5
China,CHN,20221208,3.0,3.0,2.0,3.0,2.0,1.0,2.0,2.0,2.0,2.0,2.0,3.0,5.0,3.0,89.27,68.98,72.4,73.81,62.5
China,CHN,20221209,3.0,3.0,2.0,3.0,2.0,1.0,2.0,2.0,2.0,2.0,2.0,3.0,5.0,3.0,89.27,68.98,72.4,73.81,62.5
China,CHN,20221210,3.0,3.0,2.0,3.0,2.0,1.0,2.0,2.0,2.0,2.0,2.0,3.0,5.0,3.0,89.27,68.98,72.4,73.81,62.5
China,CHN,20221211,3.0,3.0,2.0,3.0,2.0,1.0,2.0,2.0,2.0,2.0,2.0,3.0,5.0,3.0,89.27,68.98,72.4,73.81,62.5
China,CHN,20221212,3.0,3.0,2.0,3.0,2.0,1.0,2.0,2.0,2.0,2.0,2.0,3.0,5.0,3.0,89.27,68.98,72.4,73.81,62.5
China,CHN,20221213,3.0,3.0,2.0,3.0,2.0,1.0,0.0,2.0,2.0,2.0,2.0,3.0,5.0,3.0,89.35,60.65,67.71,68.45,62.5
China,CHN,20221214,3.0,3.0,2.0,3.0,1.0,1.0,0.0,2.0,2.0,2.0,2.0,3.0,5.0,3.0,89.35,55.09,64.58,64.88,62.5
China,CHN,20221215,3.0,3.0,2.0,3.0,1.0,1.0,0.0,2.0,2.0,2.0,2.0,3.0,5.0,3.0,89.35,55.09,64.58,64.88,62.5
China,CHN,20221216,3.0,3.0,2.0,3.0,1.0,1.0,0.0,2.0,2.0,2.0,2.0,3.0,5.0,3.0,89.35,55.09,64.58,64.88,62.5
China,CHN,20221217,3.0,3.0,2.0,3.0,1.0,1.0,0.0,2.0,2.0,2.0,2.0,3.0,5.0,3.0,89.35,55.09,64.58,64.88,62.5
China,CHN,20221218,3.0,3.0,2.0,3.0,1.0,1.0,0.0,2.0,2.0,2.0,2.0,3.0,5.0,3.0,89.35,55.09,64.58,64.88,62.5
China,CHN,20221219,3.0,1.0,2.0,3.0,1.0,1.0,0.0,2.0,2.0,2.0,2.0,3.0,5.0,3.0,89.35,49.54,61.46,61.31,62.5
China,CHN,20221220,3.0,1.0,2.0,3.0,1.0,1.0,0.0,2.0,2.0,2.0,2.0,3.0,5.0,3.0,89.35,49.54,61.46,61.31,62.5
China,CHN,20221221,3.0,1.0,2.0,3.0,1.0,1.0,0.0,2.0,2.0,2.0,2.0,3.0,5.0,3.0,89.35,49.54,61.46,61.31,62.5
China,CHN,20221222,3.0,1.0,2.0,3.0,1.0,1.0,0.0,2.0,2.0,2.0,2.0,3.0,5.0,3.0,89.35,49.54,61.46,61.31,62.5
China,CHN,20221223,3.0,1.0,2.0,3.0,1.0,1.0,0.0,2.0,2.0,2.0,2.0,3.0,5.0,3.0,89.35,49.54,61.46,61.31,62.5
China,CHN,20221224,3.0,1.0,2.0,3.0,1.0,1.0,0.0,2.0,2.0,2.0,2.0,3.0,5.0,3.0,89.35,49.54,61.46,61.31,62.5
China,CHN,20221225,3.0,1.0,2.0,3.0,1.0,1.0,0.0,2.0,2.0,2.0,2.0,3.0,5.0,3.0,89.35,49.54,61.46,61.31,62.5
China,CHN,20221226,3.0,1.0,2.0,3.0,1.0,1.0,0.0,2.0,2.0,2.0,2.0,3.0,5.0,3.0,89.35,49.54,61.46,61.31,62.5
China,CHN,20221227,3.0,1.0,2.0,3.0,1.0,1.0,0.0,2.0,2.0,2.0,2.0,3.0,5.0,3.0,89.35,49.54,61.46,61.31,62.5
China,CHN,20221228,3.0,1.0,2.0,3.0,1.0,1.0,0.0,2.0,2.0,2.0,2.0,3.0,5.0,3.0,89.35,49.54,61.46,61.31,62.5
China,CHN,20221229,3.0,1.0,2.0,3.0,1.0,1.0,0.0,2.0,2.0,2.0,2.0,3.0,5.0,3.0,89.35,49.54,61.46,61.31,62.5
China,CHN,20221230,3.0,1.0,2.0,3.0,1.0,1.0,0.0,2.0,2.0,2.0,2.0,3.0,5.0,3.0,89.35,49.54,61.46,61.31,62.5
China,CHN,20221231,3.0,1.0,2.0,3.0,1.0,1.0,0.0,2.0,2.0,2.0,2.0,3.0,5.0,3.0,89.35,49.54,61.46,61.31,62.5
United Kingdom,GBR,20200101,0.0,0.0,0.0,0.0,0.0,0.0,0.0,0.0,0.0,0.0,0.0,0.0,0.0,0.0,0.0,0.0,0.0,0.0,0.0
United Kingdom,GBR,20200102,0.0,0.0,0.0,0.0,0.0,0.0,0.0,0.0,0.0,0.0,0.0,0.0,0.0,0.0,0.0,0.0,0.0,0.0,0.0
United Kingdom,GBR,20200103,0.0,0.0,0.0,0.0,0.0,0.0,0.0,0.0,0.0,0.0,0.0,0.0,0.0,0.0,0.0,0.0,0.0,0.0,0.0
United Kingdom,GBR,20200104,0.0,0.0,0.0,0.0,0.0,0.0,0.0,0.0,0.0,0.0,0.0,0.0,0.0,0.0,0.0,0.0,0.0,0.0,0.0
United Kingdom,GBR,20200105,0.0,0.0,0.0,0.0,0.0,0.0,0.0,0.0,0.0,0.0,0.0,0.0,0.0,0.0,0.0,0.0,0.0,0.0,0.0
United Kingdom,GBR,20200106,0.0,0.0,0.0,0.0,0.0,0.0,0.0,0.0,0.0,0.0,0.0,0.0,0.0,0.0,0.0,0.0,0.0,0.0,0.0
United Kingdom,GBR,20200107,0.0,0.0,0.0,0.0,0.0,0.0,0.0,0.0,0.0,0.0,0.0,0.0,0.0,0.0,0.0,0.0,0.0,0.0,0.0
United Kingdom,GBR,20200108,0.0,0.0,0.0,0.0,0.0,0.0,0.0,0.0,0.0,0.0,0.0,0.0,0.0,0.0,0.0,0.0,0.0,0.0,0.0
United Kingdom,GBR,20200109,0.0,0.0,0.0,0.0,0.0,0.0,0.0,0.0,0.0,0.0,0.0,0.0,0.0,0.0,0.0,0.0,0.0,0.0,0.0
United Kingdom,GBR,20200110,0.0,0.0,0.0,0.0,0.0,0.0,0.0,0.0,0.0,0.0,0.0,0.0,0.0,0.0,0.0,0.0,0.0,0.0,0.0
United Kingdom,GBR,20200111,0.0,0.0,0.0,0.0,0.0,0.0,0.0,0.0,0.0,0.0,0.0,0.0,0.0,0.0,0.0,0.0,0.0,0.0,0.0
United Kingdom,GBR,20200112,0.0,0.0,0.0,0.0,0.0,0.0,0.0,0.0,0.0,0.0,0.0,0.0,0.0,0.0,0.0,0.0,0.0,0.0,0.0
United Kingdom,GBR,20200113,0.0,0.0,0.0,0.0,0.0,0.0,0.0,0.0,0.0,0.0,0.0,0.0,0.0,0.0,0.0,0.0,0.0,0.0,0.0
United Kingdom,GBR,20200114,0.0,0.0,0.0,0.0,0.0,0.0,0.0,0.0,0.0,0.0,0.0,0.0,0.0,0.0,0.0,0.0,0.0,0.0,0.0
United Kingdom,GBR,20200115,0.0,0.0,0.0,0.0,0.0,0.0,0.0,0.0,0.0,0.0,0.0,0.0,0.0,0.0,0.0,0.0,0.0,0.0,0.0
United Kingdom,GBR,20200116,0.0,0.0,0.0,0.0,0.0,0.0,0.0,0.0,0.0,0.0,0.0,0.0,0.0,0.0,0.0,0.0,0.0,0.0,0.0
United Kingdom,GBR,20200117,0.0,0.0,0.0,0.0,0.0,0.0,0.0,0.0,0.0,0.0,0.0,0.0,0.0,0.0,0.0,0.0,0.0,0.0,0.0
United Kingdom,GBR,20200118,0.0,0.0,0.0,0.0,0.0,0.0,0.0,0.0,0.0,0.0,0.0,0.0,0.0,0.0,0.0,0.0,0.0,0.0,0.0
United Kingdom,GBR,20200119,0.0,0.0,0.0,0.0,0.0,0.0,0.0,0.0,0.0,0.0,0.0,0.0,0.0,0.0,0.0,0.0,0.0,0.0,0.0
United Kingdom,GBR,20200120,0.0,0.0,0.0,0.0,0.0,0.0,0.0,0.0,1.0,1.0,0.0,0.0,0.0,0.0,0.0,5.56,5.21,5.95,0.0
United Kingdom,GBR,20200121,0.0,0.0,0.0,0.0,0.0,0.0,0.0,0.0,1.0,1.0,0.0,0.0,0.0,0.0,0.0,5.56,5.21,5.95,0.0
United Kingdom,GBR,20200122,0.0,0.0,0.0,0.0,0.0,0.0,0.0,0.0,1.0,1.0,0.0,0.0,0.0,0.0,0.0,5.56,5.21,5.95,0.0
United Kingdom,GBR,20200123,0.0,0.0,0.0,0.0,0.0,0.0,0.0,0.0,1.0,1.0,0.0,0.0,0.0,0.0,0.0,5.56,5.21,5.95,0.0
United Kingdom,GBR,20200124,0.0,0.0,0.0,0.0,0.0,0.0,0.0,0.0,1.0,1.0,0.0,0.0,0.0,0.0,0.0,5.56,5.21,5.95,0.0
United Kingdom,GBR,20200125,0.0,0.0,0.0,0.0,0.0,0.0,0.0,0.0,1.0,1.0,0.0,0.0,0.0,0.0,0.0,5.56,5.21,5.95,0.0
United Kingdom,GBR,20200126,0.0,0.0,0.0,0.0,0.0,0.0,0.0,0.0,1.0,1.0,0.0,0.0,0.0,0.0,0.0,5.56,5.21,5.95,0.0
United Kingdom,GBR,20200127,0.0,0.0,0.0,0.0,0.0,0.0,0.0,0.0,1.0,1.0,0.0,0.0,0.0,0.0,0.0,5.56,5.21,5.95,0.0
United Kingdom,GBR,20200128,0.0,0.0,0.0,0.0,0.0,0.0,0.0,0.0,1.0,1.0,0.0,0.0,0.0,0.0,0.0,5.56,5.21,5.95,0.0
United Kingdom,GBR,20200129,0.0,0.0,0.0,0.0,0.0,0.0,0.0,0.0,1.0,1.0,0.0,0.0,0.0,0.0,0.0,5.56,5.21,5.95,0.0
United Kingdom,GBR,20200130,0.0,0.0,0.0,0.0,0.0,0.0,0.0,0.0,1.0,1.0,0.0,0.0,0.0,0.0,0.0,5.56,5.21,5.95,0.0
United Kingdom,GBR,20200131,0.0,0.0,0.0,0.0,0.0,0.0,0.0,0.0,2.0,1.0,2.0,0.0,0.0,0.0,0.0,8.33,13.02,14.88,0.0
United Kingdom,GBR,20200201,0.0,0.0,0.0,0.0,0.0,0.0,0.0,0.0,2.0,1.0,2.0,0.0,0.0,0.0,0.0,8.33,13.02,14.88,0.0
United Kingdom,GBR,20200202,0.0,0.0,0.0,0.0,0.0,0.0,0.0,0.0,2.0,1.0,2.0,0.0,0.0,0.0,0.0,11.11,14.58,16.67,0.0
United Kingdom,GBR,20200203,0.0,0.0,0.0,0.0,0.0,0.0,0.0,0.0,2.0,1.0,2.0,0.0,0.0,0.0,0.0,11.11,14.58,16.67,0.0
United Kingdom,GBR,20200204,0.0,0.0,0.0,0.0,0.0,0.0,0.0,0.0,2.0,1.0,2.0,0.0,0.0,0.0,0.0,11.11,14.58,16.67,0.0
United Kingdom,GBR,20200205,0.0,0.0,0.0,0.0,0.0,0.0,0.0,0.0,2.0,1.0,2.0,0.0,0.0,0.0,0.0,11.11,14.58,16.67,0.0
United Kingdom,GBR,20200206,0.0,0.0,0.0,0.0,0.0,0.0,0.0,0.0,2.0,1.0,2.0,0.0,0.0,0.0,0.0,11.11,14.58,16.67,0.0
United Kingdom,GBR,20200207,0.0,0.0,0.0,0.0,0.0,0.0,0.0,0.0,2.0,1.0,2.0,0.0,0.0,0.0,0.0,11.11,14.58,16.67,0.0
United Kingdom,GBR,20200208,0.0,0.0,0.0,0.0,0.0,0.0,0.0,0.0,2.0,1.0,2.0,0.0,0.0,0.0,0.0,11.11,14.58,16.67,0.0
United Kingdom,GBR,20200209,0.0,0.0,0.0,0.0,0.0,0.0,0.0,0.0,2.0,1.0,2.0,0.0,0.0,0.0,0.0,11.11,14.58,16.67,0.0
United Kingdom,GBR,20200210,0.0,0.0,0.0,0.0,0.0,0.0,0.0,0.0,2.0,1.0,2.0,0.0,0.0,0.0,0.0,11.11,14.58,16.67,0.0
United Kingdom,GBR,20200211,0.0,0.0,0.0,0.0,0.0,0.0,0.0,0.0,2.0,1.0,2.0,0.0,0.0,0.0,0.0,11.11,14.58,16.67,0.0
United Kingdom,GBR,20200212,0.0,0.0,0.0,0.0,0.0,0.0,0.0,0.0,2.0,1.0,2.0,0.0,0.0,0.0,0.0,11.11,14.58,16.67,0.0
United Kingdom,GBR,20200213,0.0,0.0,0.0,0.0,0.0,0.0,0.0,0.0,2.0,1.0,2.0,0.0,0.0,0.0,0.0,11.11,14.58,16.67,0.0
United Kingdom,GBR,20200214,0.0,0.0,0.0,0.0,0.0,0.0,0.0,0.0,2.0,1.0,2.0,0.0,0.0,0.0,0.0,11.11,14.58,16.67,0.0
United Kingdom,GBR,20200215,0.0,0.0,0.0,0.0,0.0,0.0,0.0,0.0,2.0,1.0,2.0,0.0,0.0,0.0,0.0,11.11,14.58,16.67,0.0
United Kingdom,GBR,20200216,0.0,0.0,0.0,0.0,0.0,0.0,0.0,0.0,2.0,1.0,2.0,0.0,0.0,0.0,0.0,11.11,14.58,16.67,0.0
United Kingdom,GBR,20200217,0.0,0.0,0.0,0.0,0.0,0.0,0.0,0.0,2.0,1.0,2.0,0.0,0.0,0.0,0.0,11.11,14.58,16.67,0.0
United Kingdom,GBR,20200218,0.0,0.0,0.0,0.0,0.0,0.0,0.0,0.0,2.0,1.0,2.0,0.0,0.0,0.0,0.0,11.11,14.58,16.67,0.0
United Kingdom,GBR,20200219,0.0,0.0,0.0,0.0,0.0,0.0,0.0,0.0,2.0,1.0,2.0,0.0,0.0,0.0,0.0,11.11,14.58,16.67,0.0
United Kingdom,GBR,20200220,0.0,0.0,0.0,0.0,0.0,0.0,0.0,0.0,2.0,1.0,2.0,0.0,0.0,0.0,0.0,11.11,14.58,16.67,0.0
United Kingdom,GBR,20200221,0.0,0.0,0.0,0.0,0.0,0.0,0.0,0.0,2.0,1.0,2.0,0.0,0.0,0.0,0.0,11.11,14.58,16.67,0.0
United Kingdom,GBR,20200222,0.0,0.0,0.0,0.0,0.0,0.0,0.0,0.0,2.0,1.0,2.0,0.0,0.0,0.0,0.0,11.11,14.58,16.67,0.0
United Kingdom,GBR,20200223,0.0,0.0,0.0,0.0,0.0,0.0,0.0,0.0,2.0,1.0,2.0,0.0,0.0,0.0,0.0,11.11,14.58,16.67,0.0
United Kingdom,GBR,20200224,0.0,0.0,0.0,0.0,0.0,0.0,0.0,0.0,2.0,1.0,2.0,0.0,0.0,0.0,0.0,11.11,14.58,16.67,0.0
United Kingdom,GBR,20200225,0.0,0.0,0.0,0.0,0.0,0.0,0.0,0.0,2.0,1.0,2.0,0.0,0.0,0.0,0.0,11.11,14.58,16.67,0.0
United Kingdom,GBR,20200226,0.0,0.0,0.0,0.0,0.0,0.0,0.0,0.0,2.0,1.0,2.0,0.0,0.0,0.0,0.0,11.11,14.58,16.67,0.0
United Kingdom,GBR,20200227,0.0,0.0,0.0,0.0,0.0,0.0,0.0,0.0,2.0,1.0,2.0,0.0,0.0,0.0,0.0,11.11,14.58,16.67,0.0
United Kingdom,GBR,20200228,0.0,0.0,0.0,0.0,0.0,0.0,0.0,0.0,2.0,1.0,2.0,0.0,0.0,0.0,0.0,11.11,14.58,16.67,0.0
United Kingdom,GBR,20200229,0.0,0.0,0.0,0.0,0.0,0.0,0.0,0.0,2.0,1.0,2.0,0.0,0.0,0.0,0.0,11.11,14.58,16.67,0.0
United Kingdom,GBR,20200301,0.0,0.0,0.0,0.0,0.0,0.0,0.0,0.0,2.0,1.0,2.0,0.0,0.0,0.0,0.0,11.11,14.58,16.67,0.0
United Kingdom,GBR,20200302,0.0,0.0,0.0,0.0,0.0,0.0,0.0,0.0,2.0,1.0,2.0,0.0,0.0,0.0,0.0,11.11,14.58,16.67,0.0
United Kingdom,GBR,20200303,0.0,0.0,0.0,0.0,0.0,0.0,0.0,0.0,2.0,1.0,2.0,0.0,0.0,0.0,0.0,11.11,14.58,16.67,0.0
United Kingdom,GBR,20200304,0.0,0.0,0.0,0.0,0.0,0.0,0.0,0.0,2.0,1.0,2.0,0.0,0.0,0.0,0.0,11.11,14.58,16.67,0.0
United Kingdom,GBR,20200305,0.0,0.0,0.0,0.0,0.0,0.0,0.0,0.0,2.0,1.0,2.0,0.0,0.0,0.0,0.0,11.11,14.58,16.67,0.0
United Kingdom,GBR,20200306,0.0,0.0,0.0,0.0,0.0,0.0,0.0,0.0,2.0,1.0,2.0,0.0,0.0,0.0,0.0,11.11,14.58,16.67,0.0
United Kingdom,GBR,20200307,0.0,0.0,0.0,0.0,0.0,0.0,0.0,0.0,2.0,1.0,2.0,0.0,0.0,0.0,0.0,11.11,14.58,16.67,0.0
United Kingdom,GBR,20200308,0.0,0.0,0.0,0.0,0.0,0.0,0.0,0.0,2.0,1.0,2.0,0.0,0.0,0.0,0.0,11.11,14.58,16.67,0.0
United Kingdom,GBR,20200309,0.0,0.0,0.0,0.0,0.0,0.0,0.0,0.0,2.0,1.0,2.0,0.0,0.0,0.0,0.0,11.11,14.58,16.67,0.0
United Kingdom,GBR,20200310,0.0,0.0,0.0,0.0,0.0,0.0,0.0,0.0,2.0,1.0,2.0,0.0,0.0,0.0,0.0,11.11,14.58,16.67,0.0
United Kingdom,GBR,20200311,0.0,0.0,0.0,0.0,0.0,0.0,0.0,0.0,2.0,1.0,2.0,0.0,0.0,0.0,0.0,11.11,14.58,16.67,0.0
United Kingdom,GBR,20200312,0.0,0.0,0.0,0.0,0.0,0.0,0.0,0.0,2.0,1.0,0.0,0.0,0.0,0.0,0.0,11.11,8.33,9.52,0.0
United Kingdom,GBR,20200313,0.0,0.0,0.0,0.0,0.0,1.0,0.0,0.0,2.0,1.0,0.0,0.0,0.0,0.0,0.0,12.96,9.38,10.71,0.0
United Kingdom,GBR,20200314,0.0,0.0,0.0,0.0,0.0,1.0,0.0,0.0,2.0,1.0,0.0,0.0,0.0,0.0,0.0,12.96,9.38,10.71,0.0
United Kingdom,GBR,20200315,0.0,0.0,0.0,0.0,0.0,1.0,0.0,0.0,2.0,1.0,0.0,0.0,0.0,0.0,0.0,12.96,9.38,10.71,0.0
United Kingdom,GBR,20200316,0.0,1.0,0.0,0.0,0.0,1.0,0.0,0.0,2.0,1.0,0.0,0.0,0.0,0.0,0.0,16.67,11.46,13.1,0.0
United Kingdom,GBR,20200317,0.0,1.0,1.0,0.0,0.0,1.0,0.0,0.0,2.0,1.0,0.0,0.0,0.0,0.0,0.0,22.22,17.71,16.67,25.0
United Kingdom,GBR,20200318,3.0,1.0,1.0,0.0,0.0,1.0,0.0,0.0,2.0,1.0,0.0,0.0,0.0,0.0,0.0,31.48,22.92,22.62,25.0
United Kingdom,GBR,20200319,3.0,1.0,1.0,0.0,0.0,1.0,0.0,0.0,2.0,1.0,0.0,0.0,0.0,0.0,0.0,31.48,26.04,22.62,50.0
United Kingdom,GBR,20200320,3.0,1.0,1.0,0.0,1.0,1.0,0.0,0.0,2.0,1.0,0.0,0.0,0.0,0.0,0.0,37.04,33.85,26.19,87.5
United Kingdom,GBR,20200321,3.0,3.0,2.0,0.0,1.0,1.0,0.0,0.0,2.0,1.0,0.0,0.0,0.0,0.0,0.0,47.22,39.58,32.74,87.5
United Kingdom,GBR,20200322,3.0,3.0,2.0,0.0,1.0,2.0,2.0,0.0,2.0,1.0,0.0,0.0,0.0,0.0,0.0,62.04,47.92,42.26,87.5
United Kingdom,GBR,20200323,3.0,3.0,2.0,4.0,1.0,2.0,2.0,0.0,2.0,1.0,0.0,0.0,0.0,3.0,0.0,78.24,63.28,59.82,87.5
United Kingdom,GBR,20200324,3.0,3.0,2.0,4.0,1.0,2.0,2.0,0.0,2.0,1.0,0.0,0.0,0.0,3.0,0.0,79.63,64.06,60.71,87.5
United Kingdom,GBR,20200325,3.0,3.0,2.0,4.0,1.0,2.0,2.0,0.0,2.0,1.0,0.0,0.0,0.0,3.0,0.0,79.63,64.06,60.71,87.5
United Kingdom,GBR,20200326,3.0,3.0,2.0,4.0,1.0,2.0,2.0,0.0,2.0,1.0,0.0,0.0,0.0,3.0,0.0,79.63,65.62,60.71,100.0
United Kingdom,GBR,20200327,3.0,3.0,2.0,4.0,1.0,2.0,2.0,0.0,2.0,1.0,0.0,0.0,0.0,3.0,0.0,79.63,65.62,60.71,100.0
United Kingdom,GBR,20200328,3.0,3.0,2.0,4.0,1.0,2.0,2.0,0.0,2.0,1.0,0.0,0.0,0.0,3.0,0.0,79.63,65.62,60.71,100.0
United Kingdom,GBR,20200329,3.0,3.0,2.0,4.0,1.0,2.0,2.0,0.0,2.0,1.0,0.0,0.0,0.0,3.0,0.0,79.63,65.62,60.71,100.0
United Kingdom,GBR,20200330,3.0,3.0,2.0,4.0,1.0,2.0,2.0,0.0,2.0,1.0,0.0,0.0,0.0,3.0,0.0,79.63,65.62,60.71,100.0
United Kingdom,GBR,20200331,3.0,3.0,2.0,4.0,1.0,2.0,2.0,0.0,2.0,1.0,0.0,0.0,0.0,3.0,0.0,79.63,65.62,60.71,100.0
United Kingdom,GBR,20200401,3.0,3.0,2.0,4.0,1.0,2.0,2.0,0.0,2.0,1.0,0.0,0.0,0.0,3.0,0.0,79.63,65.62,60.71,100.0
United Kingdom,GBR,20200402,3.0,3.0,2.0,4.0,1.0,2.0,2.0,0.0,2.0,1.0,0.0,0.0,0.0,3.0,0.0,79.63,65.62,60.71,100.0
United Kingdom,GBR,20200403,3.0,3.0,2.0,4.0,1.0,2.0,2.0,0.0,2.0,1.0,0.0,0.0,0.0,3.0,0.0,79.63,65.62,60.71,100.0
United Kingdom,GBR,20200404,3.0,3.0,2.0,4.0,1.0,2.0,2.0,0.0,2.0,1.0,0.0,0.0,0.0,3.0,0.0,79.63,65.62,60.71,100.0
United Kingdom,GBR,20200405,3.0,3.0,2.0,4.0,1.0,2.0,2.0,0.0,2.0,1.0,0.0,0.0,0.0,3.0,0.0,79.63,65.62,60.71,100.0
United Kingdom,GBR,20200406,3.0,3.0,2.0,4.0,1.0,2.0,2.0,0.0,2.0,1.0,0.0,0.0,0.0,3.0,0.0,79.63,65.62,60.71,100.0
United Kingdom,GBR,20200407,3.0,3.0,2.0,4.0,1.0,2.0,2.0,0.0,2.0,1.0,0.0,0.0,0.0,3.0,0.0,79.63,65.62,60.71,100.0
United Kingdom,GBR,20200408,3.0,3.0,2.0,4.0,1.0,2.0,2.0,0.0,2.0,1.0,0.0,0.0,0.0,3.0,0.0,79.63,65.62,60.71,100.0
United Kingdom,GBR,20200409,3.0,3.0,2.0,4.0,1.0,2.0,2.0,0.0,2.0,1.0,0.0,0.0,0.0,3.0,0.0,79.63,65.62,60.71,100.0
United Kingdom,GBR,20200410,3.0,3.0,2.0,4.0,1.0,2.0,2.0,0.0,2.0,1.0,0.0,0.0,0.0,3.0,0.0,79.63,65.62,60.71,100.0
United Kingdom,GBR,20200411,3.0,3.0,2.0,4.0,1.0,2.0,2.0,0.0,2.0,1.0,0.0,0.0,0.0,3.0,0.0,79.63,65.62,60.71,100.0
United Kingdom,GBR,20200412,3.0,3.0,2.0,4.0,1.0,2.0,2.0,0.0,2.0,1.0,0.0,0.0,0.0,3.0,0.0,79.63,65.62,60.71,100.0
United Kingdom,GBR,20200413,3.0,3.0,2.0,4.0,1.0,2.0,2.0,0.0,2.0,1.0,0.0,0.0,0.0,3.0,0.0,79.63,65.62,60.71,100.0
United Kingdom,GBR,20200414,3.0,3.0,2.0,4.0,1.0,2.0,2.0,0.0,2.0,1.0,0.0,0.0,0.0,3.0,0.0,79.63,65.62,60.71,100.0
United Kingdom,GBR,20200415,3.0,3.0,2.0,4.0,1.0,2.0,2.0,0.0,2.0,1.0,0.0,0.0,0.0,3.0,0.0,79.63,65.62,60.71,100.0
United Kingdom,GBR,20200416,3.0,3.0,2.0,4.0,1.0,2.0,2.0,0.0,2.0,1.0,0.0,0.0,0.0,3.0,0.0,79.63,65.62,60.71,100.0
United Kingdom,GBR,20200417,3.0,3.0,2.0,4.0,1.0,2.0,2.0,0.0,2.0,1.0,0.0,0.0,0.0,3.0,0.0,79.63,65.62,60.71,100.0
United Kingdom,GBR,20200418,3.0,3.0,2.0,4.0,1.0,2.0,2.0,0.0,2.0,1.0,0.0,0.0,0.0,3.0,0.0,79.63,65.62,60.71,100.0
United Kingdom,GBR,20200419,3.0,3.0,2.0,4.0,1.0,2.0,2.0,0.0,2.0,1.0,0.0,0.0,0.0,3.0,0.0,79.63,65.62,60.71,100.0
United Kingdom,GBR,20200420,3.0,3.0,2.0,4.0,1.0,2.0,2.0,0.0,2.0,1.0,0.0,0.0,0.0,3.0,0.0,79.63,65.62,60.71,100.0
United Kingdom,GBR,20200421,3.0,3.0,2.0,4.0,1.0,2.0,2.0,0.0,2.0,1.0,0.0,0.0,0.0,3.0,0.0,79.63,65.62,60.71,100.0
United Kingdom,GBR,20200422,3.0,3.0,2.0,4.0,1.0,2.0,2.0,0.0,2.0,1.0,0.0,0.0,0.0,3.0,0.0,79.63,65.62,60.71,100.0
United Kingdom,GBR,20200423,3.0,3.0,2.0,4.0,1.0,2.0,2.0,0.0,2.0,1.0,0.0,0.0,0.0,3.0,0.0,79.63,65.62,60.71,100.0
United Kingdom,GBR,20200424,3.0,3.0,2.0,4.0,1.0,2.0,2.0,0.0,2.0,1.0,0.0,0.0,0.0,3.0,0.0,79.63,65.62,60.71,100.0
United Kingdom,GBR,20200425,3.0,3.0,2.0,4.0,1.0,2.0,2.0,0.0,2.0,1.0,0.0,0.0,0.0,3.0,0.0,79.63,65.62,60.71,100.0
United Kingdom,GBR,20200426,3.0,3.0,2.0,4.0,1.0,2.0,2.0,0.0,2.0,1.0,0.0,0.0,0.0,3.0,0.0,79.63,65.62,60.71,100.0
United Kingdom,GBR,20200427,3.0,3.0,2.0,4.0,1.0,2.0,2.0,0.0,2.0,1.0,0.0,0.0,0.0,3.0,0.0,79.63,65.62,60.71,100.0
United Kingdom,GBR,20200428,3.0,3.0,2.0,4.0,1.0,2.0,2.0,0.0,2.0,1.0,0.0,1.0,0.0,3.0,0.0,79.63,66.41,61.61,100.0
United Kingdom,GBR,20200429,3.0,3.0,2.0,4.0,1.0,2.0,2.0,0.0,2.0,1.0,0.0,1.0,0.0,3.0,0.0,79.63,66.41,61.61,100.0
United Kingdom,GBR,20200430,3.0,3.0,2.0,4.0,1.0,2.0,2.0,0.0,2.0,1.0,0.0,1.0,0.0,3.0,0.0,79.63,66.41,61.61,100.0
United Kingdom,GBR,20200501,3.0,3.0,2.0,4.0,1.0,2.0,2.0,0.0,2.0,1.0,0.0,1.0,0.0,3.0,0.0,79.63,66.41,61.61,100.0
United Kingdom,GBR,20200502,3.0,3.0,2.0,4.0,1.0,2.0,2.0,0.0,2.0,1.0,0.0,1.0,0.0,3.0,0.0,79.63,66.41,61.61,100.0
United Kingdom,GBR,20200503,3.0,3.0,2.0,4.0,1.0,2.0,2.0,0.0,2.0,1.0,0.0,1.0,0.0,3.0,0.0,79.63,66.41,61.61,100.0
United Kingdom,GBR,20200504,3.0,3.0,2.0,4.0,1.0,2.0,2.0,0.0,2.0,1.0,0.0,1.0,0.0,3.0,0.0,79.63,66.41,61.61,100.0
United Kingdom,GBR,20200505,3.0,3.0,2.0,4.0,1.0,2.0,2.0,0.0,2.0,1.0,0.0,1.0,0.0,3.0,0.0,79.63,66.41,61.61,100.0
United Kingdom,GBR,20200506,3.0,3.0,2.0,4.0,1.0,2.0,2.0,0.0,2.0,1.0,0.0,1.0,0.0,3.0,0.0,79.63,66.41,61.61,100.0
United Kingdom,GBR,20200507,3.0,3.0,2.0,4.0,1.0,2.0,2.0,0.0,2.0,1.0,0.0,1.0,0.0,3.0,0.0,79.63,66.41,61.61,100.0
United Kingdom,GBR,20200508,3.0,3.0,2.0,4.0,1.0,2.0,2.0,0.0,2.0,1.0,0.0,1.0,0.0,3.0,0.0,79.63,66.41,61.61,100.0
United Kingdom,GBR,20200509,3.0,3.0,2.0,4.0,1.0,2.0,2.0,0.0,2.0,1.0,0.0,1.0,0.0,3.0,0.0,79.63,66.41,61.61,100.0
United Kingdom,GBR,20200510,3.0,3.0,2.0,4.0,1.0,2.0,2.0,0.0,2.0,1.0,0.0,1.0,0.0,3.0,0.0,79.63,66.41,61.61,100.0
United Kingdom,GBR,20200511,3.0,3.0,2.0,4.0,1.0,2.0,2.0,0.0,2.0,1.0,0.0,1.0,0.0,3.0,0.0,77.78,65.36,60.42,100.0
United Kingdom,GBR,20200512,3.0,3.0,2.0,4.0,1.0,2.0,2.0,0.0,2.0,1.0,0.0,1.0,0.0,3.0,0.0,77.78,65.36,60.42,100.0
United Kingdom,GBR,20200513,3.0,3.0,2.0,4.0,1.0,1.0,2.0,0.0,2.0,1.0,0.0,1.0,0.0,3.0,0.0,71.3,61.72,56.25,100.0
United Kingdom,GBR,20200514,3.0,3.0,2.0,4.0,1.0,1.0,2.0,0.0,2.0,1.0,0.0,1.0,0.0,3.0,0.0,71.3,61.72,56.25,100.0
United Kingdom,GBR,20200515,3.0,3.0,2.0,4.0,1.0,1.0,2.0,0.0,2.0,1.0,0.0,1.0,0.0,3.0,0.0,71.3,61.72,56.25,100.0
United Kingdom,GBR,20200516,3.0,3.0,2.0,4.0,1.0,1.0,2.0,0.0,2.0,1.0,0.0,1.0,0.0,3.0,0.0,71.3,61.72,56.25,100.0
United Kingdom,GBR,20200517,3.0,3.0,2.0,4.0,1.0,1.0,2.0,0.0,2.0,1.0,0.0,1.0,0.0,3.0,0.0,71.3,61.72,56.25,100.0
United Kingdom,GBR,20200518,3.0,3.0,2.0,4.0,1.0,1.0,2.0,0.0,2.0,2.0,0.0,1.0,0.0,3.0,0.0,71.3,63.8,58.63,100.0
United Kingdom,GBR,20200519,3.0,3.0,2.0,4.0,1.0,1.0,2.0,0.0,2.0,2.0,0.0,1.0,0.0,3.0,0.0,71.3,63.8,58.63,100.0
United Kingdom,GBR,20200520,3.0,3.0,2.0,4.0,1.0,1.0,2.0,0.0,2.0,2.0,0.0,1.0,0.0,3.0,0.0,71.3,63.8,58.63,100.0
United Kingdom,GBR,20200521,3.0,3.0,2.0,4.0,1.0,1.0,2.0,0.0,2.0,2.0,0.0,1.0,0.0,3.0,0.0,71.3,63.8,58.63,100.0
United Kingdom,GBR,20200522,3.0,3.0,2.0,4.0,1.0,1.0,2.0,0.0,2.0,2.0,0.0,1.0,0.0,3.0,0.0,71.3,63.8,58.63,100.0
United Kingdom,GBR,20200523,3.0,3.0,2.0,4.0,1.0,1.0,2.0,0.0,2.0,2.0,0.0,1.0,0.0,3.0,0.0,71.3,63.8,58.63,100.0
United Kingdom,GBR,20200524,3.0,3.0,2.0,4.0,1.0,1.0,2.0,0.0,2.0,2.0,0.0,1.0,0.0,3.0,0.0,71.3,63.8,58.63,100.0
United Kingdom,GBR,20200525,3.0,3.0,2.0,4.0,1.0,1.0,2.0,0.0,2.0,2.0,0.0,1.0,0.0,3.0,0.0,71.3,63.8,58.63,100.0
United Kingdom,GBR,20200526,3.0,3.0,2.0,4.0,1.0,1.0,2.0,0.0,2.0,2.0,0.0,1.0,0.0,3.0,0.0,71.3,63.8,58.63,100.0
United Kingdom,GBR,20200527,3.0,3.0,2.0,4.0,1.0,1.0,2.0,0.0,2.0,2.0,1.0,1.0,0.0,3.0,0.0,71.3,66.93,62.2,100.0
United Kingdom,GBR,20200528,3.0,3.0,2.0,4.0,1.0,1.0,2.0,0.0,2.0,2.0,1.0,1.0,0.0,3.0,0.0,71.3,66.93,62.2,100.0
United Kingdom,GBR,20200529,3.0,2.0,2.0,4.0,1.0,1.0,2.0,0.0,2.0,2.0,1.0,1.0,0.0,3.0,0.0,69.44,65.89,61.01,100.0
United Kingdom,GBR,20200530,3.0,2.0,2.0,4.0,1.0,1.0,2.0,0.0,2.0,2.0,1.0,1.0,0.0,3.0,0.0,69.44,65.89,61.01,100.0
United Kingdom,GBR,20200531,3.0,2.0,2.0,4.0,1.0,1.0,2.0,0.0,2.0,2.0,1.0,1.0,0.0,3.0,0.0,69.44,65.89,61.01,100.0
United Kingdom,GBR,20200601,3.0,2.0,2.0,4.0,1.0,1.0,2.0,0.0,2.0,2.0,2.0,1.0,0.0,3.0,0.0,67.59,67.97,63.39,100.0
United Kingdom,GBR,20200602,3.0,2.0,2.0,4.0,1.0,1.0,2.0,0.0,2.0,2.0,2.0,1.0,0.0,3.0,0.0,67.59,67.97,63.39,100.0
United Kingdom,GBR,20200603,3.0,2.0,2.0,4.0,1.0,1.0,2.0,0.0,2.0,2.0,2.0,1.0,0.0,3.0,0.0,67.59,67.97,63.39,100.0
United Kingdom,GBR,20200604,3.0,2.0,2.0,4.0,1.0,1.0,2.0,0.0,2.0,2.0,2.0,1.0,0.0,3.0,0.0,67.59,67.97,63.39,100.0
United Kingdom,GBR,20200605,3.0,2.0,2.0,4.0,1.0,1.0,2.0,0.0,2.0,2.0,2.0,1.0,0.0,3.0,0.0,67.59,67.97,63.39,100.0
United Kingdom,GBR,20200606,3.0,2.0,2.0,4.0,1.0,1.0,2.0,0.0,2.0,2.0,2.0,1.0,0.0,3.0,0.0,67.59,67.97,63.39,100.0
United Kingdom,GBR,20200607,3.0,2.0,2.0,4.0,1.0,1.0,2.0,0.0,2.0,2.0,2.0,1.0,0.0,3.0,0.0,67.59,67.97,63.39,100.0
United Kingdom,GBR,20200608,3.0,2.0,2.0,4.0,1.0,1.0,2.0,2.0,2.0,2.0,2.0,1.0,0.0,3.0,0.0,73.15,71.09,66.96,100.0
United Kingdom,GBR,20200609,3.0,2.0,2.0,4.0,1.0,1.0,2.0,2.0,2.0,2.0,2.0,1.0,0.0,3.0,0.0,73.15,71.09,66.96,100.0
United Kingdom,GBR,20200610,3.0,2.0,2.0,4.0,1.0,1.0,2.0,2.0,2.0,2.0,2.0,1.0,0.0,3.0,0.0,73.15,71.09,66.96,100.0
United Kingdom,GBR,20200611,3.0,2.0,2.0,4.0,1.0,1.0,2.0,2.0,2.0,2.0,2.0,1.0,0.0,3.0,0.0,73.15,71.09,66.96,100.0
United Kingdom,GBR,20200612,3.0,2.0,2.0,4.0,1.0,1.0,2.0,2.0,2.0,2.0,2.0,1.0,0.0,3.0,0.0,73.15,71.09,66.96,100.0
United Kingdom,GBR,20200613,3.0,2.0,2.0,4.0,1.0,1.0,2.0,2.0,2.0,2.0,2.0,1.0,0.0,3.0,0.0,73.15,71.09,66.96,100.0
United Kingdom,GBR,20200614,3.0,2.0,2.0,4.0,1.0,1.0,2.0,2.0,2.0,2.0,2.0,1.0,0.0,3.0,0.0,73.15,71.09,66.96,100.0
United Kingdom,GBR,20200615,3.0,2.0,2.0,4.0,1.0,1.0,2.0,2.0,2.0,2.0,2.0,1.0,0.0,3.0,0.0,71.3,70.05,65.77,100.0
United Kingdom,GBR,20200616,3.0,2.0,2.0,4.0,1.0,1.0,2.0,2.0,2.0,2.0,2.0,1.0,0.0,3.0,0.0,71.3,70.05,65.77,100.0
United Kingdom,GBR,20200617,3.0,2.0,2.0,4.0,1.0,1.0,2.0,2.0,2.0,2.0,2.0,1.0,0.0,3.0,0.0,71.3,70.05,65.77,100.0
United Kingdom,GBR,20200618,3.0,2.0,2.0,4.0,1.0,1.0,2.0,2.0,2.0,2.0,2.0,1.0,0.0,3.0,0.0,71.3,70.05,65.77,100.0
United Kingdom,GBR,20200619,3.0,2.0,2.0,4.0,1.0,1.0,2.0,2.0,2.0,2.0,2.0,1.0,0.0,3.0,0.0,71.3,70.05,65.77,100.0
United Kingdom,GBR,20200620,3.0,2.0,2.0,4.0,1.0,1.0,2.0,2.0,2.0,2.0,2.0,1.0,0.0,3.0,0.0,71.3,70.05,65.77,100.0
United Kingdom,GBR,20200621,3.0,2.0,2.0,4.0,1.0,1.0,2.0,2.0,2.0,2.0,2.0,1.0,0.0,3.0,0.0,71.3,70.05,65.77,100.0
United Kingdom,GBR,20200622,3.0,2.0,2.0,4.0,1.0,1.0,2.0,2.0,2.0,2.0,2.0,2.0,0.0,3.0,0.0,71.3,71.61,67.56,100.0
United Kingdom,GBR,20200623,3.0,2.0,2.0,4.0,1.0,1.0,2.0,2.0,2.0,2.0,2.0,2.0,0.0,3.0,0.0,71.3,71.61,67.56,100.0
United Kingdom,GBR,20200624,3.0,2.0,2.0,4.0,1.0,1.0,2.0,2.0,2.0,2.0,2.0,2.0,0.0,3.0,0.0,71.3,71.61,67.56,100.0
United Kingdom,GBR,20200625,3.0,2.0,2.0,4.0,1.0,1.0,2.0,2.0,2.0,2.0,2.0,2.0,0.0,3.0,0.0,71.3,71.61,67.56,100.0
United Kingdom,GBR,20200626,3.0,2.0,2.0,4.0,1.0,1.0,2.0,2.0,2.0,2.0,2.0,2.0,0.0,3.0,0.0,71.3,71.61,67.56,100.0
United Kingdom,GBR,20200627,3.0,2.0,2.0,4.0,1.0,1.0,2.0,2.0,2.0,2.0,2.0,2.0,0.0,3.0,0.0,71.3,71.61,67.56,100.0
United Kingdom,GBR,20200628,3.0,2.0,2.0,4.0,1.0,1.0,2.0,2.0,2.0,2.0,2.0,2.0,0.0,3.0,0.0,71.3,71.61,67.56,100.0
United Kingdom,GBR,20200629,3.0,2.0,2.0,4.0,1.0,1.0,2.0,2.0,2.0,2.0,2.0,2.0,0.0,3.0,0.0,71.3,71.61,67.56,100.0
United Kingdom,GBR,20200630,3.0,2.0,2.0,4.0,1.0,1.0,2.0,2.0,2.0,2.0,2.0,2.0,0.0,3.0,0.0,71.3,71.61,67.56,100.0
United Kingdom,GBR,20200701,3.0,2.0,2.0,4.0,1.0,1.0,2.0,2.0,2.0,2.0,2.0,2.0,0.0,3.0,0.0,71.3,71.61,67.56,100.0
United Kingdom,GBR,20200702,3.0,2.0,2.0,4.0,1.0,1.0,2.0,2.0,2.0,2.0,2.0,2.0,0.0,3.0,0.0,71.3,71.61,67.56,100.0
United Kingdom,GBR,20200703,3.0,2.0,2.0,4.0,1.0,1.0,2.0,2.0,2.0,2.0,2.0,2.0,0.0,3.0,0.0,71.3,71.61,67.56,100.0
United Kingdom,GBR,20200704,3.0,2.0,2.0,4.0,1.0,1.0,2.0,2.0,2.0,2.0,2.0,2.0,0.0,3.0,0.0,69.91,70.83,66.67,100.0
United Kingdom,GBR,20200705,3.0,2.0,2.0,4.0,1.0,1.0,2.0,2.0,2.0,2.0,2.0,2.0,0.0,3.0,0.0,69.91,70.83,66.67,100.0
United Kingdom,GBR,20200706,3.0,2.0,2.0,4.0,1.0,1.0,1.0,2.0,2.0,2.0,2.0,2.0,0.0,3.0,0.0,64.35,66.67,61.9,100.0
United Kingdom,GBR,20200707,3.0,2.0,2.0,4.0,1.0,1.0,1.0,2.0,2.0,2.0,2.0,2.0,0.0,3.0,0.0,64.35,66.67,61.9,100.0
United Kingdom,GBR,20200708,3.0,2.0,2.0,4.0,1.0,1.0,1.0,2.0,2.0,2.0,2.0,2.0,0.0,3.0,0.0,64.35,66.67,61.9,100.0
United Kingdom,GBR,20200709,3.0,2.0,2.0,4.0,1.0,1.0,1.0,2.0,2.0,2.0,2.0,2.0,0.0,3.0,0.0,64.35,66.67,61.9,100.0
United Kingdom,GBR,20200710,3.0,2.0,2.0,4.0,1.0,1.0,1.0,2.0,2.0,2.0,2.0,2.0,0.0,3.0,0.0,64.35,66.67,61.9,100.0
United Kingdom,GBR,20200711,3.0,2.0,2.0,4.0,1.0,1.0,1.0,2.0,2.0,2.0,2.0,2.0,0.0,3.0,0.0,64.35,66.67,61.9,100.0
United Kingdom,GBR,20200712,3.0,2.0,2.0,4.0,1.0,1.0,1.0,2.0,2.0,2.0,2.0,2.0,0.0,3.0,0.0,64.35,66.67,61.9,100.0
United Kingdom,GBR,20200713,3.0,2.0,2.0,4.0,1.0,1.0,1.0,2.0,2.0,2.0,2.0,2.0,0.0,3.0,0.0,64.35,66.67,61.9,100.0
United Kingdom,GBR,20200714,3.0,2.0,2.0,4.0,1.0,1.0,1.0,2.0,2.0,2.0,2.0,2.0,0.0,3.0,0.0,64.35,66.67,61.9,100.0
United Kingdom,GBR,20200715,3.0,2.0,2.0,4.0,1.0,1.0,1.0,2.0,2.0,2.0,2.0,2.0,0.0,3.0,0.0,64.35,66.67,61.9,100.0
United Kingdom,GBR,20200716,3.0,2.0,2.0,4.0,1.0,1.0,1.0,2.0,2.0,2.0,2.0,2.0,0.0,3.0,0.0,64.35,66.67,61.9,100.0
United Kingdom,GBR,20200717,3.0,2.0,2.0,4.0,1.0,1.0,1.0,2.0,2.0,2.0,2.0,2.0,0.0,3.0,0.0,64.35,66.67,61.9,100.0
United Kingdom,GBR,20200718,3.0,2.0,2.0,4.0,1.0,1.0,1.0,2.0,2.0,2.0,2.0,2.0,0.0,3.0,0.0,64.35,66.67,61.9,100.0
United Kingdom,GBR,20200719,3.0,2.0,2.0,4.0,1.0,1.0,1.0,2.0,2.0,2.0,2.0,2.0,0.0,3.0,0.0,64.35,66.67,61.9,100.0
United Kingdom,GBR,20200720,3.0,2.0,2.0,4.0,1.0,1.0,1.0,2.0,2.0,2.0,2.0,2.0,0.0,3.0,0.0,64.35,66.67,61.9,100.0
United Kingdom,GBR,20200721,3.0,2.0,2.0,4.0,1.0,1.0,1.0,2.0,2.0,2.0,2.0,2.0,0.0,3.0,0.0,64.35,66.67,61.9,100.0
United Kingdom,GBR,20200722,3.0,2.0,2.0,4.0,1.0,1.0,1.0,2.0,2.0,2.0,2.0,2.0,0.0,3.0,0.0,64.35,66.67,61.9,100.0
United Kingdom,GBR,20200723,3.0,2.0,2.0,4.0,1.0,1.0,1.0,2.0,2.0,2.0,2.0,2.0,0.0,3.0,0.0,64.35,66.67,61.9,100.0
United Kingdom,GBR,20200724,3.0,2.0,2.0,4.0,1.0,1.0,1.0,2.0,2.0,2.0,2.0,2.0,0.0,3.0,0.0,64.35,66.67,61.9,100.0
United Kingdom,GBR,20200725,3.0,2.0,2.0,4.0,1.0,1.0,1.0,2.0,2.0,2.0,2.0,2.0,0.0,3.0,0.0,64.35,66.67,61.9,100.0
United Kingdom,GBR,20200726,3.0,2.0,2.0,4.0,1.0,1.0,1.0,2.0,2.0,2.0,2.0,2.0,0.0,3.0,0.0,64.35,66.67,61.9,100.0
United Kingdom,GBR,20200727,3.0,2.0,2.0,4.0,1.0,1.0,1.0,2.0,2.0,2.0,2.0,2.0,0.0,3.0,0.0,64.35,66.67,61.9,100.0
United Kingdom,GBR,20200728,3.0,2.0,2.0,4.0,1.0,1.0,1.0,2.0,2.0,2.0,2.0,2.0,0.0,3.0,0.0,64.35,66.67,61.9,100.0
United Kingdom,GBR,20200729,3.0,2.0,2.0,4.0,1.0,1.0,1.0,2.0,2.0,2.0,2.0,2.0,0.0,3.0,0.0,64.35,66.67,61.9,100.0
United Kingdom,GBR,20200730,3.0,2.0,2.0,4.0,1.0,1.0,1.0,2.0,2.0,2.0,2.0,2.0,0.0,3.0,0.0,64.35,66.67,61.9,100.0
United Kingdom,GBR,20200731,3.0,2.0,2.0,4.0,1.0,1.0,1.0,2.0,2.0,2.0,2.0,2.0,0.0,3.0,0.0,64.35,66.67,61.9,100.0
United Kingdom,GBR,20200801,3.0,2.0,2.0,4.0,1.0,1.0,2.0,2.0,2.0,2.0,2.0,2.0,0.0,3.0,0.0,69.91,69.79,65.48,100.0
United Kingdom,GBR,20200802,3.0,2.0,2.0,4.0,1.0,1.0,2.0,2.0,2.0,2.0,2.0,2.0,0.0,3.0,0.0,69.91,69.79,65.48,100.0
United Kingdom,GBR,20200803,3.0,2.0,2.0,4.0,1.0,1.0,2.0,2.0,2.0,2.0,2.0,2.0,0.0,3.0,0.0,69.91,69.79,65.48,100.0
United Kingdom,GBR,20200804,3.0,2.0,2.0,4.0,1.0,1.0,2.0,2.0,2.0,2.0,2.0,2.0,0.0,3.0,0.0,69.91,69.79,65.48,100.0
United Kingdom,GBR,20200805,3.0,2.0,2.0,4.0,1.0,1.0,2.0,2.0,2.0,2.0,2.0,2.0,0.0,3.0,0.0,69.91,69.79,65.48,100.0
United Kingdom,GBR,20200806,3.0,2.0,2.0,4.0,1.0,1.0,2.0,2.0,2.0,2.0,2.0,2.0,0.0,3.0,0.0,69.91,69.79,65.48,100.0
United Kingdom,GBR,20200807,3.0,2.0,2.0,4.0,1.0,1.0,2.0,2.0,2.0,2.0,2.0,2.0,0.0,3.0,0.0,69.91,69.79,65.48,100.0
United Kingdom,GBR,20200808,3.0,2.0,2.0,4.0,1.0,1.0,2.0,2.0,2.0,2.0,2.0,2.0,0.0,3.0,0.0,69.91,69.79,65.48,100.0
United Kingdom,GBR,20200809,3.0,2.0,2.0,4.0,1.0,1.0,2.0,2.0,2.0,2.0,2.0,2.0,0.0,3.0,0.0,69.91,69.79,65.48,100.0
United Kingdom,GBR,20200810,3.0,2.0,2.0,4.0,1.0,1.0,2.0,2.0,2.0,2.0,2.0,2.0,0.0,3.0,0.0,69.91,69.79,65.48,100.0
United Kingdom,GBR,20200811,3.0,2.0,2.0,4.0,1.0,1.0,2.0,2.0,2.0,2.0,2.0,2.0,0.0,3.0,0.0,69.91,69.79,65.48,100.0
United Kingdom,GBR,20200812,3.0,2.0,2.0,4.0,1.0,1.0,2.0,2.0,2.0,2.0,2.0,2.0,0.0,3.0,0.0,69.91,69.79,65.48,100.0
United Kingdom,GBR,20200813,2.0,2.0,2.0,4.0,1.0,1.0,2.0,2.0,2.0,2.0,2.0,2.0,0.0,3.0,0.0,66.2,67.71,63.1,100.0
United Kingdom,GBR,20200814,2.0,2.0,2.0,4.0,1.0,1.0,2.0,2.0,2.0,2.0,2.0,2.0,0.0,3.0,0.0,66.2,67.71,63.1,100.0
United Kingdom,GBR,20200815,2.0,2.0,2.0,4.0,1.0,1.0,2.0,2.0,2.0,2.0,2.0,2.0,0.0,3.0,0.0,66.2,67.71,63.1,100.0
United Kingdom,GBR,20200816,2.0,2.0,2.0,4.0,1.0,1.0,2.0,2.0,2.0,2.0,2.0,2.0,0.0,3.0,0.0,66.2,67.71,63.1,100.0
United Kingdom,GBR,20200817,2.0,2.0,2.0,4.0,1.0,1.0,2.0,2.0,2.0,2.0,2.0,3.0,0.0,3.0,0.0,66.2,69.27,64.88,100.0
United Kingdom,GBR,20200818,2.0,2.0,2.0,4.0,1.0,1.0,2.0,2.0,2.0,2.0,2.0,3.0,0.0,3.0,0.0,66.2,69.27,64.88,100.0
United Kingdom,GBR,20200819,2.0,2.0,2.0,4.0,1.0,1.0,2.0,2.0,2.0,2.0,2.0,3.0,0.0,3.0,0.0,66.2,69.27,64.88,100.0
United Kingdom,GBR,20200820,2.0,2.0,2.0,4.0,1.0,1.0,2.0,2.0,2.0,2.0,2.0,3.0,0.0,3.0,0.0,66.2,69.27,64.88,100.0
United Kingdom,GBR,20200821,2.0,2.0,2.0,4.0,1.0,1.0,2.0,2.0,2.0,2.0,2.0,3.0,0.0,3.0,0.0,66.2,69.27,64.88,100.0
United Kingdom,GBR,20200822,2.0,2.0,2.0,4.0,1.0,1.0,2.0,2.0,2.0,2.0,2.0,3.0,0.0,3.0,0.0,66.2,69.27,64.88,100.0
United Kingdom,GBR,20200823,2.0,2.0,2.0,4.0,1.0,1.0,2.0,2.0,2.0,2.0,2.0,3.0,0.0,3.0,0.0,66.2,69.27,64.88,100.0
United Kingdom,GBR,20200824,2.0,2.0,2.0,4.0,1.0,1.0,2.0,2.0,2.0,2.0,2.0,3.0,0.0,3.0,0.0,66.2,69.27,64.88,100.0
United Kingdom,GBR,20200825,2.0,2.0,2.0,4.0,1.0,1.0,2.0,2.0,2.0,2.0,2.0,3.0,0.0,3.0,0.0,66.2,69.27,64.88,100.0
United Kingdom,GBR,20200826,2.0,2.0,2.0,4.0,1.0,1.0,2.0,2.0,2.0,2.0,2.0,3.0,0.0,3.0,0.0,66.2,69.27,64.88,100.0
United Kingdom,GBR,20200827,2.0,2.0,2.0,4.0,1.0,1.0,2.0,2.0,2.0,2.0,2.0,3.0,0.0,3.0,0.0,66.2,69.27,64.88,100.0
United Kingdom,GBR,20200828,2.0,2.0,2.0,4.0,1.0,1.0,2.0,2.0,2.0,2.0,2.0,3.0,0.0,3.0,0.0,66.2,69.27,64.88,100.0
United Kingdom,GBR,20200829,2.0,2.0,2.0,4.0,1.0,1.0,2.0,2.0,2.0,2.0,2.0,3.0,0.0,3.0,0.0,66.2,69.27,64.88,100.0
United Kingdom,GBR,20200830,2.0,2.0,2.0,4.0,1.0,1.0,2.0,2.0,2.0,2.0,1.0,3.0,0.0,3.0,0.0,66.2,66.15,61.31,100.0
United Kingdom,GBR,20200831,2.0,2.0,2.0,4.0,1.0,1.0,2.0,2.0,2.0,2.0,1.0,3.0,0.0,3.0,0.0,66.2,66.15,61.31,100.0
United Kingdom,GBR,20200901,1.0,2.0,2.0,4.0,1.0,1.0,2.0,2.0,2.0,2.0,1.0,3.0,0.0,3.0,0.0,64.35,65.1,60.12,100.0
United Kingdom,GBR,20200902,1.0,2.0,2.0,4.0,1.0,1.0,2.0,2.0,2.0,2.0,1.0,3.0,0.0,3.0,0.0,64.35,65.1,60.12,100.0
United Kingdom,GBR,20200903,1.0,2.0,2.0,4.0,1.0,1.0,2.0,2.0,2.0,2.0,1.0,3.0,0.0,3.0,0.0,64.35,65.1,60.12,100.0
United Kingdom,GBR,20200904,1.0,2.0,2.0,4.0,1.0,1.0,2.0,2.0,2.0,2.0,1.0,3.0,0.0,3.0,0.0,64.35,65.1,60.12,100.0
United Kingdom,GBR,20200905,1.0,2.0,2.0,4.0,1.0,1.0,2.0,2.0,2.0,2.0,1.0,3.0,0.0,3.0,0.0,64.35,65.1,60.12,100.0
United Kingdom,GBR,20200906,1.0,2.0,2.0,4.0,1.0,1.0,2.0,2.0,2.0,2.0,1.0,3.0,0.0,3.0,0.0,64.35,65.1,60.12,100.0
United Kingdom,GBR,20200907,1.0,2.0,2.0,4.0,1.0,1.0,2.0,2.0,2.0,2.0,1.0,3.0,0.0,3.0,0.0,64.35,65.1,60.12,100.0
United Kingdom,GBR,20200908,1.0,2.0,2.0,4.0,1.0,1.0,2.0,2.0,2.0,2.0,1.0,3.0,0.0,3.0,0.0,64.35,65.1,60.12,100.0
United Kingdom,GBR,20200909,1.0,2.0,2.0,4.0,1.0,1.0,2.0,2.0,2.0,2.0,1.0,3.0,0.0,3.0,0.0,64.35,65.1,60.12,100.0
United Kingdom,GBR,20200910,1.0,2.0,2.0,4.0,1.0,1.0,2.0,2.0,2.0,2.0,1.0,3.0,0.0,3.0,0.0,64.35,65.1,60.12,100.0
United Kingdom,GBR,20200911,1.0,2.0,2.0,4.0,1.0,1.0,2.0,2.0,2.0,2.0,1.0,3.0,0.0,3.0,0.0,64.35,65.1,60.12,100.0
United Kingdom,GBR,20200912,1.0,2.0,2.0,4.0,1.0,1.0,2.0,2.0,2.0,2.0,1.0,3.0,0.0,3.0,0.0,64.35,65.1,60.12,100.0
United Kingdom,GBR,20200913,1.0,2.0,2.0,4.0,1.0,1.0,2.0,2.0,2.0,2.0,1.0,3.0,0.0,3.0,0.0,64.35,65.1,60.12,100.0
United Kingdom,GBR,20200914,1.0,2.0,2.0,4.0,1.0,1.0,2.0,2.0,2.0,2.0,1.0,3.0,0.0,3.0,0.0,65.74,65.89,61.01,100.0
United Kingdom,GBR,20200915,1.0,2.0,2.0,4.0,1.0,1.0,2.0,2.0,2.0,2.0,1.0,3.0,0.0,3.0,0.0,65.74,65.89,61.01,100.0
United Kingdom,GBR,20200916,1.0,2.0,2.0,4.0,1.0,1.0,2.0,2.0,2.0,2.0,1.0,3.0,0.0,3.0,0.0,65.74,65.89,61.01,100.0
United Kingdom,GBR,20200917,1.0,2.0,2.0,4.0,1.0,1.0,2.0,2.0,2.0,2.0,1.0,3.0,0.0,3.0,0.0,65.74,65.89,61.01,100.0
United Kingdom,GBR,20200918,1.0,2.0,2.0,4.0,1.0,1.0,2.0,2.0,2.0,2.0,1.0,3.0,0.0,3.0,0.0,65.74,65.89,61.01,100.0
United Kingdom,GBR,20200919,1.0,2.0,2.0,4.0,1.0,1.0,2.0,2.0,2.0,2.0,1.0,3.0,0.0,3.0,0.0,65.74,65.89,61.01,100.0
United Kingdom,GBR,20200920,1.0,2.0,2.0,4.0,1.0,1.0,2.0,2.0,2.0,2.0,1.0,3.0,0.0,3.0,0.0,65.74,65.89,61.01,100.0
United Kingdom,GBR,20200921,1.0,2.0,2.0,4.0,1.0,1.0,2.0,2.0,2.0,2.0,1.0,3.0,0.0,3.0,0.0,65.74,65.89,61.01,100.0
United Kingdom,GBR,20200922,1.0,2.0,2.0,4.0,1.0,1.0,2.0,2.0,2.0,2.0,1.0,3.0,0.0,3.0,0.0,65.74,65.89,61.01,100.0
United Kingdom,GBR,20200923,1.0,2.0,2.0,4.0,1.0,1.0,2.0,2.0,2.0,2.0,1.0,3.0,0.0,3.0,0.0,65.74,65.89,61.01,100.0
United Kingdom,GBR,20200924,1.0,2.0,2.0,4.0,1.0,1.0,2.0,2.0,2.0,2.0,1.0,3.0,0.0,3.0,0.0,67.59,66.93,62.2,100.0
United Kingdom,GBR,20200925,1.0,2.0,2.0,4.0,1.0,1.0,2.0,2.0,2.0,2.0,1.0,3.0,0.0,3.0,0.0,67.59,66.93,62.2,100.0
United Kingdom,GBR,20200926,1.0,2.0,2.0,4.0,1.0,1.0,2.0,2.0,2.0,2.0,1.0,3.0,0.0,3.0,0.0,67.59,66.93,62.2,100.0
United Kingdom,GBR,20200927,1.0,2.0,2.0,4.0,1.0,1.0,2.0,2.0,2.0,2.0,1.0,3.0,0.0,3.0,0.0,67.59,66.93,62.2,100.0
United Kingdom,GBR,20200928,1.0,2.0,2.0,4.0,1.0,1.0,2.0,2.0,2.0,2.0,1.0,3.0,0.0,3.0,0.0,67.59,66.93,62.2,100.0
United Kingdom,GBR,20200929,1.0,2.0,2.0,4.0,1.0,1.0,2.0,2.0,2.0,2.0,1.0,3.0,0.0,3.0,0.0,67.59,66.93,62.2,100.0
United Kingdom,GBR,20200930,1.0,2.0,2.0,4.0,1.0,1.0,2.0,2.0,2.0,2.0,1.0,3.0,0.0,3.0,0.0,67.59,66.93,62.2,100.0
United Kingdom,GBR,20201001,1.0,2.0,2.0,4.0,1.0,1.0,2.0,2.0,2.0,2.0,1.0,3.0,0.0,3.0,0.0,67.59,66.93,62.2,100.0
United Kingdom,GBR,20201002,1.0,2.0,2.0,4.0,1.0,1.0,2.0,2.0,2.0,2.0,1.0,3.0,0.0,3.0,0.0,67.59,66.93,62.2,100.0
United Kingdom,GBR,20201003,1.0,2.0,2.0,4.0,1.0,1.0,2.0,2.0,2.0,2.0,1.0,3.0,0.0,3.0,0.0,67.59,66.93,62.2,100.0
United Kingdom,GBR,20201004,1.0,2.0,2.0,4.0,1.0,1.0,2.0,2.0,2.0,2.0,1.0,3.0,0.0,3.0,0.0,67.59,66.93,62.2,100.0
United Kingdom,GBR,20201005,1.0,2.0,2.0,4.0,1.0,1.0,2.0,2.0,2.0,2.0,1.0,3.0,0.0,3.0,0.0,67.59,66.93,62.2,100.0
United Kingdom,GBR,20201006,1.0,2.0,2.0,4.0,1.0,1.0,2.0,2.0,2.0,2.0,1.0,3.0,0.0,3.0,0.0,67.59,66.93,62.2,100.0
United Kingdom,GBR,20201007,1.0,2.0,2.0,4.0,1.0,1.0,2.0,2.0,2.0,2.0,1.0,3.0,0.0,3.0,0.0,67.59,66.93,62.2,100.0
United Kingdom,GBR,20201008,1.0,2.0,2.0,4.0,1.0,1.0,2.0,2.0,2.0,2.0,1.0,3.0,0.0,3.0,0.0,67.59,66.93,62.2,100.0
United Kingdom,GBR,20201009,1.0,2.0,2.0,4.0,1.0,1.0,2.0,2.0,2.0,2.0,1.0,3.0,0.0,3.0,0.0,67.59,66.93,62.2,100.0
United Kingdom,GBR,20201010,1.0,2.0,2.0,4.0,1.0,1.0,2.0,2.0,2.0,2.0,1.0,3.0,0.0,3.0,0.0,67.59,66.93,62.2,100.0
United Kingdom,GBR,20201011,1.0,2.0,2.0,4.0,1.0,1.0,2.0,2.0,2.0,2.0,1.0,3.0,0.0,3.0,0.0,67.59,66.93,62.2,100.0
United Kingdom,GBR,20201012,1.0,2.0,2.0,4.0,1.0,1.0,1.0,2.0,2.0,2.0,1.0,3.0,0.0,3.0,0.0,60.19,62.76,57.44,100.0
United Kingdom,GBR,20201013,1.0,2.0,2.0,4.0,1.0,1.0,1.0,2.0,2.0,2.0,1.0,3.0,0.0,3.0,0.0,60.19,62.76,57.44,100.0
United Kingdom,GBR,20201014,1.0,2.0,2.0,4.0,1.0,1.0,1.0,2.0,2.0,2.0,1.0,3.0,0.0,3.0,0.0,60.19,63.54,58.33,100.0
United Kingdom,GBR,20201015,1.0,2.0,2.0,4.0,1.0,1.0,1.0,2.0,2.0,2.0,1.0,3.0,0.0,3.0,0.0,60.19,63.54,58.33,100.0
United Kingdom,GBR,20201016,1.0,2.0,2.0,4.0,1.0,1.0,1.0,2.0,2.0,2.0,1.0,3.0,0.0,3.0,0.0,60.19,63.54,58.33,100.0
United Kingdom,GBR,20201017,1.0,2.0,2.0,4.0,1.0,1.0,1.0,2.0,2.0,2.0,1.0,3.0,0.0,3.0,0.0,60.19,63.54,58.33,100.0
United Kingdom,GBR,20201018,1.0,2.0,2.0,4.0,1.0,1.0,1.0,2.0,2.0,2.0,1.0,3.0,0.0,3.0,0.0,60.19,63.54,58.33,100.0
United Kingdom,GBR,20201019,3.0,2.0,2.0,4.0,1.0,1.0,1.0,2.0,2.0,2.0,1.0,3.0,0.0,3.0,0.0,65.74,66.67,61.9,100.0
United Kingdom,GBR,20201020,3.0,2.0,2.0,4.0,1.0,1.0,1.0,2.0,2.0,2.0,1.0,3.0,0.0,3.0,0.0,65.74,66.67,61.9,100.0
United Kingdom,GBR,20201021,3.0,2.0,2.0,4.0,1.0,1.0,1.0,2.0,2.0,2.0,1.0,3.0,0.0,3.0,0.0,65.74,66.67,61.9,100.0
United Kingdom,GBR,20201022,3.0,2.0,2.0,4.0,1.0,1.0,1.0,2.0,2.0,2.0,1.0,3.0,0.0,3.0,0.0,67.59,67.71,63.1,100.0
United Kingdom,GBR,20201023,3.0,2.0,2.0,4.0,1.0,2.0,2.0,2.0,2.0,2.0,1.0,3.0,0.0,3.0,0.0,75.0,71.88,67.86,100.0
United Kingdom,GBR,20201024,3.0,2.0,2.0,4.0,1.0,2.0,2.0,2.0,2.0,2.0,1.0,3.0,0.0,3.0,0.0,75.0,71.88,67.86,100.0
United Kingdom,GBR,20201025,3.0,2.0,2.0,4.0,1.0,2.0,2.0,2.0,2.0,2.0,1.0,3.0,0.0,3.0,0.0,75.0,71.88,67.86,100.0
United Kingdom,GBR,20201026,3.0,2.0,2.0,4.0,1.0,2.0,2.0,2.0,2.0,2.0,1.0,3.0,0.0,3.0,0.0,75.0,71.88,67.86,100.0
United Kingdom,GBR,20201027,3.0,2.0,2.0,4.0,1.0,2.0,2.0,2.0,2.0,2.0,1.0,3.0,0.0,3.0,0.0,75.0,71.88,67.86,100.0
United Kingdom,GBR,20201028,3.0,2.0,2.0,4.0,1.0,2.0,2.0,2.0,2.0,2.0,1.0,3.0,0.0,3.0,0.0,75.0,71.88,67.86,100.0
United Kingdom,GBR,20201029,3.0,2.0,2.0,4.0,1.0,2.0,2.0,2.0,2.0,2.0,1.0,3.0,0.0,3.0,0.0,75.0,71.88,67.86,100.0
United Kingdom,GBR,20201030,3.0,2.0,2.0,4.0,1.0,2.0,2.0,2.0,2.0,2.0,1.0,3.0,0.0,3.0,0.0,75.0,71.88,67.86,100.0
United Kingdom,GBR,20201031,3.0,2.0,2.0,4.0,1.0,2.0,2.0,2.0,2.0,2.0,1.0,3.0,0.0,3.0,0.0,75.0,71.88,67.86,100.0
United Kingdom,GBR,20201101,3.0,2.0,2.0,4.0,1.0,2.0,2.0,2.0,2.0,2.0,1.0,3.0,0.0,3.0,0.0,75.0,71.88,67.86,100.0
United Kingdom,GBR,20201102,3.0,2.0,2.0,4.0,1.0,2.0,2.0,2.0,2.0,2.0,1.0,3.0,0.0,3.0,0.0,75.0,71.88,67.86,100.0
United Kingdom,GBR,20201103,3.0,2.0,2.0,4.0,1.0,2.0,2.0,2.0,2.0,2.0,1.0,3.0,0.0,3.0,0.0,75.0,71.88,67.86,100.0
United Kingdom,GBR,20201104,3.0,2.0,2.0,4.0,1.0,2.0,2.0,2.0,2.0,2.0,1.0,3.0,0.0,3.0,0.0,75.0,71.88,67.86,100.0
United Kingdom,GBR,20201105,3.0,2.0,2.0,4.0,1.0,2.0,2.0,2.0,2.0,2.0,1.0,3.0,0.0,3.0,0.0,75.0,71.88,67.86,100.0
United Kingdom,GBR,20201106,3.0,3.0,2.0,4.0,1.0,1.0,1.0,2.0,2.0,2.0,1.0,3.0,0.0,3.0,0.0,72.22,70.31,66.07,100.0
United Kingdom,GBR,20201107,3.0,3.0,2.0,4.0,1.0,1.0,1.0,2.0,2.0,2.0,1.0,3.0,0.0,3.0,0.0,72.22,70.31,66.07,100.0
United Kingdom,GBR,20201108,3.0,3.0,2.0,4.0,1.0,1.0,1.0,2.0,2.0,2.0,1.0,3.0,0.0,3.0,0.0,72.22,70.31,66.07,100.0
United Kingdom,GBR,20201109,1.0,3.0,2.0,4.0,1.0,1.0,1.0,2.0,2.0,2.0,1.0,3.0,0.0,3.0,0.0,66.67,67.19,62.5,100.0
United Kingdom,GBR,20201110,1.0,2.0,2.0,4.0,1.0,1.0,1.0,2.0,2.0,2.0,1.0,3.0,0.0,3.0,0.0,64.81,66.15,61.31,100.0
United Kingdom,GBR,20201111,1.0,2.0,2.0,4.0,1.0,1.0,1.0,2.0,2.0,2.0,1.0,3.0,0.0,3.0,0.0,64.81,66.15,61.31,100.0
United Kingdom,GBR,20201112,1.0,2.0,2.0,4.0,1.0,1.0,1.0,2.0,2.0,2.0,1.0,3.0,0.0,3.0,0.0,64.81,66.15,61.31,100.0
United Kingdom,GBR,20201113,1.0,2.0,2.0,4.0,1.0,1.0,1.0,2.0,2.0,2.0,1.0,3.0,0.0,3.0,0.0,64.81,66.15,61.31,100.0
United Kingdom,GBR,20201114,1.0,2.0,2.0,4.0,1.0,1.0,1.0,2.0,2.0,2.0,1.0,3.0,0.0,3.0,0.0,64.81,66.15,61.31,100.0
United Kingdom,GBR,20201115,1.0,2.0,2.0,4.0,1.0,1.0,1.0,2.0,2.0,2.0,1.0,3.0,0.0,3.0,0.0,64.81,66.15,61.31,100.0
United Kingdom,GBR,20201116,1.0,2.0,2.0,4.0,1.0,1.0,1.0,2.0,2.0,2.0,1.0,3.0,0.0,3.0,0.0,64.81,66.15,61.31,100.0
United Kingdom,GBR,20201117,1.0,2.0,2.0,4.0,1.0,1.0,1.0,2.0,2.0,2.0,1.0,3.0,0.0,3.0,0.0,64.81,66.15,61.31,100.0
United Kingdom,GBR,20201118,1.0,2.0,2.0,4.0,1.0,1.0,1.0,2.0,2.0,2.0,1.0,3.0,0.0,3.0,0.0,64.81,66.15,61.31,100.0
United Kingdom,GBR,20201119,1.0,2.0,2.0,4.0,1.0,1.0,1.0,2.0,2.0,2.0,1.0,3.0,0.0,3.0,0.0,64.81,66.15,61.31,100.0
United Kingdom,GBR,20201120,1.0,2.0,2.0,4.0,1.0,1.0,2.0,2.0,2.0,2.0,1.0,3.0,0.0,3.0,0.0,67.59,67.71,63.1,100.0
United Kingdom,GBR,20201121,1.0,2.0,2.0,4.0,1.0,1.0,2.0,2.0,2.0,2.0,1.0,3.0,0.0,3.0,0.0,67.59,67.71,63.1,100.0
United Kingdom,GBR,20201122,1.0,2.0,2.0,4.0,1.0,1.0,2.0,2.0,2.0,2.0,1.0,3.0,0.0,3.0,0.0,67.59,67.71,63.1,100.0
United Kingdom,GBR,20201123,1.0,2.0,2.0,4.0,1.0,1.0,2.0,2.0,2.0,2.0,1.0,3.0,0.0,3.0,0.0,67.59,67.71,63.1,100.0
United Kingdom,GBR,20201124,1.0,2.0,2.0,4.0,1.0,1.0,2.0,2.0,2.0,2.0,1.0,3.0,0.0,3.0,0.0,67.59,67.71,63.1,100.0
United Kingdom,GBR,20201125,1.0,2.0,2.0,4.0,1.0,1.0,2.0,2.0,2.0,2.0,1.0,3.0,0.0,3.0,0.0,67.59,67.71,63.1,100.0
United Kingdom,GBR,20201126,1.0,2.0,2.0,4.0,1.0,1.0,2.0,2.0,2.0,2.0,1.0,3.0,0.0,3.0,0.0,67.59,67.71,63.1,100.0
United Kingdom,GBR,20201127,1.0,2.0,2.0,4.0,1.0,1.0,2.0,2.0,2.0,2.0,1.0,3.0,0.0,3.0,0.0,67.59,67.71,63.1,100.0
United Kingdom,GBR,20201128,1.0,2.0,2.0,4.0,1.0,1.0,2.0,2.0,2.0,2.0,1.0,3.0,0.0,3.0,0.0,67.59,67.71,63.1,100.0
United Kingdom,GBR,20201129,1.0,2.0,2.0,4.0,1.0,1.0,2.0,2.0,2.0,2.0,1.0,3.0,0.0,3.0,0.0,67.59,67.71,63.1,100.0
United Kingdom,GBR,20201130,1.0,2.0,2.0,4.0,1.0,1.0,2.0,2.0,2.0,2.0,1.0,3.0,0.0,3.0,0.0,67.59,67.71,63.1,100.0
United Kingdom,GBR,20201201,1.0,2.0,2.0,4.0,1.0,1.0,2.0,2.0,2.0,2.0,1.0,3.0,0.0,3.0,0.0,67.59,67.71,63.1,100.0
United Kingdom,GBR,20201202,1.0,2.0,2.0,4.0,1.0,1.0,2.0,2.0,2.0,2.0,1.0,3.0,0.0,3.0,0.0,67.59,67.71,63.1,100.0
United Kingdom,GBR,20201203,1.0,2.0,2.0,4.0,1.0,0.0,2.0,2.0,2.0,2.0,1.0,3.0,0.0,3.0,0.0,63.89,65.62,60.71,100.0
United Kingdom,GBR,20201204,1.0,2.0,2.0,4.0,1.0,0.0,2.0,2.0,2.0,2.0,1.0,3.0,0.0,3.0,0.0,63.89,65.62,60.71,100.0
United Kingdom,GBR,20201205,1.0,2.0,2.0,4.0,1.0,0.0,2.0,2.0,2.0,2.0,1.0,3.0,0.0,3.0,0.0,63.89,65.62,60.71,100.0
United Kingdom,GBR,20201206,1.0,2.0,2.0,4.0,1.0,0.0,2.0,2.0,2.0,2.0,1.0,3.0,0.0,3.0,0.0,63.89,65.62,60.71,100.0
United Kingdom,GBR,20201207,1.0,2.0,2.0,4.0,1.0,0.0,2.0,2.0,2.0,2.0,1.0,3.0,0.0,3.0,0.0,63.89,65.62,60.71,100.0
United Kingdom,GBR,20201208,1.0,2.0,2.0,4.0,1.0,1.0,2.0,2.0,2.0,2.0,1.0,3.0,3.0,3.0,0.0,67.59,71.46,67.38,100.0
United Kingdom,GBR,20201209,1.0,2.0,2.0,4.0,1.0,1.0,2.0,2.0,2.0,2.0,1.0,3.0,3.0,3.0,0.0,67.59,71.46,67.38,100.0
United Kingdom,GBR,20201210,1.0,2.0,2.0,4.0,1.0,1.0,2.0,2.0,2.0,2.0,1.0,3.0,3.0,3.0,0.0,67.59,71.46,67.38,100.0
United Kingdom,GBR,20201211,1.0,2.0,2.0,4.0,1.0,1.0,2.0,2.0,2.0,2.0,1.0,3.0,3.0,3.0,0.0,67.59,71.46,67.38,100.0
United Kingdom,GBR,20201212,1.0,2.0,2.0,4.0,1.0,1.0,2.0,2.0,2.0,2.0,1.0,3.0,3.0,3.0,0.0,67.59,71.46,67.38,100.0
United Kingdom,GBR,20201213,1.0,2.0,2.0,4.0,1.0,1.0,2.0,2.0,2.0,2.0,1.0,3.0,3.0,3.0,0.0,67.59,71.46,67.38,100.0
United Kingdom,GBR,20201214,3.0,2.0,2.0,4.0,1.0,1.0,2.0,2.0,2.0,2.0,1.0,3.0,3.0,3.0,0.0,73.15,74.58,70.95,100.0
United Kingdom,GBR,20201215,3.0,2.0,2.0,4.0,1.0,1.0,2.0,2.0,2.0,2.0,1.0,3.0,3.0,3.0,0.0,73.15,74.58,70.95,100.0
United Kingdom,GBR,20201216,3.0,2.0,2.0,4.0,1.0,1.0,2.0,2.0,2.0,2.0,1.0,3.0,3.0,3.0,0.0,73.15,74.58,70.95,100.0
United Kingdom,GBR,20201217,3.0,2.0,2.0,4.0,1.0,1.0,2.0,2.0,2.0,2.0,1.0,3.0,3.0,3.0,0.0,73.15,74.58,70.95,100.0
United Kingdom,GBR,20201218,3.0,2.0,2.0,4.0,1.0,1.0,2.0,2.0,2.0,2.0,1.0,3.0,3.0,3.0,0.0,73.15,74.58,70.95,100.0
United Kingdom,GBR,20201219,3.0,3.0,2.0,4.0,1.0,2.0,2.0,2.0,2.0,2.0,1.0,3.0,3.0,3.0,0.0,76.85,76.67,73.33,100.0
United Kingdom,GBR,20201220,3.0,3.0,2.0,4.0,1.0,2.0,2.0,2.0,2.0,2.0,1.0,3.0,3.0,3.0,0.0,76.85,76.67,73.33,100.0
United Kingdom,GBR,20201221,3.0,3.0,2.0,4.0,1.0,2.0,2.0,2.0,2.0,2.0,1.0,3.0,3.0,3.0,0.0,76.85,76.67,73.33,100.0
United Kingdom,GBR,20201222,3.0,3.0,2.0,4.0,1.0,2.0,2.0,2.0,2.0,2.0,1.0,3.0,3.0,3.0,0.0,76.85,76.67,73.33,100.0
United Kingdom,GBR,20201223,3.0,3.0,2.0,4.0,1.0,2.0,2.0,2.0,2.0,2.0,1.0,3.0,3.0,3.0,0.0,76.85,76.67,73.33,100.0
United Kingdom,GBR,20201224,3.0,3.0,2.0,4.0,1.0,2.0,2.0,3.0,2.0,2.0,1.0,3.0,3.0,3.0,0.0,79.63,78.23,75.12,100.0
United Kingdom,GBR,20201225,3.0,3.0,2.0,3.0,1.0,2.0,2.0,3.0,2.0,2.0,1.0,3.0,3.0,3.0,0.0,75.46,75.89,72.44,100.0
United Kingdom,GBR,20201226,3.0,3.0,2.0,4.0,1.0,2.0,2.0,3.0,2.0,2.0,1.0,3.0,3.0,3.0,0.0,79.63,79.27,76.31,100.0
United Kingdom,GBR,20201227,3.0,3.0,2.0,4.0,1.0,2.0,2.0,3.0,2.0,2.0,1.0,3.0,3.0,3.0,0.0,79.63,79.27,76.31,100.0
United Kingdom,GBR,20201228,3.0,3.0,2.0,4.0,1.0,2.0,2.0,3.0,2.0,2.0,1.0,3.0,3.0,3.0,0.0,79.63,79.27,76.31,100.0
United Kingdom,GBR,20201229,3.0,3.0,2.0,4.0,1.0,2.0,2.0,3.0,2.0,2.0,1.0,3.0,3.0,3.0,0.0,79.63,79.27,76.31,100.0
United Kingdom,GBR,20201230,3.0,3.0,2.0,4.0,1.0,2.0,2.0,3.0,2.0,2.0,1.0,3.0,3.0,3.0,0.0,79.63,79.27,76.31,100.0
United Kingdom,GBR,20201231,3.0,3.0,2.0,4.0,1.0,2.0,2.0,3.0,2.0,2.0,1.0,3.0,3.0,3.0,0.0,79.63,79.27,76.31,100.0
United Kingdom,GBR,20210101,3.0,3.0,2.0,4.0,1.0,2.0,2.0,3.0,2.0,2.0,1.0,3.0,3.0,3.0,0.0,79.63,79.27,76.31,100.0
United Kingdom,GBR,20210102,3.0,3.0,2.0,4.0,1.0,2.0,2.0,3.0,2.0,2.0,1.0,3.0,3.0,3.0,0.0,79.63,79.27,76.31,100.0
United Kingdom,GBR,20210103,3.0,3.0,2.0,4.0,1.0,2.0,2.0,3.0,2.0,2.0,1.0,3.0,3.0,3.0,0.0,79.63,79.27,76.31,100.0
United Kingdom,GBR,20210104,3.0,3.0,2.0,4.0,1.0,2.0,2.0,3.0,2.0,2.0,1.0,3.0,3.0,3.0,0.0,79.63,79.27,76.31,100.0
United Kingdom,GBR,20210105,3.0,3.0,2.0,4.0,1.0,2.0,2.0,3.0,2.0,2.0,1.0,3.0,3.0,3.0,0.0,87.96,83.96,81.67,100.0
United Kingdom,GBR,20210106,3.0,3.0,2.0,4.0,1.0,2.0,2.0,3.0,2.0,2.0,1.0,3.0,3.0,3.0,0.0,87.96,83.96,81.67,100.0
United Kingdom,GBR,20210107,3.0,3.0,2.0,4.0,1.0,2.0,2.0,3.0,2.0,2.0,1.0,3.0,3.0,3.0,0.0,87.96,83.96,81.67,100.0
United Kingdom,GBR,20210108,3.0,3.0,2.0,4.0,1.0,2.0,2.0,3.0,2.0,2.0,1.0,3.0,3.0,3.0,0.0,87.96,83.96,81.67,100.0
United Kingdom,GBR,20210109,3.0,3.0,2.0,4.0,1.0,2.0,2.0,3.0,2.0,2.0,1.0,3.0,3.0,3.0,0.0,87.96,83.96,81.67,100.0
United Kingdom,GBR,20210110,3.0,3.0,2.0,4.0,1.0,2.0,2.0,3.0,2.0,2.0,1.0,3.0,3.0,3.0,0.58,87.96,83.96,81.67,100.0
United Kingdom,GBR,20210111,3.0,3.0,2.0,4.0,1.0,2.0,2.0,3.0,2.0,2.0,1.0,3.0,3.0,3.0,0.61,87.96,83.96,81.67,100.0
United Kingdom,GBR,20210112,3.0,3.0,2.0,4.0,1.0,2.0,2.0,3.0,2.0,2.0,1.0,3.0,3.0,3.0,0.63,87.96,83.96,81.67,100.0
United Kingdom,GBR,20210113,3.0,3.0,2.0,4.0,1.0,2.0,2.0,3.0,2.0,2.0,1.0,3.0,3.0,3.0,0.65,87.96,83.96,81.67,100.0
United Kingdom,GBR,20210114,3.0,3.0,2.0,4.0,1.0,2.0,2.0,3.0,2.0,2.0,1.0,3.0,3.0,3.0,0.66,87.96,83.96,81.67,100.0
United Kingdom,GBR,20210115,3.0,3.0,2.0,4.0,1.0,2.0,2.0,3.0,2.0,2.0,1.0,3.0,3.0,3.0,0.66,87.96,83.96,81.67,100.0
United Kingdom,GBR,20210116,3.0,3.0,2.0,4.0,1.0,2.0,2.0,3.0,2.0,2.0,1.0,3.0,3.0,3.0,0.67,87.96,83.96,81.67,100.0
United Kingdom,GBR,20210117,3.0,3.0,2.0,4.0,1.0,2.0,2.0,3.0,2.0,2.0,1.0,3.0,3.0,3.0,0.67,87.96,83.96,81.67,100.0
United Kingdom,GBR,20210118,3.0,3.0,2.0,4.0,1.0,2.0,2.0,3.0,2.0,2.0,1.0,3.0,3.0,3.0,0.68,87.96,83.96,81.67,100.0
United Kingdom,GBR,20210119,3.0,3.0,2.0,4.0,1.0,2.0,2.0,3.0,2.0,2.0,1.0,3.0,3.0,3.0,0.68,87.96,83.96,81.67,100.0
United Kingdom,GBR,20210120,3.0,3.0,2.0,4.0,1.0,2.0,2.0,3.0,2.0,2.0,1.0,3.0,3.0,3.0,0.69,87.96,83.96,81.67,100.0
United Kingdom,GBR,20210121,3.0,3.0,2.0,4.0,1.0,2.0,2.0,3.0,2.0,2.0,1.0,3.0,3.0,3.0,0.69,87.96,83.96,81.67,100.0
United Kingdom,GBR,20210122,3.0,3.0,2.0,4.0,1.0,2.0,2.0,3.0,2.0,2.0,1.0,3.0,3.0,3.0,0.69,87.96,83.96,81.67,100.0
United Kingdom,GBR,20210123,3.0,3.0,2.0,4.0,1.0,2.0,2.0,3.0,2.0,2.0,1.0,3.0,3.0,3.0,0.7,87.96,83.96,81.67,100.0
United Kingdom,GBR,20210124,3.0,3.0,2.0,4.0,1.0,2.0,2.0,3.0,2.0,2.0,1.0,3.0,3.0,3.0,0.7,87.96,83.96,81.67,100.0
United Kingdom,GBR,20210125,3.0,3.0,2.0,4.0,1.0,2.0,2.0,3.0,2.0,2.0,1.0,3.0,3.0,3.0,0.7,87.96,83.96,81.67,100.0
United Kingdom,GBR,20210126,3.0,3.0,2.0,4.0,1.0,2.0,2.0,3.0,2.0,2.0,1.0,3.0,3.0,3.0,0.7,87.96,83.96,81.67,100.0
United Kingdom,GBR,20210127,3.0,3.0,2.0,4.0,1.0,2.0,2.0,3.0,2.0,2.0,1.0,3.0,3.0,3.0,0.71,87.96,83.96,81.67,100.0
United Kingdom,GBR,20210128,3.0,3.0,2.0,4.0,1.0,2.0,2.0,3.0,2.0,2.0,1.0,3.0,3.0,3.0,0.71,87.96,83.96,81.67,100.0
United Kingdom,GBR,20210129,3.0,3.0,2.0,4.0,1.0,2.0,2.0,3.0,2.0,2.0,1.0,3.0,3.0,3.0,0.71,87.96,83.96,81.67,100.0
United Kingdom,GBR,20210130,3.0,3.0,2.0,4.0,1.0,2.0,2.0,3.0,2.0,2.0,1.0,3.0,3.0,3.0,0.73,87.96,83.96,81.67,100.0
United Kingdom,GBR,20210131,3.0,3.0,2.0,4.0,1.0,2.0,2.0,3.0,2.0,2.0,1.0,3.0,3.0,3.0,0.73,87.96,83.96,81.67,100.0
United Kingdom,GBR,20210201,3.0,3.0,2.0,4.0,1.0,2.0,2.0,3.0,2.0,2.0,1.0,3.0,3.0,3.0,0.74,87.96,83.96,81.67,100.0
United Kingdom,GBR,20210202,3.0,3.0,2.0,4.0,1.0,2.0,2.0,3.0,2.0,2.0,1.0,3.0,3.0,3.0,0.74,87.96,83.96,81.67,100.0
United Kingdom,GBR,20210203,3.0,3.0,2.0,4.0,1.0,2.0,2.0,3.0,2.0,2.0,1.0,3.0,3.0,3.0,0.74,87.96,83.96,81.67,100.0
United Kingdom,GBR,20210204,3.0,3.0,2.0,4.0,1.0,2.0,2.0,3.0,2.0,2.0,1.0,3.0,3.0,3.0,0.75,87.96,83.96,81.67,100.0
United Kingdom,GBR,20210205,3.0,3.0,2.0,4.0,1.0,2.0,2.0,3.0,2.0,2.0,1.0,3.0,3.0,3.0,0.76,87.96,83.96,81.67,100.0
United Kingdom,GBR,20210206,3.0,3.0,2.0,4.0,1.0,2.0,2.0,3.0,2.0,2.0,1.0,3.0,3.0,3.0,0.76,87.96,83.96,81.67,100.0
United Kingdom,GBR,20210207,3.0,3.0,2.0,4.0,1.0,2.0,2.0,3.0,2.0,2.0,1.0,3.0,3.0,3.0,0.76,87.96,83.96,81.67,100.0
United Kingdom,GBR,20210208,3.0,3.0,2.0,4.0,1.0,2.0,2.0,3.0,2.0,2.0,1.0,3.0,3.0,3.0,0.76,87.96,83.96,81.67,100.0
United Kingdom,GBR,20210209,3.0,3.0,2.0,4.0,1.0,2.0,2.0,3.0,2.0,2.0,1.0,3.0,3.0,3.0,0.77,87.96,83.96,81.67,100.0
United Kingdom,GBR,20210210,3.0,3.0,2.0,4.0,1.0,2.0,2.0,3.0,2.0,2.0,1.0,3.0,3.0,3.0,0.78,87.96,83.96,81.67,100.0
United Kingdom,GBR,20210211,3.0,3.0,2.0,4.0,1.0,2.0,2.0,3.0,2.0,2.0,1.0,3.0,3.0,3.0,0.79,87.96,83.96,81.67,100.0
United Kingdom,GBR,20210212,3.0,3.0,2.0,4.0,1.0,2.0,2.0,3.0,2.0,2.0,1.0,3.0,3.0,3.0,0.79,87.96,83.96,81.67,100.0
United Kingdom,GBR,20210213,3.0,3.0,2.0,4.0,1.0,2.0,2.0,3.0,2.0,2.0,1.0,3.0,3.0,3.0,0.8,87.96,83.96,81.67,100.0
United Kingdom,GBR,20210214,3.0,3.0,2.0,4.0,1.0,2.0,2.0,3.0,2.0,2.0,1.0,3.0,3.0,3.0,0.8,87.96,83.96,81.67,100.0
United Kingdom,GBR,20210215,3.0,3.0,2.0,4.0,1.0,2.0,2.0,3.0,2.0,2.0,1.0,3.0,3.0,3.0,0.81,87.96,83.96,81.67,100.0
United Kingdom,GBR,20210216,3.0,3.0,2.0,4.0,1.0,2.0,2.0,3.0,2.0,2.0,1.0,3.0,3.0,3.0,0.83,87.96,83.96,81.67,100.0
United Kingdom,GBR,20210217,3.0,3.0,2.0,4.0,1.0,2.0,2.0,3.0,2.0,2.0,1.0,3.0,3.0,3.0,0.85,87.96,83.96,81.67,100.0
United Kingdom,GBR,20210218,3.0,3.0,2.0,4.0,1.0,2.0,2.0,3.0,2.0,2.0,1.0,3.0,3.0,3.0,0.87,87.96,83.96,81.67,100.0
United Kingdom,GBR,20210219,3.0,3.0,2.0,4.0,1.0,2.0,2.0,3.0,2.0,2.0,1.0,3.0,3.0,3.0,0.9,87.96,83.96,81.67,100.0
United Kingdom,GBR,20210220,3.0,3.0,2.0,4.0,1.0,2.0,2.0,3.0,2.0,2.0,1.0,3.0,3.0,3.0,0.91,87.96,83.96,81.67,100.0
United Kingdom,GBR,20210221,3.0,3.0,2.0,4.0,1.0,2.0,2.0,3.0,2.0,2.0,1.0,3.0,3.0,3.0,0.92,87.96,83.96,81.67,100.0
United Kingdom,GBR,20210222,3.0,3.0,2.0,4.0,1.0,2.0,2.0,3.0,2.0,2.0,1.0,3.0,3.0,3.0,0.95,86.11,81.88,79.29,100.0
United Kingdom,GBR,20210223,3.0,3.0,2.0,4.0,1.0,2.0,2.0,3.0,2.0,2.0,1.0,3.0,3.0,3.0,0.99,86.11,81.88,79.29,100.0
United Kingdom,GBR,20210224,3.0,3.0,2.0,4.0,1.0,2.0,2.0,3.0,2.0,2.0,1.0,3.0,3.0,3.0,1.04,86.11,81.88,79.29,100.0
United Kingdom,GBR,20210225,3.0,3.0,2.0,4.0,1.0,2.0,2.0,3.0,2.0,2.0,1.0,3.0,3.0,3.0,1.09,86.11,81.88,79.29,100.0
United Kingdom,GBR,20210226,3.0,3.0,2.0,4.0,1.0,2.0,2.0,3.0,2.0,2.0,1.0,3.0,3.0,3.0,1.14,86.11,81.88,79.29,100.0
United Kingdom,GBR,20210227,3.0,3.0,2.0,4.0,1.0,2.0,2.0,3.0,2.0,2.0,1.0,3.0,3.0,3.0,1.18,86.11,81.88,79.29,100.0
United Kingdom,GBR,20210228,3.0,3.0,2.0,4.0,1.0,2.0,2.0,3.0,2.0,2.0,1.0,3.0,3.0,3.0,1.21,86.11,81.88,79.29,100.0
United Kingdom,GBR,20210301,3.0,3.0,2.0,4.0,1.0,2.0,2.0,3.0,2.0,2.0,1.0,3.0,3.0,3.0,1.25,86.11,81.88,79.29,100.0
United Kingdom,GBR,20210302,3.0,3.0,2.0,4.0,1.0,2.0,2.0,3.0,2.0,2.0,1.0,3.0,3.0,3.0,1.33,86.11,81.88,79.29,100.0
United Kingdom,GBR,20210303,3.0,3.0,2.0,4.0,1.0,2.0,2.0,3.0,2.0,2.0,1.0,3.0,3.0,3.0,1.43,86.11,81.88,79.29,100.0
United Kingdom,GBR,20210304,3.0,3.0,2.0,4.0,1.0,2.0,2.0,3.0,2.0,2.0,1.0,3.0,3.0,3.0,1.53,86.11,81.88,79.29,100.0
United Kingdom,GBR,20210305,3.0,3.0,2.0,4.0,1.0,2.0,2.0,3.0,2.0,2.0,1.0,3.0,3.0,3.0,1.62,86.11,81.88,79.29,100.0
United Kingdom,GBR,20210306,3.0,3.0,2.0,4.0,1.0,2.0,2.0,3.0,2.0,2.0,1.0,3.0,3.0,3.0,1.66,86.11,81.88,79.29,100.0
United Kingdom,GBR,20210307,3.0,3.0,2.0,4.0,1.0,2.0,2.0,3.0,2.0,2.0,1.0,3.0,3.0,3.0,1.69,86.11,81.88,79.29,100.0
United Kingdom,GBR,20210308,2.0,3.0,2.0,4.0,1.0,2.0,2.0,3.0,2.0,2.0,1.0,3.0,3.0,3.0,1.75,82.41,79.79,76.9,100.0
United Kingdom,GBR,20210309,2.0,3.0,2.0,4.0,1.0,2.0,2.0,3.0,2.0,2.0,1.0,3.0,3.0,3.0,1.86,82.41,79.79,76.9,100.0
United Kingdom,GBR,20210310,2.0,3.0,2.0,4.0,1.0,2.0,2.0,3.0,2.0,2.0,1.0,3.0,3.0,3.0,2.0,82.41,79.79,76.9,100.0
United Kingdom,GBR,20210311,2.0,3.0,2.0,4.0,1.0,2.0,2.0,3.0,2.0,2.0,1.0,3.0,3.0,3.0,2.14,82.41,79.79,76.9,100.0
United Kingdom,GBR,20210312,2.0,3.0,2.0,4.0,1.0,2.0,2.0,3.0,2.0,2.0,1.0,3.0,3.0,3.0,2.27,82.41,79.79,76.9,100.0
United Kingdom,GBR,20210313,2.0,3.0,2.0,4.0,1.0,2.0,2.0,3.0,2.0,2.0,1.0,3.0,3.0,2.0,2.35,80.56,77.71,74.52,100.0
United Kingdom,GBR,20210314,2.0,3.0,2.0,4.0,1.0,2.0,2.0,3.0,2.0,2.0,1.0,3.0,3.0,2.0,2.39,80.56,77.71,74.52,100.0
United Kingdom,GBR,20210315,2.0,3.0,2.0,4.0,1.0,2.0,2.0,3.0,2.0,2.0,1.0,3.0,3.0,2.0,2.46,78.7,76.67,73.33,100.0
United Kingdom,GBR,20210316,2.0,3.0,2.0,4.0,1.0,2.0,2.0,3.0,2.0,2.0,1.0,3.0,3.0,2.0,2.61,78.7,76.67,73.33,100.0
United Kingdom,GBR,20210317,2.0,3.0,2.0,4.0,1.0,2.0,2.0,3.0,2.0,2.0,1.0,3.0,4.0,2.0,2.78,78.7,77.92,74.76,100.0
United Kingdom,GBR,20210318,2.0,3.0,2.0,4.0,1.0,2.0,2.0,3.0,2.0,2.0,1.0,3.0,4.0,2.0,2.98,78.7,77.92,74.76,100.0
United Kingdom,GBR,20210319,2.0,3.0,2.0,4.0,1.0,2.0,2.0,3.0,2.0,2.0,1.0,3.0,4.0,2.0,3.17,78.7,77.92,74.76,100.0
United Kingdom,GBR,20210320,2.0,3.0,2.0,4.0,1.0,2.0,2.0,3.0,2.0,2.0,1.0,3.0,4.0,2.0,3.3,78.7,77.92,74.76,100.0
United Kingdom,GBR,20210321,2.0,3.0,2.0,4.0,1.0,2.0,2.0,3.0,2.0,2.0,1.0,3.0,4.0,2.0,3.38,78.7,77.92,74.76,100.0
United Kingdom,GBR,20210322,2.0,3.0,2.0,4.0,1.0,2.0,2.0,3.0,2.0,2.0,1.0,3.0,4.0,2.0,3.5,78.7,77.92,74.76,100.0
United Kingdom,GBR,20210323,2.0,3.0,2.0,4.0,1.0,2.0,2.0,3.0,2.0,2.0,1.0,3.0,4.0,2.0,3.75,78.7,77.92,74.76,100.0
United Kingdom,GBR,20210324,2.0,3.0,2.0,4.0,1.0,2.0,2.0,3.0,2.0,2.0,1.0,3.0,4.0,2.0,4.11,78.7,77.92,74.76,100.0
United Kingdom,GBR,20210325,2.0,3.0,2.0,4.0,1.0,2.0,2.0,3.0,2.0,2.0,1.0,3.0,4.0,2.0,4.46,78.7,77.92,74.76,100.0
United Kingdom,GBR,20210326,2.0,3.0,2.0,4.0,1.0,2.0,2.0,3.0,2.0,2.0,1.0,3.0,4.0,2.0,4.88,78.7,77.92,74.76,100.0
United Kingdom,GBR,20210327,2.0,3.0,2.0,4.0,1.0,2.0,1.0,3.0,2.0,2.0,1.0,3.0,4.0,2.0,5.23,70.37,73.23,69.4,100.0
United Kingdom,GBR,20210328,2.0,3.0,2.0,4.0,1.0,2.0,1.0,3.0,2.0,2.0,1.0,3.0,4.0,2.0,5.45,70.37,73.23,69.4,100.0
United Kingdom,GBR,20210329,2.0,3.0,2.0,4.0,1.0,2.0,1.0,3.0,2.0,2.0,1.0,3.0,4.0,2.0,5.7,70.37,73.23,69.4,100.0
United Kingdom,GBR,20210330,2.0,3.0,2.0,4.0,1.0,2.0,1.0,3.0,2.0,2.0,1.0,3.0,4.0,2.0,6.11,70.37,73.23,69.4,100.0
United Kingdom,GBR,20210331,2.0,3.0,2.0,4.0,1.0,2.0,1.0,3.0,2.0,2.0,1.0,3.0,4.0,2.0,6.69,70.37,73.23,69.4,100.0
United Kingdom,GBR,20210401,2.0,3.0,2.0,4.0,1.0,2.0,1.0,3.0,2.0,2.0,1.0,3.0,4.0,2.0,7.35,70.37,73.23,69.4,100.0
United Kingdom,GBR,20210402,2.0,3.0,2.0,4.0,1.0,2.0,1.0,3.0,2.0,2.0,1.0,3.0,4.0,2.0,7.71,70.37,73.23,69.4,100.0
United Kingdom,GBR,20210403,2.0,3.0,2.0,4.0,1.0,2.0,1.0,3.0,2.0,2.0,1.0,3.0,4.0,2.0,7.98,70.37,73.23,69.4,100.0
United Kingdom,GBR,20210404,2.0,3.0,2.0,4.0,1.0,2.0,1.0,3.0,2.0,2.0,1.0,3.0,4.0,2.0,8.05,70.37,73.23,69.4,100.0
United Kingdom,GBR,20210405,2.0,3.0,2.0,4.0,1.0,2.0,1.0,3.0,2.0,2.0,1.0,3.0,4.0,2.0,8.14,70.37,73.23,69.4,100.0
United Kingdom,GBR,20210406,2.0,3.0,2.0,4.0,1.0,2.0,1.0,3.0,2.0,2.0,1.0,3.0,4.0,2.0,8.42,70.37,73.23,69.4,100.0
United Kingdom,GBR,20210407,2.0,3.0,2.0,4.0,1.0,2.0,1.0,3.0,2.0,2.0,1.0,3.0,4.0,2.0,9.02,70.37,73.23,69.4,100.0
United Kingdom,GBR,20210408,2.0,3.0,2.0,4.0,1.0,2.0,1.0,3.0,2.0,2.0,1.0,3.0,4.0,2.0,9.69,70.37,73.23,69.4,100.0
United Kingdom,GBR,20210409,2.0,3.0,2.0,4.0,1.0,2.0,1.0,3.0,2.0,2.0,1.0,3.0,4.0,2.0,10.36,70.37,73.23,69.4,100.0
United Kingdom,GBR,20210410,2.0,3.0,2.0,4.0,1.0,2.0,1.0,3.0,2.0,2.0,1.0,3.0,4.0,2.0,11.06,70.37,73.23,69.4,100.0
United Kingdom,GBR,20210411,2.0,3.0,2.0,4.0,1.0,2.0,1.0,3.0,2.0,2.0,1.0,3.0,4.0,2.0,11.34,70.37,73.23,69.4,100.0
United Kingdom,GBR,20210412,1.0,2.0,2.0,4.0,1.0,0.0,1.0,3.0,2.0,2.0,1.0,3.0,4.0,2.0,11.64,61.11,68.02,63.45,100.0
United Kingdom,GBR,20210413,1.0,2.0,2.0,4.0,1.0,0.0,1.0,3.0,2.0,2.0,1.0,3.0,4.0,2.0,12.1,61.11,68.02,63.45,100.0
United Kingdom,GBR,20210414,1.0,2.0,2.0,4.0,1.0,0.0,1.0,3.0,2.0,2.0,1.0,3.0,4.0,2.0,12.61,61.11,68.02,63.45,100.0
United Kingdom,GBR,20210415,1.0,2.0,2.0,4.0,1.0,0.0,1.0,3.0,2.0,2.0,1.0,3.0,4.0,2.0,13.23,61.11,68.02,63.45,100.0
United Kingdom,GBR,20210416,1.0,2.0,2.0,4.0,1.0,0.0,1.0,3.0,2.0,2.0,1.0,3.0,4.0,2.0,13.97,61.11,68.02,63.45,100.0
United Kingdom,GBR,20210417,1.0,2.0,2.0,4.0,1.0,0.0,1.0,3.0,2.0,2.0,1.0,3.0,4.0,2.0,14.71,61.11,68.02,63.45,100.0
United Kingdom,GBR,20210418,1.0,2.0,2.0,4.0,1.0,0.0,1.0,3.0,2.0,2.0,1.0,3.0,4.0,2.0,15.04,61.11,68.02,63.45,100.0
United Kingdom,GBR,20210419,1.0,2.0,2.0,4.0,1.0,0.0,1.0,3.0,2.0,2.0,1.0,3.0,4.0,2.0,15.44,61.11,68.02,63.45,100.0
United Kingdom,GBR,20210420,1.0,2.0,2.0,4.0,1.0,0.0,1.0,3.0,2.0,2.0,1.0,3.0,4.0,2.0,15.96,61.11,68.02,63.45,100.0
United Kingdom,GBR,20210421,1.0,2.0,2.0,4.0,1.0,0.0,1.0,3.0,2.0,2.0,1.0,3.0,4.0,2.0,16.58,61.11,68.02,63.45,100.0
United Kingdom,GBR,20210422,1.0,2.0,2.0,4.0,1.0,0.0,1.0,3.0,2.0,2.0,1.0,3.0,4.0,2.0,17.22,61.11,68.02,63.45,100.0
United Kingdom,GBR,20210423,1.0,2.0,2.0,4.0,1.0,0.0,1.0,3.0,2.0,2.0,1.0,3.0,4.0,2.0,17.91,61.11,68.02,63.45,100.0
United Kingdom,GBR,20210424,1.0,2.0,2.0,4.0,1.0,0.0,1.0,3.0,2.0,2.0,1.0,3.0,4.0,2.0,18.72,61.11,68.02,63.45,100.0
United Kingdom,GBR,20210425,1.0,2.0,2.0,4.0,1.0,0.0,1.0,3.0,2.0,2.0,1.0,3.0,4.0,2.0,19.1,61.11,68.02,63.45,100.0
United Kingdom,GBR,20210426,1.0,2.0,2.0,4.0,1.0,0.0,1.0,3.0,2.0,2.0,1.0,3.0,4.0,2.0,19.56,61.11,68.02,63.45,100.0
United Kingdom,GBR,20210427,1.0,2.0,2.0,4.0,1.0,0.0,1.0,3.0,2.0,2.0,1.0,3.0,4.0,2.0,20.12,61.11,68.02,63.45,100.0
United Kingdom,GBR,20210428,1.0,2.0,2.0,4.0,1.0,0.0,1.0,3.0,2.0,2.0,1.0,3.0,4.0,2.0,20.8,61.11,68.02,63.45,100.0
United Kingdom,GBR,20210429,1.0,2.0,2.0,4.0,1.0,0.0,1.0,3.0,2.0,2.0,1.0,3.0,4.0,2.0,21.53,61.11,68.02,63.45,100.0
United Kingdom,GBR,20210430,1.0,2.0,2.0,4.0,1.0,0.0,1.0,3.0,2.0,2.0,1.0,3.0,4.0,2.0,22.16,61.11,68.02,63.45,100.0
United Kingdom,GBR,20210501,1.0,2.0,2.0,4.0,1.0,0.0,1.0,3.0,2.0,2.0,1.0,3.0,4.0,2.0,22.71,61.11,68.02,63.45,100.0
United Kingdom,GBR,20210502,1.0,2.0,2.0,4.0,1.0,0.0,1.0,3.0,2.0,2.0,1.0,3.0,4.0,2.0,22.96,61.11,68.02,63.45,100.0
United Kingdom,GBR,20210503,1.0,2.0,2.0,4.0,1.0,0.0,1.0,3.0,2.0,2.0,1.0,3.0,4.0,2.0,23.15,59.72,67.24,62.56,100.0
United Kingdom,GBR,20210504,1.0,2.0,2.0,4.0,1.0,0.0,1.0,3.0,2.0,2.0,1.0,3.0,4.0,2.0,23.53,59.72,67.24,62.56,100.0
United Kingdom,GBR,20210505,1.0,2.0,2.0,4.0,1.0,0.0,1.0,3.0,2.0,2.0,1.0,3.0,4.0,2.0,24.13,59.72,67.24,62.56,100.0
United Kingdom,GBR,20210506,1.0,2.0,2.0,4.0,1.0,0.0,1.0,3.0,2.0,2.0,1.0,3.0,4.0,2.0,24.83,59.72,67.24,62.56,100.0
United Kingdom,GBR,20210507,1.0,2.0,2.0,4.0,1.0,0.0,1.0,3.0,2.0,2.0,1.0,3.0,4.0,2.0,25.52,59.72,67.24,62.56,100.0
United Kingdom,GBR,20210508,1.0,2.0,2.0,4.0,1.0,0.0,1.0,3.0,2.0,2.0,1.0,3.0,4.0,2.0,26.17,59.72,67.24,62.56,100.0
United Kingdom,GBR,20210509,1.0,2.0,2.0,4.0,1.0,0.0,1.0,3.0,2.0,2.0,1.0,3.0,4.0,2.0,26.45,59.72,67.24,62.56,100.0
United Kingdom,GBR,20210510,1.0,2.0,2.0,4.0,1.0,0.0,1.0,3.0,2.0,2.0,1.0,3.0,4.0,2.0,26.79,59.72,67.24,62.56,100.0
United Kingdom,GBR,20210511,1.0,2.0,2.0,4.0,1.0,0.0,1.0,3.0,2.0,2.0,1.0,3.0,4.0,2.0,27.31,59.72,67.24,62.56,100.0
United Kingdom,GBR,20210512,1.0,2.0,2.0,4.0,1.0,0.0,1.0,3.0,2.0,2.0,1.0,3.0,4.0,2.0,27.98,59.72,67.24,62.56,100.0
United Kingdom,GBR,20210513,1.0,2.0,2.0,4.0,1.0,0.0,1.0,3.0,2.0,2.0,1.0,3.0,4.0,2.0,28.62,59.72,67.24,62.56,100.0
United Kingdom,GBR,20210514,1.0,2.0,2.0,4.0,1.0,0.0,1.0,3.0,2.0,2.0,1.0,3.0,4.0,2.0,29.2,59.72,67.24,62.56,100.0
United Kingdom,GBR,20210515,1.0,2.0,2.0,4.0,1.0,0.0,1.0,3.0,2.0,2.0,1.0,3.0,4.0,2.0,29.78,59.72,67.24,62.56,100.0
United Kingdom,GBR,20210516,1.0,2.0,2.0,4.0,1.0,0.0,1.0,3.0,2.0,2.0,1.0,3.0,4.0,2.0,30.05,59.72,67.24,62.56,100.0
United Kingdom,GBR,20210517,1.0,2.0,2.0,4.0,1.0,0.0,2.0,3.0,2.0,2.0,1.0,3.0,4.0,2.0,30.44,62.5,68.8,64.35,100.0
United Kingdom,GBR,20210518,1.0,2.0,2.0,4.0,1.0,0.0,2.0,3.0,2.0,2.0,1.0,3.0,4.0,2.0,30.92,62.5,68.8,64.35,100.0
United Kingdom,GBR,20210519,1.0,2.0,2.0,4.0,1.0,0.0,2.0,3.0,2.0,2.0,1.0,3.0,4.0,2.0,31.46,62.5,68.8,64.35,100.0
United Kingdom,GBR,20210520,1.0,2.0,2.0,4.0,1.0,0.0,2.0,3.0,2.0,2.0,1.0,3.0,4.0,2.0,32.08,62.5,68.8,64.35,100.0
United Kingdom,GBR,20210521,1.0,2.0,2.0,4.0,1.0,0.0,2.0,3.0,2.0,2.0,1.0,3.0,4.0,2.0,32.72,62.5,68.8,64.35,100.0
United Kingdom,GBR,20210522,1.0,2.0,2.0,4.0,1.0,0.0,2.0,3.0,2.0,2.0,1.0,3.0,4.0,2.0,33.54,62.5,68.8,64.35,100.0
United Kingdom,GBR,20210523,1.0,2.0,2.0,4.0,1.0,0.0,2.0,3.0,2.0,2.0,1.0,3.0,4.0,2.0,33.91,62.5,68.8,64.35,100.0
United Kingdom,GBR,20210524,1.0,2.0,2.0,4.0,1.0,0.0,2.0,3.0,2.0,2.0,1.0,3.0,4.0,2.0,34.41,62.5,68.8,64.35,100.0
United Kingdom,GBR,20210525,1.0,2.0,2.0,4.0,1.0,0.0,2.0,3.0,2.0,2.0,1.0,3.0,4.0,2.0,34.98,62.5,68.8,64.35,100.0
United Kingdom,GBR,20210526,1.0,2.0,2.0,4.0,1.0,0.0,2.0,3.0,2.0,2.0,1.0,3.0,4.0,2.0,35.62,62.5,68.8,64.35,100.0
United Kingdom,GBR,20210527,1.0,2.0,2.0,4.0,1.0,0.0,2.0,3.0,2.0,2.0,1.0,3.0,4.0,2.0,36.26,62.5,68.8,64.35,100.0
United Kingdom,GBR,20210528,1.0,2.0,2.0,4.0,1.0,0.0,2.0,3.0,2.0,2.0,1.0,3.0,4.0,2.0,36.9,62.5,68.8,64.35,100.0
United Kingdom,GBR,20210529,1.0,2.0,2.0,4.0,1.0,0.0,2.0,3.0,2.0,2.0,1.0,3.0,4.0,2.0,37.53,62.5,68.8,64.35,100.0
United Kingdom,GBR,20210530,1.0,2.0,2.0,4.0,1.0,0.0,2.0,3.0,2.0,2.0,1.0,3.0,4.0,2.0,37.83,62.5,68.8,64.35,100.0
United Kingdom,GBR,20210531,1.0,2.0,2.0,4.0,1.0,0.0,2.0,3.0,2.0,2.0,1.0,3.0,4.0,2.0,38.12,62.5,68.8,64.35,100.0
United Kingdom,GBR,20210601,1.0,2.0,2.0,4.0,1.0,0.0,2.0,3.0,2.0,2.0,1.0,3.0,4.0,2.0,38.62,62.5,68.8,64.35,100.0
United Kingdom,GBR,20210602,1.0,2.0,2.0,4.0,1.0,0.0,2.0,3.0,2.0,2.0,1.0,3.0,4.0,2.0,39.14,62.5,68.8,64.35,100.0
United Kingdom,GBR,20210603,1.0,2.0,2.0,4.0,1.0,0.0,2.0,3.0,2.0,2.0,1.0,3.0,4.0,2.0,39.7,62.5,68.8,64.35,100.0
United Kingdom,GBR,20210604,1.0,2.0,2.0,4.0,1.0,0.0,2.0,3.0,2.0,2.0,1.0,3.0,4.0,2.0,40.27,62.5,68.8,64.35,100.0
United Kingdom,GBR,20210605,1.0,2.0,1.0,4.0,1.0,0.0,0.0,3.0,2.0,2.0,1.0,3.0,4.0,2.0,40.97,51.39,62.55,57.2,100.0
United Kingdom,GBR,20210606,1.0,2.0,1.0,4.0,1.0,0.0,0.0,3.0,2.0,2.0,1.0,3.0,4.0,2.0,41.36,51.39,62.55,57.2,100.0
United Kingdom,GBR,20210607,1.0,2.0,1.0,4.0,1.0,0.0,0.0,3.0,2.0,2.0,1.0,3.0,4.0,2.0,41.81,51.39,62.55,57.2,100.0
United Kingdom,GBR,20210608,1.0,2.0,1.0,4.0,1.0,0.0,0.0,3.0,2.0,2.0,1.0,3.0,4.0,2.0,42.28,51.39,62.55,57.2,100.0
United Kingdom,GBR,20210609,1.0,2.0,1.0,4.0,1.0,0.0,0.0,3.0,2.0,2.0,1.0,3.0,4.0,2.0,42.75,51.39,62.55,57.2,100.0
United Kingdom,GBR,20210610,1.0,2.0,1.0,4.0,1.0,0.0,0.0,3.0,2.0,2.0,1.0,3.0,4.0,2.0,43.2,51.39,62.55,57.2,100.0
United Kingdom,GBR,20210611,1.0,2.0,1.0,4.0,1.0,0.0,0.0,3.0,2.0,2.0,1.0,3.0,4.0,2.0,43.66,51.39,62.55,57.2,100.0
United Kingdom,GBR,20210612,1.0,2.0,1.0,4.0,1.0,0.0,0.0,3.0,2.0,2.0,1.0,3.0,4.0,2.0,44.13,51.39,62.55,57.2,100.0
United Kingdom,GBR,20210613,1.0,2.0,1.0,4.0,1.0,0.0,0.0,3.0,2.0,2.0,1.0,3.0,4.0,2.0,44.4,51.39,62.55,57.2,100.0
United Kingdom,GBR,20210614,1.0,2.0,1.0,4.0,1.0,0.0,0.0,3.0,2.0,2.0,1.0,3.0,4.0,2.0,44.75,51.39,62.55,57.2,100.0
United Kingdom,GBR,20210615,1.0,2.0,1.0,4.0,1.0,0.0,0.0,3.0,2.0,2.0,1.0,3.0,4.0,2.0,45.09,51.39,62.55,57.2,100.0
United Kingdom,GBR,20210616,1.0,2.0,1.0,4.0,1.0,0.0,0.0,3.0,2.0,2.0,1.0,3.0,4.0,2.0,45.44,51.39,62.55,57.2,100.0
United Kingdom,GBR,20210617,1.0,2.0,1.0,4.0,1.0,0.0,0.0,3.0,2.0,2.0,1.0,3.0,4.0,2.0,45.77,51.39,62.55,57.2,100.0
United Kingdom,GBR,20210618,1.0,2.0,1.0,4.0,1.0,0.0,0.0,3.0,2.0,2.0,1.0,3.0,4.0,2.0,46.07,51.39,62.55,57.2,100.0
United Kingdom,GBR,20210619,1.0,2.0,1.0,4.0,1.0,0.0,0.0,3.0,2.0,2.0,1.0,3.0,4.0,2.0,46.42,51.39,62.55,57.2,100.0
United Kingdom,GBR,20210620,1.0,2.0,1.0,4.0,1.0,0.0,0.0,3.0,2.0,2.0,1.0,3.0,4.0,2.0,46.59,51.39,62.55,57.2,100.0
United Kingdom,GBR,20210621,1.0,2.0,1.0,4.0,1.0,0.0,0.0,3.0,2.0,2.0,1.0,3.0,4.0,2.0,46.64,51.39,62.55,57.2,100.0
United Kingdom,GBR,20210622,1.0,2.0,1.0,4.0,1.0,0.0,0.0,3.0,2.0,2.0,1.0,3.0,4.0,2.0,47.02,51.39,62.55,57.2,100.0
United Kingdom,GBR,20210623,1.0,2.0,1.0,4.0,1.0,0.0,0.0,3.0,2.0,2.0,1.0,3.0,4.0,2.0,47.27,51.39,62.55,57.2,100.0
United Kingdom,GBR,20210624,1.0,2.0,1.0,4.0,1.0,0.0,0.0,3.0,2.0,2.0,1.0,3.0,5.0,2.0,47.53,51.39,63.8,58.63,100.0
United Kingdom,GBR,20210625,1.0,2.0,1.0,4.0,1.0,0.0,0.0,3.0,2.0,2.0,1.0,3.0,5.0,2.0,47.79,51.39,63.8,58.63,100.0
United Kingdom,GBR,20210626,1.0,2.0,1.0,4.0,1.0,0.0,0.0,3.0,2.0,2.0,1.0,3.0,5.0,2.0,48.08,51.39,63.8,58.63,100.0
United Kingdom,GBR,20210627,1.0,2.0,1.0,4.0,1.0,0.0,0.0,3.0,2.0,2.0,1.0,3.0,5.0,2.0,48.27,51.39,63.8,58.63,100.0
United Kingdom,GBR,20210628,1.0,2.0,1.0,4.0,1.0,0.0,0.0,3.0,2.0,2.0,1.0,3.0,5.0,2.0,48.47,51.39,63.8,58.63,100.0
United Kingdom,GBR,20210629,1.0,2.0,1.0,4.0,1.0,0.0,0.0,3.0,2.0,2.0,1.0,3.0,5.0,2.0,48.69,51.39,63.8,58.63,100.0
United Kingdom,GBR,20210630,1.0,2.0,1.0,4.0,1.0,0.0,0.0,3.0,2.0,2.0,1.0,3.0,5.0,2.0,48.95,51.39,63.8,58.63,100.0
United Kingdom,GBR,20210701,1.0,2.0,1.0,4.0,1.0,0.0,0.0,3.0,2.0,2.0,1.0,3.0,5.0,2.0,49.24,51.39,63.8,58.63,100.0
United Kingdom,GBR,20210702,1.0,2.0,1.0,4.0,1.0,0.0,0.0,3.0,2.0,2.0,1.0,3.0,5.0,2.0,49.5,51.39,63.8,58.63,100.0
United Kingdom,GBR,20210703,1.0,2.0,1.0,4.0,1.0,0.0,0.0,3.0,2.0,2.0,1.0,3.0,5.0,2.0,49.79,51.39,63.8,58.63,100.0
United Kingdom,GBR,20210704,1.0,2.0,1.0,4.0,1.0,0.0,0.0,3.0,2.0,2.0,1.0,3.0,5.0,2.0,49.96,51.39,63.8,58.63,100.0
United Kingdom,GBR,20210705,1.0,2.0,1.0,4.0,1.0,0.0,0.0,3.0,2.0,2.0,1.0,3.0,5.0,2.0,50.18,51.39,63.8,58.63,100.0
United Kingdom,GBR,20210706,1.0,2.0,1.0,4.0,1.0,0.0,0.0,3.0,2.0,2.0,1.0,3.0,5.0,2.0,50.4,51.39,63.8,58.63,100.0
United Kingdom,GBR,20210707,1.0,2.0,1.0,4.0,1.0,0.0,0.0,3.0,2.0,2.0,1.0,3.0,5.0,2.0,50.66,51.39,63.8,58.63,100.0
United Kingdom,GBR,20210708,1.0,2.0,1.0,4.0,1.0,0.0,0.0,3.0,2.0,2.0,1.0,3.0,5.0,2.0,50.92,51.39,63.8,58.63,100.0
United Kingdom,GBR,20210709,1.0,2.0,1.0,4.0,1.0,0.0,0.0,3.0,2.0,2.0,1.0,3.0,5.0,2.0,51.18,51.39,63.8,58.63,100.0
United Kingdom,GBR,20210710,1.0,2.0,1.0,4.0,1.0,0.0,0.0,3.0,2.0,2.0,1.0,3.0,5.0,2.0,51.5,51.39,63.8,58.63,100.0
United Kingdom,GBR,20210711,1.0,2.0,1.0,4.0,1.0,0.0,0.0,3.0,2.0,2.0,1.0,3.0,5.0,2.0,51.66,51.39,63.8,58.63,100.0
United Kingdom,GBR,20210712,1.0,2.0,1.0,4.0,1.0,0.0,0.0,3.0,2.0,2.0,1.0,3.0,5.0,2.0,51.84,51.39,63.8,58.63,100.0
United Kingdom,GBR,20210713,1.0,2.0,1.0,4.0,1.0,0.0,0.0,3.0,2.0,2.0,1.0,3.0,5.0,2.0,52.08,51.39,63.8,58.63,100.0
United Kingdom,GBR,20210714,1.0,2.0,1.0,4.0,1.0,0.0,0.0,3.0,2.0,2.0,1.0,3.0,5.0,2.0,52.35,51.39,63.8,58.63,100.0
United Kingdom,GBR,20210715,1.0,2.0,1.0,4.0,1.0,0.0,0.0,3.0,2.0,2.0,1.0,3.0,5.0,2.0,52.65,51.39,63.8,58.63,100.0
United Kingdom,GBR,20210716,1.0,2.0,1.0,4.0,1.0,0.0,0.0,3.0,2.0,2.0,1.0,3.0,5.0,2.0,52.95,51.39,63.8,58.63,100.0
United Kingdom,GBR,20210717,1.0,2.0,1.0,4.0,1.0,0.0,0.0,3.0,2.0,2.0,1.0,3.0,5.0,2.0,53.28,51.39,63.8,58.63,100.0
United Kingdom,GBR,20210718,1.0,2.0,1.0,4.0,1.0,0.0,0.0,3.0,2.0,2.0,1.0,3.0,5.0,2.0,53.47,51.39,63.8,58.63,100.0
United Kingdom,GBR,20210719,1.0,2.0,1.0,4.0,1.0,0.0,0.0,3.0,2.0,2.0,1.0,3.0,5.0,2.0,53.69,43.98,57.81,51.79,100.0
United Kingdom,GBR,20210720,1.0,2.0,1.0,4.0,1.0,0.0,0.0,3.0,2.0,2.0,1.0,3.0,5.0,2.0,53.93,43.98,57.81,51.79,100.0
United Kingdom,GBR,20210721,1.0,2.0,1.0,4.0,1.0,0.0,0.0,3.0,2.0,2.0,1.0,3.0,5.0,2.0,54.2,43.98,57.81,51.79,100.0
United Kingdom,GBR,20210722,1.0,2.0,1.0,4.0,1.0,0.0,0.0,3.0,2.0,2.0,1.0,3.0,5.0,2.0,54.48,43.98,57.81,51.79,100.0
United Kingdom,GBR,20210723,1.0,2.0,1.0,4.0,1.0,0.0,0.0,3.0,2.0,2.0,1.0,3.0,5.0,2.0,54.76,43.98,57.81,51.79,100.0
United Kingdom,GBR,20210724,1.0,2.0,1.0,4.0,1.0,0.0,0.0,3.0,2.0,2.0,1.0,3.0,5.0,2.0,55.06,43.98,57.81,51.79,100.0
United Kingdom,GBR,20210725,1.0,2.0,1.0,4.0,1.0,0.0,0.0,3.0,2.0,2.0,1.0,3.0,5.0,2.0,55.23,43.98,57.81,51.79,100.0
United Kingdom,GBR,20210726,1.0,2.0,1.0,4.0,1.0,0.0,0.0,3.0,2.0,2.0,1.0,3.0,5.0,2.0,55.45,43.98,57.81,51.79,100.0
United Kingdom,GBR,20210727,1.0,2.0,1.0,4.0,1.0,0.0,0.0,3.0,2.0,2.0,1.0,3.0,5.0,2.0,55.68,43.98,57.81,51.79,100.0
United Kingdom,GBR,20210728,1.0,2.0,1.0,4.0,1.0,0.0,0.0,3.0,2.0,2.0,1.0,3.0,5.0,2.0,55.93,43.98,57.81,51.79,100.0
United Kingdom,GBR,20210729,1.0,2.0,1.0,4.0,1.0,0.0,0.0,3.0,2.0,2.0,1.0,3.0,5.0,2.0,56.2,43.98,57.81,51.79,100.0
United Kingdom,GBR,20210730,1.0,2.0,1.0,4.0,1.0,0.0,0.0,3.0,2.0,2.0,1.0,3.0,5.0,2.0,56.45,43.98,57.81,51.79,100.0
United Kingdom,GBR,20210731,1.0,2.0,1.0,4.0,1.0,0.0,0.0,3.0,2.0,2.0,1.0,3.0,5.0,2.0,56.77,43.98,57.81,51.79,100.0
United Kingdom,GBR,20210801,1.0,2.0,1.0,4.0,1.0,0.0,0.0,3.0,2.0,2.0,1.0,3.0,5.0,2.0,56.94,43.98,57.81,51.79,100.0
United Kingdom,GBR,20210802,1.0,2.0,1.0,4.0,1.0,0.0,0.0,3.0,2.0,2.0,1.0,3.0,5.0,2.0,57.13,43.98,57.81,51.79,100.0
United Kingdom,GBR,20210803,1.0,2.0,1.0,4.0,1.0,0.0,0.0,3.0,2.0,2.0,1.0,3.0,5.0,2.0,57.34,43.98,57.81,51.79,100.0
United Kingdom,GBR,20210804,1.0,2.0,1.0,4.0,1.0,0.0,0.0,3.0,2.0,2.0,1.0,3.0,5.0,2.0,57.58,43.98,57.81,51.79,100.0
United Kingdom,GBR,20210805,1.0,2.0,1.0,4.0,1.0,0.0,0.0,3.0,2.0,2.0,1.0,3.0,5.0,2.0,57.84,43.98,57.81,51.79,100.0
United Kingdom,GBR,20210806,1.0,2.0,1.0,4.0,1.0,0.0,0.0,3.0,2.0,2.0,1.0,3.0,5.0,2.0,58.09,43.98,57.81,51.79,100.0
United Kingdom,GBR,20210807,1.0,2.0,1.0,4.0,1.0,0.0,0.0,3.0,2.0,2.0,1.0,3.0,5.0,2.0,58.41,43.98,57.81,51.79,100.0
United Kingdom,GBR,20210808,1.0,2.0,1.0,4.0,1.0,0.0,0.0,3.0,2.0,2.0,1.0,3.0,5.0,2.0,58.59,43.98,57.81,51.79,100.0
United Kingdom,GBR,20210809,1.0,2.0,1.0,4.0,1.0,0.0,0.0,3.0,2.0,2.0,1.0,3.0,5.0,2.0,58.79,43.98,57.81,51.79,100.0
United Kingdom,GBR,20210810,1.0,2.0,1.0,4.0,1.0,0.0,0.0,3.0,2.0,2.0,1.0,3.0,5.0,2.0,59.01,43.98,57.81,51.79,100.0
United Kingdom,GBR,20210811,1.0,2.0,1.0,4.0,1.0,0.0,0.0,3.0,2.0,2.0,1.0,3.0,5.0,2.0,59.27,43.98,57.81,51.79,100.0
United Kingdom,GBR,20210812,1.0,2.0,1.0,4.0,1.0,0.0,0.0,3.0,2.0,2.0,1.0,3.0,5.0,2.0,59.56,43.98,57.81,51.79,100.0
United Kingdom,GBR,20210813,1.0,2.0,1.0,4.0,1.0,0.0,0.0,3.0,2.0,2.0,1.0,3.0,5.0,2.0,59.81,43.98,57.81,51.79,100.0
United Kingdom,GBR,20210814,1.0,2.0,1.0,4.0,1.0,0.0,0.0,3.0,2.0,2.0,1.0,3.0,5.0,2.0,60.11,43.98,57.81,51.79,100.0
United Kingdom,GBR,20210815,1.0,2.0,1.0,4.0,1.0,0.0,0.0,3.0,2.0,2.0,1.0,3.0,5.0,2.0,60.29,43.98,57.81,51.79,100.0
United Kingdom,GBR,20210816,1.0,2.0,1.0,4.0,1.0,0.0,0.0,3.0,2.0,2.0,1.0,3.0,5.0,2.0,60.5,43.98,57.81,51.79,100.0
United Kingdom,GBR,20210817,1.0,2.0,1.0,4.0,1.0,0.0,0.0,3.0,2.0,2.0,1.0,3.0,5.0,2.0,60.71,43.98,57.81,51.79,100.0
United Kingdom,GBR,20210818,1.0,2.0,1.0,4.0,1.0,0.0,0.0,3.0,2.0,2.0,1.0,3.0,5.0,2.0,60.97,43.98,57.81,51.79,100.0
United Kingdom,GBR,20210819,1.0,2.0,1.0,4.0,1.0,0.0,0.0,3.0,2.0,2.0,1.0,3.0,5.0,2.0,61.22,43.98,57.81,51.79,100.0
United Kingdom,GBR,20210820,1.0,2.0,1.0,4.0,1.0,0.0,0.0,3.0,2.0,2.0,1.0,3.0,5.0,2.0,61.47,43.98,57.81,51.79,100.0
United Kingdom,GBR,20210821,1.0,2.0,1.0,4.0,1.0,0.0,0.0,3.0,2.0,2.0,1.0,3.0,5.0,2.0,61.76,43.98,57.81,51.79,100.0
United Kingdom,GBR,20210822,1.0,2.0,1.0,4.0,1.0,0.0,0.0,3.0,2.0,2.0,1.0,3.0,5.0,2.0,61.93,43.98,57.81,51.79,100.0
United Kingdom,GBR,20210823,1.0,2.0,1.0,4.0,1.0,0.0,0.0,3.0,2.0,2.0,1.0,3.0,5.0,2.0,62.13,43.98,57.81,51.79,100.0
United Kingdom,GBR,20210824,1.0,2.0,1.0,4.0,1.0,0.0,0.0,3.0,2.0,2.0,1.0,3.0,5.0,2.0,62.32,43.98,57.81,51.79,100.0
United Kingdom,GBR,20210825,1.0,2.0,1.0,4.0,1.0,0.0,0.0,3.0,2.0,2.0,1.0,3.0,5.0,2.0,62.56,43.98,57.81,51.79,100.0
United Kingdom,GBR,20210826,1.0,2.0,1.0,4.0,1.0,0.0,0.0,3.0,2.0,2.0,1.0,3.0,5.0,2.0,62.78,43.98,57.81,51.79,100.0
United Kingdom,GBR,20210827,1.0,2.0,1.0,4.0,1.0,0.0,0.0,3.0,2.0,2.0,1.0,3.0,5.0,2.0,62.97,43.98,57.81,51.79,100.0
United Kingdom,GBR,20210828,1.0,2.0,1.0,4.0,1.0,0.0,0.0,3.0,2.0,2.0,1.0,3.0,5.0,2.0,63.17,43.98,57.81,51.79,100.0
United Kingdom,GBR,20210829,1.0,2.0,1.0,4.0,1.0,0.0,0.0,3.0,2.0,2.0,1.0,3.0,5.0,2.0,63.29,43.98,57.81,51.79,100.0
United Kingdom,GBR,20210830,1.0,2.0,1.0,4.0,1.0,0.0,0.0,3.0,2.0,2.0,1.0,3.0,5.0,2.0,63.39,43.98,57.81,51.79,100.0
United Kingdom,GBR,20210831,1.0,2.0,1.0,4.0,1.0,0.0,0.0,3.0,2.0,2.0,1.0,3.0,5.0,2.0,63.56,43.98,57.81,51.79,100.0
United Kingdom,GBR,20210901,1.0,2.0,1.0,4.0,1.0,0.0,0.0,3.0,2.0,2.0,1.0,3.0,5.0,2.0,63.73,43.98,57.81,51.79,100.0
United Kingdom,GBR,20210902,1.0,2.0,1.0,4.0,1.0,0.0,0.0,3.0,2.0,2.0,1.0,3.0,5.0,2.0,63.91,43.98,57.81,51.79,100.0
United Kingdom,GBR,20210903,1.0,2.0,1.0,4.0,1.0,0.0,0.0,3.0,2.0,2.0,1.0,3.0,5.0,2.0,64.07,43.98,57.81,51.79,100.0
United Kingdom,GBR,20210904,1.0,2.0,1.0,4.0,1.0,0.0,0.0,3.0,2.0,2.0,1.0,3.0,5.0,2.0,64.26,43.98,57.81,51.79,100.0
United Kingdom,GBR,20210905,1.0,2.0,1.0,4.0,1.0,0.0,0.0,3.0,2.0,2.0,1.0,3.0,5.0,2.0,64.37,43.98,57.81,51.79,100.0
United Kingdom,GBR,20210906,1.0,2.0,1.0,4.0,1.0,0.0,0.0,3.0,2.0,2.0,1.0,3.0,5.0,2.0,64.49,43.98,57.81,51.79,100.0
United Kingdom,GBR,20210907,1.0,2.0,1.0,4.0,1.0,0.0,0.0,3.0,2.0,2.0,1.0,3.0,5.0,2.0,64.62,43.98,57.81,51.79,100.0
United Kingdom,GBR,20210908,1.0,2.0,1.0,4.0,1.0,0.0,0.0,3.0,2.0,2.0,1.0,3.0,5.0,2.0,64.75,43.98,57.81,51.79,100.0
United Kingdom,GBR,20210909,1.0,2.0,1.0,4.0,1.0,0.0,0.0,3.0,2.0,2.0,1.0,3.0,5.0,2.0,64.89,43.98,57.81,51.79,100.0
United Kingdom,GBR,20210910,1.0,2.0,1.0,3.0,1.0,0.0,0.0,3.0,2.0,2.0,1.0,3.0,5.0,2.0,65.02,41.2,56.25,50.0,100.0
United Kingdom,GBR,20210911,1.0,2.0,1.0,3.0,1.0,0.0,0.0,3.0,2.0,2.0,1.0,3.0,5.0,2.0,65.17,41.2,56.25,50.0,100.0
United Kingdom,GBR,20210912,1.0,2.0,1.0,3.0,1.0,0.0,0.0,3.0,2.0,2.0,1.0,3.0,5.0,2.0,65.25,41.2,56.25,50.0,100.0
United Kingdom,GBR,20210913,1.0,2.0,1.0,3.0,1.0,0.0,0.0,3.0,2.0,2.0,1.0,3.0,5.0,2.0,65.34,41.2,56.25,50.0,100.0
United Kingdom,GBR,20210914,1.0,2.0,1.0,3.0,1.0,0.0,0.0,3.0,2.0,2.0,1.0,3.0,5.0,2.0,65.44,41.2,56.25,50.0,100.0
United Kingdom,GBR,20210915,1.0,2.0,1.0,3.0,1.0,0.0,0.0,3.0,2.0,2.0,1.0,3.0,5.0,2.0,65.53,41.2,56.25,50.0,100.0
United Kingdom,GBR,20210916,1.0,2.0,1.0,3.0,1.0,0.0,0.0,3.0,2.0,2.0,1.0,3.0,5.0,2.0,65.62,41.2,56.25,50.0,100.0
United Kingdom,GBR,20210917,1.0,2.0,1.0,3.0,1.0,0.0,0.0,3.0,2.0,2.0,1.0,3.0,5.0,2.0,65.71,41.2,56.25,50.0,100.0
United Kingdom,GBR,20210918,1.0,2.0,1.0,3.0,1.0,0.0,0.0,3.0,2.0,2.0,1.0,3.0,5.0,2.0,65.82,41.2,56.25,50.0,100.0
United Kingdom,GBR,20210919,1.0,2.0,1.0,3.0,1.0,0.0,0.0,3.0,2.0,2.0,1.0,3.0,5.0,2.0,65.87,41.2,56.25,50.0,100.0
United Kingdom,GBR,20210920,1.0,2.0,1.0,3.0,1.0,0.0,0.0,3.0,2.0,2.0,1.0,3.0,5.0,2.0,65.94,41.2,56.25,50.0,100.0
United Kingdom,GBR,20210921,1.0,2.0,1.0,3.0,1.0,0.0,0.0,3.0,2.0,2.0,1.0,3.0,5.0,2.0,66.01,41.2,56.25,50.0,100.0
United Kingdom,GBR,20210922,1.0,2.0,1.0,3.0,1.0,0.0,0.0,3.0,2.0,2.0,1.0,3.0,5.0,2.0,66.07,41.2,56.25,50.0,100.0
United Kingdom,GBR,20210923,1.0,2.0,1.0,3.0,1.0,0.0,0.0,3.0,2.0,2.0,1.0,3.0,5.0,2.0,66.14,41.2,56.25,50.0,100.0
United Kingdom,GBR,20210924,1.0,2.0,1.0,3.0,1.0,0.0,0.0,3.0,2.0,2.0,1.0,3.0,5.0,2.0,66.2,41.2,56.25,50.0,100.0
United Kingdom,GBR,20210925,1.0,2.0,1.0,3.0,1.0,0.0,0.0,3.0,2.0,2.0,1.0,3.0,5.0,2.0,66.27,41.2,56.25,50.0,100.0
United Kingdom,GBR,20210926,1.0,2.0,1.0,3.0,1.0,0.0,0.0,3.0,2.0,2.0,1.0,3.0,5.0,2.0,66.31,41.2,56.25,50.0,100.0
United Kingdom,GBR,20210927,1.0,2.0,1.0,3.0,1.0,0.0,0.0,3.0,2.0,2.0,1.0,3.0,5.0,2.0,66.36,41.2,56.25,50.0,100.0
United Kingdom,GBR,20210928,1.0,2.0,1.0,3.0,1.0,0.0,0.0,3.0,2.0,2.0,1.0,3.0,5.0,2.0,66.41,41.2,56.25,50.0,100.0
United Kingdom,GBR,20210929,1.0,2.0,1.0,3.0,1.0,0.0,0.0,3.0,2.0,2.0,1.0,3.0,5.0,2.0,66.46,41.2,56.25,50.0,100.0
United Kingdom,GBR,20210930,1.0,2.0,1.0,3.0,1.0,0.0,0.0,3.0,2.0,2.0,1.0,3.0,5.0,2.0,66.51,41.2,56.25,50.0,100.0
United Kingdom,GBR,20211001,1.0,1.0,1.0,3.0,1.0,0.0,0.0,3.0,2.0,2.0,1.0,3.0,5.0,2.0,66.56,39.97,46.18,49.21,25.0
United Kingdom,GBR,20211002,1.0,1.0,1.0,3.0,1.0,0.0,0.0,3.0,2.0,2.0,1.0,3.0,5.0,2.0,66.61,39.97,46.18,49.21,25.0
United Kingdom,GBR,20211003,1.0,1.0,1.0,3.0,1.0,0.0,0.0,3.0,2.0,2.0,1.0,3.0,5.0,2.0,66.65,39.97,46.18,49.21,25.0
United Kingdom,GBR,20211004,1.0,1.0,1.0,3.0,1.0,0.0,0.0,3.0,2.0,2.0,1.0,3.0,5.0,2.0,66.69,39.97,46.18,49.21,25.0
United Kingdom,GBR,20211005,1.0,1.0,1.0,3.0,1.0,0.0,0.0,3.0,2.0,2.0,1.0,3.0,5.0,2.0,66.73,39.97,46.18,49.21,25.0
United Kingdom,GBR,20211006,1.0,1.0,1.0,3.0,1.0,0.0,0.0,3.0,2.0,2.0,1.0,3.0,5.0,2.0,66.77,39.96,46.18,49.21,25.0
United Kingdom,GBR,20211007,1.0,1.0,1.0,3.0,1.0,0.0,0.0,3.0,2.0,2.0,1.0,3.0,5.0,2.0,66.82,39.96,46.18,49.2,25.0
United Kingdom,GBR,20211008,1.0,1.0,1.0,3.0,1.0,0.0,0.0,3.0,2.0,2.0,1.0,3.0,5.0,2.0,66.86,39.96,46.18,49.2,25.0
United Kingdom,GBR,20211009,1.0,1.0,1.0,3.0,1.0,0.0,0.0,3.0,2.0,2.0,1.0,3.0,5.0,2.0,66.91,39.96,46.18,49.2,25.0
United Kingdom,GBR,20211010,1.0,1.0,1.0,3.0,1.0,0.0,0.0,3.0,2.0,2.0,1.0,3.0,5.0,2.0,66.94,39.96,46.18,49.2,25.0
United Kingdom,GBR,20211011,1.0,1.0,1.0,3.0,1.0,0.0,0.0,3.0,2.0,2.0,1.0,3.0,5.0,2.0,66.97,43.66,48.26,51.58,25.0
United Kingdom,GBR,20211012,1.0,1.0,1.0,3.0,1.0,0.0,0.0,3.0,2.0,2.0,1.0,3.0,5.0,2.0,67.01,43.66,48.26,51.58,25.0
United Kingdom,GBR,20211013,1.0,1.0,1.0,3.0,1.0,0.0,0.0,3.0,2.0,2.0,1.0,3.0,5.0,2.0,67.06,43.66,48.26,51.58,25.0
United Kingdom,GBR,20211014,1.0,1.0,1.0,3.0,1.0,0.0,0.0,3.0,2.0,2.0,1.0,3.0,5.0,2.0,67.1,43.65,48.26,51.58,25.0
United Kingdom,GBR,20211015,1.0,1.0,1.0,3.0,1.0,0.0,0.0,3.0,2.0,2.0,1.0,3.0,5.0,2.0,67.14,43.65,48.25,51.58,25.0
United Kingdom,GBR,20211016,1.0,1.0,1.0,3.0,1.0,0.0,0.0,3.0,2.0,2.0,1.0,3.0,5.0,2.0,67.19,43.65,48.25,51.57,25.0
United Kingdom,GBR,20211017,1.0,1.0,1.0,3.0,1.0,0.0,0.0,3.0,2.0,2.0,1.0,3.0,5.0,2.0,67.22,43.65,48.25,51.57,25.0
United Kingdom,GBR,20211018,1.0,1.0,1.0,3.0,1.0,0.0,0.0,3.0,2.0,2.0,1.0,3.0,5.0,2.0,67.25,43.65,48.25,51.57,25.0
United Kingdom,GBR,20211019,1.0,1.0,1.0,3.0,1.0,0.0,0.0,3.0,2.0,2.0,1.0,3.0,5.0,2.0,67.3,43.64,48.25,51.57,25.0
United Kingdom,GBR,20211020,1.0,1.0,1.0,3.0,1.0,0.0,0.0,3.0,2.0,2.0,1.0,3.0,5.0,2.0,67.34,43.64,48.25,51.57,25.0
United Kingdom,GBR,20211021,1.0,1.0,1.0,3.0,1.0,0.0,0.0,3.0,2.0,2.0,1.0,3.0,5.0,2.0,67.38,43.64,48.25,51.57,25.0
United Kingdom,GBR,20211022,1.0,1.0,1.0,3.0,1.0,0.0,0.0,3.0,2.0,2.0,1.0,3.0,5.0,2.0,67.42,43.64,48.25,51.57,25.0
United Kingdom,GBR,20211023,1.0,1.0,1.0,3.0,1.0,0.0,0.0,3.0,2.0,2.0,1.0,3.0,5.0,2.0,67.46,43.64,48.25,51.57,25.0
United Kingdom,GBR,20211024,1.0,1.0,1.0,3.0,1.0,0.0,0.0,3.0,2.0,2.0,1.0,3.0,5.0,2.0,67.49,43.64,48.25,51.57,25.0
United Kingdom,GBR,20211025,1.0,1.0,1.0,3.0,1.0,0.0,0.0,3.0,2.0,2.0,1.0,3.0,5.0,2.0,67.52,43.63,48.24,51.56,25.0
United Kingdom,GBR,20211026,1.0,1.0,1.0,3.0,1.0,0.0,0.0,3.0,2.0,2.0,1.0,3.0,5.0,2.0,67.56,43.63,48.24,51.56,25.0
United Kingdom,GBR,20211027,1.0,1.0,1.0,3.0,1.0,0.0,0.0,3.0,2.0,2.0,1.0,3.0,5.0,2.0,67.59,43.63,48.24,51.56,25.0
United Kingdom,GBR,20211028,1.0,1.0,1.0,3.0,1.0,0.0,0.0,3.0,2.0,2.0,1.0,3.0,5.0,2.0,67.62,43.63,48.24,51.56,25.0
United Kingdom,GBR,20211029,1.0,1.0,1.0,3.0,1.0,0.0,0.0,3.0,2.0,2.0,1.0,3.0,5.0,2.0,67.66,43.63,48.24,51.56,25.0
United Kingdom,GBR,20211030,1.0,1.0,1.0,3.0,1.0,0.0,0.0,3.0,2.0,2.0,1.0,3.0,5.0,2.0,67.69,43.63,48.24,51.56,25.0
United Kingdom,GBR,20211031,1.0,1.0,1.0,3.0,1.0,0.0,0.0,3.0,2.0,2.0,1.0,3.0,5.0,2.0,67.71,43.63,48.24,51.56,25.0
United Kingdom,GBR,20211101,1.0,1.0,1.0,3.0,1.0,0.0,0.0,3.0,2.0,2.0,1.0,3.0,5.0,2.0,67.74,43.62,48.24,51.56,25.0
United Kingdom,GBR,20211102,1.0,1.0,1.0,3.0,1.0,0.0,0.0,3.0,2.0,2.0,1.0,3.0,5.0,2.0,67.77,43.62,48.24,51.56,25.0
United Kingdom,GBR,20211103,1.0,1.0,1.0,3.0,1.0,0.0,0.0,3.0,2.0,2.0,1.0,3.0,5.0,2.0,67.8,43.62,48.24,51.56,25.0
United Kingdom,GBR,20211104,1.0,1.0,1.0,3.0,1.0,0.0,0.0,3.0,2.0,2.0,1.0,3.0,5.0,2.0,67.83,43.62,48.24,51.56,25.0
United Kingdom,GBR,20211105,1.0,1.0,1.0,3.0,1.0,0.0,0.0,3.0,2.0,2.0,1.0,3.0,5.0,2.0,67.86,43.62,48.24,51.55,25.0
United Kingdom,GBR,20211106,1.0,1.0,1.0,3.0,1.0,0.0,0.0,3.0,2.0,2.0,1.0,3.0,5.0,2.0,67.9,43.62,48.23,51.55,25.0
United Kingdom,GBR,20211107,1.0,1.0,1.0,3.0,1.0,0.0,0.0,3.0,2.0,2.0,1.0,3.0,5.0,2.0,67.92,43.62,48.23,51.55,25.0
United Kingdom,GBR,20211108,1.0,1.0,1.0,3.0,1.0,0.0,0.0,3.0,2.0,2.0,1.0,3.0,5.0,2.0,67.95,43.61,48.23,51.55,25.0
United Kingdom,GBR,20211109,1.0,1.0,1.0,3.0,1.0,0.0,0.0,3.0,2.0,2.0,1.0,3.0,5.0,2.0,67.98,43.61,48.23,51.55,25.0
United Kingdom,GBR,20211110,1.0,1.0,1.0,3.0,1.0,0.0,0.0,3.0,2.0,2.0,1.0,3.0,5.0,2.0,68.05,43.61,48.23,51.55,25.0
United Kingdom,GBR,20211111,1.0,1.0,1.0,3.0,1.0,0.0,0.0,3.0,2.0,2.0,1.0,3.0,5.0,2.0,68.09,43.61,48.23,51.55,25.0
United Kingdom,GBR,20211112,1.0,1.0,1.0,3.0,1.0,0.0,0.0,3.0,2.0,2.0,1.0,3.0,5.0,2.0,68.12,43.61,48.23,51.55,25.0
United Kingdom,GBR,20211113,1.0,1.0,1.0,3.0,1.0,0.0,0.0,3.0,2.0,2.0,1.0,3.0,5.0,2.0,68.16,43.6,48.23,51.55,25.0
United Kingdom,GBR,20211114,1.0,1.0,1.0,3.0,1.0,0.0,0.0,3.0,2.0,2.0,1.0,3.0,5.0,2.0,68.18,43.6,48.23,51.55,25.0
United Kingdom,GBR,20211115,1.0,1.0,1.0,3.0,1.0,0.0,0.0,3.0,2.0,2.0,1.0,3.0,5.0,2.0,68.21,43.6,48.23,51.54,25.0
United Kingdom,GBR,20211116,1.0,1.0,1.0,3.0,1.0,0.0,0.0,3.0,2.0,2.0,1.0,3.0,5.0,2.0,68.24,43.6,48.23,51.54,25.0
United Kingdom,GBR,20211117,1.0,1.0,1.0,3.0,1.0,0.0,0.0,3.0,2.0,2.0,1.0,3.0,5.0,2.0,68.27,43.6,48.22,51.54,25.0
United Kingdom,GBR,20211118,1.0,1.0,1.0,3.0,1.0,0.0,0.0,3.0,2.0,2.0,1.0,3.0,5.0,2.0,68.3,43.6,48.22,51.54,25.0
United Kingdom,GBR,20211119,1.0,1.0,1.0,3.0,1.0,0.0,0.0,3.0,2.0,2.0,1.0,3.0,5.0,2.0,68.33,43.6,48.22,51.54,25.0
United Kingdom,GBR,20211120,1.0,1.0,1.0,3.0,1.0,0.0,0.0,3.0,2.0,2.0,1.0,3.0,5.0,2.0,68.37,43.59,48.22,51.54,25.0
United Kingdom,GBR,20211121,1.0,1.0,1.0,3.0,1.0,0.0,0.0,3.0,2.0,2.0,1.0,3.0,5.0,2.0,68.39,43.59,48.22,51.54,25.0
United Kingdom,GBR,20211122,1.0,1.0,1.0,3.0,1.0,0.0,0.0,3.0,2.0,2.0,1.0,3.0,5.0,2.0,68.42,43.59,48.22,51.54,25.0
United Kingdom,GBR,20211123,1.0,1.0,1.0,3.0,1.0,0.0,0.0,3.0,2.0,2.0,1.0,3.0,5.0,2.0,68.45,43.59,48.22,51.54,25.0
United Kingdom,GBR,20211124,1.0,1.0,1.0,3.0,1.0,0.0,0.0,3.0,2.0,2.0,1.0,3.0,5.0,2.0,68.48,43.59,48.22,51.54,25.0
United Kingdom,GBR,20211125,1.0,1.0,1.0,3.0,1.0,0.0,0.0,3.0,2.0,2.0,1.0,3.0,5.0,2.0,68.52,43.59,48.22,51.53,25.0
United Kingdom,GBR,20211126,1.0,1.0,1.0,3.0,1.0,0.0,0.0,3.0,2.0,2.0,1.0,3.0,5.0,2.0,68.55,43.59,48.22,51.53,25.0
United Kingdom,GBR,20211127,1.0,1.0,1.0,3.0,1.0,0.0,0.0,3.0,2.0,2.0,1.0,3.0,5.0,2.0,68.6,43.58,48.22,51.53,25.0
United Kingdom,GBR,20211128,1.0,1.0,1.0,3.0,1.0,0.0,0.0,3.0,2.0,2.0,1.0,3.0,5.0,2.0,68.64,43.58,48.22,51.53,25.0
United Kingdom,GBR,20211129,1.0,1.0,1.0,3.0,1.0,0.0,0.0,3.0,2.0,2.0,1.0,3.0,5.0,2.0,68.68,43.58,48.21,51.53,25.0
United Kingdom,GBR,20211130,1.0,1.0,1.0,3.0,1.0,0.0,0.0,3.0,2.0,2.0,1.0,3.0,5.0,2.0,68.73,43.58,48.21,51.53,25.0
United Kingdom,GBR,20211201,1.0,1.0,1.0,3.0,1.0,0.0,0.0,3.0,2.0,2.0,1.0,3.0,5.0,2.0,68.78,43.58,48.21,51.53,25.0
United Kingdom,GBR,20211202,1.0,1.0,1.0,3.0,1.0,0.0,0.0,3.0,2.0,2.0,1.0,3.0,5.0,2.0,68.82,43.57,48.21,51.53,25.0
United Kingdom,GBR,20211203,1.0,1.0,1.0,3.0,1.0,0.0,0.0,3.0,2.0,2.0,1.0,3.0,5.0,2.0,68.87,43.57,48.21,51.52,25.0
United Kingdom,GBR,20211204,1.0,1.0,1.0,3.0,1.0,0.0,0.0,3.0,2.0,2.0,1.0,3.0,5.0,2.0,68.92,43.57,48.21,51.52,25.0
United Kingdom,GBR,20211205,1.0,1.0,1.0,3.0,1.0,0.0,0.0,3.0,2.0,2.0,1.0,3.0,5.0,2.0,68.96,43.57,48.21,51.52,25.0
United Kingdom,GBR,20211206,1.0,1.0,1.0,3.0,1.0,0.0,0.0,3.0,2.0,2.0,1.0,3.0,5.0,2.0,69.0,43.57,48.21,51.52,25.0
United Kingdom,GBR,20211207,1.0,1.0,1.0,3.0,1.0,0.0,0.0,3.0,2.0,2.0,1.0,3.0,5.0,2.0,69.04,43.56,48.2,51.52,25.0
United Kingdom,GBR,20211208,1.0,1.0,1.0,3.0,1.0,0.0,0.0,3.0,2.0,2.0,1.0,3.0,5.0,2.0,69.09,43.56,48.2,51.52,25.0
United Kingdom,GBR,20211209,1.0,1.0,1.0,3.0,1.0,0.0,0.0,3.0,2.0,2.0,1.0,3.0,5.0,2.0,69.14,43.56,48.2,51.52,25.0
United Kingdom,GBR,20211210,1.0,1.0,1.0,3.0,1.0,0.0,0.0,3.0,2.0,2.0,1.0,3.0,5.0,2.0,69.18,43.56,48.2,51.52,25.0
United Kingdom,GBR,20211211,1.0,1.0,1.0,3.0,1.0,0.0,0.0,3.0,2.0,2.0,1.0,3.0,5.0,2.0,69.24,43.55,48.2,51.51,25.0
United Kingdom,GBR,20211212,1.0,1.0,1.0,3.0,1.0,0.0,0.0,3.0,2.0,2.0,1.0,3.0,5.0,2.0,69.29,43.55,48.2,51.51,25.0
United Kingdom,GBR,20211213,1.0,1.0,1.0,3.0,1.0,0.0,0.0,3.0,2.0,2.0,1.0,3.0,5.0,2.0,69.33,43.55,48.2,51.51,25.0
United Kingdom,GBR,20211214,1.0,1.0,1.0,3.0,1.0,0.0,0.0,3.0,2.0,2.0,1.0,3.0,5.0,2.0,69.39,43.55,48.2,51.51,25.0
United Kingdom,GBR,20211215,1.0,1.0,1.0,3.0,1.0,0.0,0.0,2.0,2.0,2.0,1.0,3.0,5.0,2.0,69.44,40.76,46.63,49.72,25.0
United Kingdom,GBR,20211216,1.0,1.0,1.0,3.0,1.0,0.0,0.0,2.0,2.0,2.0,1.0,3.0,5.0,2.0,69.51,40.76,46.63,49.72,25.0
United Kingdom,GBR,20211217,1.0,1.0,1.0,3.0,1.0,0.0,0.0,2.0,2.0,2.0,1.0,3.0,5.0,2.0,69.57,40.76,46.62,49.72,25.0
United Kingdom,GBR,20211218,1.0,1.0,1.0,3.0,1.0,0.0,0.0,2.0,2.0,2.0,1.0,3.0,5.0,2.0,69.64,40.76,46.62,49.71,25.0
United Kingdom,GBR,20211219,1.0,1.0,1.0,3.0,1.0,0.0,0.0,2.0,2.0,2.0,1.0,3.0,5.0,2.0,69.7,40.75,46.62,49.71,25.0
United Kingdom,GBR,20211220,1.0,1.0,1.0,3.0,1.0,0.0,0.0,2.0,2.0,2.0,1.0,3.0,5.0,2.0,69.77,40.75,46.62,49.71,25.0
United Kingdom,GBR,20211221,1.0,1.0,1.0,3.0,1.0,0.0,0.0,2.0,2.0,2.0,1.0,3.0,5.0,2.0,69.85,40.75,46.62,49.71,25.0
United Kingdom,GBR,20211222,1.0,1.0,1.0,3.0,1.0,0.0,0.0,2.0,2.0,2.0,1.0,3.0,5.0,2.0,69.93,41.3,46.93,50.06,25.0
United Kingdom,GBR,20211223,1.0,1.0,1.0,3.0,1.0,0.0,0.0,2.0,2.0,2.0,1.0,3.0,5.0,2.0,70.0,41.29,46.93,50.06,25.0
United Kingdom,GBR,20211224,1.0,1.0,1.0,3.0,1.0,0.0,0.0,2.0,2.0,2.0,1.0,3.0,5.0,2.0,70.02,41.29,46.92,50.06,25.0
United Kingdom,GBR,20211225,1.0,1.0,1.0,3.0,1.0,0.0,0.0,2.0,2.0,2.0,1.0,3.0,5.0,2.0,70.02,41.29,46.92,50.06,25.0
United Kingdom,GBR,20211226,1.0,1.0,2.0,3.0,1.0,0.0,0.0,2.0,2.0,2.0,1.0,3.0,5.0,2.0,70.02,44.07,48.49,51.85,25.0
United Kingdom,GBR,20211227,1.0,1.0,2.0,3.0,1.0,0.0,0.0,2.0,2.0,2.0,1.0,3.0,5.0,2.0,70.06,44.07,48.49,51.85,25.0
United Kingdom,GBR,20211228,1.0,1.0,2.0,3.0,1.0,0.0,0.0,2.0,2.0,2.0,1.0,3.0,5.0,2.0,70.1,44.07,48.49,51.84,25.0
United Kingdom,GBR,20211229,1.0,1.0,2.0,3.0,1.0,0.0,0.0,2.0,2.0,2.0,1.0,3.0,5.0,2.0,70.17,44.06,48.49,51.84,25.0
United Kingdom,GBR,20211230,1.0,1.0,2.0,3.0,1.0,0.0,0.0,2.0,2.0,2.0,1.0,3.0,5.0,2.0,70.23,44.06,48.48,51.84,25.0
United Kingdom,GBR,20211231,1.0,1.0,2.0,3.0,1.0,0.0,0.0,2.0,2.0,2.0,1.0,3.0,5.0,2.0,70.26,44.06,48.48,51.84,25.0
United Kingdom,GBR,20220101,1.0,1.0,2.0,3.0,1.0,0.0,0.0,1.0,2.0,2.0,1.0,3.0,5.0,2.0,70.27,42.1,47.38,50.58,25.0
United Kingdom,GBR,20220102,1.0,1.0,2.0,3.0,1.0,0.0,0.0,1.0,2.0,2.0,1.0,3.0,5.0,2.0,70.29,42.1,47.38,50.58,25.0
United Kingdom,GBR,20220103,1.0,1.0,2.0,3.0,1.0,0.0,0.0,1.0,2.0,2.0,1.0,3.0,5.0,2.0,70.34,42.1,47.38,50.57,25.0
United Kingdom,GBR,20220104,1.0,1.0,2.0,3.0,1.0,0.0,0.0,1.0,2.0,2.0,1.0,3.0,5.0,2.0,70.4,40.24,46.33,49.38,25.0
United Kingdom,GBR,20220105,1.0,1.0,2.0,3.0,1.0,0.0,0.0,1.0,2.0,2.0,1.0,3.0,5.0,2.0,70.46,40.24,46.33,49.38,25.0
United Kingdom,GBR,20220106,1.0,1.0,2.0,3.0,1.0,0.0,0.0,1.0,2.0,2.0,1.0,3.0,5.0,2.0,70.51,40.23,46.33,49.37,25.0
United Kingdom,GBR,20220107,1.0,1.0,2.0,3.0,1.0,0.0,0.0,1.0,2.0,2.0,1.0,3.0,5.0,2.0,70.56,40.23,46.32,49.37,25.0
United Kingdom,GBR,20220108,1.0,1.0,2.0,3.0,1.0,0.0,0.0,1.0,2.0,2.0,1.0,3.0,5.0,2.0,70.64,40.22,46.32,49.37,25.0
United Kingdom,GBR,20220109,1.0,1.0,2.0,3.0,1.0,0.0,0.0,1.0,2.0,2.0,1.0,3.0,5.0,2.0,70.69,40.21,46.32,49.36,25.0
United Kingdom,GBR,20220110,1.0,1.0,2.0,3.0,1.0,0.0,0.0,1.0,2.0,2.0,1.0,3.0,5.0,2.0,70.72,40.21,46.32,49.36,25.0
United Kingdom,GBR,20220111,1.0,1.0,2.0,3.0,1.0,0.0,0.0,1.0,2.0,2.0,1.0,3.0,5.0,2.0,70.77,40.21,46.31,49.36,25.0
United Kingdom,GBR,20220112,1.0,1.0,2.0,3.0,1.0,0.0,0.0,1.0,2.0,2.0,1.0,3.0,5.0,2.0,70.81,40.2,46.31,49.36,25.0
United Kingdom,GBR,20220113,1.0,1.0,2.0,3.0,1.0,0.0,0.0,1.0,2.0,2.0,1.0,3.0,5.0,2.0,70.86,40.2,46.31,49.35,25.0
United Kingdom,GBR,20220114,1.0,1.0,2.0,3.0,1.0,0.0,0.0,1.0,2.0,2.0,1.0,3.0,5.0,2.0,70.91,40.19,46.31,49.35,25.0
United Kingdom,GBR,20220115,1.0,1.0,2.0,3.0,1.0,0.0,0.0,1.0,2.0,2.0,1.0,3.0,5.0,2.0,70.99,40.19,46.3,49.35,25.0
United Kingdom,GBR,20220116,1.0,1.0,2.0,3.0,1.0,0.0,0.0,1.0,2.0,2.0,1.0,3.0,5.0,2.0,71.05,40.18,46.3,49.34,25.0
United Kingdom,GBR,20220117,1.0,1.0,2.0,3.0,1.0,0.0,0.0,1.0,2.0,2.0,1.0,3.0,5.0,2.0,71.09,40.18,46.3,49.34,25.0
United Kingdom,GBR,20220118,1.0,1.0,2.0,3.0,1.0,0.0,0.0,1.0,2.0,2.0,1.0,3.0,5.0,2.0,71.13,40.17,46.29,49.34,25.0
United Kingdom,GBR,20220119,1.0,1.0,2.0,3.0,1.0,0.0,0.0,1.0,2.0,2.0,1.0,3.0,5.0,2.0,71.17,40.17,46.29,49.34,25.0
United Kingdom,GBR,20220120,1.0,1.0,1.0,3.0,1.0,0.0,0.0,1.0,2.0,2.0,1.0,3.0,5.0,2.0,71.22,38.19,45.18,48.06,25.0
United Kingdom,GBR,20220121,1.0,1.0,1.0,3.0,1.0,0.0,0.0,1.0,2.0,2.0,1.0,3.0,5.0,2.0,71.27,38.18,45.18,48.05,25.0
United Kingdom,GBR,20220122,1.0,1.0,1.0,3.0,1.0,0.0,0.0,1.0,2.0,2.0,1.0,3.0,5.0,2.0,71.35,38.17,45.17,48.05,25.0
United Kingdom,GBR,20220123,1.0,1.0,1.0,3.0,1.0,0.0,0.0,1.0,2.0,2.0,1.0,3.0,5.0,2.0,71.39,38.16,45.17,48.04,25.0
United Kingdom,GBR,20220124,1.0,1.0,1.0,3.0,1.0,0.0,0.0,1.0,2.0,2.0,1.0,3.0,5.0,2.0,71.43,38.16,45.16,48.04,25.0
United Kingdom,GBR,20220125,1.0,1.0,1.0,3.0,1.0,0.0,0.0,1.0,2.0,2.0,1.0,3.0,5.0,2.0,71.48,38.15,45.16,48.04,25.0
United Kingdom,GBR,20220126,1.0,1.0,1.0,3.0,1.0,0.0,0.0,1.0,2.0,2.0,1.0,3.0,5.0,2.0,71.52,38.15,45.16,48.03,25.0
United Kingdom,GBR,20220127,1.0,1.0,1.0,3.0,1.0,0.0,0.0,1.0,2.0,2.0,1.0,3.0,5.0,2.0,71.57,36.83,44.42,47.19,25.0
United Kingdom,GBR,20220128,1.0,1.0,1.0,3.0,1.0,0.0,0.0,1.0,2.0,2.0,1.0,3.0,5.0,2.0,71.62,36.82,44.41,47.18,25.0
United Kingdom,GBR,20220129,1.0,1.0,1.0,3.0,1.0,0.0,0.0,1.0,2.0,2.0,1.0,3.0,5.0,2.0,71.68,36.82,44.41,47.18,25.0
United Kingdom,GBR,20220130,1.0,1.0,1.0,3.0,1.0,0.0,0.0,1.0,2.0,2.0,1.0,3.0,5.0,2.0,71.72,36.82,44.41,47.18,25.0
United Kingdom,GBR,20220131,1.0,1.0,1.0,3.0,1.0,0.0,0.0,1.0,2.0,2.0,1.0,3.0,5.0,2.0,71.75,36.81,44.41,47.18,25.0
United Kingdom,GBR,20220201,1.0,1.0,1.0,3.0,1.0,0.0,0.0,1.0,2.0,2.0,1.0,3.0,5.0,2.0,71.79,36.81,44.41,47.18,25.0
United Kingdom,GBR,20220202,1.0,1.0,1.0,3.0,1.0,0.0,0.0,1.0,2.0,2.0,1.0,3.0,5.0,2.0,71.83,36.81,44.4,47.17,25.0
United Kingdom,GBR,20220203,1.0,1.0,1.0,3.0,1.0,0.0,0.0,1.0,2.0,2.0,1.0,3.0,5.0,2.0,71.87,36.8,44.4,47.17,25.0
United Kingdom,GBR,20220204,1.0,1.0,1.0,3.0,1.0,0.0,0.0,1.0,2.0,2.0,1.0,3.0,5.0,2.0,71.92,36.8,44.4,47.17,25.0
United Kingdom,GBR,20220205,1.0,1.0,1.0,3.0,1.0,0.0,0.0,1.0,2.0,2.0,1.0,3.0,5.0,2.0,71.96,36.8,44.4,47.17,25.0
United Kingdom,GBR,20220206,1.0,1.0,1.0,3.0,1.0,0.0,0.0,1.0,2.0,2.0,1.0,3.0,5.0,2.0,71.98,36.8,44.4,47.17,25.0
United Kingdom,GBR,20220207,1.0,1.0,1.0,3.0,1.0,0.0,0.0,1.0,2.0,2.0,1.0,3.0,5.0,2.0,72.02,36.79,44.4,47.16,25.0
United Kingdom,GBR,20220208,1.0,1.0,1.0,3.0,1.0,0.0,0.0,1.0,2.0,2.0,1.0,3.0,5.0,2.0,72.05,36.79,44.4,47.16,25.0
United Kingdom,GBR,20220209,1.0,1.0,1.0,3.0,1.0,0.0,0.0,1.0,2.0,2.0,1.0,3.0,5.0,2.0,72.09,36.79,44.39,47.16,25.0
United Kingdom,GBR,20220210,1.0,1.0,1.0,3.0,1.0,0.0,0.0,1.0,2.0,2.0,1.0,3.0,5.0,2.0,72.13,36.79,44.39,47.16,25.0
United Kingdom,GBR,20220211,1.0,1.0,1.0,3.0,1.0,0.0,0.0,1.0,2.0,2.0,1.0,3.0,5.0,2.0,72.17,36.01,43.95,46.66,25.0
United Kingdom,GBR,20220212,1.0,1.0,1.0,3.0,1.0,0.0,0.0,1.0,2.0,2.0,1.0,3.0,5.0,2.0,72.21,36.01,43.95,46.66,25.0
United Kingdom,GBR,20220213,1.0,1.0,1.0,3.0,1.0,0.0,0.0,1.0,2.0,2.0,1.0,3.0,5.0,2.0,72.23,36.01,43.95,46.66,25.0
United Kingdom,GBR,20220214,1.0,1.0,1.0,3.0,1.0,0.0,0.0,1.0,2.0,2.0,1.0,3.0,5.0,2.0,72.25,36.0,43.95,46.66,25.0
United Kingdom,GBR,20220215,1.0,1.0,1.0,0.0,1.0,0.0,0.0,1.0,2.0,2.0,1.0,3.0,5.0,2.0,72.28,29.06,40.04,42.2,25.0
United Kingdom,GBR,20220216,1.0,1.0,1.0,0.0,1.0,0.0,0.0,1.0,2.0,2.0,1.0,3.0,5.0,2.0,72.31,29.06,40.04,42.2,25.0
United Kingdom,GBR,20220217,1.0,1.0,1.0,0.0,1.0,0.0,0.0,1.0,2.0,2.0,1.0,3.0,5.0,2.0,72.35,29.06,40.04,42.19,25.0
United Kingdom,GBR,20220218,1.0,1.0,1.0,0.0,1.0,0.0,0.0,1.0,2.0,2.0,1.0,3.0,5.0,2.0,72.37,29.06,40.04,42.19,25.0
United Kingdom,GBR,20220219,1.0,1.0,1.0,0.0,1.0,0.0,0.0,1.0,2.0,2.0,1.0,3.0,5.0,2.0,72.4,29.06,40.04,42.19,25.0
United Kingdom,GBR,20220220,1.0,1.0,1.0,0.0,1.0,0.0,0.0,1.0,2.0,2.0,1.0,3.0,5.0,2.0,72.41,29.06,40.04,42.19,25.0
United Kingdom,GBR,20220221,1.0,1.0,1.0,0.0,1.0,0.0,0.0,1.0,2.0,2.0,1.0,3.0,5.0,2.0,72.44,29.06,40.04,42.19,25.0
United Kingdom,GBR,20220222,1.0,1.0,1.0,0.0,1.0,0.0,0.0,1.0,2.0,2.0,1.0,3.0,5.0,2.0,72.46,29.06,40.04,42.19,25.0
United Kingdom,GBR,20220223,1.0,1.0,1.0,0.0,1.0,0.0,0.0,1.0,2.0,2.0,1.0,3.0,5.0,2.0,72.49,29.05,40.04,42.19,25.0
United Kingdom,GBR,20220224,1.0,1.0,1.0,0.0,1.0,0.0,0.0,1.0,2.0,2.0,1.0,3.0,5.0,2.0,72.51,29.05,40.04,42.19,25.0
United Kingdom,GBR,20220225,1.0,1.0,1.0,0.0,1.0,0.0,0.0,1.0,2.0,2.0,1.0,3.0,5.0,2.0,72.54,29.05,40.04,42.19,25.0
United Kingdom,GBR,20220226,1.0,1.0,1.0,0.0,1.0,0.0,0.0,1.0,2.0,2.0,1.0,3.0,5.0,2.0,72.57,29.05,40.04,42.19,25.0
United Kingdom,GBR,20220227,1.0,1.0,1.0,0.0,1.0,0.0,0.0,1.0,2.0,2.0,1.0,3.0,5.0,2.0,72.58,29.05,40.04,42.19,25.0
United Kingdom,GBR,20220228,1.0,1.0,1.0,0.0,1.0,0.0,0.0,1.0,2.0,2.0,1.0,3.0,5.0,2.0,72.6,23.15,36.72,38.39,25.0
United Kingdom,GBR,20220301,1.0,1.0,1.0,0.0,1.0,0.0,0.0,1.0,2.0,2.0,1.0,3.0,5.0,2.0,72.63,23.15,36.72,38.39,25.0
United Kingdom,GBR,20220302,1.0,1.0,1.0,0.0,1.0,0.0,0.0,1.0,2.0,2.0,1.0,3.0,5.0,2.0,72.65,23.15,36.72,38.39,25.0
United Kingdom,GBR,20220303,1.0,1.0,1.0,0.0,1.0,0.0,0.0,1.0,2.0,2.0,1.0,3.0,5.0,2.0,72.67,23.15,36.72,38.39,25.0
United Kingdom,GBR,20220304,1.0,1.0,1.0,0.0,1.0,0.0,0.0,1.0,2.0,2.0,1.0,3.0,5.0,2.0,72.7,23.15,36.72,38.39,25.0
United Kingdom,GBR,20220305,1.0,1.0,1.0,0.0,1.0,0.0,0.0,1.0,2.0,2.0,1.0,3.0,5.0,2.0,72.73,23.15,36.72,38.39,25.0
United Kingdom,GBR,20220306,1.0,1.0,1.0,0.0,1.0,0.0,0.0,1.0,2.0,2.0,1.0,3.0,5.0,2.0,72.74,23.15,36.72,38.39,25.0
United Kingdom,GBR,20220307,1.0,1.0,1.0,0.0,1.0,0.0,0.0,1.0,2.0,2.0,1.0,3.0,5.0,2.0,72.76,23.15,36.72,38.39,25.0
United Kingdom,GBR,20220308,1.0,1.0,1.0,0.0,1.0,0.0,0.0,1.0,2.0,2.0,1.0,3.0,5.0,2.0,72.78,23.15,36.72,38.39,25.0
United Kingdom,GBR,20220309,1.0,1.0,1.0,0.0,1.0,0.0,0.0,1.0,2.0,2.0,1.0,3.0,5.0,2.0,72.81,23.15,36.72,38.39,25.0
United Kingdom,GBR,20220310,1.0,1.0,1.0,0.0,1.0,0.0,0.0,1.0,2.0,2.0,1.0,3.0,5.0,2.0,72.83,23.15,36.72,38.39,25.0
United Kingdom,GBR,20220311,1.0,1.0,1.0,0.0,1.0,0.0,0.0,1.0,2.0,2.0,1.0,3.0,5.0,2.0,72.85,23.15,36.72,38.39,25.0
United Kingdom,GBR,20220312,1.0,1.0,1.0,0.0,1.0,0.0,0.0,1.0,2.0,2.0,1.0,3.0,5.0,2.0,72.88,23.15,36.72,38.39,25.0
United Kingdom,GBR,20220313,1.0,1.0,1.0,0.0,1.0,0.0,0.0,1.0,2.0,2.0,1.0,3.0,5.0,2.0,72.89,23.15,36.72,38.39,25.0
United Kingdom,GBR,20220314,1.0,1.0,1.0,0.0,1.0,0.0,0.0,1.0,2.0,2.0,1.0,3.0,5.0,2.0,72.92,23.15,36.72,38.39,25.0
United Kingdom,GBR,20220315,1.0,1.0,1.0,0.0,1.0,0.0,0.0,1.0,2.0,2.0,1.0,3.0,5.0,2.0,72.94,23.15,36.72,38.39,25.0
United Kingdom,GBR,20220316,1.0,1.0,1.0,0.0,1.0,0.0,0.0,1.0,2.0,2.0,1.0,3.0,5.0,2.0,72.96,23.15,36.72,38.39,25.0
United Kingdom,GBR,20220317,1.0,1.0,1.0,0.0,1.0,0.0,0.0,1.0,2.0,2.0,1.0,3.0,5.0,2.0,72.98,23.15,36.72,38.39,25.0
United Kingdom,GBR,20220318,1.0,1.0,1.0,0.0,1.0,0.0,0.0,0.0,2.0,2.0,1.0,3.0,5.0,2.0,73.0,20.37,35.16,36.61,25.0
United Kingdom,GBR,20220319,1.0,1.0,1.0,0.0,1.0,0.0,0.0,0.0,2.0,2.0,1.0,3.0,5.0,2.0,73.03,20.37,35.16,36.61,25.0
United Kingdom,GBR,20220320,1.0,1.0,1.0,0.0,1.0,0.0,0.0,0.0,2.0,2.0,1.0,3.0,5.0,2.0,73.05,20.37,35.16,36.61,25.0
United Kingdom,GBR,20220321,1.0,1.0,1.0,0.0,1.0,0.0,0.0,0.0,2.0,2.0,1.0,3.0,5.0,2.0,73.06,20.37,35.16,36.61,25.0
United Kingdom,GBR,20220322,1.0,1.0,1.0,0.0,1.0,0.0,0.0,0.0,2.0,2.0,1.0,3.0,5.0,2.0,73.08,20.37,35.16,36.61,25.0
United Kingdom,GBR,20220323,1.0,1.0,1.0,0.0,1.0,0.0,0.0,0.0,2.0,2.0,1.0,3.0,5.0,2.0,73.09,20.37,35.16,36.61,25.0
United Kingdom,GBR,20220324,1.0,1.0,1.0,0.0,1.0,0.0,0.0,0.0,2.0,2.0,1.0,3.0,5.0,2.0,73.11,20.37,35.16,36.61,25.0
United Kingdom,GBR,20220325,1.0,1.0,1.0,0.0,1.0,0.0,0.0,0.0,2.0,2.0,1.0,3.0,5.0,2.0,73.13,20.37,35.16,36.61,25.0
United Kingdom,GBR,20220326,1.0,1.0,1.0,0.0,1.0,0.0,0.0,0.0,2.0,2.0,1.0,3.0,5.0,2.0,73.15,20.37,35.16,36.61,25.0
United Kingdom,GBR,20220327,1.0,1.0,1.0,0.0,1.0,0.0,0.0,0.0,2.0,2.0,1.0,3.0,5.0,2.0,73.17,20.37,35.16,36.61,25.0
United Kingdom,GBR,20220328,1.0,1.0,1.0,0.0,1.0,0.0,0.0,0.0,2.0,2.0,1.0,3.0,5.0,2.0,73.18,20.37,35.16,36.61,25.0
United Kingdom,GBR,20220329,1.0,1.0,1.0,0.0,1.0,0.0,0.0,0.0,2.0,2.0,1.0,3.0,5.0,2.0,73.2,20.37,35.16,36.61,25.0
United Kingdom,GBR,20220330,1.0,1.0,1.0,0.0,1.0,0.0,0.0,0.0,2.0,2.0,1.0,3.0,5.0,2.0,73.22,20.37,35.16,36.61,25.0
United Kingdom,GBR,20220331,1.0,1.0,1.0,0.0,1.0,0.0,0.0,0.0,2.0,2.0,1.0,3.0,5.0,2.0,73.24,20.37,35.16,36.61,25.0
United Kingdom,GBR,20220401,1.0,1.0,1.0,0.0,1.0,0.0,0.0,0.0,2.0,2.0,1.0,3.0,5.0,2.0,73.25,20.37,35.16,36.61,25.0
United Kingdom,GBR,20220402,1.0,1.0,1.0,0.0,1.0,0.0,0.0,0.0,2.0,2.0,1.0,3.0,5.0,2.0,73.28,20.37,35.16,36.61,25.0
United Kingdom,GBR,20220403,1.0,1.0,1.0,0.0,1.0,0.0,0.0,0.0,2.0,2.0,1.0,3.0,5.0,2.0,73.29,20.37,35.16,36.61,25.0
United Kingdom,GBR,20220404,1.0,1.0,1.0,0.0,1.0,0.0,0.0,0.0,2.0,2.0,1.0,3.0,5.0,2.0,73.31,20.37,35.16,36.61,25.0
United Kingdom,GBR,20220405,1.0,1.0,1.0,0.0,1.0,0.0,0.0,0.0,2.0,2.0,1.0,3.0,5.0,2.0,73.32,20.37,35.16,36.61,25.0
United Kingdom,GBR,20220406,1.0,1.0,1.0,0.0,1.0,0.0,0.0,0.0,2.0,2.0,1.0,3.0,5.0,2.0,73.34,20.37,35.16,36.61,25.0
United Kingdom,GBR,20220407,1.0,1.0,1.0,0.0,1.0,0.0,0.0,0.0,2.0,2.0,1.0,3.0,5.0,2.0,73.35,20.37,35.16,36.61,25.0
United Kingdom,GBR,20220408,1.0,1.0,1.0,0.0,1.0,0.0,0.0,0.0,2.0,2.0,1.0,3.0,5.0,2.0,73.37,20.37,35.16,36.61,25.0
United Kingdom,GBR,20220409,1.0,1.0,1.0,0.0,1.0,0.0,0.0,0.0,2.0,2.0,1.0,3.0,5.0,2.0,73.39,20.37,35.16,36.61,25.0
United Kingdom,GBR,20220410,1.0,1.0,1.0,0.0,1.0,0.0,0.0,0.0,2.0,2.0,1.0,3.0,5.0,2.0,73.41,20.37,35.16,36.61,25.0
United Kingdom,GBR,20220411,1.0,1.0,1.0,0.0,1.0,0.0,0.0,0.0,2.0,2.0,1.0,3.0,5.0,2.0,73.43,20.37,35.16,36.61,25.0
United Kingdom,GBR,20220412,1.0,1.0,1.0,0.0,1.0,0.0,0.0,0.0,2.0,2.0,1.0,3.0,5.0,2.0,73.44,20.37,35.16,36.61,25.0
United Kingdom,GBR,20220413,1.0,1.0,1.0,0.0,1.0,0.0,0.0,0.0,2.0,2.0,1.0,3.0,5.0,2.0,73.46,20.37,35.16,36.61,25.0
United Kingdom,GBR,20220414,1.0,1.0,1.0,0.0,1.0,0.0,0.0,0.0,2.0,2.0,1.0,3.0,5.0,2.0,73.48,20.37,35.16,36.61,25.0
United Kingdom,GBR,20220415,1.0,1.0,1.0,0.0,1.0,0.0,0.0,0.0,2.0,2.0,1.0,3.0,5.0,2.0,73.49,20.37,35.16,36.61,25.0
United Kingdom,GBR,20220416,1.0,1.0,1.0,0.0,1.0,0.0,0.0,0.0,2.0,2.0,1.0,3.0,5.0,2.0,73.51,20.37,35.16,36.61,25.0
United Kingdom,GBR,20220417,1.0,1.0,1.0,0.0,1.0,0.0,0.0,0.0,2.0,2.0,1.0,3.0,5.0,2.0,73.51,20.37,35.16,36.61,25.0
United Kingdom,GBR,20220418,1.0,0.0,0.0,0.0,0.0,0.0,0.0,0.0,2.0,2.0,1.0,1.0,5.0,2.0,73.52,12.96,27.86,28.27,25.0
United Kingdom,GBR,20220419,0.0,0.0,0.0,0.0,0.0,0.0,0.0,0.0,2.0,2.0,1.0,1.0,5.0,2.0,73.53,11.11,26.82,27.08,25.0
United Kingdom,GBR,20220420,0.0,0.0,0.0,0.0,0.0,0.0,0.0,0.0,2.0,2.0,1.0,1.0,5.0,2.0,73.55,11.11,26.82,27.08,25.0
United Kingdom,GBR,20220421,0.0,0.0,0.0,0.0,0.0,0.0,0.0,0.0,2.0,2.0,1.0,1.0,5.0,2.0,73.56,11.11,26.82,27.08,25.0
United Kingdom,GBR,20220422,0.0,0.0,0.0,0.0,0.0,0.0,0.0,0.0,2.0,2.0,1.0,1.0,5.0,2.0,73.58,11.11,26.82,27.08,25.0
United Kingdom,GBR,20220423,0.0,0.0,0.0,0.0,0.0,0.0,0.0,0.0,2.0,2.0,1.0,1.0,5.0,2.0,73.6,11.11,26.82,27.08,25.0
United Kingdom,GBR,20220424,0.0,0.0,0.0,0.0,0.0,0.0,0.0,0.0,2.0,2.0,1.0,1.0,5.0,2.0,73.62,11.11,26.82,27.08,25.0
United Kingdom,GBR,20220425,0.0,0.0,0.0,0.0,0.0,0.0,0.0,0.0,2.0,2.0,1.0,1.0,5.0,2.0,73.63,11.11,26.82,27.08,25.0
United Kingdom,GBR,20220426,0.0,0.0,0.0,0.0,0.0,0.0,0.0,0.0,2.0,2.0,1.0,1.0,5.0,2.0,73.64,11.11,26.82,27.08,25.0
United Kingdom,GBR,20220427,0.0,0.0,0.0,0.0,0.0,0.0,0.0,0.0,2.0,2.0,1.0,1.0,5.0,2.0,73.65,11.11,26.82,27.08,25.0
United Kingdom,GBR,20220428,0.0,0.0,0.0,0.0,0.0,0.0,0.0,0.0,2.0,2.0,1.0,1.0,5.0,2.0,73.67,11.11,26.82,27.08,25.0
United Kingdom,GBR,20220429,0.0,0.0,0.0,0.0,0.0,0.0,0.0,0.0,2.0,2.0,1.0,1.0,5.0,2.0,73.68,11.11,26.82,27.08,25.0
United Kingdom,GBR,20220430,0.0,0.0,0.0,0.0,0.0,0.0,0.0,0.0,2.0,2.0,1.0,1.0,5.0,2.0,73.7,11.11,26.82,27.08,25.0
United Kingdom,GBR,20220501,0.0,0.0,0.0,0.0,0.0,0.0,0.0,0.0,2.0,2.0,1.0,1.0,5.0,2.0,73.71,11.11,26.82,27.08,25.0
United Kingdom,GBR,20220502,0.0,0.0,0.0,0.0,0.0,0.0,0.0,0.0,2.0,2.0,1.0,1.0,5.0,2.0,73.72,11.11,26.82,27.08,25.0
United Kingdom,GBR,20220503,0.0,0.0,0.0,0.0,0.0,0.0,0.0,0.0,2.0,2.0,1.0,1.0,5.0,2.0,73.73,11.11,26.82,27.08,25.0
United Kingdom,GBR,20220504,0.0,0.0,0.0,0.0,0.0,0.0,0.0,0.0,2.0,2.0,1.0,1.0,5.0,2.0,73.74,11.11,26.82,27.08,25.0
United Kingdom,GBR,20220505,0.0,0.0,0.0,0.0,0.0,0.0,0.0,0.0,2.0,2.0,1.0,1.0,5.0,2.0,73.75,11.11,26.82,27.08,25.0
United Kingdom,GBR,20220506,0.0,0.0,0.0,0.0,0.0,0.0,0.0,0.0,2.0,2.0,1.0,1.0,5.0,2.0,73.76,11.11,26.82,27.08,25.0
United Kingdom,GBR,20220507,0.0,0.0,0.0,0.0,0.0,0.0,0.0,0.0,2.0,2.0,1.0,1.0,5.0,2.0,73.79,11.11,26.82,27.08,25.0
United Kingdom,GBR,20220508,0.0,0.0,0.0,0.0,0.0,0.0,0.0,0.0,2.0,2.0,1.0,1.0,5.0,2.0,73.8,11.11,26.82,27.08,25.0
United Kingdom,GBR,20220509,0.0,0.0,0.0,0.0,0.0,0.0,0.0,0.0,2.0,2.0,1.0,1.0,5.0,2.0,73.81,11.11,26.82,27.08,25.0
United Kingdom,GBR,20220510,0.0,0.0,0.0,0.0,0.0,0.0,0.0,0.0,2.0,2.0,1.0,1.0,5.0,2.0,73.82,11.11,26.82,27.08,25.0
United Kingdom,GBR,20220511,0.0,0.0,0.0,0.0,0.0,0.0,0.0,0.0,2.0,2.0,1.0,1.0,5.0,2.0,73.83,11.11,26.82,27.08,25.0
United Kingdom,GBR,20220512,0.0,0.0,0.0,0.0,0.0,0.0,0.0,0.0,2.0,2.0,1.0,1.0,5.0,2.0,73.85,11.11,26.82,27.08,25.0
United Kingdom,GBR,20220513,0.0,0.0,0.0,0.0,0.0,0.0,0.0,0.0,2.0,2.0,1.0,1.0,5.0,2.0,73.86,11.11,26.82,27.08,25.0
United Kingdom,GBR,20220514,0.0,0.0,0.0,0.0,0.0,0.0,0.0,0.0,2.0,2.0,1.0,1.0,5.0,2.0,73.87,11.11,26.82,27.08,25.0
United Kingdom,GBR,20220515,0.0,0.0,0.0,0.0,0.0,0.0,0.0,0.0,2.0,2.0,1.0,1.0,5.0,2.0,73.88,11.11,26.82,27.08,25.0
United Kingdom,GBR,20220516,0.0,0.0,0.0,0.0,0.0,0.0,0.0,0.0,2.0,2.0,1.0,1.0,5.0,2.0,73.89,11.11,26.82,27.08,25.0
United Kingdom,GBR,20220517,0.0,0.0,0.0,0.0,0.0,0.0,0.0,0.0,2.0,2.0,1.0,1.0,5.0,2.0,73.9,11.11,26.82,27.08,25.0
United Kingdom,GBR,20220518,0.0,0.0,0.0,0.0,0.0,0.0,0.0,0.0,2.0,2.0,1.0,1.0,5.0,2.0,73.91,11.11,26.82,27.08,25.0
United Kingdom,GBR,20220519,0.0,0.0,0.0,0.0,0.0,0.0,0.0,0.0,2.0,2.0,1.0,1.0,5.0,2.0,73.92,11.11,26.82,27.08,25.0
United Kingdom,GBR,20220520,0.0,0.0,0.0,0.0,0.0,0.0,0.0,0.0,2.0,2.0,1.0,1.0,5.0,2.0,73.93,11.11,26.82,27.08,25.0
United Kingdom,GBR,20220521,0.0,0.0,0.0,0.0,0.0,0.0,0.0,0.0,2.0,2.0,1.0,1.0,5.0,2.0,73.95,11.11,26.82,27.08,25.0
United Kingdom,GBR,20220522,0.0,0.0,0.0,0.0,0.0,0.0,0.0,0.0,2.0,2.0,1.0,1.0,5.0,2.0,73.95,11.11,26.82,27.08,25.0
United Kingdom,GBR,20220523,0.0,0.0,0.0,0.0,0.0,0.0,0.0,0.0,2.0,2.0,1.0,1.0,5.0,2.0,73.96,11.11,26.82,27.08,25.0
United Kingdom,GBR,20220524,0.0,0.0,0.0,0.0,0.0,0.0,0.0,0.0,2.0,2.0,1.0,1.0,5.0,2.0,73.97,11.11,26.82,27.08,25.0
United Kingdom,GBR,20220525,0.0,0.0,0.0,0.0,0.0,0.0,0.0,0.0,2.0,2.0,1.0,1.0,5.0,2.0,73.97,11.11,26.82,27.08,25.0
United Kingdom,GBR,20220526,0.0,0.0,0.0,0.0,0.0,0.0,0.0,0.0,2.0,2.0,1.0,1.0,5.0,2.0,74.01,11.11,26.82,27.08,25.0
United Kingdom,GBR,20220527,0.0,0.0,0.0,0.0,0.0,0.0,0.0,0.0,2.0,2.0,1.0,1.0,5.0,2.0,74.02,11.11,26.82,27.08,25.0
United Kingdom,GBR,20220528,0.0,0.0,0.0,0.0,0.0,0.0,0.0,0.0,2.0,2.0,1.0,1.0,5.0,2.0,74.04,11.11,26.82,27.08,25.0
United Kingdom,GBR,20220529,0.0,0.0,0.0,0.0,0.0,0.0,0.0,0.0,2.0,2.0,1.0,1.0,5.0,2.0,74.04,11.11,26.82,27.08,25.0
United Kingdom,GBR,20220530,0.0,0.0,0.0,0.0,0.0,0.0,0.0,0.0,2.0,2.0,1.0,1.0,5.0,2.0,74.06,11.11,26.82,27.08,25.0
United Kingdom,GBR,20220531,0.0,0.0,0.0,0.0,0.0,0.0,0.0,0.0,2.0,2.0,1.0,1.0,5.0,2.0,74.07,11.11,26.82,27.08,25.0
United Kingdom,GBR,20220601,0.0,0.0,0.0,0.0,0.0,0.0,0.0,0.0,2.0,2.0,1.0,1.0,5.0,2.0,74.08,11.11,26.82,27.08,25.0
United Kingdom,GBR,20220602,0.0,0.0,0.0,0.0,0.0,0.0,0.0,0.0,2.0,2.0,1.0,1.0,5.0,2.0,74.09,11.11,26.82,27.08,25.0
United Kingdom,GBR,20220603,0.0,0.0,0.0,0.0,0.0,0.0,0.0,0.0,2.0,2.0,1.0,1.0,5.0,2.0,74.09,11.11,26.82,27.08,25.0
United Kingdom,GBR,20220604,0.0,0.0,0.0,0.0,0.0,0.0,0.0,0.0,2.0,2.0,1.0,1.0,5.0,2.0,74.1,11.11,26.82,27.08,25.0
United Kingdom,GBR,20220605,0.0,0.0,0.0,0.0,0.0,0.0,0.0,0.0,2.0,2.0,1.0,1.0,5.0,2.0,74.1,11.11,26.82,27.08,25.0
United Kingdom,GBR,20220606,0.0,0.0,0.0,0.0,0.0,0.0,0.0,0.0,2.0,2.0,1.0,1.0,5.0,2.0,74.11,11.11,26.82,27.08,25.0
United Kingdom,GBR,20220607,0.0,0.0,0.0,0.0,0.0,0.0,0.0,0.0,2.0,2.0,1.0,1.0,5.0,2.0,74.12,11.11,23.7,27.08,0.0
United Kingdom,GBR,20220608,0.0,0.0,0.0,0.0,0.0,0.0,0.0,0.0,2.0,2.0,1.0,1.0,5.0,2.0,74.13,11.11,23.7,27.08,0.0
United Kingdom,GBR,20220609,0.0,0.0,0.0,0.0,0.0,0.0,0.0,0.0,2.0,2.0,1.0,1.0,5.0,2.0,74.13,11.11,23.7,27.08,0.0
United Kingdom,GBR,20220610,0.0,0.0,0.0,0.0,0.0,0.0,0.0,0.0,2.0,2.0,1.0,1.0,5.0,2.0,74.14,11.11,23.7,27.08,0.0
United Kingdom,GBR,20220611,0.0,0.0,0.0,0.0,0.0,0.0,0.0,0.0,2.0,2.0,1.0,1.0,5.0,2.0,74.16,11.11,23.7,27.08,0.0
United Kingdom,GBR,20220612,0.0,0.0,0.0,0.0,0.0,0.0,0.0,0.0,2.0,2.0,1.0,1.0,5.0,2.0,74.17,11.11,23.7,27.08,0.0
United Kingdom,GBR,20220613,0.0,0.0,0.0,0.0,0.0,0.0,0.0,0.0,2.0,2.0,1.0,1.0,5.0,2.0,74.17,11.11,23.7,27.08,0.0
United Kingdom,GBR,20220614,0.0,0.0,0.0,0.0,0.0,0.0,0.0,0.0,2.0,2.0,1.0,1.0,5.0,2.0,74.18,11.11,23.7,27.08,0.0
United Kingdom,GBR,20220615,0.0,0.0,0.0,0.0,0.0,0.0,0.0,0.0,2.0,2.0,1.0,1.0,5.0,2.0,74.19,11.11,23.7,27.08,0.0
United Kingdom,GBR,20220616,0.0,0.0,0.0,0.0,0.0,0.0,0.0,0.0,2.0,2.0,1.0,1.0,5.0,2.0,74.19,11.11,23.7,27.08,0.0
United Kingdom,GBR,20220617,0.0,0.0,0.0,0.0,0.0,0.0,0.0,0.0,2.0,2.0,1.0,1.0,5.0,2.0,74.2,11.11,23.7,27.08,0.0
United Kingdom,GBR,20220618,0.0,0.0,0.0,0.0,0.0,0.0,0.0,0.0,2.0,2.0,1.0,1.0,5.0,2.0,74.22,11.11,23.7,27.08,0.0
United Kingdom,GBR,20220619,0.0,0.0,0.0,0.0,0.0,0.0,0.0,0.0,2.0,2.0,1.0,1.0,5.0,2.0,74.23,11.11,23.7,27.08,0.0
United Kingdom,GBR,20220620,0.0,0.0,0.0,0.0,0.0,0.0,0.0,0.0,2.0,2.0,1.0,1.0,5.0,2.0,74.24,11.11,23.7,27.08,0.0
United Kingdom,GBR,20220621,0.0,0.0,0.0,0.0,0.0,0.0,0.0,0.0,2.0,2.0,1.0,1.0,5.0,2.0,74.24,11.11,23.7,27.08,0.0
United Kingdom,GBR,20220622,0.0,0.0,0.0,0.0,0.0,0.0,0.0,0.0,2.0,2.0,1.0,1.0,5.0,2.0,74.25,11.11,23.7,27.08,0.0
United Kingdom,GBR,20220623,0.0,0.0,0.0,0.0,0.0,0.0,0.0,0.0,2.0,2.0,1.0,1.0,5.0,2.0,74.26,11.11,23.7,27.08,0.0
United Kingdom,GBR,20220624,0.0,0.0,0.0,0.0,0.0,0.0,0.0,0.0,2.0,2.0,1.0,1.0,5.0,2.0,74.27,11.11,23.7,27.08,0.0
United Kingdom,GBR,20220625,0.0,0.0,0.0,0.0,0.0,0.0,0.0,0.0,2.0,2.0,1.0,1.0,5.0,2.0,74.29,11.11,23.7,27.08,0.0
United Kingdom,GBR,20220626,0.0,0.0,0.0,0.0,0.0,0.0,0.0,0.0,2.0,2.0,1.0,1.0,5.0,2.0,74.3,11.11,23.7,27.08,0.0
United Kingdom,GBR,20220627,0.0,0.0,0.0,0.0,0.0,0.0,0.0,0.0,2.0,2.0,1.0,1.0,5.0,2.0,74.31,11.11,23.7,27.08,0.0
United Kingdom,GBR,20220628,0.0,0.0,0.0,0.0,0.0,0.0,0.0,0.0,2.0,2.0,1.0,1.0,5.0,2.0,74.32,11.11,23.7,27.08,0.0
United Kingdom,GBR,20220629,0.0,0.0,0.0,0.0,0.0,0.0,0.0,0.0,2.0,2.0,1.0,1.0,5.0,2.0,74.33,11.11,23.7,27.08,0.0
United Kingdom,GBR,20220630,0.0,0.0,0.0,0.0,0.0,0.0,0.0,0.0,2.0,2.0,1.0,1.0,5.0,2.0,74.34,11.11,23.7,27.08,0.0
United Kingdom,GBR,20220701,0.0,0.0,0.0,0.0,0.0,0.0,0.0,0.0,2.0,2.0,0.0,1.0,5.0,2.0,74.36,11.11,20.57,23.51,0.0
United Kingdom,GBR,20220702,0.0,0.0,0.0,0.0,0.0,0.0,0.0,0.0,2.0,2.0,0.0,1.0,5.0,2.0,74.39,11.11,20.57,23.51,0.0
United Kingdom,GBR,20220703,0.0,0.0,0.0,0.0,0.0,0.0,0.0,0.0,2.0,2.0,0.0,1.0,5.0,2.0,74.4,11.11,20.57,23.51,0.0
United Kingdom,GBR,20220704,0.0,0.0,0.0,0.0,0.0,0.0,0.0,0.0,2.0,2.0,0.0,1.0,5.0,2.0,74.41,11.11,20.57,23.51,0.0
United Kingdom,GBR,20220705,0.0,0.0,0.0,0.0,0.0,0.0,0.0,0.0,2.0,2.0,0.0,1.0,5.0,2.0,74.43,11.11,20.57,23.51,0.0
United Kingdom,GBR,20220706,0.0,0.0,0.0,0.0,0.0,0.0,0.0,0.0,2.0,2.0,0.0,1.0,5.0,2.0,74.44,11.11,20.57,23.51,0.0
United Kingdom,GBR,20220707,0.0,0.0,0.0,0.0,0.0,0.0,0.0,0.0,2.0,2.0,0.0,1.0,5.0,2.0,74.45,11.11,20.57,23.51,0.0
United Kingdom,GBR,20220708,0.0,0.0,0.0,0.0,0.0,0.0,0.0,0.0,2.0,2.0,0.0,1.0,5.0,2.0,74.47,11.11,20.57,23.51,0.0
United Kingdom,GBR,20220709,0.0,0.0,0.0,0.0,0.0,0.0,0.0,0.0,2.0,2.0,0.0,1.0,5.0,2.0,74.5,11.11,20.57,23.51,0.0
United Kingdom,GBR,20220710,0.0,0.0,0.0,0.0,0.0,0.0,0.0,0.0,2.0,2.0,0.0,1.0,5.0,2.0,74.52,11.11,20.57,23.51,0.0
United Kingdom,GBR,20220711,0.0,0.0,0.0,0.0,0.0,0.0,0.0,0.0,2.0,2.0,0.0,1.0,5.0,2.0,74.53,11.11,20.57,23.51,0.0
United Kingdom,GBR,20220712,0.0,0.0,0.0,0.0,0.0,0.0,0.0,0.0,2.0,2.0,0.0,1.0,5.0,2.0,74.54,11.11,20.57,23.51,0.0
United Kingdom,GBR,20220713,0.0,0.0,0.0,0.0,0.0,0.0,0.0,0.0,2.0,2.0,0.0,1.0,5.0,2.0,74.55,11.11,20.57,23.51,0.0
United Kingdom,GBR,20220714,0.0,0.0,0.0,0.0,0.0,0.0,0.0,0.0,2.0,2.0,0.0,1.0,5.0,2.0,74.57,11.11,20.57,23.51,0.0
United Kingdom,GBR,20220715,0.0,0.0,0.0,0.0,0.0,0.0,0.0,0.0,2.0,2.0,0.0,1.0,5.0,2.0,74.58,11.11,20.57,23.51,0.0
United Kingdom,GBR,20220716,0.0,0.0,0.0,0.0,0.0,0.0,0.0,0.0,2.0,2.0,0.0,1.0,5.0,2.0,74.62,11.11,20.57,23.51,0.0
United Kingdom,GBR,20220717,0.0,0.0,0.0,0.0,0.0,0.0,0.0,0.0,2.0,2.0,0.0,1.0,5.0,2.0,74.63,11.11,20.57,23.51,0.0
United Kingdom,GBR,20220718,0.0,0.0,0.0,0.0,0.0,0.0,0.0,0.0,2.0,2.0,0.0,1.0,5.0,2.0,74.64,11.11,20.57,23.51,0.0
United Kingdom,GBR,20220719,0.0,0.0,0.0,0.0,0.0,0.0,0.0,0.0,2.0,2.0,0.0,1.0,5.0,2.0,74.65,11.11,20.57,23.51,0.0
United Kingdom,GBR,20220720,0.0,0.0,0.0,0.0,0.0,0.0,0.0,0.0,2.0,2.0,0.0,1.0,5.0,2.0,74.66,11.11,20.57,23.51,0.0
United Kingdom,GBR,20220721,0.0,0.0,0.0,0.0,0.0,0.0,0.0,0.0,2.0,2.0,0.0,1.0,5.0,2.0,74.68,11.11,20.57,23.51,0.0
United Kingdom,GBR,20220722,0.0,0.0,0.0,0.0,0.0,0.0,0.0,0.0,2.0,2.0,0.0,1.0,5.0,2.0,74.69,11.11,20.57,23.51,0.0
United Kingdom,GBR,20220723,0.0,0.0,0.0,0.0,0.0,0.0,0.0,0.0,2.0,2.0,0.0,1.0,5.0,2.0,74.72,11.11,20.57,23.51,0.0
United Kingdom,GBR,20220724,0.0,0.0,0.0,0.0,0.0,0.0,0.0,0.0,2.0,2.0,0.0,1.0,5.0,2.0,74.74,11.11,20.57,23.51,0.0
United Kingdom,GBR,20220725,0.0,0.0,0.0,0.0,0.0,0.0,0.0,0.0,2.0,2.0,0.0,1.0,5.0,2.0,74.75,11.11,20.57,23.51,0.0
United Kingdom,GBR,20220726,0.0,0.0,0.0,0.0,0.0,0.0,0.0,0.0,2.0,1.0,0.0,1.0,5.0,2.0,74.77,11.11,18.49,21.13,0.0
United Kingdom,GBR,20220727,0.0,0.0,0.0,0.0,0.0,0.0,0.0,0.0,2.0,1.0,0.0,1.0,5.0,2.0,74.78,11.11,18.49,21.13,0.0
United Kingdom,GBR,20220728,0.0,0.0,0.0,0.0,0.0,0.0,0.0,0.0,2.0,1.0,0.0,1.0,5.0,2.0,74.79,11.11,18.49,21.13,0.0
United Kingdom,GBR,20220729,0.0,0.0,0.0,0.0,0.0,0.0,0.0,0.0,2.0,1.0,0.0,1.0,5.0,2.0,74.81,11.11,18.49,21.13,0.0
United Kingdom,GBR,20220730,0.0,0.0,0.0,0.0,0.0,0.0,0.0,0.0,2.0,1.0,0.0,1.0,5.0,2.0,74.83,11.11,18.49,21.13,0.0
United Kingdom,GBR,20220731,0.0,0.0,0.0,0.0,0.0,0.0,0.0,0.0,2.0,1.0,0.0,1.0,5.0,2.0,74.84,11.11,18.49,21.13,0.0
United Kingdom,GBR,20220801,0.0,0.0,0.0,0.0,0.0,0.0,0.0,0.0,2.0,1.0,0.0,1.0,5.0,2.0,74.86,11.11,18.49,21.13,0.0
United Kingdom,GBR,20220802,0.0,0.0,0.0,0.0,0.0,0.0,0.0,0.0,2.0,1.0,0.0,1.0,5.0,2.0,74.87,11.11,18.49,21.13,0.0
United Kingdom,GBR,20220803,0.0,0.0,0.0,0.0,0.0,0.0,0.0,0.0,2.0,1.0,0.0,1.0,5.0,2.0,74.88,11.11,18.49,21.13,0.0
United Kingdom,GBR,20220804,0.0,0.0,0.0,0.0,0.0,0.0,0.0,0.0,2.0,1.0,0.0,1.0,5.0,2.0,74.89,11.11,18.49,21.13,0.0
United Kingdom,GBR,20220805,0.0,0.0,0.0,0.0,0.0,0.0,0.0,0.0,2.0,1.0,0.0,1.0,5.0,2.0,74.9,11.11,18.49,21.13,0.0
United Kingdom,GBR,20220806,0.0,0.0,0.0,0.0,0.0,0.0,0.0,0.0,2.0,1.0,0.0,1.0,5.0,2.0,74.92,11.11,18.49,21.13,0.0
United Kingdom,GBR,20220807,0.0,0.0,0.0,0.0,0.0,0.0,0.0,0.0,2.0,1.0,0.0,1.0,5.0,2.0,74.93,11.11,18.49,21.13,0.0
United Kingdom,GBR,20220808,0.0,0.0,0.0,0.0,0.0,0.0,0.0,0.0,2.0,1.0,0.0,1.0,5.0,2.0,74.94,11.11,18.49,21.13,0.0
United Kingdom,GBR,20220809,0.0,0.0,0.0,0.0,0.0,0.0,0.0,0.0,2.0,1.0,0.0,1.0,5.0,2.0,74.95,11.11,18.49,21.13,0.0
United Kingdom,GBR,20220810,0.0,0.0,0.0,0.0,0.0,0.0,0.0,0.0,2.0,1.0,0.0,1.0,5.0,2.0,74.95,11.11,18.49,21.13,0.0
United Kingdom,GBR,20220811,0.0,0.0,0.0,0.0,0.0,0.0,0.0,0.0,2.0,1.0,0.0,1.0,5.0,2.0,74.96,11.11,18.49,21.13,0.0
United Kingdom,GBR,20220812,0.0,0.0,0.0,0.0,0.0,0.0,0.0,0.0,2.0,1.0,0.0,1.0,5.0,2.0,74.97,11.11,18.49,21.13,0.0
United Kingdom,GBR,20220813,0.0,0.0,0.0,0.0,0.0,0.0,0.0,0.0,2.0,1.0,0.0,1.0,5.0,2.0,74.99,11.11,18.49,21.13,0.0
United Kingdom,GBR,20220814,0.0,0.0,0.0,0.0,0.0,0.0,0.0,0.0,2.0,1.0,0.0,1.0,5.0,2.0,74.99,11.11,18.49,21.13,0.0
United Kingdom,GBR,20220815,0.0,0.0,0.0,0.0,0.0,0.0,0.0,0.0,2.0,1.0,0.0,1.0,5.0,2.0,75.01,11.11,18.49,21.13,0.0
United Kingdom,GBR,20220816,0.0,0.0,0.0,0.0,0.0,0.0,0.0,0.0,2.0,1.0,0.0,1.0,5.0,2.0,75.01,11.11,18.49,21.13,0.0
United Kingdom,GBR,20220817,0.0,0.0,0.0,0.0,0.0,0.0,0.0,0.0,2.0,1.0,0.0,1.0,5.0,2.0,75.02,11.11,18.49,21.13,0.0
United Kingdom,GBR,20220818,0.0,0.0,0.0,0.0,0.0,0.0,0.0,0.0,1.0,1.0,0.0,1.0,5.0,2.0,75.03,5.56,15.36,17.56,0.0
United Kingdom,GBR,20220819,0.0,0.0,0.0,0.0,0.0,0.0,0.0,0.0,1.0,1.0,0.0,1.0,5.0,2.0,75.04,5.56,15.36,17.56,0.0
United Kingdom,GBR,20220820,0.0,0.0,0.0,0.0,0.0,0.0,0.0,0.0,1.0,1.0,0.0,1.0,5.0,2.0,75.05,5.56,15.36,17.56,0.0
United Kingdom,GBR,20220821,0.0,0.0,0.0,0.0,0.0,0.0,0.0,0.0,1.0,1.0,0.0,1.0,5.0,2.0,75.06,5.56,15.36,17.56,0.0
United Kingdom,GBR,20220822,0.0,0.0,0.0,0.0,0.0,0.0,0.0,0.0,1.0,1.0,0.0,1.0,5.0,2.0,75.07,5.56,15.36,17.56,0.0
United Kingdom,GBR,20220823,0.0,0.0,0.0,0.0,0.0,0.0,0.0,0.0,1.0,1.0,0.0,1.0,5.0,2.0,75.08,5.56,15.36,17.56,0.0
United Kingdom,GBR,20220824,0.0,0.0,0.0,0.0,0.0,0.0,0.0,0.0,1.0,1.0,0.0,1.0,5.0,2.0,75.09,5.56,15.36,17.56,0.0
United Kingdom,GBR,20220825,0.0,0.0,0.0,0.0,0.0,0.0,0.0,0.0,1.0,1.0,0.0,1.0,5.0,2.0,75.1,5.56,15.36,17.56,0.0
United Kingdom,GBR,20220826,0.0,0.0,0.0,0.0,0.0,0.0,0.0,0.0,1.0,1.0,0.0,1.0,5.0,2.0,75.1,5.56,15.36,17.56,0.0
United Kingdom,GBR,20220827,0.0,0.0,0.0,0.0,0.0,0.0,0.0,0.0,1.0,1.0,0.0,1.0,5.0,2.0,75.12,5.56,15.36,17.56,0.0
United Kingdom,GBR,20220828,0.0,0.0,0.0,0.0,0.0,0.0,0.0,0.0,1.0,1.0,0.0,1.0,5.0,2.0,75.12,5.56,15.36,17.56,0.0
United Kingdom,GBR,20220829,0.0,0.0,0.0,0.0,0.0,0.0,0.0,0.0,1.0,1.0,0.0,1.0,5.0,2.0,75.12,5.56,15.36,17.56,0.0
United Kingdom,GBR,20220830,0.0,0.0,0.0,0.0,0.0,0.0,0.0,0.0,1.0,1.0,0.0,1.0,5.0,2.0,75.13,5.56,15.36,17.56,0.0
United Kingdom,GBR,20220831,0.0,0.0,0.0,0.0,0.0,0.0,0.0,0.0,1.0,1.0,0.0,1.0,5.0,2.0,75.14,5.56,15.36,17.56,0.0
United Kingdom,GBR,20220901,0.0,0.0,0.0,0.0,0.0,0.0,0.0,0.0,1.0,1.0,0.0,1.0,5.0,2.0,75.15,5.56,15.36,17.56,0.0
United Kingdom,GBR,20220902,0.0,0.0,0.0,0.0,0.0,0.0,0.0,0.0,1.0,1.0,0.0,1.0,5.0,2.0,75.15,5.56,15.36,17.56,0.0
United Kingdom,GBR,20220903,0.0,0.0,0.0,0.0,0.0,0.0,0.0,0.0,1.0,1.0,0.0,1.0,5.0,2.0,75.16,5.56,15.36,17.56,0.0
United Kingdom,GBR,20220904,0.0,0.0,0.0,0.0,0.0,0.0,0.0,0.0,1.0,1.0,0.0,1.0,5.0,2.0,75.17,5.56,15.36,17.56,0.0
United Kingdom,GBR,20220905,0.0,0.0,0.0,0.0,0.0,0.0,0.0,0.0,1.0,1.0,0.0,1.0,5.0,2.0,75.17,5.56,15.36,17.56,0.0
United Kingdom,GBR,20220906,0.0,0.0,0.0,0.0,0.0,0.0,0.0,0.0,1.0,1.0,0.0,1.0,5.0,2.0,75.17,5.56,15.36,17.56,0.0
United Kingdom,GBR,20220907,0.0,0.0,0.0,0.0,0.0,0.0,0.0,0.0,1.0,1.0,0.0,1.0,5.0,2.0,75.18,5.56,15.36,17.56,0.0
United Kingdom,GBR,20220908,0.0,0.0,0.0,0.0,0.0,0.0,0.0,0.0,1.0,1.0,0.0,1.0,5.0,2.0,75.18,5.56,15.36,17.56,0.0
United Kingdom,GBR,20220909,0.0,0.0,0.0,0.0,0.0,0.0,0.0,0.0,1.0,1.0,0.0,1.0,5.0,2.0,75.18,5.56,15.36,17.56,0.0
United Kingdom,GBR,20220910,0.0,0.0,0.0,0.0,0.0,0.0,0.0,0.0,1.0,1.0,0.0,1.0,5.0,2.0,75.19,5.56,15.36,17.56,0.0
United Kingdom,GBR,20220911,0.0,0.0,0.0,0.0,0.0,0.0,0.0,0.0,1.0,1.0,0.0,1.0,5.0,2.0,75.19,5.56,15.36,17.56,0.0
United Kingdom,GBR,20220912,0.0,0.0,0.0,0.0,0.0,0.0,0.0,0.0,1.0,1.0,0.0,1.0,5.0,2.0,75.19,5.56,15.36,17.56,0.0
United Kingdom,GBR,20220913,0.0,0.0,0.0,0.0,0.0,0.0,0.0,0.0,1.0,1.0,0.0,1.0,5.0,2.0,75.19,5.56,15.36,17.56,0.0
United Kingdom,GBR,20220914,0.0,0.0,0.0,0.0,0.0,0.0,0.0,0.0,1.0,1.0,0.0,1.0,5.0,2.0,75.19,5.56,15.36,17.56,0.0
United Kingdom,GBR,20220915,0.0,0.0,0.0,0.0,0.0,0.0,0.0,0.0,1.0,1.0,0.0,1.0,5.0,2.0,75.19,5.56,15.36,17.56,0.0
United Kingdom,GBR,20220916,0.0,0.0,0.0,0.0,0.0,0.0,0.0,0.0,1.0,1.0,0.0,1.0,5.0,2.0,75.19,5.56,15.36,17.56,0.0
United Kingdom,GBR,20220917,0.0,0.0,0.0,0.0,0.0,0.0,0.0,0.0,1.0,1.0,0.0,1.0,5.0,2.0,75.19,5.56,15.36,17.56,0.0
United Kingdom,GBR,20220918,0.0,0.0,0.0,0.0,0.0,0.0,0.0,0.0,1.0,1.0,0.0,1.0,5.0,2.0,75.19,5.56,15.36,17.56,0.0
United Kingdom,GBR,20220919,0.0,0.0,0.0,0.0,0.0,0.0,0.0,0.0,1.0,1.0,0.0,1.0,5.0,2.0,75.19,5.56,15.36,17.56,0.0
United Kingdom,GBR,20220920,0.0,0.0,0.0,0.0,0.0,0.0,0.0,0.0,1.0,1.0,0.0,1.0,5.0,2.0,75.19,5.56,15.36,17.56,0.0
United Kingdom,GBR,20220921,0.0,0.0,0.0,0.0,0.0,0.0,0.0,0.0,1.0,1.0,0.0,1.0,5.0,2.0,75.19,5.56,15.36,17.56,0.0
United Kingdom,GBR,20220922,0.0,0.0,0.0,0.0,0.0,0.0,0.0,0.0,1.0,1.0,0.0,1.0,5.0,2.0,75.19,5.56,15.36,17.56,0.0
United Kingdom,GBR,20220923,0.0,0.0,0.0,0.0,0.0,0.0,0.0,0.0,1.0,1.0,0.0,1.0,5.0,2.0,75.19,5.56,15.36,17.56,0.0
United Kingdom,GBR,20220924,0.0,0.0,0.0,0.0,0.0,0.0,0.0,0.0,1.0,1.0,0.0,1.0,5.0,2.0,75.19,5.56,15.36,17.56,0.0
United Kingdom,GBR,20220925,0.0,0.0,0.0,0.0,0.0,0.0,0.0,0.0,1.0,1.0,0.0,1.0,5.0,2.0,75.19,5.56,15.36,17.56,0.0
United Kingdom,GBR,20220926,0.0,0.0,0.0,0.0,0.0,0.0,0.0,0.0,1.0,1.0,0.0,1.0,5.0,2.0,75.19,5.56,15.36,17.56,0.0
United Kingdom,GBR,20220927,0.0,0.0,0.0,0.0,0.0,0.0,0.0,0.0,1.0,1.0,0.0,1.0,5.0,2.0,75.19,5.56,15.36,17.56,0.0
United Kingdom,GBR,20220928,0.0,0.0,0.0,0.0,0.0,0.0,0.0,0.0,1.0,1.0,0.0,1.0,5.0,2.0,75.19,5.56,15.36,17.56,0.0
United Kingdom,GBR,20220929,0.0,0.0,0.0,0.0,0.0,0.0,0.0,0.0,1.0,1.0,0.0,1.0,5.0,2.0,75.19,5.56,15.36,17.56,0.0
United Kingdom,GBR,20220930,0.0,0.0,0.0,0.0,0.0,0.0,0.0,0.0,1.0,1.0,0.0,1.0,5.0,2.0,75.19,5.56,15.36,17.56,0.0
United Kingdom,GBR,20221001,0.0,0.0,0.0,0.0,0.0,0.0,0.0,0.0,1.0,1.0,0.0,1.0,5.0,2.0,75.19,5.56,15.36,17.56,0.0
United Kingdom,GBR,20221002,0.0,0.0,0.0,0.0,0.0,0.0,0.0,0.0,1.0,1.0,0.0,1.0,5.0,2.0,75.19,5.56,15.36,17.56,0.0
United Kingdom,GBR,20221003,0.0,0.0,0.0,0.0,0.0,0.0,0.0,0.0,1.0,1.0,0.0,1.0,5.0,2.0,75.19,5.56,15.36,17.56,0.0
United Kingdom,GBR,20221004,0.0,0.0,0.0,0.0,0.0,0.0,0.0,0.0,1.0,1.0,0.0,1.0,5.0,2.0,75.19,5.56,15.36,17.56,0.0
United Kingdom,GBR,20221005,0.0,0.0,0.0,0.0,0.0,0.0,0.0,0.0,1.0,1.0,0.0,1.0,5.0,2.0,75.19,5.56,15.36,17.56,0.0
United Kingdom,GBR,20221006,0.0,0.0,0.0,0.0,0.0,0.0,0.0,0.0,1.0,1.0,0.0,1.0,5.0,2.0,75.19,5.56,15.36,17.56,0.0
United Kingdom,GBR,20221007,0.0,0.0,0.0,0.0,0.0,0.0,0.0,0.0,1.0,1.0,0.0,1.0,5.0,2.0,75.19,5.56,15.36,17.56,0.0
United Kingdom,GBR,20221008,0.0,0.0,0.0,0.0,0.0,0.0,0.0,0.0,1.0,1.0,0.0,1.0,5.0,2.0,75.19,5.56,15.36,17.56,0.0
United Kingdom,GBR,20221009,0.0,0.0,0.0,0.0,0.0,0.0,0.0,0.0,1.0,1.0,0.0,1.0,5.0,2.0,75.19,5.56,15.36,17.56,0.0
United Kingdom,GBR,20221010,0.0,0.0,0.0,0.0,0.0,0.0,0.0,0.0,1.0,1.0,0.0,1.0,5.0,2.0,75.19,5.56,15.36,17.56,0.0
United Kingdom,GBR,20221011,0.0,0.0,0.0,0.0,0.0,0.0,0.0,0.0,1.0,1.0,0.0,1.0,5.0,2.0,75.19,5.56,15.36,17.56,0.0
United Kingdom,GBR,20221012,0.0,0.0,0.0,0.0,0.0,0.0,0.0,0.0,1.0,1.0,0.0,1.0,5.0,2.0,75.19,5.56,15.36,17.56,0.0
United Kingdom,GBR,20221013,0.0,0.0,0.0,0.0,0.0,0.0,0.0,0.0,1.0,1.0,0.0,1.0,5.0,2.0,75.19,5.56,15.36,17.56,0.0
United Kingdom,GBR,20221014,0.0,0.0,0.0,0.0,0.0,0.0,0.0,0.0,1.0,1.0,0.0,1.0,5.0,2.0,75.19,5.56,15.36,17.56,0.0
United Kingdom,GBR,20221015,0.0,0.0,0.0,0.0,0.0,0.0,0.0,0.0,1.0,1.0,0.0,1.0,5.0,2.0,75.19,5.56,15.36,17.56,0.0
United Kingdom,GBR,20221016,0.0,0.0,0.0,0.0,0.0,0.0,0.0,0.0,1.0,1.0,0.0,1.0,5.0,2.0,75.19,5.56,15.36,17.56,0.0
United Kingdom,GBR,20221017,0.0,0.0,0.0,0.0,0.0,0.0,0.0,0.0,1.0,1.0,0.0,1.0,5.0,2.0,75.19,5.56,15.36,17.56,0.0
United Kingdom,GBR,20221018,0.0,0.0,0.0,0.0,0.0,0.0,0.0,0.0,1.0,1.0,0.0,1.0,5.0,2.0,75.19,5.56,15.36,17.56,0.0
United Kingdom,GBR,20221019,0.0,0.0,0.0,0.0,0.0,0.0,0.0,0.0,1.0,1.0,0.0,1.0,5.0,2.0,75.19,5.56,15.36,17.56,0.0
United Kingdom,GBR,20221020,0.0,0.0,0.0,0.0,0.0,0.0,0.0,0.0,1.0,1.0,0.0,1.0,5.0,2.0,75.19,5.56,15.36,17.56,0.0
United Kingdom,GBR,20221021,0.0,0.0,0.0,0.0,0.0,0.0,0.0,0.0,1.0,1.0,0.0,1.0,5.0,2.0,75.19,5.56,15.36,17.56,0.0
United Kingdom,GBR,20221022,0.0,0.0,0.0,0.0,0.0,0.0,0.0,0.0,1.0,1.0,0.0,1.0,5.0,2.0,75.19,5.56,15.36,17.56,0.0
United Kingdom,GBR,20221023,0.0,0.0,0.0,0.0,0.0,0.0,0.0,0.0,1.0,1.0,0.0,1.0,5.0,2.0,75.19,5.56,15.36,17.56,0.0
United Kingdom,GBR,20221024,0.0,0.0,0.0,0.0,0.0,0.0,0.0,0.0,1.0,1.0,0.0,1.0,5.0,2.0,75.19,5.56,15.36,17.56,0.0
United Kingdom,GBR,20221025,0.0,0.0,0.0,0.0,0.0,0.0,0.0,0.0,1.0,1.0,0.0,1.0,5.0,2.0,75.19,5.56,15.36,17.56,0.0
United Kingdom,GBR,20221026,0.0,0.0,0.0,0.0,0.0,0.0,0.0,0.0,1.0,1.0,0.0,1.0,5.0,2.0,75.19,5.56,15.36,17.56,0.0
United Kingdom,GBR,20221027,0.0,0.0,0.0,0.0,0.0,0.0,0.0,0.0,1.0,1.0,0.0,1.0,5.0,2.0,75.19,5.56,15.36,17.56,0.0
United Kingdom,GBR,20221028,0.0,0.0,0.0,0.0,0.0,0.0,0.0,0.0,1.0,1.0,0.0,1.0,5.0,2.0,75.19,5.56,15.36,17.56,0.0
United Kingdom,GBR,20221029,0.0,0.0,0.0,0.0,0.0,0.0,0.0,0.0,1.0,1.0,0.0,1.0,5.0,2.0,75.19,5.56,15.36,17.56,0.0
United Kingdom,GBR,20221030,0.0,0.0,0.0,0.0,0.0,0.0,0.0,0.0,1.0,1.0,0.0,1.0,5.0,2.0,75.19,5.56,15.36,17.56,0.0
United Kingdom,GBR,20221031,0.0,0.0,0.0,0.0,0.0,0.0,0.0,0.0,1.0,1.0,0.0,1.0,5.0,2.0,75.19,5.56,15.36,17.56,0.0
United Kingdom,GBR,20221101,0.0,0.0,0.0,0.0,0.0,0.0,0.0,0.0,1.0,1.0,0.0,1.0,5.0,2.0,75.19,5.56,15.36,17.56,0.0
United Kingdom,GBR,20221102,0.0,0.0,0.0,0.0,0.0,0.0,0.0,0.0,1.0,1.0,0.0,1.0,5.0,2.0,75.19,5.56,15.36,17.56,0.0
United Kingdom,GBR,20221103,0.0,0.0,0.0,0.0,0.0,0.0,0.0,0.0,1.0,1.0,0.0,1.0,5.0,2.0,75.19,5.56,15.36,17.56,0.0
United Kingdom,GBR,20221104,0.0,0.0,0.0,0.0,0.0,0.0,0.0,0.0,1.0,1.0,0.0,1.0,5.0,2.0,75.19,5.56,15.36,17.56,0.0
United Kingdom,GBR,20221105,0.0,0.0,0.0,0.0,0.0,0.0,0.0,0.0,1.0,1.0,0.0,1.0,5.0,2.0,75.19,5.56,15.36,17.56,0.0
United Kingdom,GBR,20221106,0.0,0.0,0.0,0.0,0.0,0.0,0.0,0.0,1.0,1.0,0.0,1.0,5.0,2.0,75.19,5.56,15.36,17.56,0.0
United Kingdom,GBR,20221107,0.0,0.0,0.0,0.0,0.0,0.0,0.0,0.0,1.0,1.0,0.0,1.0,5.0,2.0,75.19,5.56,15.36,17.56,0.0
United Kingdom,GBR,20221108,0.0,0.0,0.0,0.0,0.0,0.0,0.0,0.0,1.0,1.0,0.0,1.0,5.0,2.0,75.19,5.56,15.36,17.56,0.0
United Kingdom,GBR,20221109,0.0,0.0,0.0,0.0,0.0,0.0,0.0,0.0,1.0,1.0,0.0,1.0,5.0,2.0,75.19,5.56,15.36,17.56,0.0
United Kingdom,GBR,20221110,0.0,0.0,0.0,0.0,0.0,0.0,0.0,0.0,1.0,1.0,0.0,1.0,5.0,2.0,75.19,5.56,15.36,17.56,0.0
United Kingdom,GBR,20221111,0.0,0.0,0.0,0.0,0.0,0.0,0.0,0.0,1.0,1.0,0.0,1.0,5.0,2.0,75.19,5.56,15.36,17.56,0.0
United Kingdom,GBR,20221112,0.0,0.0,0.0,0.0,0.0,0.0,0.0,0.0,1.0,1.0,0.0,1.0,5.0,2.0,75.19,5.56,15.36,17.56,0.0
United Kingdom,GBR,20221113,0.0,0.0,0.0,0.0,0.0,0.0,0.0,0.0,1.0,1.0,0.0,1.0,5.0,2.0,75.19,5.56,15.36,17.56,0.0
United Kingdom,GBR,20221114,0.0,0.0,0.0,0.0,0.0,0.0,0.0,0.0,1.0,1.0,0.0,1.0,5.0,2.0,75.19,5.56,15.36,17.56,0.0
United Kingdom,GBR,20221115,0.0,0.0,0.0,0.0,0.0,0.0,0.0,0.0,1.0,1.0,0.0,1.0,5.0,2.0,75.19,5.56,15.36,17.56,0.0
United Kingdom,GBR,20221116,0.0,0.0,0.0,0.0,0.0,0.0,0.0,0.0,1.0,1.0,0.0,1.0,5.0,0.0,75.19,5.56,12.24,13.99,0.0
United Kingdom,GBR,20221117,0.0,0.0,0.0,0.0,0.0,0.0,0.0,0.0,1.0,1.0,0.0,1.0,5.0,0.0,75.19,5.56,12.24,13.99,0.0
United Kingdom,GBR,20221118,0.0,0.0,0.0,0.0,0.0,0.0,0.0,0.0,1.0,1.0,0.0,1.0,5.0,0.0,75.19,5.56,12.24,13.99,0.0
United Kingdom,GBR,20221119,0.0,0.0,0.0,0.0,0.0,0.0,0.0,0.0,1.0,1.0,0.0,1.0,5.0,0.0,75.19,5.56,12.24,13.99,0.0
United Kingdom,GBR,20221120,0.0,0.0,0.0,0.0,0.0,0.0,0.0,0.0,1.0,1.0,0.0,1.0,5.0,0.0,75.19,5.56,12.24,13.99,0.0
United Kingdom,GBR,20221121,0.0,0.0,0.0,0.0,0.0,0.0,0.0,0.0,1.0,1.0,0.0,1.0,5.0,0.0,75.19,5.56,12.24,13.99,0.0
United Kingdom,GBR,20221122,0.0,0.0,0.0,0.0,0.0,0.0,0.0,0.0,1.0,1.0,0.0,1.0,5.0,0.0,75.19,5.56,12.24,13.99,0.0
United Kingdom,GBR,20221123,0.0,0.0,0.0,0.0,0.0,0.0,0.0,0.0,1.0,1.0,0.0,1.0,5.0,0.0,75.19,5.56,12.24,13.99,0.0
United Kingdom,GBR,20221124,0.0,0.0,0.0,0.0,0.0,0.0,0.0,0.0,1.0,1.0,0.0,1.0,5.0,0.0,75.19,5.56,12.24,13.99,0.0
United Kingdom,GBR,20221125,0.0,0.0,0.0,0.0,0.0,0.0,0.0,0.0,1.0,1.0,0.0,1.0,5.0,0.0,75.19,5.56,12.24,13.99,0.0
United Kingdom,GBR,20221126,0.0,0.0,0.0,0.0,0.0,0.0,0.0,0.0,1.0,1.0,0.0,1.0,5.0,0.0,75.19,5.56,12.24,13.99,0.0
United Kingdom,GBR,20221127,0.0,0.0,0.0,0.0,0.0,0.0,0.0,0.0,1.0,1.0,0.0,1.0,5.0,0.0,75.19,5.56,12.24,13.99,0.0
United Kingdom,GBR,20221128,0.0,0.0,0.0,0.0,0.0,0.0,0.0,0.0,1.0,1.0,0.0,1.0,5.0,0.0,75.19,5.56,12.24,13.99,0.0
United Kingdom,GBR,20221129,0.0,0.0,0.0,0.0,0.0,0.0,0.0,0.0,1.0,1.0,0.0,1.0,5.0,0.0,75.19,5.56,12.24,13.99,0.0
United Kingdom,GBR,20221130,0.0,0.0,0.0,0.0,0.0,0.0,0.0,0.0,1.0,1.0,0.0,1.0,5.0,0.0,75.19,5.56,12.24,13.99,0.0
United Kingdom,GBR,20221201,0.0,0.0,0.0,0.0,0.0,0.0,0.0,0.0,1.0,1.0,0.0,1.0,5.0,0.0,75.19,5.56,12.24,13.99,0.0
United Kingdom,GBR,20221202,0.0,0.0,0.0,0.0,0.0,0.0,0.0,0.0,1.0,1.0,0.0,1.0,5.0,0.0,75.19,5.56,12.24,13.99,0.0
United Kingdom,GBR,20221203,0.0,0.0,0.0,0.0,0.0,0.0,0.0,0.0,1.0,1.0,0.0,1.0,5.0,0.0,75.19,5.56,12.24,13.99,0.0
United Kingdom,GBR,20221204,0.0,0.0,0.0,0.0,0.0,0.0,0.0,0.0,1.0,1.0,0.0,1.0,5.0,0.0,75.19,5.56,12.24,13.99,0.0
United Kingdom,GBR,20221205,0.0,0.0,0.0,0.0,0.0,0.0,0.0,0.0,1.0,1.0,0.0,1.0,5.0,0.0,75.19,5.56,12.24,13.99,0.0
United Kingdom,GBR,20221206,0.0,0.0,0.0,0.0,0.0,0.0,0.0,0.0,1.0,1.0,0.0,1.0,5.0,0.0,75.19,5.56,12.24,13.99,0.0
United Kingdom,GBR,20221207,0.0,0.0,0.0,0.0,0.0,0.0,0.0,0.0,1.0,1.0,0.0,1.0,5.0,0.0,75.19,5.56,12.24,13.99,0.0
United Kingdom,GBR,20221208,0.0,0.0,0.0,0.0,0.0,0.0,0.0,0.0,1.0,1.0,0.0,1.0,5.0,0.0,75.19,5.56,12.24,13.99,0.0
United Kingdom,GBR,20221209,0.0,0.0,0.0,0.0,0.0,0.0,0.0,0.0,1.0,1.0,0.0,1.0,5.0,0.0,75.19,5.56,12.24,13.99,0.0
United Kingdom,GBR,20221210,0.0,0.0,0.0,0.0,0.0,0.0,0.0,0.0,1.0,1.0,0.0,1.0,5.0,0.0,75.19,5.56,12.24,13.99,0.0
United Kingdom,GBR,20221211,0.0,0.0,0.0,0.0,0.0,0.0,0.0,0.0,1.0,1.0,0.0,1.0,5.0,0.0,75.19,5.56,12.24,13.99,0.0
United Kingdom,GBR,20221212,0.0,0.0,0.0,0.0,0.0,0.0,0.0,0.0,1.0,1.0,0.0,1.0,5.0,0.0,75.19,5.56,12.24,13.99,0.0
United Kingdom,GBR,20221213,0.0,0.0,0.0,0.0,0.0,0.0,0.0,0.0,1.0,1.0,0.0,1.0,5.0,0.0,75.19,5.56,12.24,13.99,0.0
United Kingdom,GBR,20221214,0.0,0.0,0.0,0.0,0.0,0.0,0.0,0.0,1.0,1.0,0.0,1.0,5.0,0.0,75.19,5.56,12.24,13.99,0.0
United Kingdom,GBR,20221215,0.0,0.0,0.0,0.0,0.0,0.0,0.0,0.0,1.0,1.0,0.0,1.0,5.0,0.0,75.19,5.56,12.24,13.99,0.0
United Kingdom,GBR,20221216,0.0,0.0,0.0,0.0,0.0,0.0,0.0,0.0,1.0,1.0,0.0,1.0,5.0,0.0,75.19,5.56,12.24,13.99,0.0
United Kingdom,GBR,20221217,0.0,0.0,0.0,0.0,0.0,0.0,0.0,0.0,1.0,1.0,0.0,1.0,5.0,0.0,75.19,5.56,12.24,13.99,0.0
United Kingdom,GBR,20221218,0.0,0.0,0.0,0.0,0.0,0.0,0.0,0.0,1.0,1.0,0.0,1.0,5.0,0.0,75.19,5.56,12.24,13.99,0.0
United Kingdom,GBR,20221219,0.0,0.0,0.0,0.0,0.0,0.0,0.0,0.0,1.0,1.0,0.0,1.0,5.0,0.0,75.19,5.56,12.24,13.99,0.0
United Kingdom,GBR,20221220,0.0,0.0,0.0,0.0,0.0,0.0,0.0,0.0,1.0,1.0,0.0,1.0,5.0,0.0,75.19,5.56,12.24,13.99,0.0
United Kingdom,GBR,20221221,0.0,0.0,0.0,0.0,0.0,0.0,0.0,0.0,1.0,1.0,0.0,1.0,5.0,0.0,75.19,5.56,12.24,13.99,0.0
United Kingdom,GBR,20221222,0.0,0.0,0.0,0.0,0.0,0.0,0.0,0.0,1.0,1.0,0.0,1.0,5.0,0.0,75.19,5.56,12.24,13.99,0.0
United Kingdom,GBR,20221223,0.0,0.0,0.0,0.0,0.0,0.0,0.0,0.0,1.0,1.0,0.0,1.0,5.0,0.0,75.19,5.56,12.24,13.99,0.0
United Kingdom,GBR,20221224,0.0,0.0,0.0,0.0,0.0,0.0,0.0,0.0,1.0,1.0,0.0,1.0,5.0,0.0,75.19,5.56,12.24,13.99,0.0
United Kingdom,GBR,20221225,0.0,0.0,0.0,0.0,0.0,0.0,0.0,0.0,1.0,1.0,0.0,1.0,5.0,0.0,75.19,5.56,12.24,13.99,0.0
United Kingdom,GBR,20221226,0.0,0.0,0.0,0.0,0.0,0.0,0.0,0.0,1.0,1.0,0.0,1.0,5.0,0.0,75.19,5.56,12.24,13.99,0.0
United Kingdom,GBR,20221227,0.0,0.0,0.0,0.0,0.0,0.0,0.0,0.0,1.0,1.0,0.0,1.0,5.0,0.0,75.19,5.56,12.24,13.99,0.0
United Kingdom,GBR,20221228,0.0,0.0,0.0,0.0,0.0,0.0,0.0,0.0,1.0,1.0,0.0,1.0,5.0,0.0,75.19,5.56,12.24,13.99,0.0
United Kingdom,GBR,20221229,0.0,0.0,0.0,0.0,0.0,0.0,0.0,0.0,1.0,1.0,0.0,1.0,5.0,0.0,75.19,5.56,12.24,13.99,0.0
United Kingdom,GBR,20221230,0.0,0.0,0.0,0.0,0.0,0.0,0.0,0.0,1.0,1.0,0.0,1.0,5.0,0.0,75.19,5.56,12.24,13.99,0.0
United Kingdom,GBR,20221231,0.0,0.0,0.0,0.0,0.0,0.0,0.0,0.0,1.0,1.0,0.0,1.0,5.0,0.0,75.19,5.56,12.24,13.99,0.0
Italy,ITA,20200101,0.0,0.0,0.0,0.0,0.0,0.0,0.0,0.0,0.0,0.0,0.0,0.0,0.0,0.0,0.0,0.0,0.0,0.0,0.0
Italy,ITA,20200102,0.0,0.0,0.0,0.0,0.0,0.0,0.0,0.0,0.0,0.0,0.0,0.0,0.0,0.0,0.0,0.0,0.0,0.0,0.0
Italy,ITA,20200103,0.0,0.0,0.0,0.0,0.0,0.0,0.0,0.0,0.0,0.0,0.0,0.0,0.0,0.0,0.0,0.0,0.0,0.0,0.0
Italy,ITA,20200104,0.0,0.0,0.0,0.0,0.0,0.0,0.0,0.0,0.0,0.0,0.0,0.0,0.0,0.0,0.0,0.0,0.0,0.0,0.0
Italy,ITA,20200105,0.0,0.0,0.0,0.0,0.0,0.0,0.0,0.0,0.0,0.0,0.0,0.0,0.0,0.0,0.0,0.0,0.0,0.0,0.0
Italy,ITA,20200106,0.0,0.0,0.0,0.0,0.0,0.0,0.0,0.0,0.0,0.0,0.0,0.0,0.0,0.0,0.0,0.0,0.0,0.0,0.0
Italy,ITA,20200107,0.0,0.0,0.0,0.0,0.0,0.0,0.0,0.0,0.0,0.0,0.0,0.0,0.0,0.0,0.0,0.0,0.0,0.0,0.0
Italy,ITA,20200108,0.0,0.0,0.0,0.0,0.0,0.0,0.0,0.0,0.0,0.0,0.0,0.0,0.0,0.0,0.0,0.0,0.0,0.0,0.0
Italy,ITA,20200109,0.0,0.0,0.0,0.0,0.0,0.0,0.0,0.0,0.0,0.0,0.0,0.0,0.0,0.0,0.0,0.0,0.0,0.0,0.0
Italy,ITA,20200110,0.0,0.0,0.0,0.0,0.0,0.0,0.0,0.0,0.0,0.0,0.0,0.0,0.0,0.0,0.0,0.0,0.0,0.0,0.0
Italy,ITA,20200111,0.0,0.0,0.0,0.0,0.0,0.0,0.0,0.0,0.0,0.0,0.0,0.0,0.0,0.0,0.0,0.0,0.0,0.0,0.0
Italy,ITA,20200112,0.0,0.0,0.0,0.0,0.0,0.0,0.0,0.0,0.0,0.0,0.0,0.0,0.0,0.0,0.0,0.0,0.0,0.0,0.0
Italy,ITA,20200113,0.0,0.0,0.0,0.0,0.0,0.0,0.0,0.0,0.0,0.0,0.0,0.0,0.0,0.0,0.0,0.0,0.0,0.0,0.0
Italy,ITA,20200114,0.0,0.0,0.0,0.0,0.0,0.0,0.0,0.0,0.0,0.0,0.0,0.0,0.0,0.0,0.0,0.0,0.0,0.0,0.0
Italy,ITA,20200115,0.0,0.0,0.0,0.0,0.0,0.0,0.0,0.0,0.0,0.0,0.0,0.0,0.0,0.0,0.0,0.0,0.0,0.0,0.0
Italy,ITA,20200116,0.0,0.0,0.0,0.0,0.0,0.0,0.0,0.0,0.0,0.0,0.0,0.0,0.0,0.0,0.0,0.0,0.0,0.0,0.0
Italy,ITA,20200117,0.0,0.0,0.0,0.0,0.0,0.0,0.0,0.0,0.0,0.0,0.0,0.0,0.0,0.0,0.0,0.0,0.0,0.0,0.0
Italy,ITA,20200118,0.0,0.0,0.0,0.0,0.0,0.0,0.0,0.0,0.0,0.0,0.0,0.0,0.0,0.0,0.0,0.0,0.0,0.0,0.0
Italy,ITA,20200119,0.0,0.0,0.0,0.0,0.0,0.0,0.0,0.0,0.0,0.0,0.0,0.0,0.0,0.0,0.0,0.0,0.0,0.0,0.0
Italy,ITA,20200120,0.0,0.0,0.0,0.0,0.0,0.0,0.0,0.0,0.0,0.0,0.0,0.0,0.0,0.0,0.0,0.0,0.0,0.0,0.0
Italy,ITA,20200121,0.0,0.0,0.0,0.0,0.0,0.0,0.0,0.0,0.0,0.0,0.0,0.0,0.0,0.0,0.0,0.0,0.0,0.0,0.0
Italy,ITA,20200122,0.0,0.0,0.0,0.0,0.0,0.0,0.0,0.0,0.0,0.0,0.0,0.0,0.0,0.0,0.0,0.0,0.0,0.0,0.0
Italy,ITA,20200123,0.0,0.0,0.0,0.0,0.0,0.0,0.0,1.0,0.0,0.0,0.0,0.0,0.0,0.0,0.0,2.78,1.56,1.79,0.0
Italy,ITA,20200124,0.0,0.0,0.0,0.0,0.0,0.0,0.0,1.0,0.0,0.0,0.0,0.0,0.0,0.0,0.0,2.78,1.56,1.79,0.0
Italy,ITA,20200125,0.0,0.0,0.0,0.0,0.0,0.0,0.0,1.0,0.0,0.0,0.0,0.0,0.0,0.0,0.0,2.78,1.56,1.79,0.0
Italy,ITA,20200126,0.0,0.0,0.0,0.0,0.0,0.0,0.0,1.0,0.0,0.0,0.0,0.0,0.0,0.0,0.0,2.78,1.56,1.79,0.0
Italy,ITA,20200127,0.0,0.0,0.0,0.0,0.0,0.0,0.0,1.0,0.0,0.0,0.0,0.0,0.0,0.0,0.0,2.78,1.56,1.79,0.0
Italy,ITA,20200128,0.0,0.0,0.0,0.0,0.0,0.0,0.0,1.0,0.0,0.0,0.0,0.0,0.0,0.0,0.0,2.78,1.56,1.79,0.0
Italy,ITA,20200129,0.0,0.0,0.0,0.0,0.0,0.0,0.0,1.0,0.0,0.0,0.0,0.0,0.0,0.0,0.0,2.78,1.56,1.79,0.0
Italy,ITA,20200130,0.0,0.0,0.0,0.0,0.0,0.0,0.0,3.0,0.0,0.0,0.0,0.0,0.0,0.0,0.0,8.33,4.69,5.36,0.0
Italy,ITA,20200131,0.0,0.0,0.0,0.0,0.0,0.0,0.0,3.0,2.0,1.0,2.0,0.0,0.0,0.0,0.0,19.44,19.27,22.02,0.0
Italy,ITA,20200201,0.0,0.0,0.0,0.0,0.0,0.0,0.0,3.0,2.0,1.0,2.0,0.0,0.0,0.0,0.0,19.44,19.27,22.02,0.0
Italy,ITA,20200202,0.0,0.0,0.0,0.0,0.0,0.0,0.0,3.0,2.0,1.0,2.0,0.0,0.0,0.0,0.0,19.44,19.27,22.02,0.0
Italy,ITA,20200203,0.0,0.0,0.0,0.0,0.0,0.0,0.0,3.0,2.0,1.0,2.0,0.0,0.0,0.0,0.0,19.44,19.27,22.02,0.0
Italy,ITA,20200204,0.0,0.0,0.0,0.0,0.0,0.0,0.0,3.0,2.0,1.0,2.0,0.0,0.0,0.0,0.0,19.44,19.27,22.02,0.0
Italy,ITA,20200205,0.0,0.0,0.0,0.0,0.0,0.0,0.0,3.0,2.0,1.0,2.0,0.0,0.0,0.0,0.0,19.44,19.27,22.02,0.0
Italy,ITA,20200206,0.0,0.0,0.0,0.0,0.0,0.0,0.0,3.0,2.0,1.0,2.0,0.0,0.0,0.0,0.0,19.44,19.27,22.02,0.0
Italy,ITA,20200207,0.0,0.0,0.0,0.0,0.0,0.0,0.0,3.0,2.0,1.0,2.0,0.0,0.0,0.0,0.0,19.44,19.27,22.02,0.0
Italy,ITA,20200208,0.0,0.0,0.0,0.0,0.0,0.0,0.0,3.0,2.0,1.0,2.0,0.0,0.0,0.0,0.0,19.44,19.27,22.02,0.0
Italy,ITA,20200209,0.0,0.0,0.0,0.0,0.0,0.0,0.0,3.0,2.0,1.0,2.0,0.0,0.0,0.0,0.0,19.44,19.27,22.02,0.0
Italy,ITA,20200210,0.0,0.0,0.0,0.0,0.0,0.0,0.0,3.0,2.0,1.0,2.0,0.0,0.0,0.0,0.0,19.44,19.27,22.02,0.0
Italy,ITA,20200211,0.0,0.0,0.0,0.0,0.0,0.0,0.0,3.0,2.0,1.0,2.0,0.0,0.0,0.0,0.0,19.44,19.27,22.02,0.0
Italy,ITA,20200212,0.0,0.0,0.0,0.0,0.0,0.0,0.0,3.0,2.0,1.0,2.0,0.0,0.0,0.0,0.0,19.44,19.27,22.02,0.0
Italy,ITA,20200213,0.0,0.0,0.0,0.0,0.0,0.0,0.0,3.0,2.0,1.0,2.0,0.0,0.0,0.0,0.0,19.44,19.27,22.02,0.0
Italy,ITA,20200214,0.0,0.0,0.0,0.0,0.0,0.0,0.0,3.0,2.0,1.0,2.0,0.0,0.0,0.0,0.0,19.44,19.27,22.02,0.0
Italy,ITA,20200215,0.0,0.0,0.0,0.0,0.0,0.0,0.0,3.0,2.0,1.0,2.0,0.0,0.0,0.0,0.0,19.44,19.27,22.02,0.0
Italy,ITA,20200216,0.0,0.0,0.0,0.0,0.0,0.0,0.0,3.0,2.0,1.0,2.0,0.0,0.0,0.0,0.0,19.44,19.27,22.02,0.0
Italy,ITA,20200217,0.0,0.0,0.0,0.0,0.0,0.0,0.0,3.0,2.0,1.0,2.0,0.0,0.0,0.0,0.0,19.44,19.27,22.02,0.0
Italy,ITA,20200218,0.0,0.0,0.0,0.0,0.0,0.0,0.0,3.0,2.0,1.0,2.0,0.0,0.0,0.0,0.0,19.44,19.27,22.02,0.0
Italy,ITA,20200219,0.0,0.0,0.0,0.0,0.0,0.0,0.0,3.0,2.0,1.0,2.0,0.0,0.0,0.0,0.0,19.44,19.27,22.02,0.0
Italy,ITA,20200220,0.0,0.0,0.0,0.0,0.0,0.0,0.0,3.0,2.0,1.0,2.0,0.0,0.0,0.0,0.0,19.44,19.27,22.02,0.0
Italy,ITA,20200221,0.0,0.0,0.0,0.0,0.0,0.0,2.0,3.0,2.0,1.0,2.0,0.0,0.0,0.0,0.0,27.78,23.96,27.38,0.0
Italy,ITA,20200222,0.0,3.0,0.0,0.0,0.0,0.0,2.0,3.0,2.0,1.0,2.0,0.0,0.0,0.0,0.0,37.04,29.17,33.33,0.0
Italy,ITA,20200223,3.0,3.0,2.0,4.0,0.0,2.0,1.0,3.0,2.0,1.0,2.0,0.0,0.0,3.0,0.0,64.35,49.74,56.85,0.0
Italy,ITA,20200224,3.0,3.0,2.0,4.0,0.0,2.0,1.0,3.0,2.0,1.0,2.0,0.0,0.0,3.0,0.0,64.35,49.74,56.85,0.0
Italy,ITA,20200225,3.0,3.0,2.0,4.0,0.0,2.0,1.0,3.0,2.0,1.0,2.0,0.0,0.0,3.0,0.0,64.35,49.74,56.85,0.0
Italy,ITA,20200226,3.0,3.0,2.0,4.0,0.0,2.0,1.0,3.0,2.0,2.0,2.0,0.0,0.0,3.0,0.0,64.35,51.82,59.23,0.0
Italy,ITA,20200227,3.0,3.0,2.0,4.0,0.0,2.0,1.0,3.0,2.0,2.0,2.0,0.0,0.0,3.0,0.0,64.35,51.82,59.23,0.0
Italy,ITA,20200228,3.0,3.0,2.0,4.0,0.0,2.0,1.0,3.0,2.0,2.0,2.0,0.0,0.0,3.0,0.0,64.35,51.82,59.23,0.0
Italy,ITA,20200229,3.0,3.0,2.0,4.0,0.0,2.0,1.0,3.0,2.0,2.0,2.0,0.0,0.0,3.0,0.0,64.35,51.82,59.23,0.0
Italy,ITA,20200301,3.0,3.0,2.0,4.0,0.0,2.0,1.0,3.0,2.0,2.0,2.0,0.0,0.0,3.0,0.0,64.35,51.82,59.23,0.0
Italy,ITA,20200302,3.0,3.0,2.0,4.0,0.0,2.0,2.0,3.0,2.0,2.0,2.0,0.0,0.0,3.0,0.0,69.91,54.95,62.8,0.0
Italy,ITA,20200303,3.0,3.0,2.0,4.0,0.0,2.0,2.0,3.0,2.0,2.0,2.0,0.0,0.0,3.0,0.0,69.91,54.95,62.8,0.0
Italy,ITA,20200304,3.0,3.0,2.0,4.0,0.0,2.0,2.0,3.0,2.0,2.0,2.0,0.0,0.0,3.0,0.0,72.69,56.51,64.58,0.0
Italy,ITA,20200305,3.0,3.0,2.0,4.0,0.0,2.0,2.0,3.0,2.0,2.0,2.0,0.0,0.0,3.0,0.0,74.54,57.55,65.77,0.0
Italy,ITA,20200306,3.0,3.0,2.0,4.0,0.0,2.0,2.0,3.0,2.0,2.0,2.0,0.0,0.0,3.0,0.0,74.54,57.55,65.77,0.0
Italy,ITA,20200307,3.0,3.0,2.0,4.0,0.0,2.0,2.0,3.0,2.0,2.0,2.0,0.0,0.0,3.0,0.0,74.54,57.55,65.77,0.0
Italy,ITA,20200308,3.0,3.0,2.0,4.0,0.0,2.0,2.0,3.0,2.0,2.0,2.0,0.0,0.0,3.0,0.0,74.54,57.55,65.77,0.0
Italy,ITA,20200309,3.0,3.0,2.0,4.0,0.0,2.0,2.0,3.0,2.0,2.0,2.0,0.0,0.0,3.0,0.0,74.54,58.59,66.96,0.0
Italy,ITA,20200310,3.0,3.0,2.0,4.0,0.0,2.0,2.0,3.0,2.0,2.0,2.0,0.0,0.0,3.0,0.0,79.63,61.46,70.24,0.0
Italy,ITA,20200311,3.0,3.0,2.0,4.0,1.0,2.0,2.0,3.0,2.0,2.0,2.0,0.0,0.0,3.0,0.0,82.41,63.02,72.02,0.0
Italy,ITA,20200312,3.0,3.0,2.0,4.0,1.0,2.0,2.0,3.0,2.0,2.0,2.0,0.0,0.0,3.0,0.0,82.41,63.02,72.02,0.0
Italy,ITA,20200313,3.0,3.0,2.0,4.0,1.0,2.0,2.0,3.0,2.0,2.0,2.0,0.0,0.0,3.0,0.0,82.41,63.02,72.02,0.0
Italy,ITA,20200314,3.0,3.0,2.0,4.0,1.0,2.0,2.0,3.0,2.0,2.0,2.0,0.0,0.0,3.0,0.0,82.41,63.02,72.02,0.0
Italy,ITA,20200315,3.0,3.0,2.0,4.0,1.0,2.0,2.0,3.0,2.0,2.0,2.0,0.0,0.0,3.0,0.0,82.41,63.02,72.02,0.0
Italy,ITA,20200316,3.0,3.0,2.0,4.0,1.0,2.0,2.0,3.0,2.0,2.0,2.0,0.0,0.0,3.0,0.0,82.41,63.02,72.02,0.0
Italy,ITA,20200317,3.0,3.0,2.0,4.0,1.0,2.0,2.0,3.0,2.0,2.0,2.0,0.0,0.0,3.0,0.0,82.41,67.71,72.02,37.5
Italy,ITA,20200318,3.0,3.0,2.0,4.0,1.0,2.0,2.0,3.0,2.0,2.0,2.0,0.0,0.0,3.0,0.0,82.41,67.71,72.02,37.5
Italy,ITA,20200319,3.0,3.0,2.0,4.0,1.0,2.0,2.0,3.0,2.0,2.0,2.0,0.0,0.0,3.0,0.0,82.41,67.71,72.02,37.5
Italy,ITA,20200320,3.0,3.0,2.0,4.0,1.0,2.0,2.0,3.0,2.0,2.0,2.0,0.0,0.0,3.0,0.0,85.19,69.27,73.81,37.5
Italy,ITA,20200321,3.0,3.0,2.0,4.0,1.0,2.0,2.0,3.0,2.0,2.0,2.0,0.0,0.0,3.0,0.0,85.19,69.27,73.81,37.5
Italy,ITA,20200322,3.0,3.0,2.0,4.0,1.0,2.0,2.0,3.0,2.0,2.0,2.0,0.0,0.0,3.0,0.0,85.19,69.27,73.81,37.5
Italy,ITA,20200323,3.0,3.0,2.0,4.0,1.0,2.0,2.0,3.0,2.0,2.0,2.0,0.0,0.0,3.0,0.0,85.19,69.27,73.81,37.5
Italy,ITA,20200324,3.0,3.0,2.0,4.0,1.0,2.0,2.0,3.0,2.0,2.0,2.0,0.0,0.0,3.0,0.0,85.19,69.27,73.81,37.5
Italy,ITA,20200325,3.0,3.0,2.0,4.0,1.0,2.0,2.0,3.0,2.0,2.0,2.0,0.0,0.0,3.0,0.0,85.19,69.27,73.81,37.5
Italy,ITA,20200326,3.0,3.0,2.0,4.0,1.0,2.0,2.0,3.0,2.0,2.0,2.0,0.0,0.0,3.0,0.0,85.19,69.27,73.81,37.5
Italy,ITA,20200327,3.0,3.0,2.0,4.0,1.0,2.0,2.0,3.0,2.0,2.0,2.0,0.0,0.0,3.0,0.0,85.19,70.83,73.81,50.0
Italy,ITA,20200328,3.0,3.0,2.0,4.0,1.0,2.0,2.0,3.0,2.0,2.0,2.0,0.0,0.0,3.0,0.0,85.19,70.83,73.81,50.0
Italy,ITA,20200329,3.0,3.0,2.0,4.0,1.0,2.0,2.0,3.0,2.0,2.0,2.0,0.0,0.0,3.0,0.0,85.19,70.83,73.81,50.0
Italy,ITA,20200330,3.0,3.0,2.0,4.0,1.0,2.0,2.0,3.0,2.0,2.0,2.0,0.0,0.0,3.0,0.0,85.19,70.83,73.81,50.0
Italy,ITA,20200331,3.0,3.0,2.0,4.0,1.0,2.0,2.0,3.0,2.0,2.0,2.0,0.0,0.0,3.0,0.0,85.19,70.83,73.81,50.0
Italy,ITA,20200401,3.0,3.0,2.0,4.0,1.0,2.0,2.0,3.0,2.0,2.0,2.0,0.0,0.0,3.0,0.0,85.19,70.83,73.81,50.0
Italy,ITA,20200402,3.0,3.0,2.0,4.0,1.0,2.0,2.0,3.0,2.0,2.0,2.0,0.0,0.0,3.0,0.0,85.19,70.83,73.81,50.0
Italy,ITA,20200403,3.0,3.0,2.0,4.0,1.0,2.0,2.0,3.0,2.0,2.0,2.0,0.0,0.0,3.0,0.0,85.19,70.83,73.81,50.0
Italy,ITA,20200404,3.0,3.0,2.0,4.0,1.0,2.0,2.0,3.0,2.0,2.0,2.0,4.0,0.0,3.0,0.0,85.19,76.3,80.06,50.0
Italy,ITA,20200405,3.0,3.0,2.0,4.0,1.0,2.0,2.0,3.0,2.0,2.0,2.0,4.0,0.0,3.0,0.0,85.19,76.3,80.06,50.0
Italy,ITA,20200406,3.0,3.0,2.0,4.0,1.0,2.0,2.0,3.0,2.0,2.0,2.0,4.0,0.0,3.0,0.0,85.19,76.3,80.06,50.0
Italy,ITA,20200407,3.0,3.0,2.0,4.0,1.0,2.0,2.0,3.0,2.0,2.0,2.0,4.0,0.0,3.0,0.0,85.19,76.3,80.06,50.0
Italy,ITA,20200408,3.0,3.0,2.0,4.0,1.0,2.0,2.0,3.0,2.0,2.0,2.0,4.0,0.0,3.0,0.0,85.19,76.3,80.06,50.0
Italy,ITA,20200409,3.0,3.0,2.0,4.0,1.0,2.0,2.0,3.0,2.0,2.0,2.0,4.0,0.0,3.0,0.0,85.19,76.3,80.06,50.0
Italy,ITA,20200410,3.0,3.0,2.0,4.0,1.0,2.0,2.0,3.0,2.0,2.0,2.0,4.0,0.0,3.0,0.0,87.96,77.86,81.85,50.0
Italy,ITA,20200411,3.0,3.0,2.0,4.0,1.0,2.0,2.0,3.0,2.0,2.0,2.0,4.0,0.0,3.0,0.0,87.96,77.86,81.85,50.0
Italy,ITA,20200412,3.0,3.0,2.0,4.0,2.0,2.0,2.0,3.0,2.0,2.0,2.0,4.0,0.0,3.0,0.0,93.52,80.99,85.42,50.0
Italy,ITA,20200413,3.0,3.0,2.0,4.0,2.0,2.0,2.0,3.0,2.0,2.0,2.0,4.0,0.0,3.0,0.0,93.52,80.99,85.42,50.0
Italy,ITA,20200414,3.0,3.0,2.0,4.0,2.0,2.0,2.0,3.0,2.0,2.0,2.0,4.0,0.0,3.0,0.0,93.52,80.99,85.42,50.0
Italy,ITA,20200415,3.0,3.0,2.0,4.0,2.0,2.0,2.0,3.0,2.0,2.0,2.0,4.0,0.0,3.0,0.0,93.52,80.99,85.42,50.0
Italy,ITA,20200416,3.0,3.0,2.0,4.0,2.0,2.0,2.0,3.0,2.0,2.0,2.0,4.0,0.0,3.0,0.0,93.52,80.99,85.42,50.0
Italy,ITA,20200417,3.0,3.0,2.0,4.0,2.0,2.0,2.0,3.0,2.0,2.0,2.0,4.0,0.0,3.0,0.0,93.52,80.99,85.42,50.0
Italy,ITA,20200418,3.0,3.0,2.0,4.0,2.0,2.0,2.0,3.0,2.0,2.0,2.0,4.0,0.0,3.0,0.0,93.52,80.99,85.42,50.0
Italy,ITA,20200419,3.0,3.0,2.0,4.0,2.0,2.0,2.0,3.0,2.0,2.0,2.0,4.0,0.0,3.0,0.0,93.52,80.99,85.42,50.0
Italy,ITA,20200420,3.0,3.0,2.0,4.0,2.0,2.0,2.0,3.0,2.0,2.0,2.0,4.0,0.0,3.0,0.0,93.52,80.99,85.42,50.0
Italy,ITA,20200421,3.0,3.0,2.0,4.0,2.0,2.0,2.0,3.0,2.0,2.0,2.0,4.0,0.0,3.0,0.0,93.52,80.99,85.42,50.0
Italy,ITA,20200422,3.0,3.0,2.0,4.0,2.0,2.0,2.0,3.0,2.0,2.0,2.0,4.0,0.0,3.0,0.0,93.52,80.99,85.42,50.0
Italy,ITA,20200423,3.0,3.0,2.0,4.0,2.0,2.0,2.0,3.0,2.0,2.0,2.0,4.0,0.0,3.0,0.0,93.52,80.99,85.42,50.0
Italy,ITA,20200424,3.0,3.0,2.0,4.0,2.0,2.0,2.0,3.0,2.0,2.0,2.0,4.0,0.0,3.0,0.0,93.52,80.99,85.42,50.0
Italy,ITA,20200425,3.0,3.0,2.0,4.0,2.0,2.0,2.0,3.0,2.0,2.0,2.0,4.0,0.0,3.0,0.0,93.52,80.99,85.42,50.0
Italy,ITA,20200426,3.0,3.0,2.0,4.0,2.0,2.0,2.0,3.0,2.0,2.0,2.0,4.0,0.0,3.0,0.0,93.52,80.99,85.42,50.0
Italy,ITA,20200427,3.0,3.0,2.0,4.0,2.0,2.0,2.0,3.0,2.0,2.0,2.0,4.0,0.0,3.0,0.0,93.52,80.99,85.42,50.0
Italy,ITA,20200428,3.0,3.0,2.0,4.0,2.0,2.0,2.0,3.0,2.0,2.0,2.0,4.0,0.0,3.0,0.0,93.52,80.99,85.42,50.0
Italy,ITA,20200429,3.0,3.0,2.0,4.0,2.0,2.0,2.0,3.0,2.0,2.0,2.0,4.0,0.0,3.0,0.0,93.52,80.99,85.42,50.0
Italy,ITA,20200430,3.0,3.0,2.0,4.0,2.0,2.0,2.0,3.0,2.0,2.0,2.0,4.0,0.0,3.0,0.0,93.52,80.99,85.42,50.0
Italy,ITA,20200501,3.0,3.0,2.0,4.0,2.0,2.0,2.0,3.0,2.0,2.0,2.0,4.0,0.0,3.0,0.0,93.52,80.99,85.42,50.0
Italy,ITA,20200502,3.0,3.0,2.0,4.0,2.0,2.0,2.0,3.0,2.0,2.0,2.0,4.0,0.0,3.0,0.0,93.52,80.99,85.42,50.0
Italy,ITA,20200503,3.0,3.0,2.0,4.0,2.0,2.0,2.0,3.0,2.0,2.0,2.0,4.0,0.0,3.0,0.0,93.52,80.99,85.42,50.0
Italy,ITA,20200504,3.0,1.0,2.0,4.0,0.0,2.0,2.0,3.0,2.0,2.0,2.0,4.0,0.0,3.0,0.0,75.0,70.57,73.51,50.0
Italy,ITA,20200505,3.0,1.0,2.0,4.0,0.0,2.0,2.0,3.0,2.0,2.0,2.0,4.0,0.0,3.0,0.0,75.0,70.57,73.51,50.0
Italy,ITA,20200506,3.0,1.0,2.0,4.0,0.0,2.0,2.0,3.0,2.0,2.0,2.0,4.0,0.0,3.0,0.0,75.0,70.57,73.51,50.0
Italy,ITA,20200507,3.0,1.0,2.0,4.0,0.0,2.0,2.0,3.0,2.0,2.0,2.0,4.0,0.0,3.0,0.0,75.0,70.57,73.51,50.0
Italy,ITA,20200508,3.0,1.0,2.0,4.0,0.0,2.0,2.0,3.0,2.0,2.0,2.0,4.0,0.0,3.0,0.0,75.0,70.57,73.51,50.0
Italy,ITA,20200509,3.0,1.0,2.0,4.0,0.0,2.0,2.0,3.0,2.0,2.0,2.0,4.0,0.0,3.0,0.0,75.0,70.57,73.51,50.0
Italy,ITA,20200510,3.0,1.0,2.0,4.0,0.0,2.0,2.0,3.0,2.0,2.0,2.0,4.0,0.0,3.0,0.0,75.0,70.57,73.51,50.0
Italy,ITA,20200511,3.0,1.0,2.0,4.0,0.0,2.0,2.0,3.0,2.0,2.0,2.0,4.0,0.0,3.0,0.0,75.0,70.57,73.51,50.0
Italy,ITA,20200512,3.0,1.0,2.0,4.0,0.0,2.0,2.0,3.0,2.0,2.0,2.0,4.0,0.0,3.0,0.0,75.0,70.57,73.51,50.0
Italy,ITA,20200513,3.0,1.0,2.0,4.0,0.0,2.0,2.0,3.0,2.0,2.0,2.0,4.0,0.0,3.0,0.0,75.0,70.57,73.51,50.0
Italy,ITA,20200514,3.0,1.0,2.0,4.0,0.0,2.0,2.0,3.0,2.0,2.0,2.0,4.0,0.0,3.0,0.0,75.0,70.57,73.51,50.0
Italy,ITA,20200515,3.0,1.0,2.0,4.0,0.0,2.0,2.0,3.0,2.0,2.0,2.0,4.0,0.0,3.0,0.0,75.0,70.57,73.51,50.0
Italy,ITA,20200516,3.0,2.0,2.0,4.0,0.0,2.0,2.0,3.0,2.0,2.0,2.0,4.0,0.0,3.0,0.0,78.7,72.66,75.89,50.0
Italy,ITA,20200517,3.0,2.0,2.0,4.0,0.0,2.0,2.0,3.0,2.0,2.0,2.0,4.0,0.0,3.0,0.0,78.7,72.66,75.89,50.0
Italy,ITA,20200518,3.0,2.0,2.0,0.0,0.0,2.0,2.0,3.0,2.0,2.0,2.0,4.0,0.0,3.0,0.0,67.59,66.41,68.75,50.0
Italy,ITA,20200519,3.0,2.0,2.0,0.0,0.0,2.0,2.0,3.0,2.0,2.0,2.0,4.0,0.0,3.0,0.0,67.59,66.41,68.75,50.0
Italy,ITA,20200520,3.0,2.0,2.0,0.0,0.0,2.0,2.0,3.0,2.0,2.0,2.0,4.0,0.0,3.0,0.0,67.59,66.41,68.75,50.0
Italy,ITA,20200521,3.0,2.0,2.0,0.0,0.0,2.0,2.0,3.0,2.0,2.0,2.0,4.0,0.0,3.0,0.0,67.59,66.41,68.75,50.0
Italy,ITA,20200522,3.0,2.0,2.0,0.0,0.0,2.0,2.0,3.0,2.0,2.0,2.0,4.0,0.0,3.0,0.0,67.59,66.41,68.75,50.0
Italy,ITA,20200523,3.0,2.0,2.0,0.0,0.0,2.0,2.0,3.0,2.0,2.0,2.0,4.0,0.0,3.0,0.0,67.59,66.41,68.75,50.0
Italy,ITA,20200524,3.0,2.0,2.0,0.0,0.0,2.0,2.0,3.0,2.0,2.0,2.0,4.0,0.0,3.0,0.0,67.59,66.41,68.75,50.0
Italy,ITA,20200525,3.0,2.0,2.0,0.0,0.0,2.0,2.0,3.0,2.0,2.0,2.0,4.0,0.0,3.0,0.0,67.59,66.41,68.75,50.0
Italy,ITA,20200526,3.0,2.0,2.0,0.0,0.0,2.0,2.0,3.0,2.0,2.0,2.0,4.0,0.0,3.0,0.0,67.59,66.41,68.75,50.0
Italy,ITA,20200527,3.0,2.0,2.0,0.0,0.0,2.0,2.0,3.0,2.0,2.0,2.0,4.0,0.0,3.0,0.0,67.59,66.41,68.75,50.0
Italy,ITA,20200528,3.0,2.0,2.0,0.0,0.0,2.0,2.0,3.0,2.0,2.0,2.0,4.0,0.0,3.0,0.0,67.59,66.41,68.75,50.0
Italy,ITA,20200529,3.0,2.0,2.0,0.0,0.0,2.0,2.0,3.0,2.0,2.0,2.0,4.0,0.0,3.0,0.0,67.59,66.41,68.75,50.0
Italy,ITA,20200530,3.0,2.0,2.0,0.0,0.0,2.0,2.0,3.0,2.0,2.0,2.0,4.0,0.0,3.0,0.0,67.59,66.41,68.75,50.0
Italy,ITA,20200531,3.0,2.0,2.0,0.0,0.0,2.0,2.0,3.0,2.0,2.0,2.0,4.0,0.0,3.0,0.0,67.59,66.41,68.75,50.0
Italy,ITA,20200601,3.0,2.0,2.0,0.0,0.0,2.0,2.0,3.0,2.0,2.0,2.0,4.0,0.0,3.0,0.0,67.59,66.41,68.75,50.0
Italy,ITA,20200602,3.0,2.0,2.0,0.0,0.0,2.0,2.0,3.0,2.0,2.0,2.0,4.0,0.0,3.0,0.0,67.59,69.53,68.75,75.0
Italy,ITA,20200603,3.0,2.0,2.0,0.0,0.0,2.0,2.0,3.0,2.0,2.0,2.0,4.0,0.0,3.0,0.0,67.59,69.53,68.75,75.0
Italy,ITA,20200604,3.0,2.0,2.0,0.0,0.0,2.0,2.0,3.0,2.0,2.0,2.0,4.0,0.0,3.0,0.0,67.59,69.53,68.75,75.0
Italy,ITA,20200605,3.0,2.0,2.0,0.0,0.0,2.0,2.0,3.0,2.0,2.0,2.0,4.0,0.0,3.0,0.0,67.59,69.53,68.75,75.0
Italy,ITA,20200606,3.0,2.0,2.0,0.0,0.0,2.0,2.0,3.0,2.0,2.0,2.0,4.0,0.0,3.0,0.0,67.59,69.53,68.75,75.0
Italy,ITA,20200607,3.0,2.0,2.0,0.0,0.0,2.0,2.0,3.0,2.0,2.0,2.0,4.0,0.0,3.0,0.0,67.59,69.53,68.75,75.0
Italy,ITA,20200608,3.0,2.0,2.0,0.0,0.0,2.0,2.0,3.0,2.0,2.0,2.0,4.0,0.0,3.0,0.0,67.59,69.53,68.75,75.0
Italy,ITA,20200609,3.0,2.0,2.0,0.0,0.0,2.0,2.0,3.0,2.0,2.0,2.0,4.0,0.0,3.0,0.0,67.59,69.53,68.75,75.0
Italy,ITA,20200610,3.0,2.0,2.0,0.0,0.0,2.0,2.0,3.0,2.0,2.0,2.0,4.0,0.0,3.0,0.0,67.59,69.53,68.75,75.0
Italy,ITA,20200611,3.0,2.0,2.0,0.0,0.0,2.0,2.0,3.0,2.0,2.0,2.0,4.0,0.0,2.0,0.0,67.59,67.45,66.37,75.0
Italy,ITA,20200612,3.0,2.0,2.0,0.0,0.0,2.0,2.0,3.0,2.0,2.0,2.0,4.0,0.0,2.0,0.0,67.59,67.45,66.37,75.0
Italy,ITA,20200613,3.0,2.0,2.0,0.0,0.0,2.0,2.0,3.0,2.0,2.0,2.0,4.0,0.0,2.0,0.0,67.59,67.45,66.37,75.0
Italy,ITA,20200614,3.0,2.0,2.0,0.0,0.0,2.0,2.0,3.0,2.0,2.0,2.0,4.0,0.0,2.0,0.0,67.59,67.45,66.37,75.0
Italy,ITA,20200615,3.0,2.0,2.0,2.0,0.0,2.0,1.0,3.0,2.0,2.0,2.0,4.0,0.0,2.0,0.0,67.59,67.45,66.37,75.0
Italy,ITA,20200616,3.0,2.0,2.0,2.0,0.0,2.0,1.0,3.0,2.0,2.0,2.0,4.0,0.0,2.0,0.0,67.59,67.45,66.37,75.0
Italy,ITA,20200617,3.0,2.0,2.0,2.0,0.0,2.0,1.0,3.0,2.0,2.0,2.0,4.0,0.0,2.0,0.0,67.59,67.45,66.37,75.0
Italy,ITA,20200618,3.0,2.0,2.0,2.0,0.0,2.0,1.0,3.0,2.0,2.0,2.0,4.0,0.0,2.0,0.0,67.59,67.45,66.37,75.0
Italy,ITA,20200619,3.0,2.0,2.0,2.0,0.0,2.0,1.0,3.0,2.0,2.0,2.0,4.0,0.0,2.0,0.0,67.59,67.45,66.37,75.0
Italy,ITA,20200620,3.0,2.0,2.0,2.0,0.0,2.0,1.0,3.0,2.0,2.0,2.0,4.0,0.0,2.0,0.0,67.59,67.45,66.37,75.0
Italy,ITA,20200621,3.0,2.0,2.0,2.0,0.0,2.0,1.0,3.0,2.0,2.0,2.0,4.0,0.0,2.0,0.0,67.59,67.45,66.37,75.0
Italy,ITA,20200622,3.0,2.0,2.0,2.0,0.0,2.0,1.0,3.0,2.0,2.0,2.0,4.0,0.0,2.0,0.0,67.59,67.45,66.37,75.0
Italy,ITA,20200623,3.0,2.0,2.0,2.0,0.0,2.0,1.0,3.0,2.0,2.0,2.0,4.0,0.0,2.0,0.0,67.59,67.45,66.37,75.0
Italy,ITA,20200624,3.0,2.0,2.0,2.0,0.0,2.0,1.0,3.0,2.0,2.0,2.0,4.0,0.0,2.0,0.0,67.59,67.45,66.37,75.0
Italy,ITA,20200625,3.0,2.0,2.0,2.0,0.0,2.0,1.0,3.0,2.0,2.0,2.0,4.0,0.0,2.0,0.0,67.59,67.45,66.37,75.0
Italy,ITA,20200626,3.0,2.0,2.0,2.0,0.0,2.0,1.0,3.0,2.0,2.0,2.0,4.0,0.0,2.0,0.0,67.59,67.45,66.37,75.0
Italy,ITA,20200627,3.0,2.0,2.0,2.0,0.0,2.0,1.0,3.0,2.0,2.0,2.0,4.0,0.0,2.0,0.0,67.59,67.45,66.37,75.0
Italy,ITA,20200628,3.0,2.0,2.0,2.0,0.0,2.0,1.0,3.0,2.0,2.0,2.0,4.0,0.0,2.0,0.0,67.59,67.45,66.37,75.0
Italy,ITA,20200629,3.0,2.0,2.0,2.0,0.0,2.0,1.0,3.0,2.0,2.0,2.0,4.0,0.0,2.0,0.0,67.59,67.45,66.37,75.0
Italy,ITA,20200630,3.0,2.0,2.0,2.0,0.0,2.0,1.0,3.0,2.0,2.0,2.0,4.0,0.0,2.0,0.0,67.59,67.45,66.37,75.0
Italy,ITA,20200701,3.0,2.0,2.0,2.0,0.0,2.0,1.0,3.0,2.0,2.0,2.0,4.0,0.0,2.0,0.0,67.59,67.45,66.37,75.0
Italy,ITA,20200702,3.0,2.0,2.0,2.0,0.0,2.0,1.0,3.0,2.0,2.0,2.0,4.0,0.0,2.0,0.0,67.59,67.45,66.37,75.0
Italy,ITA,20200703,3.0,2.0,2.0,2.0,0.0,2.0,1.0,3.0,2.0,2.0,2.0,4.0,0.0,2.0,0.0,67.59,67.45,66.37,75.0
Italy,ITA,20200704,3.0,2.0,2.0,2.0,0.0,2.0,1.0,3.0,2.0,2.0,2.0,4.0,0.0,2.0,0.0,67.59,67.45,66.37,75.0
Italy,ITA,20200705,3.0,2.0,2.0,2.0,0.0,2.0,1.0,3.0,2.0,2.0,2.0,4.0,0.0,2.0,0.0,67.59,67.45,66.37,75.0
Italy,ITA,20200706,3.0,2.0,2.0,2.0,0.0,2.0,1.0,3.0,2.0,2.0,2.0,4.0,0.0,2.0,0.0,67.59,67.45,66.37,75.0
Italy,ITA,20200707,3.0,2.0,2.0,2.0,0.0,2.0,1.0,3.0,2.0,2.0,2.0,4.0,0.0,2.0,0.0,67.59,67.45,66.37,75.0
Italy,ITA,20200708,3.0,2.0,2.0,2.0,0.0,2.0,1.0,3.0,2.0,2.0,2.0,4.0,0.0,2.0,0.0,67.59,67.45,66.37,75.0
Italy,ITA,20200709,3.0,2.0,2.0,2.0,0.0,2.0,1.0,3.0,2.0,2.0,2.0,4.0,0.0,2.0,0.0,67.59,67.45,66.37,75.0
Italy,ITA,20200710,3.0,2.0,2.0,2.0,0.0,2.0,1.0,3.0,2.0,2.0,2.0,4.0,0.0,2.0,0.0,67.59,67.45,66.37,75.0
Italy,ITA,20200711,3.0,2.0,2.0,2.0,0.0,2.0,1.0,3.0,2.0,2.0,2.0,4.0,0.0,2.0,0.0,67.59,67.45,66.37,75.0
Italy,ITA,20200712,3.0,2.0,2.0,2.0,0.0,2.0,1.0,3.0,2.0,2.0,2.0,4.0,0.0,2.0,0.0,67.59,67.45,66.37,75.0
Italy,ITA,20200713,3.0,2.0,2.0,2.0,0.0,2.0,1.0,3.0,2.0,2.0,2.0,4.0,0.0,2.0,0.0,67.59,67.45,66.37,75.0
Italy,ITA,20200714,3.0,2.0,2.0,2.0,0.0,2.0,1.0,3.0,2.0,2.0,2.0,4.0,0.0,2.0,0.0,67.59,67.45,66.37,75.0
Italy,ITA,20200715,3.0,2.0,2.0,2.0,0.0,2.0,1.0,3.0,2.0,2.0,2.0,4.0,0.0,2.0,0.0,67.59,67.45,66.37,75.0
Italy,ITA,20200716,3.0,2.0,2.0,2.0,0.0,2.0,1.0,3.0,2.0,2.0,2.0,4.0,0.0,2.0,0.0,67.59,67.45,66.37,75.0
Italy,ITA,20200717,3.0,2.0,2.0,2.0,0.0,2.0,1.0,3.0,2.0,2.0,2.0,4.0,0.0,2.0,0.0,67.59,67.45,66.37,75.0
Italy,ITA,20200718,3.0,2.0,2.0,2.0,0.0,2.0,1.0,3.0,2.0,2.0,2.0,4.0,0.0,2.0,0.0,67.59,67.45,66.37,75.0
Italy,ITA,20200719,3.0,2.0,2.0,2.0,0.0,2.0,1.0,3.0,2.0,2.0,2.0,4.0,0.0,2.0,0.0,67.59,67.45,66.37,75.0
Italy,ITA,20200720,3.0,2.0,2.0,2.0,0.0,2.0,1.0,3.0,2.0,2.0,2.0,4.0,0.0,2.0,0.0,67.59,67.45,66.37,75.0
Italy,ITA,20200721,3.0,2.0,2.0,2.0,0.0,2.0,1.0,3.0,2.0,2.0,2.0,4.0,0.0,2.0,0.0,67.59,67.45,66.37,75.0
Italy,ITA,20200722,3.0,2.0,2.0,2.0,0.0,2.0,1.0,3.0,2.0,2.0,2.0,4.0,0.0,2.0,0.0,67.59,67.45,66.37,75.0
Italy,ITA,20200723,3.0,2.0,2.0,2.0,0.0,2.0,1.0,3.0,2.0,2.0,2.0,4.0,0.0,2.0,0.0,67.59,67.45,66.37,75.0
Italy,ITA,20200724,3.0,2.0,2.0,2.0,0.0,2.0,1.0,3.0,2.0,2.0,2.0,4.0,0.0,2.0,0.0,67.59,67.45,66.37,75.0
Italy,ITA,20200725,3.0,2.0,2.0,2.0,0.0,2.0,1.0,3.0,2.0,2.0,2.0,4.0,0.0,2.0,0.0,67.59,67.45,66.37,75.0
Italy,ITA,20200726,3.0,2.0,2.0,2.0,0.0,2.0,1.0,3.0,2.0,2.0,2.0,4.0,0.0,2.0,0.0,67.59,67.45,66.37,75.0
Italy,ITA,20200727,3.0,1.0,2.0,2.0,0.0,2.0,1.0,3.0,2.0,2.0,2.0,4.0,0.0,2.0,0.0,63.89,65.36,63.99,75.0
Italy,ITA,20200728,3.0,1.0,2.0,2.0,0.0,2.0,1.0,3.0,2.0,2.0,2.0,4.0,0.0,2.0,0.0,63.89,65.36,63.99,75.0
Italy,ITA,20200729,3.0,1.0,2.0,2.0,0.0,2.0,1.0,3.0,2.0,2.0,2.0,4.0,0.0,2.0,0.0,63.89,65.36,63.99,75.0
Italy,ITA,20200730,3.0,1.0,2.0,2.0,0.0,2.0,1.0,3.0,2.0,2.0,2.0,4.0,0.0,2.0,0.0,63.89,65.36,63.99,75.0
Italy,ITA,20200731,3.0,1.0,2.0,2.0,0.0,2.0,1.0,3.0,2.0,2.0,2.0,4.0,0.0,2.0,0.0,63.89,65.36,63.99,75.0
Italy,ITA,20200801,3.0,1.0,2.0,2.0,0.0,2.0,2.0,3.0,2.0,2.0,2.0,4.0,0.0,2.0,0.0,64.81,65.89,64.58,75.0
Italy,ITA,20200802,3.0,1.0,2.0,2.0,0.0,2.0,2.0,3.0,2.0,2.0,2.0,4.0,0.0,2.0,0.0,64.81,65.89,64.58,75.0
Italy,ITA,20200803,3.0,1.0,2.0,2.0,0.0,2.0,2.0,3.0,2.0,2.0,2.0,4.0,0.0,2.0,0.0,64.81,65.89,64.58,75.0
Italy,ITA,20200804,3.0,1.0,2.0,2.0,0.0,2.0,2.0,3.0,2.0,2.0,2.0,4.0,0.0,2.0,0.0,64.81,65.89,64.58,75.0
Italy,ITA,20200805,3.0,1.0,2.0,2.0,0.0,2.0,2.0,3.0,2.0,2.0,2.0,4.0,0.0,2.0,0.0,64.81,65.89,64.58,75.0
Italy,ITA,20200806,3.0,1.0,2.0,2.0,0.0,2.0,2.0,3.0,2.0,2.0,2.0,4.0,0.0,2.0,0.0,64.81,65.89,64.58,75.0
Italy,ITA,20200807,3.0,1.0,2.0,2.0,0.0,2.0,2.0,3.0,2.0,2.0,2.0,4.0,0.0,2.0,0.0,64.81,65.89,64.58,75.0
Italy,ITA,20200808,3.0,1.0,2.0,2.0,0.0,2.0,2.0,3.0,2.0,2.0,2.0,4.0,0.0,2.0,0.0,64.81,65.89,64.58,75.0
Italy,ITA,20200809,3.0,1.0,2.0,2.0,0.0,2.0,2.0,3.0,2.0,2.0,2.0,4.0,0.0,2.0,0.0,64.81,65.89,64.58,75.0
Italy,ITA,20200810,3.0,1.0,2.0,2.0,0.0,2.0,2.0,3.0,2.0,2.0,2.0,4.0,0.0,2.0,0.0,64.81,65.89,64.58,75.0
Italy,ITA,20200811,3.0,1.0,2.0,2.0,0.0,2.0,2.0,3.0,2.0,2.0,2.0,4.0,0.0,2.0,0.0,64.81,65.89,64.58,75.0
Italy,ITA,20200812,3.0,1.0,2.0,2.0,0.0,2.0,2.0,3.0,2.0,2.0,2.0,4.0,0.0,2.0,0.0,64.81,65.89,64.58,75.0
Italy,ITA,20200813,3.0,1.0,2.0,2.0,0.0,2.0,2.0,3.0,2.0,2.0,2.0,4.0,0.0,2.0,0.0,64.81,65.89,64.58,75.0
Italy,ITA,20200814,3.0,1.0,2.0,2.0,0.0,2.0,2.0,3.0,2.0,2.0,2.0,4.0,0.0,2.0,0.0,64.81,65.89,64.58,75.0
Italy,ITA,20200815,3.0,1.0,2.0,2.0,0.0,2.0,2.0,3.0,2.0,2.0,2.0,4.0,0.0,2.0,0.0,64.81,65.89,64.58,75.0
Italy,ITA,20200816,3.0,1.0,2.0,2.0,0.0,2.0,2.0,3.0,2.0,2.0,2.0,4.0,0.0,2.0,0.0,64.81,65.89,64.58,75.0
Italy,ITA,20200817,3.0,2.0,2.0,2.0,0.0,2.0,2.0,3.0,2.0,2.0,2.0,4.0,0.0,2.0,0.0,68.52,67.97,66.96,75.0
Italy,ITA,20200818,3.0,2.0,2.0,2.0,0.0,2.0,2.0,3.0,2.0,2.0,2.0,4.0,0.0,2.0,0.0,68.52,67.97,66.96,75.0
Italy,ITA,20200819,3.0,2.0,2.0,2.0,0.0,2.0,2.0,3.0,2.0,2.0,2.0,4.0,0.0,2.0,0.0,68.52,67.97,66.96,75.0
Italy,ITA,20200820,3.0,2.0,2.0,2.0,0.0,2.0,2.0,3.0,2.0,2.0,2.0,4.0,0.0,2.0,0.0,68.52,67.97,66.96,75.0
Italy,ITA,20200821,3.0,2.0,2.0,2.0,0.0,2.0,2.0,3.0,2.0,2.0,2.0,4.0,0.0,2.0,0.0,68.52,67.97,66.96,75.0
Italy,ITA,20200822,3.0,2.0,2.0,2.0,0.0,2.0,2.0,3.0,2.0,2.0,2.0,4.0,0.0,2.0,0.0,68.52,67.97,66.96,75.0
Italy,ITA,20200823,3.0,2.0,2.0,2.0,0.0,2.0,2.0,3.0,2.0,2.0,2.0,4.0,0.0,2.0,0.0,68.52,67.97,66.96,75.0
Italy,ITA,20200824,3.0,2.0,2.0,2.0,0.0,2.0,2.0,3.0,2.0,2.0,2.0,4.0,0.0,2.0,0.0,68.52,67.97,66.96,75.0
Italy,ITA,20200825,3.0,2.0,2.0,2.0,0.0,2.0,2.0,3.0,2.0,2.0,2.0,4.0,0.0,2.0,0.0,68.52,67.97,66.96,75.0
Italy,ITA,20200826,3.0,2.0,2.0,2.0,0.0,2.0,2.0,3.0,2.0,2.0,2.0,4.0,0.0,2.0,0.0,68.52,67.97,66.96,75.0
Italy,ITA,20200827,3.0,2.0,2.0,2.0,0.0,2.0,2.0,3.0,2.0,2.0,2.0,4.0,0.0,2.0,0.0,68.52,67.97,66.96,75.0
Italy,ITA,20200828,3.0,2.0,2.0,2.0,0.0,2.0,2.0,3.0,2.0,2.0,2.0,4.0,0.0,2.0,0.0,68.52,67.97,66.96,75.0
Italy,ITA,20200829,3.0,2.0,2.0,2.0,0.0,2.0,2.0,3.0,2.0,2.0,2.0,4.0,0.0,2.0,0.0,68.52,67.97,66.96,75.0
Italy,ITA,20200830,3.0,2.0,2.0,2.0,0.0,2.0,2.0,3.0,2.0,2.0,2.0,4.0,0.0,2.0,0.0,68.52,67.97,66.96,75.0
Italy,ITA,20200831,3.0,2.0,2.0,2.0,0.0,2.0,2.0,3.0,2.0,2.0,2.0,4.0,0.0,2.0,0.0,68.52,67.97,66.96,75.0
Italy,ITA,20200901,3.0,2.0,2.0,2.0,0.0,2.0,2.0,3.0,2.0,2.0,2.0,4.0,0.0,2.0,0.0,68.52,67.97,66.96,75.0
Italy,ITA,20200902,3.0,2.0,2.0,2.0,0.0,2.0,2.0,3.0,2.0,2.0,2.0,4.0,0.0,2.0,0.0,68.52,67.97,66.96,75.0
Italy,ITA,20200903,3.0,2.0,2.0,2.0,0.0,2.0,2.0,3.0,2.0,2.0,2.0,4.0,0.0,2.0,0.0,68.52,67.97,66.96,75.0
Italy,ITA,20200904,3.0,2.0,2.0,2.0,0.0,2.0,2.0,3.0,2.0,2.0,2.0,4.0,0.0,2.0,0.0,68.52,67.97,66.96,75.0
Italy,ITA,20200905,3.0,2.0,2.0,2.0,0.0,2.0,2.0,3.0,2.0,2.0,2.0,4.0,0.0,2.0,0.0,68.52,67.97,66.96,75.0
Italy,ITA,20200906,3.0,2.0,2.0,2.0,0.0,2.0,2.0,3.0,2.0,2.0,2.0,4.0,0.0,2.0,0.0,68.52,67.97,66.96,75.0
Italy,ITA,20200907,3.0,2.0,2.0,2.0,0.0,2.0,2.0,3.0,2.0,2.0,2.0,4.0,0.0,2.0,0.0,66.67,66.93,65.77,75.0
Italy,ITA,20200908,3.0,2.0,2.0,2.0,0.0,2.0,2.0,3.0,2.0,2.0,2.0,4.0,0.0,2.0,0.0,66.67,66.93,65.77,75.0
Italy,ITA,20200909,3.0,2.0,2.0,2.0,0.0,2.0,2.0,3.0,2.0,2.0,2.0,4.0,0.0,2.0,0.0,66.67,66.93,65.77,75.0
Italy,ITA,20200910,3.0,2.0,2.0,2.0,0.0,2.0,2.0,3.0,2.0,2.0,2.0,4.0,0.0,2.0,0.0,66.67,66.93,65.77,75.0
Italy,ITA,20200911,3.0,2.0,2.0,2.0,0.0,2.0,2.0,3.0,2.0,2.0,2.0,4.0,0.0,2.0,0.0,66.67,66.93,65.77,75.0
Italy,ITA,20200912,3.0,2.0,2.0,2.0,0.0,2.0,2.0,3.0,2.0,2.0,2.0,4.0,0.0,2.0,0.0,66.67,66.93,65.77,75.0
Italy,ITA,20200913,3.0,2.0,2.0,2.0,0.0,2.0,2.0,3.0,2.0,2.0,2.0,4.0,0.0,2.0,0.0,66.67,66.93,65.77,75.0
Italy,ITA,20200914,3.0,2.0,2.0,2.0,0.0,2.0,2.0,3.0,2.0,2.0,2.0,4.0,0.0,2.0,0.0,66.67,66.93,65.77,75.0
Italy,ITA,20200915,3.0,2.0,2.0,2.0,0.0,2.0,2.0,3.0,2.0,2.0,2.0,4.0,0.0,2.0,0.0,66.67,66.93,65.77,75.0
Italy,ITA,20200916,3.0,2.0,2.0,2.0,0.0,2.0,2.0,3.0,2.0,2.0,2.0,4.0,0.0,2.0,0.0,66.67,66.93,65.77,75.0
Italy,ITA,20200917,3.0,2.0,2.0,2.0,0.0,2.0,2.0,3.0,2.0,2.0,2.0,4.0,0.0,2.0,0.0,66.67,66.93,65.77,75.0
Italy,ITA,20200918,3.0,2.0,2.0,2.0,0.0,2.0,2.0,3.0,2.0,2.0,2.0,4.0,0.0,2.0,0.0,66.67,66.93,65.77,75.0
Italy,ITA,20200919,3.0,2.0,2.0,2.0,0.0,2.0,2.0,3.0,2.0,2.0,2.0,4.0,0.0,2.0,0.0,66.67,66.93,65.77,75.0
Italy,ITA,20200920,3.0,2.0,2.0,2.0,0.0,2.0,2.0,3.0,2.0,2.0,2.0,4.0,0.0,2.0,0.0,66.67,66.93,65.77,75.0
Italy,ITA,20200921,2.0,2.0,2.0,2.0,0.0,2.0,2.0,3.0,2.0,2.0,2.0,4.0,0.0,2.0,0.0,62.96,64.84,63.39,75.0
Italy,ITA,20200922,2.0,2.0,2.0,2.0,0.0,2.0,2.0,3.0,2.0,2.0,2.0,4.0,0.0,2.0,0.0,62.96,64.84,63.39,75.0
Italy,ITA,20200923,2.0,2.0,2.0,2.0,0.0,2.0,2.0,3.0,2.0,2.0,2.0,4.0,0.0,2.0,0.0,62.96,64.84,63.39,75.0
Italy,ITA,20200924,2.0,2.0,2.0,2.0,0.0,2.0,2.0,3.0,2.0,2.0,2.0,4.0,0.0,2.0,0.0,62.96,64.84,63.39,75.0
Italy,ITA,20200925,2.0,2.0,2.0,2.0,0.0,2.0,2.0,3.0,2.0,2.0,2.0,4.0,0.0,2.0,0.0,62.96,64.84,63.39,75.0
Italy,ITA,20200926,2.0,2.0,2.0,2.0,0.0,2.0,2.0,3.0,2.0,2.0,2.0,4.0,0.0,2.0,0.0,62.96,64.84,63.39,75.0
Italy,ITA,20200927,2.0,2.0,2.0,2.0,0.0,2.0,2.0,3.0,2.0,2.0,2.0,4.0,0.0,2.0,0.0,62.96,64.84,63.39,75.0
Italy,ITA,20200928,2.0,2.0,2.0,2.0,0.0,2.0,2.0,3.0,2.0,2.0,2.0,4.0,0.0,2.0,0.0,62.96,64.84,63.39,75.0
Italy,ITA,20200929,2.0,2.0,2.0,2.0,0.0,2.0,2.0,3.0,2.0,2.0,2.0,4.0,0.0,2.0,0.0,62.96,64.84,63.39,75.0
Italy,ITA,20200930,2.0,2.0,2.0,2.0,0.0,2.0,2.0,3.0,2.0,2.0,2.0,4.0,0.0,2.0,0.0,62.96,64.84,63.39,75.0
Italy,ITA,20201001,1.0,2.0,2.0,2.0,0.0,2.0,2.0,3.0,2.0,2.0,2.0,4.0,0.0,2.0,0.0,61.11,63.8,62.2,75.0
Italy,ITA,20201002,1.0,2.0,2.0,2.0,0.0,2.0,2.0,3.0,2.0,2.0,2.0,4.0,0.0,2.0,0.0,61.11,63.8,62.2,75.0
Italy,ITA,20201003,1.0,2.0,2.0,2.0,0.0,2.0,2.0,3.0,2.0,2.0,2.0,4.0,0.0,2.0,0.0,61.11,63.8,62.2,75.0
Italy,ITA,20201004,1.0,2.0,2.0,2.0,0.0,2.0,2.0,3.0,2.0,2.0,2.0,4.0,0.0,2.0,0.0,61.11,63.8,62.2,75.0
Italy,ITA,20201005,1.0,2.0,2.0,2.0,0.0,2.0,2.0,3.0,2.0,2.0,2.0,4.0,0.0,2.0,0.0,61.11,63.8,62.2,75.0
Italy,ITA,20201006,1.0,2.0,2.0,3.0,0.0,2.0,2.0,3.0,2.0,2.0,2.0,4.0,0.0,2.0,0.0,63.89,65.36,63.99,75.0
Italy,ITA,20201007,1.0,2.0,2.0,3.0,0.0,2.0,2.0,3.0,2.0,2.0,2.0,4.0,0.0,2.0,0.0,63.89,65.36,63.99,75.0
Italy,ITA,20201008,1.0,2.0,2.0,3.0,0.0,2.0,2.0,3.0,2.0,2.0,2.0,4.0,0.0,2.0,0.0,63.89,65.36,63.99,75.0
Italy,ITA,20201009,1.0,2.0,2.0,3.0,0.0,2.0,2.0,3.0,2.0,2.0,2.0,4.0,0.0,2.0,0.0,63.89,65.36,63.99,75.0
Italy,ITA,20201010,1.0,2.0,2.0,3.0,0.0,2.0,2.0,3.0,2.0,2.0,2.0,4.0,0.0,2.0,0.0,63.89,65.36,63.99,75.0
Italy,ITA,20201011,1.0,2.0,2.0,3.0,0.0,2.0,2.0,3.0,2.0,2.0,2.0,4.0,0.0,2.0,0.0,63.89,65.36,63.99,75.0
Italy,ITA,20201012,1.0,2.0,2.0,3.0,0.0,2.0,2.0,3.0,2.0,2.0,2.0,4.0,0.0,2.0,0.0,63.89,65.36,63.99,75.0
Italy,ITA,20201013,1.0,2.0,2.0,3.0,0.0,2.0,2.0,3.0,2.0,2.0,2.0,4.0,0.0,2.0,0.0,63.89,65.36,63.99,75.0
Italy,ITA,20201014,1.0,2.0,2.0,3.0,0.0,2.0,2.0,3.0,2.0,2.0,2.0,4.0,0.0,2.0,0.0,65.74,66.41,65.18,75.0
Italy,ITA,20201015,1.0,2.0,2.0,3.0,0.0,2.0,2.0,3.0,2.0,2.0,2.0,4.0,0.0,2.0,0.0,65.74,66.41,65.18,75.0
Italy,ITA,20201016,1.0,2.0,2.0,3.0,0.0,2.0,2.0,3.0,2.0,2.0,2.0,4.0,0.0,2.0,0.0,65.74,66.41,65.18,75.0
Italy,ITA,20201017,1.0,2.0,2.0,3.0,0.0,2.0,2.0,3.0,2.0,2.0,2.0,4.0,0.0,2.0,0.0,65.74,66.41,65.18,75.0
Italy,ITA,20201018,1.0,2.0,2.0,3.0,0.0,2.0,2.0,3.0,2.0,2.0,2.0,4.0,0.0,2.0,0.0,65.74,66.41,65.18,75.0
Italy,ITA,20201019,1.0,2.0,2.0,3.0,0.0,2.0,2.0,3.0,2.0,2.0,2.0,4.0,0.0,2.0,0.0,65.74,66.41,65.18,75.0
Italy,ITA,20201020,1.0,2.0,2.0,3.0,0.0,2.0,2.0,3.0,2.0,2.0,2.0,4.0,0.0,2.0,0.0,65.74,66.41,65.18,75.0
Italy,ITA,20201021,1.0,2.0,2.0,3.0,0.0,2.0,2.0,3.0,2.0,2.0,2.0,4.0,0.0,2.0,0.0,65.74,66.41,65.18,75.0
Italy,ITA,20201022,1.0,2.0,2.0,3.0,0.0,2.0,2.0,3.0,2.0,2.0,2.0,4.0,0.0,2.0,0.0,65.74,66.41,65.18,75.0
Italy,ITA,20201023,2.0,2.0,2.0,4.0,1.0,2.0,2.0,3.0,2.0,2.0,2.0,4.0,0.0,2.0,0.0,75.93,72.14,71.73,75.0
Italy,ITA,20201024,2.0,2.0,2.0,4.0,1.0,2.0,2.0,3.0,2.0,2.0,2.0,4.0,0.0,2.0,0.0,75.93,72.14,71.73,75.0
Italy,ITA,20201025,2.0,2.0,2.0,4.0,1.0,2.0,2.0,3.0,2.0,2.0,2.0,4.0,0.0,2.0,0.0,75.93,72.14,71.73,75.0
Italy,ITA,20201026,2.0,2.0,2.0,4.0,1.0,2.0,2.0,3.0,2.0,2.0,2.0,4.0,0.0,2.0,0.0,78.7,73.7,73.51,75.0
Italy,ITA,20201027,2.0,2.0,2.0,4.0,1.0,2.0,2.0,3.0,2.0,2.0,2.0,4.0,0.0,2.0,0.0,78.7,73.7,73.51,75.0
Italy,ITA,20201028,2.0,2.0,2.0,4.0,1.0,2.0,2.0,3.0,2.0,2.0,2.0,4.0,0.0,2.0,0.0,78.7,73.7,73.51,75.0
Italy,ITA,20201029,2.0,2.0,2.0,4.0,1.0,2.0,2.0,3.0,2.0,2.0,2.0,4.0,0.0,2.0,0.0,78.7,73.7,73.51,75.0
Italy,ITA,20201030,2.0,2.0,2.0,4.0,1.0,2.0,2.0,3.0,2.0,2.0,2.0,4.0,0.0,2.0,0.0,78.7,73.7,73.51,75.0
Italy,ITA,20201031,2.0,2.0,2.0,4.0,1.0,2.0,2.0,3.0,2.0,2.0,2.0,4.0,0.0,2.0,0.0,78.7,73.7,73.51,75.0
Italy,ITA,20201101,2.0,2.0,2.0,4.0,1.0,2.0,2.0,3.0,2.0,2.0,2.0,4.0,0.0,2.0,0.0,78.7,73.7,73.51,75.0
Italy,ITA,20201102,2.0,2.0,2.0,4.0,1.0,2.0,2.0,3.0,2.0,2.0,2.0,4.0,0.0,2.0,0.0,78.7,73.7,73.51,75.0
Italy,ITA,20201103,2.0,2.0,2.0,4.0,1.0,2.0,2.0,3.0,2.0,2.0,2.0,4.0,0.0,2.0,0.0,78.7,73.7,73.51,75.0
Italy,ITA,20201104,2.0,2.0,2.0,4.0,1.0,2.0,2.0,3.0,2.0,2.0,2.0,4.0,0.0,2.0,0.0,78.7,73.7,73.51,75.0
Italy,ITA,20201105,2.0,2.0,2.0,4.0,1.0,2.0,2.0,3.0,2.0,2.0,2.0,4.0,0.0,2.0,0.0,78.7,73.7,73.51,75.0
Italy,ITA,20201106,2.0,3.0,2.0,4.0,1.0,2.0,2.0,3.0,2.0,2.0,2.0,4.0,0.0,2.0,0.0,82.41,75.78,75.89,75.0
Italy,ITA,20201107,2.0,3.0,2.0,4.0,1.0,2.0,2.0,3.0,2.0,2.0,2.0,4.0,0.0,2.0,0.0,82.41,75.78,75.89,75.0
Italy,ITA,20201108,2.0,3.0,2.0,4.0,1.0,2.0,2.0,3.0,2.0,2.0,2.0,4.0,0.0,2.0,0.0,82.41,75.78,75.89,75.0
Italy,ITA,20201109,2.0,3.0,2.0,4.0,1.0,2.0,2.0,3.0,2.0,2.0,2.0,4.0,0.0,2.0,0.0,82.41,75.78,75.89,75.0
Italy,ITA,20201110,2.0,3.0,2.0,4.0,1.0,2.0,2.0,3.0,2.0,2.0,2.0,4.0,0.0,2.0,0.0,82.41,75.78,75.89,75.0
Italy,ITA,20201111,2.0,3.0,2.0,4.0,1.0,2.0,2.0,3.0,2.0,2.0,2.0,4.0,0.0,2.0,0.0,82.41,75.78,75.89,75.0
Italy,ITA,20201112,2.0,3.0,2.0,4.0,1.0,2.0,2.0,3.0,2.0,2.0,2.0,4.0,0.0,2.0,0.0,82.41,75.78,75.89,75.0
Italy,ITA,20201113,2.0,3.0,2.0,4.0,1.0,2.0,2.0,3.0,2.0,2.0,2.0,4.0,0.0,2.0,0.0,82.41,75.78,75.89,75.0
Italy,ITA,20201114,2.0,3.0,2.0,4.0,1.0,2.0,2.0,3.0,2.0,2.0,2.0,4.0,0.0,2.0,0.0,82.41,75.78,75.89,75.0
Italy,ITA,20201115,2.0,3.0,2.0,4.0,1.0,2.0,2.0,3.0,2.0,2.0,2.0,4.0,0.0,2.0,0.0,82.41,75.78,75.89,75.0
Italy,ITA,20201116,2.0,3.0,2.0,4.0,1.0,2.0,2.0,3.0,2.0,2.0,2.0,4.0,0.0,2.0,0.0,82.41,75.78,75.89,75.0
Italy,ITA,20201117,2.0,3.0,2.0,4.0,1.0,2.0,2.0,3.0,2.0,2.0,2.0,4.0,0.0,2.0,0.0,82.41,75.78,75.89,75.0
Italy,ITA,20201118,2.0,3.0,2.0,4.0,1.0,2.0,2.0,3.0,2.0,2.0,2.0,4.0,0.0,2.0,0.0,82.41,75.78,75.89,75.0
Italy,ITA,20201119,2.0,3.0,2.0,4.0,1.0,2.0,2.0,3.0,2.0,2.0,2.0,4.0,0.0,2.0,0.0,82.41,75.78,75.89,75.0
Italy,ITA,20201120,2.0,3.0,2.0,4.0,1.0,2.0,2.0,3.0,2.0,2.0,2.0,4.0,0.0,2.0,0.0,82.41,75.78,75.89,75.0
Italy,ITA,20201121,2.0,3.0,2.0,4.0,1.0,2.0,2.0,3.0,2.0,2.0,2.0,4.0,0.0,2.0,0.0,82.41,75.78,75.89,75.0
Italy,ITA,20201122,2.0,3.0,2.0,4.0,1.0,2.0,2.0,3.0,2.0,2.0,2.0,4.0,0.0,2.0,0.0,82.41,75.78,75.89,75.0
Italy,ITA,20201123,2.0,3.0,2.0,4.0,1.0,2.0,2.0,3.0,2.0,2.0,2.0,4.0,0.0,2.0,0.0,82.41,75.78,75.89,75.0
Italy,ITA,20201124,2.0,3.0,2.0,4.0,1.0,2.0,2.0,3.0,2.0,2.0,2.0,4.0,0.0,2.0,0.0,82.41,75.78,75.89,75.0
Italy,ITA,20201125,2.0,3.0,2.0,4.0,1.0,2.0,2.0,3.0,2.0,2.0,2.0,4.0,0.0,2.0,0.0,82.41,75.78,75.89,75.0
Italy,ITA,20201126,2.0,3.0,2.0,4.0,1.0,2.0,2.0,3.0,2.0,2.0,2.0,4.0,0.0,2.0,0.0,82.41,75.78,75.89,75.0
Italy,ITA,20201127,2.0,3.0,2.0,4.0,1.0,2.0,2.0,3.0,2.0,2.0,2.0,4.0,0.0,2.0,0.0,82.41,75.78,75.89,75.0
Italy,ITA,20201128,2.0,3.0,2.0,4.0,1.0,2.0,2.0,3.0,2.0,2.0,2.0,4.0,0.0,2.0,0.0,82.41,75.78,75.89,75.0
Italy,ITA,20201129,2.0,3.0,2.0,4.0,1.0,2.0,2.0,3.0,2.0,2.0,2.0,4.0,0.0,2.0,0.0,82.41,75.78,75.89,75.0
Italy,ITA,20201130,2.0,3.0,2.0,4.0,1.0,2.0,2.0,3.0,2.0,2.0,2.0,4.0,0.0,2.0,0.0,82.41,75.78,75.89,75.0
Italy,ITA,20201201,2.0,3.0,2.0,4.0,1.0,2.0,2.0,3.0,2.0,2.0,2.0,4.0,0.0,2.0,0.0,82.41,75.78,75.89,75.0
Italy,ITA,20201202,2.0,3.0,2.0,4.0,1.0,2.0,2.0,3.0,2.0,2.0,2.0,4.0,0.0,2.0,0.0,82.41,75.78,75.89,75.0
Italy,ITA,20201203,2.0,3.0,2.0,4.0,1.0,2.0,2.0,3.0,2.0,2.0,2.0,4.0,0.0,2.0,0.0,82.41,75.78,75.89,75.0
Italy,ITA,20201204,2.0,3.0,2.0,4.0,1.0,2.0,2.0,3.0,2.0,2.0,2.0,4.0,0.0,2.0,0.0,80.56,74.74,74.7,75.0
Italy,ITA,20201205,2.0,3.0,2.0,4.0,1.0,2.0,2.0,3.0,2.0,2.0,2.0,4.0,0.0,2.0,0.0,80.56,74.74,74.7,75.0
Italy,ITA,20201206,2.0,3.0,2.0,4.0,1.0,2.0,2.0,3.0,2.0,2.0,2.0,4.0,0.0,2.0,0.0,80.56,74.74,74.7,75.0
Italy,ITA,20201207,2.0,3.0,2.0,4.0,1.0,2.0,2.0,3.0,2.0,2.0,2.0,4.0,0.0,2.0,0.0,80.56,74.74,74.7,75.0
Italy,ITA,20201208,2.0,3.0,2.0,4.0,1.0,2.0,2.0,3.0,2.0,2.0,2.0,4.0,0.0,2.0,0.0,80.56,74.74,74.7,75.0
Italy,ITA,20201209,2.0,3.0,2.0,4.0,1.0,2.0,2.0,3.0,2.0,2.0,2.0,4.0,0.0,2.0,0.0,80.56,74.74,74.7,75.0
Italy,ITA,20201210,2.0,3.0,2.0,4.0,1.0,2.0,2.0,3.0,2.0,2.0,2.0,4.0,0.0,2.0,0.0,80.56,74.74,74.7,75.0
Italy,ITA,20201211,2.0,3.0,2.0,4.0,1.0,2.0,2.0,3.0,2.0,2.0,2.0,4.0,0.0,2.0,0.0,80.56,74.74,74.7,75.0
Italy,ITA,20201212,2.0,3.0,2.0,4.0,1.0,2.0,2.0,3.0,2.0,2.0,2.0,4.0,0.0,2.0,0.0,80.56,74.74,74.7,75.0
Italy,ITA,20201213,2.0,3.0,2.0,4.0,1.0,2.0,2.0,3.0,2.0,2.0,2.0,4.0,0.0,2.0,0.0,80.56,74.74,74.7,75.0
Italy,ITA,20201214,2.0,3.0,2.0,4.0,1.0,2.0,2.0,3.0,2.0,2.0,2.0,4.0,0.0,2.0,0.0,80.56,74.74,74.7,75.0
Italy,ITA,20201215,2.0,3.0,2.0,4.0,1.0,2.0,2.0,3.0,2.0,2.0,2.0,4.0,0.0,2.0,0.0,80.56,74.74,74.7,75.0
Italy,ITA,20201216,2.0,3.0,2.0,4.0,1.0,2.0,2.0,3.0,2.0,2.0,2.0,4.0,0.0,2.0,0.0,80.56,74.74,74.7,75.0
Italy,ITA,20201217,2.0,3.0,2.0,4.0,1.0,2.0,2.0,3.0,2.0,2.0,2.0,4.0,0.0,2.0,0.0,80.56,74.74,74.7,75.0
Italy,ITA,20201218,2.0,3.0,2.0,4.0,1.0,2.0,2.0,3.0,2.0,2.0,2.0,4.0,0.0,2.0,0.0,80.56,74.74,74.7,75.0
Italy,ITA,20201219,2.0,3.0,2.0,4.0,1.0,2.0,2.0,3.0,2.0,2.0,2.0,4.0,0.0,2.0,0.0,80.56,74.74,74.7,75.0
Italy,ITA,20201220,2.0,3.0,2.0,4.0,1.0,2.0,2.0,3.0,2.0,2.0,2.0,4.0,0.0,2.0,0.0,80.56,74.74,74.7,75.0
Italy,ITA,20201221,2.0,3.0,2.0,4.0,1.0,2.0,2.0,3.0,2.0,2.0,2.0,4.0,0.0,2.0,0.0,80.56,74.74,74.7,75.0
Italy,ITA,20201222,2.0,3.0,2.0,4.0,1.0,2.0,2.0,3.0,2.0,2.0,2.0,4.0,0.0,2.0,0.0,80.56,74.74,74.7,75.0
Italy,ITA,20201223,2.0,3.0,2.0,4.0,1.0,2.0,2.0,3.0,2.0,2.0,2.0,4.0,0.0,2.0,0.0,80.56,74.74,74.7,75.0
Italy,ITA,20201224,2.0,3.0,2.0,4.0,1.0,2.0,2.0,3.0,2.0,2.0,2.0,4.0,0.0,2.0,0.0,82.41,75.78,75.89,75.0
Italy,ITA,20201225,2.0,3.0,2.0,4.0,1.0,2.0,2.0,3.0,2.0,2.0,2.0,4.0,0.0,2.0,0.0,82.41,75.78,75.89,75.0
Italy,ITA,20201226,2.0,3.0,2.0,4.0,1.0,2.0,2.0,3.0,2.0,2.0,2.0,4.0,0.0,2.0,0.0,82.41,75.78,75.89,75.0
Italy,ITA,20201227,2.0,3.0,2.0,4.0,1.0,2.0,2.0,3.0,2.0,2.0,2.0,4.0,2.0,2.0,0.0,82.41,78.28,78.75,75.0
Italy,ITA,20201228,2.0,2.0,2.0,4.0,1.0,2.0,2.0,3.0,2.0,2.0,2.0,4.0,2.0,2.0,0.0,78.7,76.2,76.37,75.0
Italy,ITA,20201229,2.0,2.0,2.0,4.0,1.0,2.0,2.0,3.0,2.0,2.0,2.0,4.0,2.0,2.0,0.0,78.7,76.2,76.37,75.0
Italy,ITA,20201230,2.0,2.0,2.0,4.0,1.0,2.0,2.0,3.0,2.0,2.0,2.0,4.0,2.0,2.0,0.0,78.7,76.2,76.37,75.0
Italy,ITA,20201231,2.0,3.0,2.0,4.0,1.0,2.0,2.0,3.0,2.0,2.0,2.0,4.0,2.0,2.0,0.0,82.41,78.28,78.75,75.0
Italy,ITA,20210101,2.0,3.0,2.0,4.0,1.0,2.0,2.0,3.0,2.0,2.0,2.0,4.0,2.0,2.0,0.0,82.41,78.28,78.75,75.0
Italy,ITA,20210102,2.0,3.0,2.0,4.0,1.0,2.0,2.0,3.0,2.0,2.0,2.0,4.0,2.0,2.0,0.0,82.41,78.28,78.75,75.0
Italy,ITA,20210103,2.0,3.0,2.0,4.0,1.0,2.0,2.0,3.0,2.0,2.0,2.0,4.0,2.0,2.0,0.0,82.41,78.28,78.75,75.0
Italy,ITA,20210104,2.0,3.0,2.0,4.0,1.0,2.0,2.0,3.0,2.0,2.0,2.0,4.0,2.0,2.0,0.0,82.41,78.28,78.75,75.0
Italy,ITA,20210105,2.0,3.0,2.0,4.0,1.0,2.0,2.0,3.0,2.0,2.0,2.0,4.0,2.0,2.0,0.0,82.41,78.28,78.75,75.0
Italy,ITA,20210106,2.0,3.0,2.0,4.0,1.0,2.0,2.0,3.0,2.0,2.0,2.0,4.0,2.0,2.0,0.0,82.41,78.28,78.75,75.0
Italy,ITA,20210107,2.0,2.0,2.0,4.0,1.0,2.0,2.0,3.0,2.0,3.0,2.0,4.0,2.0,2.0,0.0,78.7,78.28,78.75,75.0
Italy,ITA,20210108,2.0,2.0,2.0,4.0,1.0,2.0,2.0,3.0,2.0,3.0,2.0,4.0,2.0,2.0,0.0,78.7,78.28,78.75,75.0
Italy,ITA,20210109,2.0,2.0,2.0,4.0,1.0,2.0,2.0,3.0,2.0,3.0,2.0,4.0,2.0,2.0,0.0,78.7,78.28,78.75,75.0
Italy,ITA,20210110,2.0,2.0,2.0,4.0,1.0,2.0,2.0,3.0,2.0,3.0,2.0,4.0,2.0,2.0,0.0,78.7,78.28,78.75,75.0
Italy,ITA,20210111,2.0,2.0,2.0,4.0,1.0,2.0,2.0,3.0,2.0,3.0,2.0,4.0,2.0,2.0,0.0,76.85,77.24,77.56,75.0
Italy,ITA,20210112,2.0,2.0,2.0,4.0,1.0,2.0,2.0,3.0,2.0,3.0,2.0,4.0,2.0,2.0,0.0,76.85,77.24,77.56,75.0
Italy,ITA,20210113,2.0,2.0,2.0,4.0,1.0,2.0,2.0,3.0,2.0,3.0,2.0,4.0,2.0,2.0,0.0,76.85,77.24,77.56,75.0
Italy,ITA,20210114,2.0,2.0,2.0,4.0,1.0,2.0,2.0,3.0,2.0,3.0,2.0,4.0,2.0,2.0,0.0,74.07,75.68,75.77,75.0
Italy,ITA,20210115,2.0,2.0,2.0,4.0,1.0,2.0,2.0,3.0,2.0,3.0,2.0,4.0,2.0,2.0,0.0,74.07,75.68,75.77,75.0
Italy,ITA,20210116,2.0,2.0,2.0,4.0,1.0,2.0,2.0,3.0,2.0,3.0,2.0,4.0,2.0,2.0,0.0,74.07,75.68,75.77,75.0
Italy,ITA,20210117,2.0,2.0,2.0,4.0,1.0,2.0,2.0,3.0,2.0,3.0,2.0,4.0,2.0,2.0,0.01,74.07,75.68,75.77,75.0
Italy,ITA,20210118,2.0,2.0,2.0,4.0,1.0,2.0,2.0,3.0,2.0,3.0,2.0,4.0,2.0,2.0,0.01,74.07,75.68,75.77,75.0
Italy,ITA,20210119,2.0,2.0,2.0,4.0,1.0,2.0,2.0,3.0,2.0,3.0,2.0,4.0,2.0,2.0,0.02,74.07,75.68,75.77,75.0
Italy,ITA,20210120,2.0,2.0,2.0,4.0,1.0,2.0,2.0,3.0,2.0,3.0,2.0,4.0,2.0,2.0,0.02,74.07,75.68,75.77,75.0
Italy,ITA,20210121,2.0,2.0,2.0,4.0,1.0,2.0,2.0,3.0,2.0,3.0,2.0,4.0,2.0,2.0,0.06,74.07,75.68,75.77,75.0
Italy,ITA,20210122,2.0,2.0,2.0,4.0,1.0,2.0,2.0,3.0,2.0,3.0,2.0,4.0,2.0,2.0,0.08,74.07,75.68,75.77,75.0
Italy,ITA,20210123,2.0,2.0,2.0,4.0,1.0,2.0,2.0,3.0,2.0,3.0,2.0,4.0,2.0,2.0,0.14,74.07,75.68,75.77,75.0
Italy,ITA,20210124,2.0,2.0,2.0,4.0,1.0,2.0,2.0,3.0,2.0,3.0,2.0,4.0,2.0,2.0,0.19,74.07,75.68,75.77,75.0
Italy,ITA,20210125,2.0,2.0,2.0,4.0,1.0,2.0,2.0,3.0,2.0,3.0,2.0,4.0,2.0,2.0,0.3,74.07,75.68,75.77,75.0
Italy,ITA,20210126,2.0,2.0,2.0,4.0,1.0,2.0,2.0,3.0,2.0,3.0,2.0,4.0,2.0,2.0,0.43,74.07,75.68,75.77,75.0
Italy,ITA,20210127,2.0,2.0,2.0,4.0,1.0,2.0,2.0,3.0,2.0,3.0,2.0,4.0,2.0,2.0,0.54,74.07,75.68,75.77,75.0
Italy,ITA,20210128,2.0,2.0,2.0,4.0,1.0,2.0,2.0,3.0,2.0,3.0,2.0,4.0,2.0,2.0,0.69,74.07,75.68,75.77,75.0
Italy,ITA,20210129,2.0,2.0,2.0,4.0,1.0,2.0,2.0,3.0,2.0,3.0,2.0,4.0,2.0,2.0,0.85,74.07,75.68,75.77,75.0
Italy,ITA,20210130,2.0,2.0,2.0,4.0,1.0,2.0,2.0,3.0,2.0,3.0,2.0,4.0,2.0,2.0,1.0,74.07,75.68,75.77,75.0
Italy,ITA,20210131,2.0,2.0,2.0,4.0,1.0,2.0,2.0,3.0,2.0,3.0,2.0,4.0,2.0,2.0,1.09,74.07,75.68,75.77,75.0
Italy,ITA,20210201,2.0,2.0,2.0,4.0,1.0,2.0,2.0,3.0,2.0,3.0,2.0,4.0,2.0,2.0,1.23,74.07,75.68,75.77,75.0
Italy,ITA,20210202,2.0,2.0,2.0,4.0,1.0,2.0,2.0,3.0,2.0,3.0,2.0,4.0,2.0,2.0,1.37,74.07,75.68,75.77,75.0
Italy,ITA,20210203,2.0,2.0,2.0,4.0,1.0,2.0,2.0,3.0,2.0,3.0,2.0,4.0,2.0,2.0,1.52,74.07,75.68,75.77,75.0
Italy,ITA,20210204,2.0,2.0,2.0,4.0,1.0,2.0,2.0,3.0,2.0,3.0,2.0,4.0,2.0,2.0,1.69,74.07,75.68,75.77,75.0
Italy,ITA,20210205,2.0,2.0,2.0,4.0,1.0,2.0,2.0,3.0,2.0,3.0,2.0,4.0,2.0,2.0,1.84,74.07,75.68,75.77,75.0
Italy,ITA,20210206,2.0,2.0,2.0,4.0,1.0,2.0,2.0,3.0,2.0,3.0,2.0,4.0,2.0,2.0,1.95,74.07,75.68,75.77,75.0
Italy,ITA,20210207,2.0,2.0,2.0,4.0,1.0,2.0,2.0,3.0,2.0,3.0,2.0,4.0,2.0,2.0,2.0,74.07,75.68,75.77,75.0
Italy,ITA,20210208,2.0,2.0,2.0,4.0,1.0,2.0,2.0,3.0,2.0,3.0,2.0,4.0,2.0,3.0,2.07,74.07,77.76,78.15,75.0
Italy,ITA,20210209,2.0,2.0,2.0,4.0,1.0,2.0,2.0,3.0,2.0,3.0,2.0,4.0,2.0,3.0,2.12,74.07,77.76,78.15,75.0
Italy,ITA,20210210,2.0,2.0,2.0,4.0,1.0,2.0,2.0,3.0,2.0,3.0,2.0,4.0,2.0,3.0,2.17,74.07,77.76,78.15,75.0
Italy,ITA,20210211,2.0,2.0,2.0,4.0,1.0,2.0,2.0,3.0,2.0,3.0,2.0,4.0,2.0,3.0,2.21,74.07,77.76,78.15,75.0
Italy,ITA,20210212,2.0,2.0,2.0,4.0,1.0,2.0,2.0,3.0,2.0,3.0,2.0,4.0,2.0,3.0,2.23,74.07,77.76,78.15,75.0
Italy,ITA,20210213,2.0,2.0,2.0,4.0,1.0,2.0,2.0,3.0,2.0,3.0,2.0,4.0,2.0,3.0,2.24,74.07,77.76,78.15,75.0
Italy,ITA,20210214,2.0,2.0,2.0,4.0,1.0,2.0,2.0,3.0,2.0,3.0,2.0,4.0,2.0,3.0,2.25,74.07,77.76,78.15,75.0
Italy,ITA,20210215,3.0,2.0,2.0,4.0,1.0,2.0,2.0,3.0,2.0,3.0,2.0,4.0,2.0,3.0,2.26,77.78,79.84,80.54,75.0
Italy,ITA,20210216,3.0,2.0,2.0,4.0,1.0,2.0,2.0,3.0,2.0,3.0,2.0,4.0,2.0,3.0,2.27,77.78,79.84,80.54,75.0
Italy,ITA,20210217,3.0,2.0,2.0,4.0,1.0,2.0,2.0,3.0,2.0,3.0,2.0,4.0,2.0,3.0,2.28,77.78,79.84,80.54,75.0
Italy,ITA,20210218,3.0,2.0,2.0,4.0,1.0,2.0,2.0,3.0,2.0,3.0,2.0,4.0,2.0,3.0,2.3,77.78,79.84,80.54,75.0
Italy,ITA,20210219,3.0,2.0,2.0,4.0,1.0,2.0,2.0,3.0,2.0,3.0,2.0,4.0,2.0,3.0,2.31,77.78,79.84,80.54,75.0
Italy,ITA,20210220,3.0,2.0,2.0,4.0,1.0,2.0,2.0,3.0,2.0,3.0,2.0,4.0,2.0,3.0,2.32,77.78,79.84,80.54,75.0
Italy,ITA,20210221,3.0,2.0,2.0,4.0,1.0,2.0,2.0,3.0,2.0,3.0,2.0,4.0,2.0,3.0,2.32,77.78,79.84,80.54,75.0
Italy,ITA,20210222,3.0,2.0,2.0,4.0,1.0,2.0,2.0,3.0,2.0,3.0,2.0,4.0,2.0,3.0,2.33,77.78,79.84,80.54,75.0
Italy,ITA,20210223,3.0,2.0,2.0,4.0,1.0,2.0,2.0,3.0,2.0,3.0,2.0,4.0,2.0,3.0,2.34,77.78,79.84,80.54,75.0
Italy,ITA,20210224,3.0,2.0,2.0,4.0,1.0,2.0,2.0,3.0,2.0,3.0,2.0,4.0,2.0,3.0,2.35,77.78,79.84,80.54,75.0
Italy,ITA,20210225,3.0,2.0,2.0,4.0,1.0,2.0,2.0,3.0,2.0,3.0,2.0,4.0,2.0,3.0,2.37,77.78,79.84,80.54,75.0
Italy,ITA,20210226,3.0,2.0,2.0,4.0,1.0,2.0,2.0,3.0,2.0,3.0,2.0,4.0,2.0,3.0,2.4,77.78,79.84,80.54,75.0
Italy,ITA,20210227,3.0,2.0,2.0,4.0,1.0,2.0,2.0,3.0,2.0,3.0,2.0,4.0,2.0,3.0,2.42,77.78,79.84,80.54,75.0
Italy,ITA,20210228,3.0,2.0,2.0,4.0,1.0,2.0,2.0,3.0,2.0,3.0,2.0,4.0,2.0,3.0,2.44,77.78,79.84,80.54,75.0
Italy,ITA,20210301,3.0,2.0,2.0,4.0,1.0,2.0,2.0,3.0,2.0,3.0,2.0,4.0,2.0,3.0,2.48,77.78,79.84,80.54,75.0
Italy,ITA,20210302,3.0,2.0,2.0,4.0,1.0,2.0,2.0,3.0,2.0,3.0,2.0,4.0,2.0,3.0,2.53,77.78,79.84,80.54,75.0
Italy,ITA,20210303,3.0,2.0,2.0,4.0,1.0,2.0,2.0,3.0,2.0,3.0,2.0,4.0,2.0,3.0,2.6,77.78,79.84,80.54,75.0
Italy,ITA,20210304,3.0,2.0,2.0,4.0,1.0,2.0,2.0,3.0,2.0,3.0,2.0,4.0,2.0,3.0,2.68,77.78,79.84,80.54,75.0
Italy,ITA,20210305,3.0,2.0,2.0,4.0,1.0,2.0,2.0,3.0,2.0,3.0,2.0,4.0,2.0,3.0,2.77,77.78,79.84,80.54,75.0
Italy,ITA,20210306,3.0,3.0,2.0,4.0,1.0,2.0,2.0,3.0,2.0,3.0,2.0,4.0,2.0,3.0,2.84,79.63,80.89,81.73,75.0
Italy,ITA,20210307,3.0,3.0,2.0,4.0,1.0,2.0,2.0,3.0,2.0,3.0,2.0,4.0,2.0,3.0,2.87,79.63,80.89,81.73,75.0
Italy,ITA,20210308,3.0,3.0,2.0,4.0,1.0,2.0,2.0,3.0,2.0,3.0,2.0,4.0,2.0,3.0,2.95,79.63,80.89,81.73,75.0
Italy,ITA,20210309,3.0,3.0,2.0,4.0,1.0,2.0,2.0,3.0,2.0,3.0,2.0,4.0,2.0,3.0,3.03,79.63,80.89,81.73,75.0
Italy,ITA,20210310,3.0,3.0,2.0,4.0,1.0,2.0,2.0,3.0,2.0,3.0,2.0,4.0,2.0,3.0,3.13,79.63,80.89,81.73,75.0
Italy,ITA,20210311,3.0,3.0,2.0,4.0,1.0,2.0,2.0,3.0,2.0,3.0,2.0,4.0,2.0,3.0,3.23,79.63,80.89,81.73,75.0
Italy,ITA,20210312,3.0,3.0,2.0,4.0,1.0,2.0,2.0,3.0,2.0,3.0,2.0,4.0,2.0,3.0,3.33,79.63,80.89,81.73,75.0
Italy,ITA,20210313,3.0,3.0,2.0,4.0,1.0,2.0,2.0,3.0,2.0,3.0,2.0,4.0,2.0,3.0,3.41,79.63,80.89,81.73,75.0
Italy,ITA,20210314,3.0,3.0,2.0,4.0,1.0,2.0,2.0,3.0,2.0,3.0,2.0,4.0,2.0,3.0,3.47,79.63,80.89,81.73,75.0
Italy,ITA,20210315,3.0,3.0,2.0,4.0,1.0,2.0,2.0,3.0,2.0,3.0,2.0,4.0,2.0,3.0,3.59,79.63,80.89,81.73,75.0
Italy,ITA,20210316,3.0,3.0,2.0,4.0,1.0,2.0,2.0,3.0,2.0,3.0,2.0,4.0,2.0,3.0,3.71,79.63,80.89,81.73,75.0
Italy,ITA,20210317,3.0,3.0,2.0,4.0,1.0,2.0,2.0,3.0,2.0,3.0,2.0,4.0,2.0,3.0,3.85,79.63,80.89,81.73,75.0
Italy,ITA,20210318,3.0,3.0,2.0,4.0,1.0,2.0,2.0,3.0,2.0,3.0,2.0,4.0,2.0,3.0,3.99,79.63,80.89,81.73,75.0
Italy,ITA,20210319,3.0,3.0,2.0,4.0,1.0,2.0,2.0,3.0,2.0,3.0,2.0,4.0,2.0,3.0,4.12,79.63,80.89,81.73,75.0
Italy,ITA,20210320,3.0,3.0,2.0,4.0,1.0,2.0,2.0,3.0,2.0,3.0,2.0,4.0,2.0,3.0,4.23,79.63,80.89,81.73,75.0
Italy,ITA,20210321,3.0,3.0,2.0,4.0,1.0,2.0,2.0,3.0,2.0,3.0,2.0,4.0,2.0,3.0,4.3,79.63,80.89,81.73,75.0
Italy,ITA,20210322,3.0,3.0,2.0,4.0,1.0,2.0,2.0,3.0,2.0,3.0,2.0,4.0,2.0,3.0,4.41,79.63,80.89,81.73,75.0
Italy,ITA,20210323,3.0,3.0,2.0,4.0,1.0,2.0,2.0,3.0,2.0,3.0,2.0,4.0,2.0,3.0,4.54,79.63,80.89,81.73,75.0
Italy,ITA,20210324,3.0,3.0,2.0,4.0,1.0,2.0,2.0,3.0,2.0,3.0,2.0,4.0,2.0,3.0,4.68,79.63,80.89,81.73,75.0
Italy,ITA,20210325,3.0,3.0,2.0,4.0,1.0,2.0,2.0,3.0,2.0,3.0,2.0,4.0,2.0,3.0,4.83,79.63,80.89,81.73,75.0
Italy,ITA,20210326,3.0,3.0,2.0,4.0,1.0,2.0,2.0,3.0,2.0,3.0,2.0,4.0,2.0,3.0,4.96,79.63,80.89,81.73,75.0
Italy,ITA,20210327,3.0,3.0,2.0,4.0,1.0,2.0,2.0,3.0,2.0,3.0,2.0,4.0,2.0,3.0,5.07,79.63,80.89,81.73,75.0
Italy,ITA,20210328,3.0,3.0,2.0,4.0,1.0,2.0,2.0,3.0,2.0,3.0,2.0,4.0,2.0,3.0,5.14,79.63,80.89,81.73,75.0
Italy,ITA,20210329,3.0,3.0,2.0,4.0,1.0,2.0,2.0,3.0,2.0,3.0,2.0,4.0,2.0,3.0,5.25,79.63,80.89,81.73,75.0
Italy,ITA,20210330,3.0,3.0,2.0,4.0,1.0,2.0,2.0,3.0,2.0,3.0,2.0,4.0,2.0,3.0,5.38,79.63,80.89,81.73,75.0
Italy,ITA,20210331,3.0,3.0,2.0,4.0,1.0,2.0,2.0,3.0,2.0,3.0,2.0,4.0,2.0,3.0,5.54,79.63,80.89,81.73,75.0
Italy,ITA,20210401,3.0,3.0,2.0,4.0,1.0,2.0,2.0,3.0,2.0,3.0,2.0,4.0,2.0,3.0,5.69,79.63,80.89,81.73,75.0
Italy,ITA,20210402,3.0,3.0,2.0,4.0,1.0,2.0,2.0,3.0,2.0,3.0,2.0,4.0,2.0,3.0,5.83,79.63,80.89,81.73,75.0
Italy,ITA,20210403,3.0,3.0,2.0,4.0,1.0,2.0,2.0,3.0,2.0,3.0,2.0,4.0,2.0,3.0,5.93,83.33,82.97,84.11,75.0
Italy,ITA,20210404,3.0,3.0,2.0,4.0,1.0,2.0,2.0,3.0,2.0,3.0,2.0,4.0,2.0,3.0,5.96,83.33,82.97,84.11,75.0
Italy,ITA,20210405,3.0,3.0,2.0,4.0,1.0,2.0,2.0,3.0,2.0,3.0,2.0,4.0,2.0,3.0,6.03,83.33,82.97,84.11,75.0
Italy,ITA,20210406,2.0,3.0,2.0,4.0,1.0,2.0,2.0,3.0,2.0,3.0,2.0,4.0,2.0,3.0,6.16,75.93,78.8,79.35,75.0
Italy,ITA,20210407,2.0,3.0,2.0,4.0,1.0,2.0,2.0,3.0,2.0,3.0,2.0,4.0,2.0,3.0,6.31,78.7,80.36,81.13,75.0
Italy,ITA,20210408,2.0,3.0,2.0,4.0,1.0,2.0,2.0,3.0,2.0,3.0,2.0,4.0,2.0,3.0,6.46,78.7,80.36,81.13,75.0
Italy,ITA,20210409,2.0,3.0,2.0,4.0,1.0,2.0,2.0,3.0,2.0,3.0,2.0,4.0,2.0,3.0,6.6,78.7,80.36,81.13,75.0
Italy,ITA,20210410,2.0,3.0,2.0,4.0,1.0,2.0,2.0,3.0,2.0,3.0,2.0,4.0,2.0,3.0,6.72,78.7,80.36,81.13,75.0
Italy,ITA,20210411,2.0,3.0,2.0,4.0,1.0,2.0,2.0,3.0,2.0,3.0,2.0,4.0,2.0,3.0,6.79,78.7,80.36,81.13,75.0
Italy,ITA,20210412,2.0,3.0,2.0,4.0,1.0,2.0,2.0,3.0,2.0,3.0,2.0,4.0,2.0,3.0,6.89,78.7,80.36,81.13,75.0
Italy,ITA,20210413,2.0,3.0,2.0,4.0,1.0,2.0,2.0,3.0,2.0,3.0,2.0,4.0,2.0,3.0,7.01,78.7,80.36,81.13,75.0
Italy,ITA,20210414,2.0,3.0,2.0,4.0,1.0,2.0,2.0,3.0,2.0,3.0,2.0,4.0,2.0,3.0,7.14,78.7,80.36,81.13,75.0
Italy,ITA,20210415,2.0,3.0,2.0,4.0,1.0,2.0,2.0,3.0,2.0,3.0,2.0,4.0,2.0,3.0,7.31,78.7,80.36,81.13,75.0
Italy,ITA,20210416,2.0,3.0,2.0,4.0,1.0,2.0,2.0,3.0,2.0,3.0,2.0,4.0,3.0,3.0,7.48,78.7,81.61,82.56,75.0
Italy,ITA,20210417,2.0,3.0,2.0,4.0,1.0,2.0,2.0,3.0,2.0,3.0,2.0,4.0,3.0,3.0,7.62,78.7,81.61,82.56,75.0
Italy,ITA,20210418,2.0,3.0,2.0,4.0,1.0,2.0,2.0,3.0,2.0,3.0,2.0,4.0,3.0,3.0,7.71,78.7,81.61,82.56,75.0
Italy,ITA,20210419,2.0,3.0,2.0,4.0,1.0,2.0,2.0,3.0,2.0,3.0,2.0,4.0,3.0,3.0,7.86,78.7,81.61,82.56,75.0
Italy,ITA,20210420,2.0,3.0,2.0,4.0,1.0,2.0,2.0,3.0,2.0,3.0,2.0,4.0,3.0,3.0,8.03,78.7,81.61,82.56,75.0
Italy,ITA,20210421,2.0,3.0,2.0,4.0,1.0,2.0,2.0,3.0,2.0,3.0,2.0,4.0,3.0,3.0,8.23,78.7,81.61,82.56,75.0
Italy,ITA,20210422,2.0,3.0,2.0,4.0,1.0,2.0,2.0,3.0,2.0,3.0,2.0,4.0,3.0,3.0,8.46,78.7,81.61,82.56,75.0
Italy,ITA,20210423,2.0,3.0,2.0,4.0,1.0,2.0,2.0,3.0,2.0,3.0,2.0,4.0,3.0,3.0,8.68,78.7,81.61,82.56,75.0
Italy,ITA,20210424,2.0,3.0,2.0,4.0,1.0,2.0,2.0,3.0,2.0,3.0,2.0,4.0,3.0,3.0,8.88,78.7,81.61,82.56,75.0
Italy,ITA,20210425,2.0,3.0,2.0,4.0,1.0,2.0,2.0,3.0,2.0,3.0,2.0,4.0,3.0,3.0,8.98,78.7,81.61,82.56,75.0
Italy,ITA,20210426,2.0,3.0,2.0,4.0,1.0,2.0,2.0,3.0,2.0,3.0,2.0,4.0,3.0,3.0,9.13,75.93,80.05,80.77,75.0
Italy,ITA,20210427,2.0,3.0,2.0,4.0,1.0,2.0,2.0,3.0,2.0,3.0,2.0,4.0,3.0,3.0,9.34,75.93,80.05,80.77,75.0
Italy,ITA,20210428,2.0,3.0,2.0,4.0,1.0,2.0,2.0,3.0,2.0,3.0,2.0,4.0,3.0,3.0,9.59,75.93,80.05,80.77,75.0
Italy,ITA,20210429,2.0,3.0,2.0,4.0,1.0,2.0,2.0,3.0,2.0,3.0,2.0,4.0,3.0,3.0,9.9,75.93,80.05,80.77,75.0
Italy,ITA,20210430,2.0,3.0,2.0,4.0,1.0,2.0,2.0,3.0,2.0,3.0,2.0,4.0,3.0,3.0,10.25,75.93,80.05,80.77,75.0
Italy,ITA,20210501,2.0,3.0,2.0,4.0,1.0,2.0,2.0,3.0,2.0,3.0,2.0,4.0,3.0,3.0,10.53,73.15,78.49,78.99,75.0
Italy,ITA,20210502,2.0,3.0,2.0,4.0,1.0,2.0,2.0,3.0,2.0,3.0,2.0,4.0,3.0,3.0,10.75,73.15,78.49,78.99,75.0
Italy,ITA,20210503,2.0,3.0,2.0,4.0,1.0,2.0,2.0,3.0,2.0,3.0,2.0,4.0,3.0,3.0,10.98,73.15,78.49,78.99,75.0
Italy,ITA,20210504,2.0,3.0,2.0,4.0,1.0,2.0,2.0,3.0,2.0,3.0,2.0,4.0,3.0,3.0,11.23,73.15,78.49,78.99,75.0
Italy,ITA,20210505,2.0,3.0,2.0,4.0,1.0,2.0,2.0,3.0,2.0,3.0,2.0,4.0,3.0,3.0,11.51,73.15,78.49,78.99,75.0
Italy,ITA,20210506,2.0,3.0,2.0,4.0,1.0,2.0,2.0,3.0,2.0,3.0,2.0,4.0,3.0,3.0,11.82,73.15,78.49,78.99,75.0
Italy,ITA,20210507,2.0,3.0,2.0,4.0,1.0,2.0,2.0,3.0,2.0,3.0,2.0,4.0,3.0,3.0,12.17,73.15,78.49,78.99,75.0
Italy,ITA,20210508,2.0,3.0,2.0,4.0,1.0,2.0,2.0,3.0,2.0,3.0,2.0,4.0,3.0,3.0,12.51,73.15,78.49,78.99,75.0
Italy,ITA,20210509,2.0,3.0,2.0,4.0,1.0,2.0,2.0,3.0,2.0,3.0,2.0,4.0,3.0,3.0,12.74,73.15,78.49,78.99,75.0
Italy,ITA,20210510,1.0,2.0,2.0,4.0,1.0,2.0,2.0,3.0,2.0,3.0,2.0,4.0,3.0,3.0,13.01,69.44,76.41,76.61,75.0
Italy,ITA,20210511,1.0,2.0,2.0,4.0,1.0,2.0,2.0,3.0,2.0,3.0,2.0,4.0,3.0,3.0,13.29,69.44,76.41,76.61,75.0
Italy,ITA,20210512,1.0,2.0,2.0,4.0,1.0,2.0,2.0,3.0,2.0,3.0,2.0,4.0,3.0,3.0,13.58,69.44,76.41,76.61,75.0
Italy,ITA,20210513,1.0,2.0,2.0,4.0,1.0,2.0,2.0,3.0,2.0,3.0,2.0,4.0,3.0,3.0,13.9,69.44,76.41,76.61,75.0
Italy,ITA,20210514,1.0,2.0,2.0,4.0,1.0,2.0,2.0,3.0,2.0,3.0,2.0,4.0,3.0,3.0,14.26,69.44,76.41,76.61,75.0
Italy,ITA,20210515,1.0,2.0,2.0,4.0,1.0,2.0,2.0,3.0,2.0,3.0,2.0,4.0,3.0,3.0,14.6,69.44,76.41,76.61,75.0
Italy,ITA,20210516,1.0,2.0,2.0,4.0,1.0,2.0,2.0,3.0,2.0,3.0,2.0,4.0,3.0,3.0,14.86,69.44,76.41,76.61,75.0
Italy,ITA,20210517,1.0,2.0,2.0,4.0,1.0,2.0,2.0,3.0,2.0,3.0,2.0,4.0,4.0,3.0,15.22,69.44,77.66,78.04,75.0
Italy,ITA,20210518,1.0,2.0,2.0,4.0,1.0,2.0,2.0,3.0,2.0,3.0,2.0,4.0,4.0,3.0,15.57,69.44,77.66,78.04,75.0
Italy,ITA,20210519,1.0,2.0,2.0,4.0,1.0,2.0,2.0,3.0,2.0,3.0,2.0,4.0,4.0,3.0,15.91,69.44,77.66,78.04,75.0
Italy,ITA,20210520,1.0,2.0,2.0,4.0,1.0,2.0,2.0,3.0,2.0,3.0,2.0,4.0,4.0,3.0,16.35,69.44,77.66,78.04,75.0
Italy,ITA,20210521,1.0,2.0,2.0,4.0,1.0,2.0,2.0,3.0,2.0,3.0,2.0,4.0,4.0,3.0,16.8,69.44,77.66,78.04,75.0
Italy,ITA,20210522,1.0,2.0,2.0,4.0,1.0,2.0,2.0,3.0,2.0,3.0,2.0,4.0,4.0,3.0,17.2,69.44,77.66,78.04,75.0
Italy,ITA,20210523,1.0,2.0,2.0,4.0,1.0,2.0,2.0,3.0,2.0,3.0,2.0,4.0,4.0,3.0,17.53,69.44,77.66,78.04,75.0
Italy,ITA,20210524,1.0,2.0,1.0,4.0,1.0,2.0,2.0,3.0,2.0,3.0,2.0,4.0,4.0,3.0,17.91,66.67,76.09,76.25,75.0
Italy,ITA,20210525,1.0,2.0,1.0,4.0,1.0,2.0,2.0,3.0,2.0,3.0,2.0,4.0,4.0,3.0,18.31,66.67,76.09,76.25,75.0
Italy,ITA,20210526,1.0,2.0,1.0,4.0,1.0,2.0,2.0,3.0,2.0,3.0,2.0,4.0,4.0,3.0,18.77,66.67,76.09,76.25,75.0
Italy,ITA,20210527,1.0,3.0,2.0,4.0,1.0,2.0,2.0,3.0,2.0,3.0,2.0,4.0,4.0,3.0,19.28,71.3,78.7,79.23,75.0
Italy,ITA,20210528,1.0,3.0,2.0,4.0,1.0,2.0,2.0,3.0,2.0,3.0,2.0,4.0,4.0,3.0,19.78,71.3,78.7,79.23,75.0
Italy,ITA,20210529,1.0,3.0,2.0,4.0,1.0,2.0,2.0,3.0,2.0,3.0,2.0,4.0,4.0,3.0,20.16,71.3,78.7,79.23,75.0
Italy,ITA,20210530,1.0,3.0,2.0,4.0,1.0,2.0,2.0,3.0,2.0,3.0,2.0,4.0,4.0,3.0,20.44,71.3,78.7,79.23,75.0
Italy,ITA,20210531,1.0,3.0,2.0,4.0,1.0,2.0,2.0,3.0,2.0,3.0,2.0,4.0,4.0,3.0,20.79,71.3,78.7,79.23,75.0
Italy,ITA,20210601,1.0,3.0,2.0,4.0,1.0,2.0,2.0,3.0,2.0,3.0,2.0,4.0,4.0,3.0,21.13,71.3,78.7,79.23,75.0
Italy,ITA,20210602,1.0,3.0,2.0,4.0,1.0,2.0,2.0,3.0,2.0,3.0,2.0,4.0,4.0,3.0,21.32,71.3,78.7,79.23,75.0
Italy,ITA,20210603,1.0,3.0,2.0,4.0,1.0,2.0,2.0,3.0,2.0,3.0,2.0,4.0,5.0,3.0,21.6,71.3,79.95,80.65,75.0
Italy,ITA,20210604,1.0,3.0,2.0,4.0,1.0,2.0,2.0,3.0,2.0,3.0,2.0,4.0,5.0,3.0,21.9,71.3,79.95,80.65,75.0
Italy,ITA,20210605,1.0,3.0,2.0,4.0,1.0,2.0,2.0,3.0,2.0,3.0,2.0,4.0,5.0,3.0,22.2,71.3,79.95,80.65,75.0
Italy,ITA,20210606,1.0,3.0,2.0,4.0,1.0,2.0,2.0,3.0,2.0,3.0,2.0,4.0,5.0,3.0,22.42,71.3,79.95,80.65,75.0
Italy,ITA,20210607,1.0,3.0,2.0,4.0,1.0,2.0,2.0,3.0,2.0,3.0,2.0,4.0,5.0,3.0,22.67,71.3,79.95,80.65,75.0
Italy,ITA,20210608,1.0,3.0,2.0,4.0,1.0,2.0,2.0,3.0,2.0,3.0,2.0,4.0,5.0,3.0,22.95,71.3,79.95,80.65,75.0
Italy,ITA,20210609,1.0,3.0,2.0,4.0,1.0,2.0,2.0,3.0,2.0,3.0,2.0,4.0,5.0,3.0,23.22,71.3,79.95,80.65,75.0
Italy,ITA,20210610,1.0,3.0,2.0,4.0,1.0,2.0,2.0,3.0,2.0,3.0,2.0,4.0,5.0,3.0,23.49,71.3,79.95,80.65,75.0
Italy,ITA,20210611,1.0,3.0,2.0,4.0,1.0,2.0,2.0,3.0,2.0,3.0,2.0,4.0,5.0,3.0,23.76,71.3,79.95,80.65,75.0
Italy,ITA,20210612,1.0,3.0,2.0,4.0,1.0,2.0,2.0,3.0,2.0,3.0,2.0,4.0,5.0,3.0,23.96,71.3,79.95,80.65,75.0
Italy,ITA,20210613,1.0,3.0,2.0,4.0,1.0,2.0,2.0,3.0,2.0,3.0,2.0,4.0,5.0,3.0,24.1,71.3,79.95,80.65,75.0
Italy,ITA,20210614,1.0,3.0,2.0,4.0,1.0,2.0,2.0,3.0,2.0,3.0,2.0,4.0,5.0,3.0,24.45,71.3,79.95,80.65,75.0
Italy,ITA,20210615,1.0,3.0,2.0,4.0,1.0,2.0,2.0,3.0,2.0,3.0,2.0,4.0,5.0,3.0,24.82,71.3,79.95,80.65,75.0
Italy,ITA,20210616,1.0,3.0,2.0,4.0,1.0,2.0,2.0,3.0,2.0,3.0,2.0,4.0,5.0,3.0,25.24,71.3,79.95,80.65,75.0
Italy,ITA,20210617,1.0,3.0,2.0,4.0,1.0,2.0,2.0,3.0,2.0,3.0,2.0,4.0,5.0,3.0,25.73,71.3,79.95,80.65,75.0
Italy,ITA,20210618,1.0,3.0,2.0,4.0,1.0,2.0,2.0,3.0,2.0,3.0,2.0,4.0,5.0,3.0,26.23,71.3,79.95,80.65,75.0
Italy,ITA,20210619,1.0,3.0,2.0,4.0,1.0,2.0,2.0,3.0,2.0,3.0,2.0,4.0,5.0,3.0,26.69,71.3,79.95,80.65,75.0
Italy,ITA,20210620,1.0,3.0,2.0,4.0,1.0,2.0,2.0,3.0,2.0,3.0,2.0,4.0,5.0,3.0,27.05,71.3,79.95,80.65,75.0
Italy,ITA,20210621,1.0,3.0,2.0,4.0,1.0,2.0,2.0,3.0,2.0,3.0,2.0,4.0,5.0,3.0,27.52,69.91,79.17,79.76,75.0
Italy,ITA,20210622,1.0,3.0,2.0,4.0,1.0,2.0,2.0,3.0,2.0,3.0,2.0,4.0,5.0,3.0,28.01,69.91,79.17,79.76,75.0
Italy,ITA,20210623,1.0,3.0,2.0,4.0,1.0,2.0,2.0,3.0,2.0,3.0,2.0,4.0,5.0,3.0,28.51,69.91,79.17,79.76,75.0
Italy,ITA,20210624,1.0,3.0,2.0,4.0,1.0,2.0,2.0,3.0,2.0,3.0,2.0,4.0,5.0,3.0,29.05,69.91,79.17,79.76,75.0
Italy,ITA,20210625,1.0,3.0,2.0,4.0,1.0,2.0,2.0,3.0,2.0,3.0,2.0,4.0,5.0,3.0,29.63,69.91,79.17,79.76,75.0
Italy,ITA,20210626,1.0,3.0,2.0,4.0,1.0,2.0,2.0,3.0,2.0,3.0,2.0,4.0,5.0,3.0,30.12,69.91,79.17,79.76,75.0
Italy,ITA,20210627,1.0,3.0,2.0,4.0,1.0,2.0,2.0,3.0,2.0,3.0,2.0,4.0,5.0,3.0,30.5,69.91,79.17,79.76,75.0
Italy,ITA,20210628,1.0,3.0,2.0,4.0,1.0,2.0,2.0,3.0,2.0,3.0,2.0,2.0,5.0,3.0,31.0,69.91,76.82,77.08,75.0
Italy,ITA,20210629,1.0,3.0,2.0,4.0,1.0,2.0,2.0,3.0,2.0,3.0,2.0,2.0,5.0,3.0,31.54,69.91,76.82,77.08,75.0
Italy,ITA,20210630,1.0,3.0,2.0,4.0,1.0,2.0,2.0,3.0,2.0,3.0,2.0,2.0,5.0,3.0,32.1,69.91,76.82,77.08,75.0
Italy,ITA,20210701,1.0,2.0,1.0,2.0,1.0,0.0,0.0,2.0,2.0,3.0,2.0,2.0,5.0,3.0,32.7,46.31,63.55,61.91,75.0
Italy,ITA,20210702,1.0,2.0,1.0,2.0,1.0,0.0,0.0,2.0,2.0,3.0,2.0,2.0,5.0,3.0,33.31,46.29,63.54,61.9,75.0
Italy,ITA,20210703,1.0,2.0,1.0,2.0,1.0,0.0,0.0,2.0,2.0,3.0,2.0,2.0,5.0,3.0,33.93,46.28,63.53,61.89,75.0
Italy,ITA,20210704,1.0,2.0,1.0,2.0,1.0,0.0,0.0,2.0,2.0,3.0,2.0,2.0,5.0,3.0,34.39,46.26,63.52,61.88,75.0
Italy,ITA,20210705,1.0,2.0,1.0,2.0,1.0,0.0,0.0,2.0,2.0,3.0,2.0,2.0,5.0,3.0,35.03,46.25,63.51,61.87,75.0
Italy,ITA,20210706,1.0,2.0,1.0,2.0,1.0,0.0,0.0,2.0,2.0,3.0,2.0,2.0,5.0,3.0,35.67,46.23,63.5,61.86,75.0
Italy,ITA,20210707,1.0,2.0,1.0,2.0,1.0,0.0,0.0,2.0,2.0,3.0,2.0,2.0,5.0,3.0,36.36,46.21,63.49,61.85,75.0
Italy,ITA,20210708,1.0,2.0,1.0,2.0,1.0,0.0,0.0,2.0,2.0,3.0,2.0,2.0,5.0,3.0,37.16,46.19,63.48,61.83,75.0
Italy,ITA,20210709,1.0,2.0,1.0,2.0,1.0,0.0,0.0,2.0,2.0,3.0,2.0,2.0,5.0,3.0,37.99,46.16,63.47,61.82,75.0
Italy,ITA,20210710,1.0,2.0,1.0,2.0,1.0,0.0,0.0,2.0,2.0,3.0,2.0,2.0,5.0,3.0,38.79,46.14,63.45,61.81,75.0
Italy,ITA,20210711,1.0,2.0,1.0,2.0,1.0,0.0,0.0,2.0,2.0,3.0,2.0,2.0,5.0,3.0,39.39,46.12,63.45,61.79,75.0
Italy,ITA,20210712,1.0,2.0,1.0,2.0,1.0,0.0,0.0,2.0,2.0,3.0,2.0,2.0,5.0,3.0,40.2,46.1,63.43,61.78,75.0
Italy,ITA,20210713,1.0,2.0,1.0,2.0,1.0,0.0,0.0,2.0,2.0,3.0,2.0,2.0,5.0,3.0,41.02,46.08,63.42,61.77,75.0
Italy,ITA,20210714,3.0,3.0,2.0,4.0,1.0,2.0,2.0,2.0,2.0,3.0,2.0,2.0,5.0,3.0,41.82,74.3,79.3,79.91,75.0
Italy,ITA,20210715,3.0,3.0,2.0,4.0,1.0,2.0,2.0,2.0,2.0,3.0,2.0,2.0,5.0,3.0,42.7,74.28,79.28,79.89,75.0
Italy,ITA,20210716,3.0,3.0,2.0,4.0,1.0,2.0,2.0,2.0,2.0,3.0,2.0,2.0,5.0,3.0,43.55,74.25,79.27,79.87,75.0
Italy,ITA,20210717,3.0,3.0,2.0,4.0,1.0,2.0,2.0,2.0,2.0,3.0,2.0,2.0,5.0,3.0,44.33,74.23,79.26,79.86,75.0
Italy,ITA,20210718,3.0,3.0,2.0,4.0,1.0,2.0,2.0,2.0,2.0,3.0,2.0,2.0,5.0,3.0,44.93,74.22,79.25,79.85,75.0
Italy,ITA,20210719,3.0,3.0,2.0,4.0,1.0,2.0,2.0,2.0,2.0,3.0,2.0,2.0,5.0,3.0,45.71,74.19,79.24,79.84,75.0
Italy,ITA,20210720,3.0,3.0,2.0,4.0,1.0,2.0,2.0,2.0,2.0,3.0,2.0,3.0,5.0,3.0,46.47,74.17,80.01,80.72,75.0
Italy,ITA,20210721,3.0,3.0,2.0,4.0,1.0,2.0,2.0,2.0,2.0,3.0,2.0,3.0,5.0,3.0,47.24,74.15,79.99,80.7,75.0
Italy,ITA,20210722,3.0,3.0,2.0,4.0,1.0,2.0,2.0,2.0,2.0,3.0,2.0,3.0,5.0,3.0,48.03,74.13,79.98,80.69,75.0
Italy,ITA,20210723,3.0,3.0,2.0,4.0,1.0,2.0,2.0,2.0,2.0,3.0,2.0,2.0,5.0,3.0,48.76,74.11,79.19,79.78,75.0
Italy,ITA,20210724,3.0,3.0,2.0,4.0,1.0,2.0,2.0,2.0,2.0,3.0,2.0,2.0,5.0,3.0,49.4,74.09,79.18,79.77,75.0
Italy,ITA,20210725,3.0,3.0,2.0,4.0,1.0,2.0,2.0,2.0,2.0,3.0,2.0,2.0,5.0,3.0,49.88,74.08,79.17,79.76,75.0
Italy,ITA,20210726,3.0,3.0,2.0,4.0,1.0,2.0,2.0,2.0,2.0,3.0,2.0,2.0,5.0,3.0,50.59,74.06,79.16,79.75,75.0
Italy,ITA,20210727,3.0,3.0,2.0,4.0,1.0,2.0,2.0,2.0,2.0,3.0,2.0,2.0,5.0,3.0,51.33,74.04,79.15,79.74,75.0
Italy,ITA,20210728,3.0,3.0,2.0,4.0,1.0,2.0,2.0,2.0,2.0,3.0,2.0,2.0,5.0,3.0,51.97,74.02,79.14,79.72,75.0
Italy,ITA,20210729,3.0,3.0,2.0,4.0,1.0,2.0,2.0,2.0,2.0,3.0,2.0,2.0,5.0,3.0,52.59,74.0,79.13,79.71,75.0
Italy,ITA,20210730,1.0,2.0,1.0,1.0,1.0,2.0,2.0,2.0,2.0,3.0,2.0,2.0,5.0,3.0,53.15,56.86,69.48,68.69,75.0
Italy,ITA,20210731,1.0,2.0,1.0,1.0,1.0,2.0,2.0,2.0,2.0,3.0,2.0,2.0,5.0,3.0,53.62,56.84,69.47,68.69,75.0
Italy,ITA,20210801,1.0,2.0,1.0,1.0,1.0,2.0,0.0,2.0,2.0,3.0,2.0,2.0,5.0,3.0,53.93,52.34,66.94,65.79,75.0
Italy,ITA,20210802,1.0,2.0,1.0,1.0,1.0,2.0,0.0,2.0,2.0,3.0,2.0,2.0,5.0,3.0,54.48,52.28,66.9,65.75,75.0
Italy,ITA,20210803,1.0,2.0,1.0,1.0,1.0,2.0,0.0,2.0,2.0,3.0,2.0,2.0,5.0,3.0,55.01,52.22,66.87,65.71,75.0
Italy,ITA,20210804,1.0,2.0,1.0,1.0,1.0,2.0,0.0,2.0,2.0,3.0,2.0,2.0,5.0,3.0,55.53,52.16,66.84,65.68,75.0
Italy,ITA,20210805,1.0,2.0,1.0,1.0,1.0,2.0,0.0,2.0,2.0,3.0,2.0,2.0,5.0,3.0,56.0,52.11,66.81,65.64,75.0
Italy,ITA,20210806,1.0,2.0,1.0,1.0,1.0,2.0,0.0,2.0,2.0,3.0,2.0,2.0,5.0,3.0,56.43,54.48,68.15,67.17,75.0
Italy,ITA,20210807,1.0,2.0,1.0,1.0,1.0,2.0,0.0,2.0,2.0,3.0,2.0,2.0,5.0,3.0,56.75,54.43,68.12,67.13,75.0
Italy,ITA,20210808,1.0,2.0,1.0,1.0,1.0,2.0,0.0,2.0,2.0,3.0,2.0,2.0,5.0,3.0,57.0,54.39,68.09,67.11,75.0
Italy,ITA,20210809,1.0,2.0,1.0,1.0,1.0,2.0,0.0,2.0,2.0,3.0,2.0,2.0,5.0,3.0,57.38,54.32,68.06,67.06,75.0
Italy,ITA,20210810,1.0,2.0,1.0,1.0,1.0,2.0,0.0,2.0,2.0,3.0,2.0,2.0,5.0,3.0,57.71,54.27,68.03,67.03,75.0
Italy,ITA,20210811,1.0,2.0,1.0,1.0,1.0,2.0,0.0,2.0,2.0,3.0,2.0,2.0,5.0,3.0,58.02,54.22,68.0,67.0,75.0
Italy,ITA,20210812,1.0,2.0,1.0,1.0,1.0,2.0,0.0,2.0,2.0,3.0,2.0,2.0,5.0,3.0,58.29,54.17,67.97,66.97,75.0
Italy,ITA,20210813,1.0,2.0,1.0,1.0,1.0,2.0,0.0,2.0,2.0,3.0,2.0,2.0,5.0,3.0,58.52,54.13,67.95,66.94,75.0
Italy,ITA,20210814,1.0,2.0,1.0,1.0,1.0,2.0,0.0,2.0,2.0,3.0,2.0,2.0,5.0,3.0,58.63,54.12,67.94,66.93,75.0
Italy,ITA,20210815,1.0,2.0,1.0,1.0,1.0,2.0,0.0,2.0,2.0,3.0,2.0,2.0,5.0,3.0,58.67,54.11,67.94,66.93,75.0
Italy,ITA,20210816,1.0,2.0,1.0,1.0,1.0,2.0,0.0,2.0,2.0,3.0,2.0,2.0,5.0,3.0,58.85,54.08,67.92,66.91,75.0
Italy,ITA,20210817,1.0,2.0,1.0,1.0,1.0,2.0,0.0,2.0,2.0,3.0,2.0,2.0,5.0,3.0,59.06,54.04,67.9,66.88,75.0
Italy,ITA,20210818,1.0,2.0,1.0,1.0,1.0,2.0,0.0,2.0,2.0,3.0,2.0,2.0,5.0,3.0,59.26,54.01,67.88,66.86,75.0
Italy,ITA,20210819,1.0,2.0,1.0,1.0,1.0,2.0,0.0,2.0,2.0,3.0,2.0,2.0,5.0,3.0,59.46,53.98,67.86,66.84,75.0
Italy,ITA,20210820,1.0,2.0,1.0,1.0,1.0,2.0,0.0,2.0,2.0,3.0,2.0,2.0,5.0,3.0,59.66,53.94,67.84,66.82,75.0
Italy,ITA,20210821,1.0,2.0,1.0,1.0,1.0,2.0,0.0,2.0,2.0,3.0,2.0,2.0,5.0,3.0,59.79,53.92,67.83,66.81,75.0
Italy,ITA,20210822,1.0,2.0,1.0,1.0,1.0,2.0,0.0,2.0,2.0,3.0,2.0,2.0,5.0,3.0,59.9,53.9,67.82,66.79,75.0
Italy,ITA,20210823,1.0,2.0,1.0,1.0,1.0,2.0,0.0,2.0,2.0,3.0,2.0,2.0,5.0,3.0,60.18,53.86,67.8,66.76,75.0
Italy,ITA,20210824,1.0,2.0,1.0,1.0,1.0,2.0,0.0,2.0,2.0,3.0,2.0,2.0,5.0,3.0,60.42,53.82,67.77,66.74,75.0
Italy,ITA,20210825,1.0,2.0,1.0,1.0,1.0,2.0,0.0,2.0,2.0,3.0,2.0,2.0,5.0,3.0,60.71,53.77,67.75,66.71,75.0
Italy,ITA,20210826,1.0,2.0,1.0,1.0,1.0,2.0,0.0,2.0,2.0,3.0,2.0,2.0,5.0,3.0,60.98,53.72,67.72,66.68,75.0
Italy,ITA,20210827,1.0,2.0,1.0,1.0,1.0,2.0,0.0,2.0,2.0,3.0,2.0,2.0,5.0,3.0,61.28,53.67,67.69,66.65,75.0
Italy,ITA,20210828,1.0,2.0,1.0,1.0,1.0,2.0,0.0,2.0,2.0,3.0,2.0,2.0,5.0,3.0,61.5,53.64,67.67,66.62,75.0
Italy,ITA,20210829,1.0,2.0,1.0,1.0,1.0,2.0,0.0,2.0,2.0,3.0,2.0,2.0,5.0,3.0,61.66,53.61,67.66,66.61,75.0
Italy,ITA,20210830,1.0,2.0,1.0,2.0,1.0,2.0,0.0,2.0,2.0,3.0,2.0,3.0,5.0,3.0,61.99,54.95,69.19,68.36,75.0
Italy,ITA,20210831,1.0,2.0,1.0,2.0,1.0,2.0,0.0,2.0,2.0,3.0,2.0,3.0,5.0,3.0,62.3,54.89,69.16,68.33,75.0
Italy,ITA,20210901,1.0,2.0,1.0,2.0,1.0,2.0,0.0,2.0,2.0,3.0,2.0,3.0,5.0,3.0,62.61,58.31,71.08,70.52,75.0
Italy,ITA,20210902,1.0,2.0,1.0,2.0,1.0,2.0,0.0,2.0,2.0,3.0,2.0,3.0,5.0,3.0,62.91,58.23,71.03,70.47,75.0
Italy,ITA,20210903,1.0,2.0,1.0,2.0,1.0,2.0,0.0,2.0,2.0,3.0,2.0,3.0,5.0,3.0,63.21,58.15,70.99,70.42,75.0
Italy,ITA,20210904,1.0,2.0,1.0,2.0,1.0,2.0,0.0,2.0,2.0,3.0,2.0,3.0,5.0,3.0,63.42,58.1,70.96,70.38,75.0
Italy,ITA,20210905,1.0,2.0,1.0,2.0,1.0,2.0,0.0,2.0,2.0,3.0,2.0,3.0,5.0,3.0,63.56,58.06,70.94,70.36,75.0
Italy,ITA,20210906,1.0,2.0,1.0,2.0,1.0,2.0,0.0,2.0,2.0,3.0,2.0,3.0,5.0,3.0,63.87,57.98,70.89,70.31,75.0
Italy,ITA,20210907,1.0,2.0,1.0,2.0,1.0,2.0,0.0,2.0,2.0,3.0,2.0,3.0,5.0,3.0,64.19,57.9,70.84,70.26,75.0
Italy,ITA,20210908,1.0,2.0,1.0,2.0,1.0,2.0,0.0,2.0,2.0,3.0,2.0,3.0,5.0,3.0,64.49,57.82,70.8,70.21,75.0
Italy,ITA,20210909,1.0,2.0,1.0,2.0,1.0,2.0,0.0,2.0,2.0,3.0,2.0,3.0,5.0,3.0,64.82,57.73,70.75,70.15,75.0
Italy,ITA,20210910,1.0,2.0,1.0,2.0,1.0,2.0,0.0,2.0,2.0,3.0,2.0,3.0,5.0,3.0,65.14,57.65,70.71,70.1,75.0
Italy,ITA,20210911,1.0,2.0,1.0,2.0,1.0,2.0,0.0,2.0,2.0,3.0,2.0,3.0,5.0,3.0,65.36,57.59,70.67,70.06,75.0
Italy,ITA,20210912,1.0,2.0,1.0,2.0,1.0,2.0,0.0,2.0,2.0,3.0,2.0,3.0,5.0,3.0,65.51,57.55,70.65,70.04,75.0
Italy,ITA,20210913,1.0,2.0,1.0,2.0,1.0,2.0,0.0,2.0,2.0,3.0,2.0,3.0,5.0,3.0,65.82,57.47,70.61,69.98,75.0
Italy,ITA,20210914,1.0,2.0,1.0,2.0,1.0,2.0,0.0,2.0,2.0,3.0,2.0,3.0,5.0,3.0,66.11,57.4,70.56,69.94,75.0
Italy,ITA,20210915,1.0,2.0,1.0,2.0,1.0,2.0,0.0,2.0,2.0,3.0,2.0,3.0,5.0,3.0,66.37,57.33,70.53,69.89,75.0
Italy,ITA,20210916,1.0,2.0,1.0,2.0,1.0,2.0,0.0,2.0,2.0,3.0,2.0,3.0,5.0,3.0,66.63,57.26,70.49,69.85,75.0
Italy,ITA,20210917,1.0,2.0,1.0,2.0,1.0,2.0,0.0,2.0,2.0,3.0,2.0,3.0,5.0,3.0,66.87,57.2,70.45,69.81,75.0
Italy,ITA,20210918,1.0,2.0,1.0,2.0,1.0,2.0,0.0,2.0,2.0,3.0,2.0,3.0,5.0,3.0,67.07,57.15,70.42,69.78,75.0
Italy,ITA,20210919,1.0,2.0,1.0,2.0,1.0,2.0,0.0,2.0,2.0,3.0,2.0,3.0,5.0,3.0,67.2,57.12,70.41,69.75,75.0
Italy,ITA,20210920,1.0,2.0,1.0,2.0,1.0,2.0,0.0,2.0,2.0,3.0,2.0,3.0,5.0,3.0,67.5,57.04,70.36,69.7,75.0
Italy,ITA,20210921,1.0,2.0,1.0,2.0,1.0,2.0,0.0,2.0,2.0,3.0,2.0,3.0,5.0,3.0,67.77,56.97,70.32,69.66,75.0
Italy,ITA,20210922,1.0,2.0,1.0,2.0,1.0,2.0,0.0,2.0,2.0,3.0,2.0,3.0,5.0,3.0,68.03,56.9,70.28,69.62,75.0
Italy,ITA,20210923,1.0,2.0,1.0,2.0,1.0,2.0,0.0,2.0,2.0,3.0,2.0,3.0,5.0,3.0,68.25,56.84,70.25,69.58,75.0
Italy,ITA,20210924,1.0,2.0,1.0,2.0,1.0,2.0,0.0,2.0,2.0,3.0,2.0,3.0,5.0,3.0,68.47,56.79,70.22,69.54,75.0
Italy,ITA,20210925,1.0,2.0,1.0,2.0,1.0,2.0,0.0,2.0,2.0,3.0,2.0,3.0,5.0,3.0,68.66,56.74,70.19,69.51,75.0
Italy,ITA,20210926,1.0,2.0,1.0,2.0,1.0,2.0,0.0,2.0,2.0,3.0,2.0,3.0,5.0,3.0,68.78,56.71,70.18,69.49,75.0
Italy,ITA,20210927,1.0,2.0,1.0,2.0,1.0,2.0,0.0,2.0,2.0,3.0,2.0,3.0,5.0,3.0,69.0,56.65,70.14,69.45,75.0
Italy,ITA,20210928,1.0,2.0,1.0,2.0,1.0,2.0,0.0,2.0,2.0,3.0,2.0,3.0,5.0,3.0,69.18,56.6,70.12,69.42,75.0
Italy,ITA,20210929,1.0,2.0,1.0,2.0,1.0,2.0,0.0,2.0,2.0,3.0,2.0,3.0,5.0,3.0,69.36,56.55,70.09,69.39,75.0
Italy,ITA,20210930,1.0,2.0,1.0,2.0,1.0,2.0,0.0,2.0,2.0,3.0,2.0,3.0,5.0,3.0,69.54,56.51,70.06,69.36,75.0
Italy,ITA,20211001,1.0,2.0,1.0,2.0,1.0,2.0,0.0,2.0,2.0,3.0,2.0,3.0,5.0,3.0,69.69,56.47,70.04,69.34,75.0
Italy,ITA,20211002,1.0,2.0,1.0,2.0,1.0,2.0,0.0,2.0,2.0,3.0,2.0,3.0,5.0,3.0,69.81,56.44,70.02,69.32,75.0
Italy,ITA,20211003,1.0,2.0,1.0,2.0,1.0,2.0,0.0,2.0,2.0,3.0,2.0,3.0,5.0,3.0,69.89,56.42,70.01,69.31,75.0
Italy,ITA,20211004,1.0,2.0,1.0,2.0,1.0,2.0,0.0,2.0,2.0,3.0,2.0,3.0,5.0,3.0,70.03,56.38,69.99,69.28,75.0
Italy,ITA,20211005,1.0,2.0,1.0,2.0,1.0,2.0,0.0,2.0,2.0,3.0,2.0,3.0,5.0,3.0,70.16,56.35,69.97,69.26,75.0
Italy,ITA,20211006,1.0,2.0,1.0,2.0,1.0,2.0,0.0,2.0,2.0,3.0,2.0,3.0,5.0,3.0,70.27,56.32,69.96,69.24,75.0
Italy,ITA,20211007,1.0,2.0,1.0,2.0,1.0,2.0,0.0,2.0,2.0,3.0,2.0,3.0,5.0,3.0,70.39,56.29,69.94,69.22,75.0
Italy,ITA,20211008,1.0,2.0,1.0,2.0,1.0,2.0,0.0,2.0,2.0,3.0,2.0,3.0,5.0,3.0,70.51,56.26,69.92,69.2,75.0
Italy,ITA,20211009,1.0,2.0,1.0,1.0,1.0,2.0,0.0,2.0,2.0,3.0,2.0,3.0,5.0,3.0,70.64,54.83,69.12,68.28,75.0
Italy,ITA,20211010,1.0,2.0,1.0,1.0,1.0,2.0,0.0,2.0,2.0,3.0,2.0,3.0,5.0,3.0,70.71,54.81,69.11,68.27,75.0
Italy,ITA,20211011,1.0,2.0,1.0,1.0,1.0,2.0,0.0,2.0,2.0,3.0,2.0,3.0,5.0,3.0,70.85,54.78,69.09,68.25,75.0
Italy,ITA,20211012,1.0,2.0,1.0,1.0,1.0,2.0,0.0,2.0,2.0,3.0,2.0,3.0,5.0,3.0,70.98,54.74,69.07,68.23,75.0
Italy,ITA,20211013,1.0,2.0,1.0,1.0,1.0,2.0,0.0,2.0,2.0,3.0,2.0,3.0,5.0,3.0,71.13,54.71,69.05,68.2,75.0
Italy,ITA,20211014,1.0,2.0,1.0,1.0,1.0,2.0,0.0,2.0,2.0,3.0,2.0,3.0,5.0,3.0,71.27,54.67,69.03,68.18,75.0
Italy,ITA,20211015,1.0,1.0,1.0,1.0,1.0,2.0,0.0,2.0,2.0,3.0,2.0,3.0,5.0,3.0,71.42,50.67,66.78,65.6,75.0
Italy,ITA,20211016,1.0,1.0,1.0,1.0,1.0,2.0,0.0,2.0,2.0,3.0,2.0,3.0,5.0,3.0,71.55,50.63,66.76,65.58,75.0
Italy,ITA,20211017,1.0,1.0,1.0,1.0,1.0,2.0,0.0,2.0,2.0,3.0,2.0,3.0,5.0,3.0,71.63,50.6,66.74,65.56,75.0
Italy,ITA,20211018,1.0,1.0,1.0,1.0,1.0,2.0,0.0,2.0,2.0,3.0,2.0,3.0,5.0,3.0,71.78,50.55,66.72,65.53,75.0
Italy,ITA,20211019,1.0,1.0,1.0,1.0,1.0,1.0,0.0,2.0,2.0,3.0,2.0,2.0,5.0,3.0,71.91,48.66,64.87,63.43,75.0
Italy,ITA,20211020,1.0,1.0,1.0,1.0,1.0,1.0,0.0,2.0,2.0,3.0,2.0,2.0,5.0,3.0,72.03,48.62,64.85,63.4,75.0
Italy,ITA,20211021,1.0,1.0,1.0,1.0,1.0,1.0,0.0,2.0,2.0,3.0,2.0,2.0,5.0,3.0,72.15,48.58,64.83,63.38,75.0
Italy,ITA,20211022,1.0,1.0,1.0,1.0,1.0,1.0,0.0,2.0,2.0,3.0,2.0,2.0,5.0,3.0,72.27,48.54,64.81,63.35,75.0
Italy,ITA,20211023,1.0,1.0,1.0,1.0,1.0,1.0,0.0,2.0,2.0,3.0,2.0,3.0,5.0,3.0,72.37,48.51,65.57,64.22,75.0
Italy,ITA,20211024,1.0,1.0,1.0,1.0,1.0,1.0,0.0,2.0,2.0,3.0,2.0,3.0,5.0,3.0,72.42,48.49,65.56,64.21,75.0
Italy,ITA,20211025,1.0,1.0,1.0,1.0,1.0,2.0,0.0,2.0,2.0,3.0,2.0,3.0,5.0,3.0,72.53,50.32,66.58,65.38,75.0
Italy,ITA,20211026,1.0,1.0,1.0,1.0,1.0,2.0,0.0,2.0,2.0,3.0,2.0,3.0,5.0,3.0,72.62,50.29,66.57,65.36,75.0
Italy,ITA,20211027,1.0,1.0,1.0,1.0,1.0,2.0,0.0,2.0,2.0,3.0,2.0,3.0,5.0,3.0,72.72,50.26,66.55,65.34,75.0
Italy,ITA,20211028,1.0,1.0,1.0,1.0,1.0,2.0,0.0,2.0,2.0,3.0,2.0,3.0,5.0,3.0,72.82,50.23,66.53,65.32,75.0
Italy,ITA,20211029,1.0,1.0,1.0,1.0,1.0,2.0,0.0,2.0,2.0,3.0,2.0,3.0,5.0,3.0,72.92,50.19,66.52,65.3,75.0
Italy,ITA,20211030,1.0,1.0,1.0,1.0,1.0,2.0,0.0,2.0,2.0,3.0,2.0,3.0,5.0,3.0,73.0,50.17,66.5,65.28,75.0
Italy,ITA,20211031,1.0,1.0,1.0,1.0,1.0,2.0,0.0,2.0,2.0,3.0,2.0,3.0,5.0,3.0,73.04,50.16,66.49,65.28,75.0
Italy,ITA,20211101,1.0,1.0,1.0,1.0,1.0,2.0,0.0,2.0,2.0,3.0,2.0,3.0,5.0,3.0,73.07,50.15,66.49,65.27,75.0
Italy,ITA,20211102,1.0,1.0,1.0,1.0,1.0,2.0,0.0,2.0,2.0,3.0,2.0,3.0,5.0,3.0,73.17,50.12,66.47,65.25,75.0
Italy,ITA,20211103,1.0,1.0,1.0,1.0,1.0,2.0,0.0,2.0,2.0,3.0,2.0,3.0,5.0,3.0,73.27,50.08,66.45,65.23,75.0
Italy,ITA,20211104,1.0,1.0,1.0,1.0,1.0,2.0,0.0,2.0,2.0,3.0,2.0,3.0,5.0,3.0,73.37,50.05,66.44,65.21,75.0
Italy,ITA,20211105,1.0,1.0,1.0,1.0,1.0,2.0,0.0,2.0,2.0,3.0,2.0,3.0,5.0,3.0,73.47,50.02,66.42,65.19,75.0
Italy,ITA,20211106,1.0,1.0,1.0,1.0,1.0,2.0,0.0,2.0,2.0,3.0,2.0,3.0,5.0,3.0,73.55,50.0,66.4,65.17,75.0
Italy,ITA,20211107,1.0,1.0,1.0,1.0,1.0,2.0,0.0,2.0,2.0,3.0,2.0,3.0,5.0,3.0,73.58,49.99,66.4,65.17,75.0
Italy,ITA,20211108,1.0,1.0,1.0,1.0,1.0,2.0,0.0,2.0,2.0,3.0,2.0,3.0,5.0,3.0,73.67,49.96,66.38,65.15,75.0
Italy,ITA,20211109,1.0,1.0,1.0,1.0,1.0,2.0,0.0,2.0,2.0,3.0,2.0,3.0,5.0,3.0,73.74,49.94,66.37,65.14,75.0
Italy,ITA,20211110,1.0,1.0,1.0,1.0,1.0,2.0,0.0,2.0,2.0,3.0,2.0,3.0,5.0,3.0,73.81,49.91,66.36,65.12,75.0
Italy,ITA,20211111,1.0,1.0,1.0,1.0,1.0,2.0,0.0,2.0,2.0,3.0,2.0,3.0,5.0,3.0,73.89,49.89,66.34,65.1,75.0
Italy,ITA,20211112,1.0,1.0,1.0,1.0,1.0,2.0,0.0,2.0,2.0,3.0,2.0,3.0,5.0,3.0,73.96,49.87,66.33,65.09,75.0
Italy,ITA,20211113,1.0,1.0,1.0,1.0,1.0,2.0,0.0,2.0,2.0,3.0,2.0,3.0,5.0,3.0,74.01,49.85,66.32,65.08,75.0
Italy,ITA,20211114,1.0,1.0,1.0,1.0,1.0,2.0,0.0,2.0,2.0,3.0,2.0,3.0,5.0,3.0,74.04,49.84,66.32,65.07,75.0
Italy,ITA,20211115,1.0,1.0,1.0,1.0,1.0,2.0,0.0,2.0,2.0,3.0,2.0,3.0,5.0,3.0,74.1,49.82,66.31,65.06,75.0
Italy,ITA,20211116,1.0,1.0,1.0,1.0,1.0,2.0,0.0,2.0,2.0,3.0,2.0,3.0,5.0,3.0,74.15,49.81,66.3,65.05,75.0
Italy,ITA,20211117,1.0,1.0,1.0,1.0,1.0,2.0,0.0,2.0,2.0,3.0,2.0,3.0,5.0,3.0,74.19,49.79,66.29,65.04,75.0
Italy,ITA,20211118,1.0,1.0,1.0,1.0,1.0,2.0,0.0,2.0,2.0,3.0,2.0,3.0,5.0,3.0,74.24,49.78,66.28,65.03,75.0
Italy,ITA,20211119,1.0,1.0,1.0,1.0,1.0,2.0,0.0,2.0,2.0,3.0,2.0,3.0,5.0,3.0,74.29,49.76,66.27,65.02,75.0
Italy,ITA,20211120,1.0,1.0,1.0,1.0,1.0,2.0,0.0,2.0,2.0,3.0,2.0,3.0,5.0,3.0,74.32,49.75,66.27,65.02,75.0
Italy,ITA,20211121,1.0,1.0,1.0,1.0,1.0,2.0,0.0,2.0,2.0,3.0,2.0,3.0,5.0,3.0,74.34,49.75,66.26,65.01,75.0
Italy,ITA,20211122,1.0,1.0,1.0,1.0,1.0,2.0,0.0,2.0,2.0,3.0,2.0,3.0,5.0,3.0,74.38,49.74,66.26,65.01,75.0
Italy,ITA,20211123,1.0,1.0,1.0,1.0,1.0,2.0,0.0,2.0,2.0,3.0,2.0,3.0,5.0,3.0,74.41,49.73,66.25,65.0,75.0
Italy,ITA,20211124,1.0,1.0,1.0,1.0,1.0,2.0,0.0,2.0,2.0,3.0,2.0,3.0,5.0,3.0,74.46,49.71,66.24,64.99,75.0
Italy,ITA,20211125,1.0,1.0,1.0,1.0,1.0,2.0,0.0,2.0,2.0,3.0,2.0,3.0,5.0,3.0,74.5,49.7,66.24,64.98,75.0
Italy,ITA,20211126,1.0,1.0,1.0,1.0,1.0,2.0,0.0,2.0,2.0,3.0,2.0,3.0,5.0,3.0,74.53,49.69,66.23,64.98,75.0
Italy,ITA,20211127,1.0,1.0,1.0,1.0,1.0,2.0,0.0,2.0,2.0,3.0,2.0,3.0,5.0,3.0,74.57,49.68,66.22,64.97,75.0
Italy,ITA,20211128,1.0,1.0,1.0,1.0,1.0,2.0,0.0,2.0,2.0,3.0,2.0,3.0,5.0,3.0,74.58,49.67,66.22,64.97,75.0
Italy,ITA,20211129,1.0,1.0,1.0,1.0,1.0,2.0,0.0,2.0,2.0,3.0,2.0,3.0,5.0,3.0,74.62,49.66,66.21,64.96,75.0
Italy,ITA,20211130,1.0,1.0,1.0,1.0,1.0,2.0,0.0,2.0,2.0,3.0,2.0,3.0,5.0,3.0,74.65,49.65,66.21,64.95,75.0
Italy,ITA,20211201,1.0,1.0,1.0,1.0,1.0,2.0,0.0,2.0,2.0,3.0,2.0,3.0,5.0,3.0,74.69,49.64,66.2,64.94,75.0
Italy,ITA,20211202,1.0,1.0,1.0,1.0,1.0,2.0,0.0,2.0,2.0,3.0,2.0,3.0,5.0,3.0,74.72,49.63,66.2,64.94,75.0
Italy,ITA,20211203,1.0,1.0,1.0,1.0,1.0,2.0,0.0,2.0,2.0,3.0,2.0,3.0,5.0,3.0,74.76,49.62,66.19,64.93,75.0
Italy,ITA,20211204,1.0,1.0,1.0,1.0,1.0,2.0,0.0,2.0,2.0,3.0,2.0,3.0,5.0,3.0,74.79,49.61,66.18,64.92,75.0
Italy,ITA,20211205,1.0,1.0,1.0,1.0,1.0,2.0,0.0,2.0,2.0,3.0,2.0,3.0,5.0,3.0,74.81,49.6,66.18,64.92,75.0
Italy,ITA,20211206,1.0,1.0,1.0,1.0,1.0,2.0,0.0,2.0,2.0,3.0,2.0,3.0,5.0,3.0,74.85,49.59,66.17,64.91,75.0
Italy,ITA,20211207,1.0,1.0,1.0,1.0,1.0,2.0,0.0,2.0,2.0,3.0,2.0,3.0,5.0,3.0,74.88,49.58,66.17,64.9,75.0
Italy,ITA,20211208,1.0,1.0,1.0,1.0,1.0,2.0,0.0,2.0,2.0,3.0,2.0,3.0,5.0,3.0,74.9,49.57,66.17,64.9,75.0
Italy,ITA,20211209,1.0,1.0,1.0,1.0,1.0,2.0,0.0,2.0,2.0,3.0,2.0,3.0,5.0,3.0,74.95,49.56,66.16,64.89,75.0
Italy,ITA,20211210,1.0,1.0,1.0,1.0,1.0,2.0,0.0,2.0,2.0,3.0,2.0,3.0,5.0,3.0,74.99,49.54,66.15,64.88,75.0
Italy,ITA,20211211,1.0,1.0,1.0,1.0,1.0,2.0,0.0,2.0,2.0,3.0,2.0,3.0,5.0,3.0,75.02,49.53,66.14,64.88,75.0
Italy,ITA,20211212,1.0,1.0,1.0,1.0,1.0,2.0,0.0,2.0,2.0,3.0,2.0,3.0,5.0,3.0,75.04,49.53,66.14,64.87,75.0
Italy,ITA,20211213,1.0,1.0,1.0,1.0,1.0,2.0,0.0,2.0,2.0,3.0,2.0,3.0,5.0,3.0,75.08,49.51,66.13,64.86,75.0
Italy,ITA,20211214,1.0,1.0,1.0,1.0,1.0,2.0,0.0,2.0,2.0,3.0,2.0,3.0,5.0,3.0,75.12,49.5,66.13,64.86,75.0
Italy,ITA,20211215,1.0,1.0,1.0,1.0,1.0,2.0,0.0,2.0,2.0,3.0,2.0,3.0,5.0,3.0,75.15,49.49,66.12,64.85,75.0
Italy,ITA,20211216,1.0,1.0,1.0,1.0,1.0,2.0,0.0,2.0,2.0,3.0,2.0,3.0,5.0,3.0,75.19,49.48,66.11,64.84,75.0
Italy,ITA,20211217,1.0,1.0,1.0,1.0,1.0,2.0,0.0,2.0,2.0,3.0,2.0,3.0,5.0,3.0,75.24,49.46,66.1,64.83,75.0
Italy,ITA,20211218,1.0,1.0,1.0,1.0,1.0,2.0,0.0,2.0,2.0,3.0,2.0,3.0,5.0,3.0,75.28,49.45,66.1,64.82,75.0
Italy,ITA,20211219,1.0,1.0,1.0,1.0,1.0,2.0,0.0,2.0,2.0,3.0,2.0,3.0,5.0,3.0,75.3,49.45,66.09,64.82,75.0
Italy,ITA,20211220,1.0,1.0,1.0,1.0,1.0,2.0,0.0,2.0,2.0,3.0,2.0,3.0,5.0,3.0,75.34,49.43,66.09,64.81,75.0
Italy,ITA,20211221,1.0,1.0,1.0,1.0,1.0,2.0,0.0,2.0,2.0,3.0,2.0,3.0,5.0,3.0,75.39,49.42,66.08,64.8,75.0
Italy,ITA,20211222,1.0,1.0,1.0,1.0,1.0,2.0,0.0,2.0,2.0,3.0,2.0,3.0,5.0,3.0,75.43,49.4,66.07,64.79,75.0
Italy,ITA,20211223,1.0,2.0,1.0,1.0,1.0,2.0,0.0,2.0,2.0,3.0,2.0,3.0,5.0,3.0,75.48,53.58,68.42,67.48,75.0
Italy,ITA,20211224,1.0,2.0,1.0,1.0,1.0,2.0,0.0,2.0,2.0,3.0,2.0,3.0,5.0,3.0,75.5,53.57,68.41,67.47,75.0
Italy,ITA,20211225,1.0,2.0,1.0,1.0,1.0,2.0,0.0,2.0,2.0,3.0,2.0,3.0,5.0,3.0,75.5,53.57,69.19,68.37,75.0
Italy,ITA,20211226,1.0,2.0,1.0,1.0,1.0,2.0,0.0,2.0,2.0,3.0,2.0,3.0,5.0,3.0,75.51,53.57,69.19,68.37,75.0
Italy,ITA,20211227,1.0,2.0,1.0,1.0,1.0,2.0,0.0,2.0,2.0,3.0,2.0,3.0,5.0,3.0,75.58,53.55,69.18,68.36,75.0
Italy,ITA,20211228,1.0,2.0,1.0,1.0,1.0,2.0,0.0,2.0,2.0,3.0,2.0,3.0,5.0,3.0,75.65,53.53,69.17,68.35,75.0
Italy,ITA,20211229,1.0,2.0,1.0,1.0,1.0,2.0,0.0,2.0,2.0,3.0,2.0,3.0,5.0,3.0,75.7,53.52,69.17,68.34,75.0
Italy,ITA,20211230,1.0,2.0,1.0,1.0,1.0,2.0,0.0,2.0,2.0,3.0,2.0,3.0,5.0,3.0,75.74,53.51,69.16,68.33,75.0
Italy,ITA,20211231,1.0,2.0,1.0,1.0,1.0,2.0,0.0,2.0,2.0,3.0,2.0,3.0,5.0,3.0,75.76,53.51,69.16,68.33,75.0
Italy,ITA,20220101,1.0,2.0,1.0,1.0,1.0,2.0,0.0,2.0,2.0,3.0,2.0,3.0,5.0,3.0,75.77,53.5,69.16,68.33,75.0
Italy,ITA,20220102,1.0,2.0,1.0,1.0,1.0,2.0,0.0,2.0,2.0,3.0,2.0,3.0,5.0,3.0,75.8,53.5,69.15,68.32,75.0
Italy,ITA,20220103,1.0,2.0,1.0,1.0,1.0,2.0,0.0,2.0,2.0,3.0,2.0,3.0,5.0,3.0,75.87,53.48,69.14,68.31,75.0
Italy,ITA,20220104,1.0,2.0,1.0,1.0,1.0,2.0,0.0,2.0,2.0,3.0,2.0,3.0,5.0,3.0,75.94,53.46,69.13,68.3,75.0
Italy,ITA,20220105,1.0,2.0,1.0,1.0,1.0,2.0,0.0,2.0,2.0,3.0,2.0,3.0,5.0,3.0,76.0,53.44,69.12,68.29,75.0
Italy,ITA,20220106,1.0,2.0,1.0,1.0,1.0,2.0,0.0,2.0,2.0,3.0,2.0,3.0,5.0,3.0,76.03,53.44,69.12,68.28,75.0
Italy,ITA,20220107,1.0,2.0,1.0,1.0,1.0,2.0,0.0,2.0,2.0,3.0,2.0,3.0,5.0,3.0,76.12,53.41,69.1,68.27,75.0
Italy,ITA,20220108,1.0,2.0,1.0,1.0,1.0,2.0,0.0,2.0,2.0,3.0,2.0,3.0,5.0,3.0,76.22,53.39,69.09,68.25,75.0
Italy,ITA,20220109,1.0,2.0,1.0,1.0,1.0,2.0,0.0,2.0,2.0,3.0,2.0,3.0,5.0,3.0,76.28,53.37,69.08,68.24,75.0
Italy,ITA,20220110,1.0,2.0,1.0,1.0,1.0,2.0,0.0,2.0,2.0,3.0,2.0,3.0,5.0,3.0,76.37,53.35,69.07,68.23,75.0
Italy,ITA,20220111,1.0,2.0,1.0,1.0,1.0,2.0,0.0,2.0,2.0,3.0,2.0,3.0,5.0,3.0,76.47,53.32,69.05,68.21,75.0
Italy,ITA,20220112,1.0,2.0,1.0,1.0,1.0,2.0,0.0,2.0,2.0,3.0,2.0,3.0,5.0,3.0,76.55,53.3,69.04,68.2,75.0
Italy,ITA,20220113,1.0,2.0,1.0,1.0,1.0,2.0,0.0,2.0,2.0,3.0,2.0,3.0,5.0,3.0,76.64,53.28,69.03,68.18,75.0
Italy,ITA,20220114,1.0,2.0,1.0,1.0,1.0,2.0,0.0,2.0,2.0,3.0,2.0,3.0,5.0,3.0,76.71,53.26,69.02,68.17,75.0
Italy,ITA,20220115,1.0,2.0,1.0,1.0,1.0,2.0,0.0,2.0,2.0,3.0,2.0,3.0,5.0,3.0,76.77,53.24,69.01,68.16,75.0
Italy,ITA,20220116,1.0,2.0,1.0,1.0,1.0,2.0,0.0,2.0,2.0,3.0,2.0,3.0,5.0,3.0,76.81,53.23,69.0,68.15,75.0
Italy,ITA,20220117,1.0,2.0,1.0,1.0,1.0,2.0,0.0,2.0,2.0,3.0,2.0,3.0,5.0,3.0,76.9,53.21,68.99,68.14,75.0
Italy,ITA,20220118,1.0,2.0,1.0,1.0,1.0,2.0,0.0,2.0,2.0,3.0,2.0,3.0,5.0,3.0,76.99,53.19,68.98,68.12,75.0
Italy,ITA,20220119,1.0,2.0,1.0,1.0,1.0,2.0,0.0,2.0,2.0,3.0,2.0,3.0,5.0,3.0,77.08,53.16,68.96,68.11,75.0
Italy,ITA,20220120,1.0,2.0,1.0,1.0,1.0,2.0,0.0,2.0,2.0,3.0,2.0,3.0,5.0,3.0,77.16,53.14,68.95,68.1,75.0
Italy,ITA,20220121,1.0,2.0,1.0,1.0,1.0,2.0,0.0,2.0,2.0,3.0,2.0,3.0,5.0,3.0,77.23,53.12,68.94,68.08,75.0
Italy,ITA,20220122,1.0,2.0,1.0,1.0,1.0,1.0,0.0,2.0,2.0,3.0,2.0,3.0,5.0,3.0,77.27,52.53,68.61,67.7,75.0
Italy,ITA,20220123,1.0,2.0,1.0,1.0,1.0,1.0,0.0,2.0,2.0,3.0,2.0,3.0,5.0,3.0,77.33,52.51,68.59,67.69,75.0
Italy,ITA,20220124,1.0,2.0,1.0,1.0,1.0,1.0,0.0,2.0,2.0,3.0,2.0,3.0,5.0,3.0,77.42,52.48,68.58,67.67,75.0
Italy,ITA,20220125,1.0,2.0,1.0,1.0,1.0,1.0,0.0,2.0,2.0,3.0,2.0,3.0,5.0,3.0,77.52,52.45,68.56,67.65,75.0
Italy,ITA,20220126,1.0,2.0,1.0,1.0,1.0,1.0,0.0,2.0,2.0,3.0,2.0,3.0,5.0,3.0,77.61,52.42,68.55,67.63,75.0
Italy,ITA,20220127,1.0,2.0,1.0,1.0,1.0,1.0,0.0,2.0,2.0,3.0,2.0,3.0,5.0,3.0,77.69,52.39,68.53,67.61,75.0
Italy,ITA,20220128,1.0,2.0,1.0,1.0,1.0,1.0,0.0,2.0,2.0,3.0,2.0,3.0,5.0,3.0,77.78,52.36,68.52,67.6,75.0
Italy,ITA,20220129,1.0,2.0,1.0,1.0,1.0,1.0,0.0,2.0,2.0,3.0,2.0,3.0,5.0,3.0,77.89,52.33,68.5,67.57,75.0
Italy,ITA,20220130,1.0,2.0,1.0,1.0,1.0,1.0,0.0,2.0,2.0,3.0,2.0,3.0,5.0,3.0,77.97,52.31,68.48,67.56,75.0
Italy,ITA,20220131,1.0,2.0,1.0,1.0,1.0,1.0,0.0,2.0,2.0,3.0,2.0,3.0,5.0,3.0,78.07,52.27,68.46,67.54,75.0
Italy,ITA,20220201,1.0,2.0,1.0,1.0,1.0,1.0,0.0,2.0,2.0,3.0,2.0,3.0,5.0,3.0,78.18,52.24,68.44,67.51,75.0
Italy,ITA,20220202,1.0,2.0,1.0,1.0,1.0,1.0,0.0,2.0,2.0,3.0,2.0,3.0,5.0,3.0,78.28,52.21,68.43,67.49,75.0
Italy,ITA,20220203,1.0,2.0,1.0,1.0,1.0,1.0,0.0,2.0,2.0,3.0,2.0,3.0,5.0,3.0,78.38,52.18,68.41,67.47,75.0
Italy,ITA,20220204,1.0,2.0,1.0,1.0,1.0,1.0,0.0,2.0,2.0,3.0,2.0,3.0,5.0,3.0,78.5,52.14,68.39,67.45,75.0
Italy,ITA,20220205,1.0,2.0,1.0,1.0,1.0,1.0,0.0,2.0,2.0,3.0,2.0,3.0,5.0,3.0,78.63,52.1,68.36,67.42,75.0
Italy,ITA,20220206,1.0,2.0,1.0,1.0,1.0,1.0,0.0,2.0,2.0,3.0,2.0,3.0,5.0,3.0,78.72,52.07,68.35,67.4,75.0
Italy,ITA,20220207,1.0,2.0,1.0,1.0,1.0,1.0,0.0,2.0,2.0,3.0,2.0,3.0,5.0,3.0,78.83,52.03,68.33,67.38,75.0
Italy,ITA,20220208,1.0,2.0,1.0,1.0,1.0,1.0,0.0,2.0,2.0,3.0,2.0,3.0,5.0,3.0,78.94,52.0,68.31,67.36,75.0
Italy,ITA,20220209,1.0,2.0,1.0,1.0,1.0,1.0,0.0,2.0,2.0,3.0,2.0,3.0,5.0,3.0,79.04,51.97,68.29,67.34,75.0
Italy,ITA,20220210,1.0,2.0,1.0,1.0,1.0,1.0,0.0,2.0,2.0,3.0,2.0,3.0,5.0,3.0,79.14,51.94,68.27,67.32,75.0
Italy,ITA,20220211,1.0,1.0,1.0,1.0,1.0,1.0,0.0,2.0,2.0,3.0,2.0,3.0,5.0,3.0,79.24,47.5,65.0,63.57,75.0
Italy,ITA,20220212,1.0,1.0,1.0,1.0,1.0,1.0,0.0,2.0,2.0,3.0,2.0,3.0,5.0,3.0,79.36,47.46,64.98,63.54,75.0
Italy,ITA,20220213,1.0,1.0,1.0,1.0,1.0,1.0,0.0,2.0,2.0,3.0,2.0,3.0,5.0,3.0,79.43,47.43,64.96,63.53,75.0
Italy,ITA,20220214,1.0,1.0,1.0,1.0,1.0,1.0,0.0,2.0,2.0,3.0,2.0,3.0,5.0,3.0,79.5,47.4,64.95,63.51,75.0
Italy,ITA,20220215,1.0,1.0,1.0,1.0,1.0,1.0,0.0,2.0,2.0,3.0,2.0,3.0,5.0,3.0,79.58,47.37,64.93,63.49,75.0
Italy,ITA,20220216,1.0,1.0,1.0,1.0,1.0,1.0,0.0,2.0,2.0,3.0,2.0,3.0,5.0,3.0,79.66,47.34,64.92,63.47,75.0
Italy,ITA,20220217,1.0,1.0,1.0,1.0,1.0,1.0,0.0,2.0,2.0,3.0,2.0,3.0,5.0,3.0,79.73,47.32,64.9,63.46,75.0
Italy,ITA,20220218,1.0,1.0,1.0,1.0,1.0,1.0,0.0,2.0,2.0,3.0,2.0,3.0,5.0,3.0,79.81,47.29,64.89,63.44,75.0
Italy,ITA,20220219,1.0,1.0,1.0,1.0,1.0,1.0,0.0,2.0,2.0,3.0,2.0,3.0,5.0,3.0,79.89,47.26,64.87,63.42,75.0
Italy,ITA,20220220,1.0,1.0,1.0,1.0,1.0,1.0,0.0,2.0,2.0,3.0,2.0,3.0,5.0,3.0,79.94,47.24,64.86,63.41,75.0
Italy,ITA,20220221,1.0,1.0,1.0,1.0,1.0,1.0,0.0,2.0,2.0,3.0,2.0,3.0,5.0,3.0,80.01,47.21,64.84,63.39,75.0
Italy,ITA,20220222,1.0,1.0,1.0,1.0,1.0,1.0,0.0,2.0,2.0,3.0,2.0,3.0,5.0,3.0,80.07,47.19,64.83,63.38,75.0
Italy,ITA,20220223,1.0,1.0,1.0,1.0,1.0,1.0,0.0,2.0,2.0,3.0,2.0,3.0,5.0,3.0,80.12,47.17,64.82,63.36,75.0
Italy,ITA,20220224,1.0,1.0,1.0,1.0,1.0,1.0,0.0,2.0,2.0,3.0,2.0,3.0,5.0,3.0,80.18,47.15,64.81,63.35,75.0
Italy,ITA,20220225,1.0,1.0,1.0,1.0,1.0,1.0,0.0,2.0,2.0,3.0,2.0,3.0,5.0,3.0,80.23,47.13,64.8,63.34,75.0
Italy,ITA,20220226,1.0,1.0,1.0,1.0,1.0,1.0,0.0,2.0,2.0,3.0,2.0,3.0,5.0,3.0,80.3,47.11,64.78,63.32,75.0
Italy,ITA,20220227,1.0,1.0,1.0,1.0,1.0,1.0,0.0,2.0,2.0,3.0,2.0,3.0,5.0,3.0,80.34,47.09,64.78,63.31,75.0
Italy,ITA,20220228,1.0,1.0,1.0,1.0,1.0,1.0,0.0,2.0,2.0,3.0,2.0,3.0,5.0,3.0,80.38,46.57,64.48,62.97,75.0
Italy,ITA,20220301,1.0,1.0,1.0,1.0,1.0,1.0,0.0,1.0,2.0,3.0,2.0,2.0,5.0,3.0,80.42,43.78,62.13,60.29,75.0
Italy,ITA,20220302,1.0,1.0,1.0,1.0,1.0,1.0,0.0,1.0,2.0,3.0,2.0,2.0,5.0,3.0,80.46,43.78,62.13,60.28,75.0
Italy,ITA,20220303,1.0,1.0,1.0,1.0,1.0,1.0,0.0,1.0,2.0,3.0,2.0,2.0,5.0,3.0,80.49,43.77,62.12,60.28,75.0
Italy,ITA,20220304,1.0,1.0,1.0,1.0,1.0,1.0,0.0,1.0,2.0,3.0,2.0,2.0,5.0,3.0,80.53,43.76,62.12,60.27,75.0
Italy,ITA,20220305,1.0,1.0,1.0,1.0,1.0,1.0,0.0,1.0,2.0,3.0,2.0,2.0,5.0,3.0,80.57,43.75,62.11,60.26,75.0
Italy,ITA,20220306,1.0,1.0,1.0,1.0,1.0,1.0,0.0,1.0,2.0,3.0,2.0,2.0,5.0,3.0,80.59,43.74,62.11,60.26,75.0
Italy,ITA,20220307,1.0,1.0,1.0,1.0,1.0,1.0,0.0,1.0,2.0,3.0,2.0,2.0,5.0,3.0,80.61,43.74,62.11,60.26,75.0
Italy,ITA,20220308,1.0,1.0,1.0,1.0,1.0,1.0,0.0,1.0,2.0,3.0,2.0,2.0,5.0,3.0,80.64,43.73,62.1,60.25,75.0
Italy,ITA,20220309,1.0,1.0,1.0,1.0,1.0,1.0,0.0,1.0,2.0,3.0,2.0,2.0,5.0,3.0,80.66,43.72,62.1,60.25,75.0
Italy,ITA,20220310,1.0,1.0,1.0,1.0,1.0,1.0,0.0,1.0,2.0,3.0,2.0,2.0,5.0,3.0,80.68,43.72,62.1,60.24,75.0
Italy,ITA,20220311,1.0,1.0,1.0,1.0,1.0,1.0,0.0,1.0,2.0,3.0,2.0,2.0,5.0,3.0,80.71,43.71,62.09,60.24,75.0
Italy,ITA,20220312,1.0,1.0,1.0,1.0,1.0,1.0,0.0,1.0,2.0,3.0,2.0,2.0,5.0,3.0,80.74,43.71,62.09,60.24,75.0
Italy,ITA,20220313,1.0,1.0,1.0,1.0,1.0,1.0,0.0,1.0,2.0,3.0,2.0,2.0,5.0,3.0,80.74,43.71,62.09,60.24,75.0
Italy,ITA,20220314,1.0,1.0,1.0,1.0,1.0,1.0,0.0,1.0,2.0,3.0,2.0,2.0,5.0,3.0,80.76,43.7,62.09,60.23,75.0
Italy,ITA,20220315,1.0,1.0,1.0,1.0,1.0,1.0,0.0,1.0,2.0,3.0,2.0,2.0,5.0,3.0,80.78,43.69,62.08,60.23,75.0
Italy,ITA,20220316,1.0,1.0,1.0,1.0,1.0,1.0,0.0,1.0,2.0,3.0,2.0,2.0,5.0,3.0,80.79,43.69,62.08,60.23,75.0
Italy,ITA,20220317,1.0,1.0,1.0,1.0,1.0,1.0,0.0,1.0,2.0,3.0,2.0,2.0,5.0,3.0,80.81,43.69,62.08,60.22,75.0
Italy,ITA,20220318,1.0,1.0,1.0,1.0,1.0,1.0,0.0,1.0,2.0,3.0,2.0,2.0,5.0,3.0,80.83,43.68,62.08,60.22,75.0
Italy,ITA,20220319,1.0,1.0,1.0,1.0,1.0,1.0,0.0,1.0,2.0,3.0,2.0,2.0,5.0,3.0,80.84,43.68,62.07,60.22,75.0
Italy,ITA,20220320,1.0,1.0,1.0,1.0,1.0,1.0,0.0,1.0,2.0,3.0,2.0,2.0,5.0,3.0,80.85,43.68,62.07,60.22,75.0
Italy,ITA,20220321,1.0,1.0,1.0,1.0,1.0,1.0,0.0,1.0,2.0,3.0,2.0,2.0,5.0,3.0,80.86,43.67,62.07,60.22,75.0
Italy,ITA,20220322,1.0,1.0,1.0,1.0,1.0,1.0,0.0,1.0,2.0,3.0,2.0,2.0,5.0,3.0,80.87,43.67,62.07,60.21,75.0
Italy,ITA,20220323,1.0,1.0,1.0,1.0,1.0,1.0,0.0,1.0,2.0,3.0,2.0,2.0,5.0,3.0,80.88,43.67,62.07,60.21,75.0
Italy,ITA,20220324,1.0,1.0,1.0,1.0,1.0,1.0,0.0,1.0,2.0,3.0,2.0,2.0,5.0,3.0,80.9,43.67,62.07,60.21,75.0
Italy,ITA,20220325,1.0,1.0,1.0,1.0,1.0,1.0,0.0,1.0,2.0,3.0,2.0,2.0,5.0,3.0,80.91,43.66,62.06,60.21,75.0
Italy,ITA,20220326,1.0,1.0,1.0,1.0,1.0,1.0,0.0,1.0,2.0,3.0,2.0,2.0,5.0,3.0,80.92,43.66,62.06,60.21,75.0
Italy,ITA,20220327,1.0,1.0,1.0,1.0,1.0,1.0,0.0,1.0,2.0,3.0,2.0,2.0,5.0,3.0,80.93,43.66,62.06,60.2,75.0
Italy,ITA,20220328,1.0,1.0,1.0,1.0,1.0,1.0,0.0,1.0,2.0,3.0,2.0,2.0,5.0,3.0,80.94,43.65,62.06,60.2,75.0
Italy,ITA,20220329,1.0,1.0,1.0,1.0,1.0,1.0,0.0,1.0,2.0,3.0,2.0,2.0,5.0,3.0,80.95,43.65,62.06,60.2,75.0
Italy,ITA,20220330,1.0,1.0,1.0,1.0,1.0,1.0,0.0,1.0,2.0,3.0,2.0,2.0,5.0,3.0,80.96,43.65,62.06,60.2,75.0
Italy,ITA,20220331,1.0,1.0,1.0,1.0,1.0,1.0,0.0,1.0,2.0,3.0,2.0,2.0,5.0,3.0,80.97,43.65,62.06,60.2,75.0
Italy,ITA,20220401,1.0,1.0,1.0,0.0,1.0,0.0,0.0,1.0,2.0,3.0,2.0,2.0,5.0,3.0,80.97,36.46,54.88,55.59,50.0
Italy,ITA,20220402,1.0,1.0,1.0,0.0,1.0,0.0,0.0,1.0,2.0,3.0,2.0,2.0,5.0,3.0,80.98,36.46,54.88,55.58,50.0
Italy,ITA,20220403,1.0,1.0,1.0,0.0,1.0,0.0,0.0,1.0,2.0,3.0,2.0,2.0,5.0,3.0,80.98,36.46,54.88,55.58,50.0
Italy,ITA,20220404,1.0,1.0,1.0,0.0,1.0,0.0,0.0,1.0,2.0,3.0,2.0,2.0,5.0,3.0,80.99,36.46,54.88,55.58,50.0
Italy,ITA,20220405,1.0,1.0,1.0,0.0,1.0,0.0,0.0,1.0,2.0,3.0,2.0,2.0,5.0,3.0,80.99,36.46,54.88,55.58,50.0
Italy,ITA,20220406,1.0,1.0,1.0,0.0,1.0,0.0,0.0,1.0,2.0,3.0,2.0,2.0,5.0,3.0,81.0,36.46,54.88,55.58,50.0
Italy,ITA,20220407,1.0,1.0,1.0,0.0,1.0,0.0,0.0,1.0,2.0,3.0,2.0,2.0,5.0,3.0,81.01,36.45,54.88,55.58,50.0
Italy,ITA,20220408,1.0,1.0,1.0,0.0,1.0,0.0,0.0,1.0,2.0,3.0,2.0,2.0,5.0,3.0,81.01,36.45,54.88,55.58,50.0
Italy,ITA,20220409,1.0,1.0,1.0,0.0,1.0,0.0,0.0,1.0,2.0,3.0,2.0,2.0,5.0,3.0,81.02,36.45,54.87,55.58,50.0
Italy,ITA,20220410,1.0,1.0,1.0,0.0,1.0,0.0,0.0,1.0,2.0,3.0,2.0,2.0,5.0,3.0,81.02,36.45,54.87,55.58,50.0
Italy,ITA,20220411,1.0,1.0,1.0,0.0,1.0,0.0,0.0,1.0,2.0,3.0,2.0,2.0,5.0,3.0,81.03,36.45,54.87,55.58,50.0
Italy,ITA,20220412,1.0,1.0,1.0,0.0,1.0,0.0,0.0,1.0,2.0,3.0,2.0,2.0,5.0,3.0,81.03,36.45,54.87,55.58,50.0
Italy,ITA,20220413,1.0,1.0,1.0,0.0,1.0,0.0,0.0,1.0,2.0,3.0,2.0,2.0,5.0,3.0,81.04,36.45,54.87,55.58,50.0
Italy,ITA,20220414,1.0,1.0,1.0,0.0,1.0,0.0,0.0,1.0,2.0,3.0,2.0,2.0,5.0,3.0,81.04,36.45,54.87,55.58,50.0
Italy,ITA,20220415,1.0,1.0,1.0,0.0,1.0,0.0,0.0,1.0,2.0,3.0,2.0,2.0,5.0,3.0,81.05,36.44,54.87,55.57,50.0
Italy,ITA,20220416,1.0,1.0,1.0,0.0,1.0,0.0,0.0,1.0,2.0,3.0,2.0,2.0,5.0,3.0,81.05,36.44,54.87,55.57,50.0
Italy,ITA,20220417,1.0,1.0,1.0,0.0,1.0,0.0,0.0,1.0,2.0,3.0,2.0,2.0,5.0,3.0,81.05,36.44,54.87,55.57,50.0
Italy,ITA,20220418,1.0,1.0,1.0,0.0,1.0,0.0,0.0,1.0,2.0,3.0,2.0,2.0,5.0,3.0,81.05,36.44,54.87,55.57,50.0
Italy,ITA,20220419,1.0,1.0,1.0,0.0,1.0,0.0,0.0,1.0,2.0,3.0,2.0,2.0,5.0,3.0,81.06,36.44,54.87,55.57,50.0
Italy,ITA,20220420,1.0,1.0,1.0,0.0,1.0,0.0,0.0,1.0,2.0,3.0,2.0,2.0,5.0,3.0,81.06,36.44,54.87,55.57,50.0
Italy,ITA,20220421,1.0,1.0,1.0,0.0,1.0,0.0,0.0,1.0,2.0,3.0,2.0,2.0,5.0,3.0,81.07,36.44,54.87,55.57,50.0
Italy,ITA,20220422,1.0,1.0,1.0,0.0,1.0,0.0,0.0,1.0,2.0,3.0,2.0,2.0,5.0,3.0,81.07,36.44,54.87,55.57,50.0
Italy,ITA,20220423,1.0,1.0,1.0,0.0,1.0,0.0,0.0,1.0,2.0,3.0,2.0,2.0,5.0,3.0,81.08,36.44,54.87,55.57,50.0
Italy,ITA,20220424,1.0,1.0,1.0,0.0,1.0,0.0,0.0,1.0,2.0,3.0,2.0,2.0,5.0,3.0,81.08,36.44,54.87,55.57,50.0
Italy,ITA,20220425,1.0,1.0,1.0,0.0,1.0,0.0,0.0,1.0,2.0,3.0,2.0,2.0,5.0,3.0,81.08,36.44,54.87,55.57,50.0
Italy,ITA,20220426,1.0,1.0,1.0,0.0,1.0,0.0,0.0,1.0,2.0,3.0,2.0,2.0,5.0,3.0,81.08,36.44,54.87,55.57,50.0
Italy,ITA,20220427,1.0,1.0,1.0,0.0,1.0,0.0,0.0,1.0,2.0,3.0,2.0,2.0,5.0,3.0,81.09,36.44,54.87,55.57,50.0
Italy,ITA,20220428,1.0,1.0,1.0,0.0,1.0,0.0,0.0,1.0,2.0,3.0,2.0,2.0,5.0,3.0,81.09,36.44,54.87,55.57,50.0
Italy,ITA,20220429,1.0,1.0,1.0,0.0,1.0,0.0,0.0,1.0,2.0,3.0,2.0,2.0,5.0,3.0,81.09,36.44,54.87,55.57,50.0
Italy,ITA,20220430,1.0,1.0,1.0,0.0,1.0,0.0,0.0,1.0,2.0,3.0,2.0,2.0,5.0,3.0,81.09,36.44,54.87,55.57,50.0
Italy,ITA,20220501,1.0,1.0,0.0,0.0,0.0,0.0,0.0,1.0,2.0,3.0,2.0,2.0,5.0,3.0,81.09,22.53,47.04,46.62,50.0
Italy,ITA,20220502,1.0,1.0,0.0,0.0,0.0,0.0,0.0,1.0,2.0,3.0,2.0,2.0,5.0,3.0,81.1,22.52,47.04,46.62,50.0
Italy,ITA,20220503,1.0,1.0,0.0,0.0,0.0,0.0,0.0,1.0,2.0,3.0,2.0,2.0,5.0,3.0,81.1,22.52,47.04,46.62,50.0
Italy,ITA,20220504,1.0,1.0,0.0,0.0,0.0,0.0,0.0,1.0,2.0,3.0,2.0,2.0,5.0,3.0,81.1,22.52,47.04,46.62,50.0
Italy,ITA,20220505,1.0,1.0,0.0,0.0,0.0,0.0,0.0,1.0,2.0,3.0,2.0,2.0,5.0,3.0,81.1,22.52,47.04,46.62,50.0
Italy,ITA,20220506,1.0,1.0,0.0,0.0,0.0,0.0,0.0,1.0,2.0,3.0,2.0,2.0,5.0,3.0,81.11,22.52,47.04,46.62,50.0
Italy,ITA,20220507,1.0,1.0,0.0,0.0,0.0,0.0,0.0,1.0,2.0,3.0,2.0,2.0,5.0,3.0,81.11,22.52,47.04,46.62,50.0
Italy,ITA,20220508,1.0,1.0,0.0,0.0,0.0,0.0,0.0,1.0,2.0,3.0,2.0,2.0,5.0,3.0,81.11,22.52,47.04,46.62,50.0
Italy,ITA,20220509,1.0,1.0,0.0,0.0,0.0,0.0,0.0,1.0,2.0,3.0,2.0,2.0,5.0,3.0,81.11,22.52,47.04,46.62,50.0
Italy,ITA,20220510,1.0,1.0,0.0,0.0,0.0,0.0,0.0,1.0,2.0,3.0,2.0,2.0,5.0,3.0,81.11,22.52,47.04,46.62,50.0
Italy,ITA,20220511,1.0,1.0,0.0,0.0,0.0,0.0,0.0,1.0,2.0,3.0,2.0,2.0,5.0,3.0,81.11,22.52,47.04,46.62,50.0
Italy,ITA,20220512,1.0,1.0,0.0,0.0,0.0,0.0,0.0,1.0,2.0,3.0,2.0,2.0,5.0,3.0,81.12,22.52,47.04,46.62,50.0
Italy,ITA,20220513,1.0,1.0,0.0,0.0,0.0,0.0,0.0,1.0,2.0,3.0,2.0,2.0,5.0,3.0,81.12,22.52,47.04,46.62,50.0
Italy,ITA,20220514,1.0,1.0,0.0,0.0,0.0,0.0,0.0,1.0,2.0,3.0,2.0,2.0,5.0,3.0,81.12,22.52,47.04,46.62,50.0
Italy,ITA,20220515,1.0,1.0,0.0,0.0,0.0,0.0,0.0,1.0,2.0,3.0,2.0,2.0,5.0,3.0,81.12,22.52,47.04,46.62,50.0
Italy,ITA,20220516,1.0,1.0,0.0,0.0,0.0,0.0,0.0,1.0,2.0,3.0,2.0,2.0,5.0,3.0,81.12,22.52,47.04,46.62,50.0
Italy,ITA,20220517,1.0,1.0,0.0,0.0,0.0,0.0,0.0,1.0,2.0,3.0,2.0,2.0,5.0,3.0,81.12,22.52,47.04,46.62,50.0
Italy,ITA,20220518,1.0,1.0,0.0,0.0,0.0,0.0,0.0,1.0,2.0,3.0,2.0,2.0,5.0,3.0,81.12,22.52,47.04,46.62,50.0
Italy,ITA,20220519,1.0,1.0,0.0,0.0,0.0,0.0,0.0,1.0,2.0,3.0,2.0,2.0,5.0,3.0,81.13,22.52,47.04,46.62,50.0
Italy,ITA,20220520,1.0,1.0,0.0,0.0,0.0,0.0,0.0,1.0,2.0,3.0,2.0,2.0,5.0,3.0,81.13,22.52,47.04,46.62,50.0
Italy,ITA,20220521,1.0,1.0,0.0,0.0,0.0,0.0,0.0,1.0,2.0,3.0,2.0,2.0,5.0,3.0,81.13,22.52,47.04,46.62,50.0
Italy,ITA,20220522,1.0,1.0,0.0,0.0,0.0,0.0,0.0,1.0,2.0,3.0,2.0,2.0,5.0,3.0,81.13,22.52,47.04,46.62,50.0
Italy,ITA,20220523,1.0,1.0,0.0,0.0,0.0,0.0,0.0,1.0,2.0,3.0,2.0,2.0,5.0,3.0,81.13,22.52,47.04,46.62,50.0
Italy,ITA,20220524,1.0,1.0,0.0,0.0,0.0,0.0,0.0,1.0,2.0,3.0,2.0,2.0,5.0,3.0,81.13,22.52,47.04,46.62,50.0
Italy,ITA,20220525,1.0,1.0,0.0,0.0,0.0,0.0,0.0,1.0,2.0,3.0,2.0,2.0,5.0,3.0,81.13,22.52,47.04,46.62,50.0
Italy,ITA,20220526,1.0,1.0,0.0,0.0,0.0,0.0,0.0,1.0,2.0,3.0,2.0,2.0,5.0,3.0,81.14,22.52,47.04,46.62,50.0
Italy,ITA,20220527,1.0,1.0,0.0,0.0,0.0,0.0,0.0,1.0,2.0,3.0,2.0,2.0,5.0,3.0,81.14,22.52,47.04,46.62,50.0
Italy,ITA,20220528,1.0,1.0,0.0,0.0,0.0,0.0,0.0,1.0,2.0,3.0,2.0,2.0,5.0,3.0,81.14,22.52,47.04,46.62,50.0
Italy,ITA,20220529,1.0,1.0,0.0,0.0,0.0,0.0,0.0,1.0,2.0,3.0,2.0,2.0,5.0,3.0,81.14,22.52,47.04,46.62,50.0
Italy,ITA,20220530,1.0,1.0,0.0,0.0,0.0,0.0,0.0,1.0,2.0,3.0,2.0,2.0,5.0,3.0,81.14,22.52,47.04,46.62,50.0
Italy,ITA,20220531,1.0,1.0,0.0,0.0,0.0,0.0,0.0,1.0,2.0,3.0,2.0,2.0,5.0,3.0,81.14,22.52,47.04,46.62,50.0
Italy,ITA,20220601,1.0,1.0,0.0,0.0,0.0,0.0,0.0,0.0,2.0,3.0,2.0,2.0,5.0,3.0,81.14,19.22,45.18,44.5,50.0
Italy,ITA,20220602,1.0,1.0,0.0,0.0,0.0,0.0,0.0,0.0,2.0,3.0,2.0,2.0,5.0,3.0,81.14,19.22,45.18,44.5,50.0
Italy,ITA,20220603,1.0,1.0,0.0,0.0,0.0,0.0,0.0,0.0,2.0,3.0,2.0,2.0,5.0,3.0,81.14,19.22,45.18,44.5,50.0
Italy,ITA,20220604,1.0,1.0,0.0,0.0,0.0,0.0,0.0,0.0,2.0,3.0,2.0,2.0,5.0,3.0,81.14,19.22,45.18,44.5,50.0
Italy,ITA,20220605,1.0,1.0,0.0,0.0,0.0,0.0,0.0,0.0,2.0,3.0,2.0,2.0,5.0,3.0,81.14,19.22,45.18,44.5,50.0
Italy,ITA,20220606,1.0,1.0,0.0,0.0,0.0,0.0,0.0,0.0,2.0,3.0,2.0,2.0,5.0,3.0,81.15,19.22,45.18,44.5,50.0
Italy,ITA,20220607,1.0,1.0,0.0,0.0,0.0,0.0,0.0,0.0,2.0,3.0,2.0,2.0,5.0,3.0,81.15,19.22,45.18,44.5,50.0
Italy,ITA,20220608,1.0,1.0,0.0,0.0,0.0,0.0,0.0,0.0,2.0,3.0,2.0,2.0,5.0,3.0,81.15,19.22,45.18,44.5,50.0
Italy,ITA,20220609,1.0,1.0,0.0,0.0,0.0,0.0,0.0,0.0,2.0,3.0,2.0,2.0,5.0,3.0,81.15,19.22,45.18,44.5,50.0
Italy,ITA,20220610,1.0,1.0,0.0,0.0,0.0,0.0,0.0,0.0,2.0,3.0,2.0,2.0,5.0,3.0,81.15,19.22,45.18,44.5,50.0
Italy,ITA,20220611,1.0,1.0,0.0,0.0,0.0,0.0,0.0,0.0,2.0,3.0,2.0,2.0,5.0,3.0,81.15,19.22,45.18,44.5,50.0
Italy,ITA,20220612,1.0,1.0,0.0,0.0,0.0,0.0,0.0,0.0,2.0,3.0,2.0,2.0,5.0,3.0,81.15,19.22,45.18,44.5,50.0
Italy,ITA,20220613,1.0,1.0,0.0,0.0,0.0,0.0,0.0,0.0,2.0,3.0,2.0,2.0,5.0,3.0,81.15,19.22,45.18,44.5,50.0
Italy,ITA,20220614,1.0,1.0,0.0,0.0,0.0,0.0,0.0,0.0,2.0,3.0,2.0,2.0,5.0,3.0,81.15,19.22,45.18,44.5,50.0
Italy,ITA,20220615,1.0,1.0,0.0,0.0,0.0,0.0,0.0,0.0,2.0,3.0,2.0,2.0,5.0,3.0,81.15,19.22,45.18,44.5,50.0
Italy,ITA,20220616,1.0,1.0,0.0,0.0,0.0,0.0,0.0,0.0,2.0,3.0,2.0,2.0,5.0,3.0,81.16,19.22,45.18,44.5,50.0
Italy,ITA,20220617,1.0,1.0,0.0,0.0,0.0,0.0,0.0,0.0,2.0,3.0,2.0,2.0,5.0,3.0,81.16,19.22,45.18,44.5,50.0
Italy,ITA,20220618,1.0,1.0,0.0,0.0,0.0,0.0,0.0,0.0,2.0,3.0,2.0,2.0,5.0,3.0,81.16,19.22,45.18,44.5,50.0
Italy,ITA,20220619,1.0,1.0,0.0,0.0,0.0,0.0,0.0,0.0,2.0,3.0,2.0,2.0,5.0,3.0,81.16,19.22,45.18,44.5,50.0
Italy,ITA,20220620,1.0,1.0,0.0,0.0,0.0,0.0,0.0,0.0,2.0,3.0,2.0,2.0,5.0,3.0,81.16,19.22,45.18,44.5,50.0
Italy,ITA,20220621,1.0,1.0,0.0,0.0,0.0,0.0,0.0,0.0,2.0,3.0,2.0,2.0,5.0,3.0,81.16,19.22,45.18,44.5,50.0
Italy,ITA,20220622,1.0,1.0,0.0,0.0,0.0,0.0,0.0,0.0,2.0,3.0,2.0,2.0,5.0,3.0,81.16,19.22,45.18,44.5,50.0
Italy,ITA,20220623,1.0,1.0,0.0,0.0,0.0,0.0,0.0,0.0,2.0,3.0,2.0,2.0,5.0,3.0,81.16,19.22,45.18,44.5,50.0
Italy,ITA,20220624,1.0,1.0,0.0,0.0,0.0,0.0,0.0,0.0,2.0,3.0,2.0,2.0,5.0,3.0,81.16,19.22,45.18,44.5,50.0
Italy,ITA,20220625,1.0,1.0,0.0,0.0,0.0,0.0,0.0,0.0,2.0,3.0,2.0,2.0,5.0,3.0,81.16,19.22,45.18,44.5,50.0
Italy,ITA,20220626,1.0,1.0,0.0,0.0,0.0,0.0,0.0,0.0,2.0,3.0,2.0,2.0,5.0,3.0,81.16,19.22,45.18,44.5,50.0
Italy,ITA,20220627,1.0,1.0,0.0,0.0,0.0,0.0,0.0,0.0,2.0,3.0,2.0,2.0,5.0,3.0,81.16,19.22,45.18,44.5,50.0
Italy,ITA,20220628,1.0,1.0,0.0,0.0,0.0,0.0,0.0,0.0,2.0,3.0,2.0,2.0,5.0,3.0,81.16,19.22,45.18,44.5,50.0
Italy,ITA,20220629,1.0,1.0,0.0,0.0,0.0,0.0,0.0,0.0,2.0,3.0,2.0,2.0,5.0,3.0,81.17,19.22,45.18,44.5,50.0
Italy,ITA,20220630,1.0,1.0,0.0,0.0,0.0,0.0,0.0,0.0,2.0,3.0,2.0,2.0,5.0,3.0,81.17,19.22,45.18,44.5,50.0
Italy,ITA,20220701,1.0,1.0,0.0,0.0,0.0,0.0,0.0,0.0,2.0,3.0,2.0,2.0,5.0,3.0,81.17,19.22,45.18,44.5,50.0
Italy,ITA,20220702,1.0,1.0,0.0,0.0,0.0,0.0,0.0,0.0,2.0,3.0,2.0,2.0,5.0,3.0,81.17,19.22,45.18,44.5,50.0
Italy,ITA,20220703,1.0,1.0,0.0,0.0,0.0,0.0,0.0,0.0,2.0,3.0,2.0,2.0,5.0,3.0,81.17,19.22,45.18,44.5,50.0
Italy,ITA,20220704,1.0,1.0,0.0,0.0,0.0,0.0,0.0,0.0,2.0,3.0,2.0,2.0,5.0,3.0,81.17,19.22,45.18,44.5,50.0
Italy,ITA,20220705,1.0,1.0,0.0,0.0,0.0,0.0,0.0,0.0,2.0,3.0,2.0,2.0,5.0,3.0,81.17,19.22,45.18,44.5,50.0
Italy,ITA,20220706,1.0,1.0,0.0,0.0,0.0,0.0,0.0,0.0,2.0,3.0,2.0,2.0,5.0,3.0,81.17,19.22,45.18,44.5,50.0
Italy,ITA,20220707,1.0,1.0,0.0,0.0,0.0,0.0,0.0,0.0,2.0,3.0,2.0,2.0,5.0,3.0,81.17,19.22,45.18,44.5,50.0
Italy,ITA,20220708,1.0,1.0,0.0,0.0,0.0,0.0,0.0,0.0,2.0,3.0,2.0,2.0,5.0,3.0,81.17,19.22,45.18,44.5,50.0
Italy,ITA,20220709,1.0,1.0,0.0,0.0,0.0,0.0,0.0,0.0,2.0,3.0,2.0,2.0,5.0,3.0,81.17,19.22,45.18,44.5,50.0
Italy,ITA,20220710,1.0,1.0,0.0,0.0,0.0,0.0,0.0,0.0,2.0,3.0,2.0,2.0,5.0,3.0,81.17,19.22,45.18,44.5,50.0
Italy,ITA,20220711,1.0,1.0,0.0,0.0,0.0,0.0,0.0,0.0,2.0,3.0,2.0,2.0,5.0,3.0,81.17,19.22,45.18,44.5,50.0
Italy,ITA,20220712,1.0,1.0,0.0,0.0,0.0,0.0,0.0,0.0,2.0,3.0,2.0,2.0,5.0,3.0,81.17,19.22,45.18,44.5,50.0
Italy,ITA,20220713,1.0,1.0,0.0,0.0,0.0,0.0,0.0,0.0,2.0,3.0,2.0,2.0,5.0,3.0,81.17,19.22,45.18,44.5,50.0
Italy,ITA,20220714,1.0,1.0,0.0,0.0,0.0,0.0,0.0,0.0,2.0,3.0,2.0,2.0,5.0,3.0,81.18,19.22,45.18,44.5,50.0
Italy,ITA,20220715,1.0,1.0,0.0,0.0,0.0,0.0,0.0,0.0,2.0,3.0,2.0,2.0,5.0,3.0,81.18,19.22,45.18,44.5,50.0
Italy,ITA,20220716,1.0,1.0,0.0,0.0,0.0,0.0,0.0,0.0,2.0,3.0,2.0,2.0,5.0,3.0,81.18,19.22,45.18,44.5,50.0
Italy,ITA,20220717,1.0,1.0,0.0,0.0,0.0,0.0,0.0,0.0,2.0,3.0,2.0,2.0,5.0,3.0,81.18,19.22,45.18,44.5,50.0
Italy,ITA,20220718,1.0,1.0,0.0,0.0,0.0,0.0,0.0,0.0,2.0,3.0,2.0,2.0,5.0,3.0,81.18,19.22,45.18,44.5,50.0
Italy,ITA,20220719,1.0,1.0,0.0,0.0,0.0,0.0,0.0,0.0,2.0,3.0,2.0,2.0,5.0,3.0,81.18,19.22,45.18,44.5,50.0
Italy,ITA,20220720,1.0,1.0,0.0,0.0,0.0,0.0,0.0,0.0,2.0,3.0,2.0,2.0,5.0,3.0,81.18,19.22,45.18,44.5,50.0
Italy,ITA,20220721,1.0,1.0,0.0,0.0,0.0,0.0,0.0,0.0,2.0,3.0,2.0,2.0,5.0,3.0,81.18,19.22,45.18,44.5,50.0
Italy,ITA,20220722,1.0,1.0,0.0,0.0,0.0,0.0,0.0,0.0,2.0,3.0,2.0,2.0,5.0,3.0,81.18,19.22,45.18,44.5,50.0
Italy,ITA,20220723,1.0,1.0,0.0,0.0,0.0,0.0,0.0,0.0,2.0,3.0,2.0,2.0,5.0,3.0,81.18,19.22,45.18,44.5,50.0
Italy,ITA,20220724,1.0,1.0,0.0,0.0,0.0,0.0,0.0,0.0,2.0,3.0,2.0,2.0,5.0,3.0,81.18,19.22,45.18,44.5,50.0
Italy,ITA,20220725,1.0,1.0,0.0,0.0,0.0,0.0,0.0,0.0,2.0,3.0,2.0,2.0,5.0,3.0,81.18,19.22,45.18,44.5,50.0
Italy,ITA,20220726,1.0,1.0,0.0,0.0,0.0,0.0,0.0,0.0,2.0,3.0,2.0,2.0,5.0,3.0,81.18,19.22,45.18,44.5,50.0
Italy,ITA,20220727,1.0,1.0,0.0,0.0,0.0,0.0,0.0,0.0,2.0,3.0,2.0,2.0,5.0,3.0,81.18,19.22,45.18,44.5,50.0
Italy,ITA,20220728,1.0,1.0,0.0,0.0,0.0,0.0,0.0,0.0,2.0,3.0,2.0,2.0,5.0,3.0,81.19,19.22,45.18,44.5,50.0
Italy,ITA,20220729,1.0,1.0,0.0,0.0,0.0,0.0,0.0,0.0,2.0,3.0,2.0,2.0,5.0,3.0,81.19,19.22,45.18,44.5,50.0
Italy,ITA,20220730,1.0,1.0,0.0,0.0,0.0,0.0,0.0,0.0,2.0,3.0,2.0,2.0,5.0,3.0,81.19,19.22,45.18,44.5,50.0
Italy,ITA,20220731,1.0,1.0,0.0,0.0,0.0,0.0,0.0,0.0,2.0,3.0,2.0,2.0,5.0,3.0,81.19,19.22,45.18,44.5,50.0
Italy,ITA,20220801,1.0,1.0,0.0,0.0,0.0,0.0,0.0,0.0,2.0,3.0,2.0,2.0,5.0,3.0,81.19,19.22,45.18,44.5,50.0
Italy,ITA,20220802,1.0,1.0,0.0,0.0,0.0,0.0,0.0,0.0,2.0,3.0,2.0,2.0,5.0,3.0,81.19,19.22,45.18,44.5,50.0
Italy,ITA,20220803,1.0,1.0,0.0,0.0,0.0,0.0,0.0,0.0,2.0,3.0,2.0,2.0,5.0,3.0,81.19,19.22,45.18,44.5,50.0
Italy,ITA,20220804,1.0,1.0,0.0,0.0,0.0,0.0,0.0,0.0,2.0,3.0,2.0,2.0,5.0,3.0,81.19,19.22,45.18,44.5,50.0
Italy,ITA,20220805,1.0,1.0,0.0,0.0,0.0,0.0,0.0,0.0,2.0,3.0,2.0,2.0,5.0,3.0,81.19,19.22,45.18,44.5,50.0
Italy,ITA,20220806,1.0,1.0,0.0,0.0,0.0,0.0,0.0,0.0,2.0,3.0,2.0,2.0,5.0,3.0,81.19,19.22,45.18,44.5,50.0
Italy,ITA,20220807,1.0,1.0,0.0,0.0,0.0,0.0,0.0,0.0,2.0,3.0,2.0,2.0,5.0,3.0,81.19,19.22,45.18,44.5,50.0
Italy,ITA,20220808,1.0,1.0,0.0,0.0,0.0,0.0,0.0,0.0,2.0,3.0,2.0,2.0,5.0,3.0,81.19,19.22,45.18,44.5,50.0
Italy,ITA,20220809,1.0,1.0,0.0,0.0,0.0,0.0,0.0,0.0,2.0,3.0,2.0,2.0,5.0,3.0,81.19,19.22,45.18,44.5,50.0
Italy,ITA,20220810,1.0,1.0,0.0,0.0,0.0,0.0,0.0,0.0,2.0,3.0,2.0,2.0,5.0,3.0,81.19,19.22,45.18,44.5,50.0
Italy,ITA,20220811,1.0,1.0,0.0,0.0,0.0,0.0,0.0,0.0,2.0,3.0,2.0,2.0,5.0,3.0,81.19,19.22,45.18,44.5,50.0
Italy,ITA,20220812,1.0,1.0,0.0,0.0,0.0,0.0,0.0,0.0,2.0,3.0,2.0,2.0,5.0,3.0,81.19,19.22,45.18,44.5,50.0
Italy,ITA,20220813,1.0,1.0,0.0,0.0,0.0,0.0,0.0,0.0,2.0,3.0,2.0,2.0,5.0,3.0,81.19,19.22,45.18,44.5,50.0
Italy,ITA,20220814,1.0,1.0,0.0,0.0,0.0,0.0,0.0,0.0,2.0,3.0,2.0,2.0,5.0,3.0,81.19,19.22,45.18,44.5,50.0
Italy,ITA,20220815,1.0,1.0,0.0,0.0,0.0,0.0,0.0,0.0,2.0,3.0,2.0,2.0,5.0,3.0,81.19,19.22,45.18,44.5,50.0
Italy,ITA,20220816,1.0,1.0,0.0,0.0,0.0,0.0,0.0,0.0,2.0,3.0,2.0,2.0,5.0,3.0,81.19,19.22,45.18,44.5,50.0
Italy,ITA,20220817,1.0,1.0,0.0,0.0,0.0,0.0,0.0,0.0,2.0,3.0,2.0,2.0,5.0,3.0,81.19,19.22,45.18,44.5,50.0
Italy,ITA,20220818,1.0,1.0,0.0,0.0,0.0,0.0,0.0,0.0,2.0,3.0,2.0,2.0,5.0,3.0,81.2,19.22,45.18,44.5,50.0
Italy,ITA,20220819,1.0,1.0,0.0,0.0,0.0,0.0,0.0,0.0,2.0,3.0,2.0,2.0,5.0,3.0,81.2,19.22,45.18,44.5,50.0
Italy,ITA,20220820,1.0,1.0,0.0,0.0,0.0,0.0,0.0,0.0,2.0,3.0,2.0,2.0,5.0,3.0,81.2,19.22,45.18,44.5,50.0
Italy,ITA,20220821,1.0,1.0,0.0,0.0,0.0,0.0,0.0,0.0,2.0,3.0,2.0,2.0,5.0,3.0,81.2,19.22,45.18,44.5,50.0
Italy,ITA,20220822,1.0,1.0,0.0,0.0,0.0,0.0,0.0,0.0,2.0,3.0,2.0,2.0,5.0,3.0,81.2,19.22,45.18,44.5,50.0
Italy,ITA,20220823,1.0,1.0,0.0,0.0,0.0,0.0,0.0,0.0,2.0,3.0,2.0,2.0,5.0,3.0,81.2,19.22,45.18,44.5,50.0
Italy,ITA,20220824,1.0,1.0,0.0,0.0,0.0,0.0,0.0,0.0,2.0,3.0,2.0,2.0,5.0,3.0,81.2,19.22,45.18,44.5,50.0
Italy,ITA,20220825,1.0,1.0,0.0,0.0,0.0,0.0,0.0,0.0,2.0,3.0,2.0,2.0,5.0,3.0,81.2,19.22,45.18,44.5,50.0
Italy,ITA,20220826,1.0,1.0,0.0,0.0,0.0,0.0,0.0,0.0,2.0,3.0,2.0,2.0,5.0,3.0,81.2,19.22,45.18,44.5,50.0
Italy,ITA,20220827,1.0,1.0,0.0,0.0,0.0,0.0,0.0,0.0,2.0,3.0,2.0,2.0,5.0,3.0,81.2,19.22,45.18,44.5,50.0
Italy,ITA,20220828,1.0,1.0,0.0,0.0,0.0,0.0,0.0,0.0,2.0,3.0,2.0,2.0,5.0,3.0,81.2,19.22,45.18,44.5,50.0
Italy,ITA,20220829,1.0,1.0,0.0,0.0,0.0,0.0,0.0,0.0,2.0,3.0,2.0,2.0,5.0,3.0,81.2,19.22,45.18,44.5,50.0
Italy,ITA,20220830,1.0,1.0,0.0,0.0,0.0,0.0,0.0,0.0,2.0,3.0,2.0,2.0,5.0,3.0,81.2,19.22,42.06,44.5,25.0
Italy,ITA,20220831,1.0,1.0,0.0,0.0,0.0,0.0,0.0,0.0,2.0,3.0,2.0,2.0,5.0,3.0,81.2,19.22,42.06,44.5,25.0
Italy,ITA,20220901,0.0,1.0,0.0,0.0,0.0,0.0,0.0,0.0,2.0,3.0,2.0,2.0,5.0,3.0,81.2,15.51,39.97,42.12,25.0
Italy,ITA,20220902,0.0,1.0,0.0,0.0,0.0,0.0,0.0,0.0,2.0,3.0,2.0,2.0,5.0,3.0,81.2,15.51,39.97,42.12,25.0
Italy,ITA,20220903,0.0,1.0,0.0,0.0,0.0,0.0,0.0,0.0,2.0,3.0,2.0,2.0,5.0,3.0,81.2,15.51,39.97,42.12,25.0
Italy,ITA,20220904,0.0,1.0,0.0,0.0,0.0,0.0,0.0,0.0,2.0,3.0,2.0,2.0,5.0,3.0,81.2,15.51,39.97,42.12,25.0
Italy,ITA,20220905,0.0,1.0,0.0,0.0,0.0,0.0,0.0,0.0,2.0,3.0,2.0,2.0,5.0,3.0,81.2,15.51,39.97,42.12,25.0
Italy,ITA,20220906,0.0,1.0,0.0,0.0,0.0,0.0,0.0,0.0,2.0,3.0,2.0,2.0,5.0,3.0,81.2,15.51,39.97,42.12,25.0
Italy,ITA,20220907,0.0,1.0,0.0,0.0,0.0,0.0,0.0,0.0,2.0,3.0,2.0,2.0,5.0,3.0,81.2,15.51,39.97,42.12,25.0
Italy,ITA,20220908,0.0,1.0,0.0,0.0,0.0,0.0,0.0,0.0,2.0,3.0,2.0,2.0,5.0,3.0,81.21,15.51,39.97,42.12,25.0
Italy,ITA,20220909,0.0,1.0,0.0,0.0,0.0,0.0,0.0,0.0,2.0,3.0,2.0,2.0,5.0,3.0,81.21,15.51,39.97,42.12,25.0
Italy,ITA,20220910,0.0,1.0,0.0,0.0,0.0,0.0,0.0,0.0,2.0,3.0,2.0,2.0,5.0,3.0,81.21,15.51,39.97,42.12,25.0
Italy,ITA,20220911,0.0,1.0,0.0,0.0,0.0,0.0,0.0,0.0,2.0,3.0,2.0,2.0,5.0,3.0,81.21,15.51,39.97,42.12,25.0
Italy,ITA,20220912,0.0,1.0,0.0,0.0,0.0,0.0,0.0,0.0,2.0,3.0,2.0,2.0,5.0,3.0,81.21,15.51,39.97,42.12,25.0
Italy,ITA,20220913,0.0,1.0,0.0,0.0,0.0,0.0,0.0,0.0,2.0,3.0,2.0,2.0,5.0,3.0,81.21,15.51,39.97,42.12,25.0
Italy,ITA,20220914,0.0,1.0,0.0,0.0,0.0,0.0,0.0,0.0,2.0,3.0,2.0,2.0,5.0,3.0,81.21,15.51,39.97,42.12,25.0
Italy,ITA,20220915,0.0,1.0,0.0,0.0,0.0,0.0,0.0,0.0,2.0,3.0,2.0,2.0,5.0,3.0,81.21,15.51,39.97,42.12,25.0
Italy,ITA,20220916,0.0,1.0,0.0,0.0,0.0,0.0,0.0,0.0,2.0,3.0,2.0,2.0,5.0,3.0,81.21,15.51,39.97,42.12,25.0
Italy,ITA,20220917,0.0,1.0,0.0,0.0,0.0,0.0,0.0,0.0,2.0,3.0,2.0,2.0,5.0,3.0,81.21,15.51,39.97,42.12,25.0
Italy,ITA,20220918,0.0,1.0,0.0,0.0,0.0,0.0,0.0,0.0,2.0,3.0,2.0,2.0,5.0,3.0,81.21,15.51,39.97,42.12,25.0
Italy,ITA,20220919,0.0,1.0,0.0,0.0,0.0,0.0,0.0,0.0,2.0,3.0,2.0,2.0,5.0,3.0,81.21,15.51,39.97,42.12,25.0
Italy,ITA,20220920,0.0,1.0,0.0,0.0,0.0,0.0,0.0,0.0,2.0,3.0,2.0,2.0,5.0,3.0,81.21,15.51,39.97,42.12,25.0
Italy,ITA,20220921,0.0,1.0,0.0,0.0,0.0,0.0,0.0,0.0,2.0,3.0,2.0,2.0,5.0,3.0,81.21,15.51,39.97,42.12,25.0
Italy,ITA,20220922,0.0,1.0,0.0,0.0,0.0,0.0,0.0,0.0,2.0,3.0,2.0,2.0,5.0,3.0,81.21,15.51,39.97,42.12,25.0
Italy,ITA,20220923,0.0,1.0,0.0,0.0,0.0,0.0,0.0,0.0,2.0,3.0,2.0,2.0,5.0,3.0,81.21,15.51,39.97,42.12,25.0
Italy,ITA,20220924,0.0,1.0,0.0,0.0,0.0,0.0,0.0,0.0,2.0,3.0,2.0,2.0,5.0,3.0,81.21,15.51,39.97,42.12,25.0
Italy,ITA,20220925,0.0,1.0,0.0,0.0,0.0,0.0,0.0,0.0,2.0,3.0,2.0,2.0,5.0,3.0,81.21,15.51,39.97,42.12,25.0
Italy,ITA,20220926,0.0,1.0,0.0,0.0,0.0,0.0,0.0,0.0,2.0,3.0,2.0,2.0,5.0,3.0,81.21,15.51,39.97,42.12,25.0
Italy,ITA,20220927,0.0,1.0,0.0,0.0,0.0,0.0,0.0,0.0,2.0,3.0,2.0,2.0,5.0,3.0,81.21,15.51,39.97,42.12,25.0
Italy,ITA,20220928,0.0,1.0,0.0,0.0,0.0,0.0,0.0,0.0,2.0,3.0,2.0,2.0,5.0,3.0,81.21,15.51,39.97,42.12,25.0
Italy,ITA,20220929,0.0,1.0,0.0,0.0,0.0,0.0,0.0,0.0,2.0,3.0,2.0,2.0,5.0,3.0,81.21,15.51,39.97,42.12,25.0
Italy,ITA,20220930,0.0,1.0,0.0,0.0,0.0,0.0,0.0,0.0,2.0,3.0,2.0,2.0,5.0,3.0,81.21,15.51,39.97,42.12,25.0
Italy,ITA,20221001,0.0,1.0,0.0,0.0,0.0,0.0,0.0,0.0,2.0,3.0,2.0,2.0,5.0,3.0,81.21,15.51,39.97,42.12,25.0
Italy,ITA,20221002,0.0,1.0,0.0,0.0,0.0,0.0,0.0,0.0,2.0,3.0,2.0,2.0,5.0,3.0,81.21,15.51,39.97,42.12,25.0
Italy,ITA,20221003,0.0,1.0,0.0,0.0,0.0,0.0,0.0,0.0,2.0,3.0,2.0,2.0,5.0,3.0,81.21,15.51,39.97,42.12,25.0
Italy,ITA,20221004,0.0,1.0,0.0,0.0,0.0,0.0,0.0,0.0,2.0,3.0,2.0,2.0,5.0,3.0,81.21,15.51,39.97,42.12,25.0
Italy,ITA,20221005,0.0,1.0,0.0,0.0,0.0,0.0,0.0,0.0,2.0,3.0,2.0,2.0,5.0,3.0,81.21,15.51,39.97,42.12,25.0
Italy,ITA,20221006,0.0,1.0,0.0,0.0,0.0,0.0,0.0,0.0,2.0,3.0,2.0,2.0,5.0,3.0,81.22,15.51,39.97,42.12,25.0
Italy,ITA,20221007,0.0,1.0,0.0,0.0,0.0,0.0,0.0,0.0,2.0,3.0,2.0,2.0,5.0,3.0,81.22,15.51,39.97,42.12,25.0
Italy,ITA,20221008,0.0,1.0,0.0,0.0,0.0,0.0,0.0,0.0,2.0,3.0,2.0,2.0,5.0,3.0,81.22,15.51,39.97,42.12,25.0
Italy,ITA,20221009,0.0,1.0,0.0,0.0,0.0,0.0,0.0,0.0,2.0,3.0,2.0,2.0,5.0,3.0,81.22,15.51,39.97,42.12,25.0
Italy,ITA,20221010,0.0,1.0,0.0,0.0,0.0,0.0,0.0,0.0,2.0,3.0,2.0,2.0,5.0,3.0,81.22,15.51,39.97,42.12,25.0
Italy,ITA,20221011,0.0,1.0,0.0,0.0,0.0,0.0,0.0,0.0,2.0,3.0,2.0,2.0,5.0,3.0,81.22,15.51,39.97,42.12,25.0
Italy,ITA,20221012,0.0,1.0,0.0,0.0,0.0,0.0,0.0,0.0,2.0,3.0,2.0,2.0,5.0,3.0,81.22,15.51,39.97,42.12,25.0
Italy,ITA,20221013,0.0,1.0,0.0,0.0,0.0,0.0,0.0,0.0,2.0,3.0,2.0,2.0,5.0,3.0,81.22,15.51,39.97,42.12,25.0
Italy,ITA,20221014,0.0,1.0,0.0,0.0,0.0,0.0,0.0,0.0,2.0,3.0,2.0,2.0,5.0,3.0,81.22,15.51,39.97,42.12,25.0
Italy,ITA,20221015,0.0,1.0,0.0,0.0,0.0,0.0,0.0,0.0,2.0,3.0,2.0,2.0,5.0,3.0,81.22,15.51,39.97,42.12,25.0
Italy,ITA,20221016,0.0,1.0,0.0,0.0,0.0,0.0,0.0,0.0,2.0,3.0,2.0,2.0,5.0,3.0,81.22,15.51,39.97,42.12,25.0
Italy,ITA,20221017,0.0,1.0,0.0,0.0,0.0,0.0,0.0,0.0,2.0,3.0,2.0,2.0,5.0,3.0,81.22,15.51,39.97,42.12,25.0
Italy,ITA,20221018,0.0,1.0,0.0,0.0,0.0,0.0,0.0,0.0,2.0,3.0,2.0,2.0,5.0,3.0,81.22,15.51,39.97,42.12,25.0
Italy,ITA,20221019,0.0,1.0,0.0,0.0,0.0,0.0,0.0,0.0,2.0,3.0,2.0,2.0,5.0,3.0,81.22,15.51,39.97,42.12,25.0
Italy,ITA,20221020,0.0,1.0,0.0,0.0,0.0,0.0,0.0,0.0,2.0,3.0,2.0,2.0,5.0,3.0,81.22,15.51,39.97,42.12,25.0
Italy,ITA,20221021,0.0,1.0,0.0,0.0,0.0,0.0,0.0,0.0,2.0,3.0,2.0,2.0,5.0,3.0,81.22,15.51,39.97,42.12,25.0
Italy,ITA,20221022,0.0,1.0,0.0,0.0,0.0,0.0,0.0,0.0,2.0,3.0,2.0,2.0,5.0,3.0,81.22,15.51,39.97,42.12,25.0
Italy,ITA,20221023,0.0,1.0,0.0,0.0,0.0,0.0,0.0,0.0,2.0,3.0,2.0,2.0,5.0,3.0,81.22,15.51,39.97,42.12,25.0
Italy,ITA,20221024,0.0,1.0,0.0,0.0,0.0,0.0,0.0,0.0,2.0,3.0,2.0,2.0,5.0,3.0,81.22,15.51,39.97,42.12,25.0
Italy,ITA,20221025,0.0,1.0,0.0,0.0,0.0,0.0,0.0,0.0,2.0,3.0,2.0,2.0,5.0,3.0,81.22,15.51,39.97,42.12,25.0
Italy,ITA,20221026,0.0,1.0,0.0,0.0,0.0,0.0,0.0,0.0,2.0,3.0,2.0,2.0,5.0,3.0,81.22,15.51,39.97,42.12,25.0
Italy,ITA,20221027,0.0,1.0,0.0,0.0,0.0,0.0,0.0,0.0,2.0,3.0,2.0,2.0,5.0,3.0,81.22,15.51,39.97,42.12,25.0
Italy,ITA,20221028,0.0,1.0,0.0,0.0,0.0,0.0,0.0,0.0,2.0,3.0,2.0,2.0,5.0,3.0,81.22,15.51,39.97,42.12,25.0
Italy,ITA,20221029,0.0,1.0,0.0,0.0,0.0,0.0,0.0,0.0,2.0,3.0,2.0,2.0,5.0,3.0,81.22,15.51,39.97,42.12,25.0
Italy,ITA,20221030,0.0,1.0,0.0,0.0,0.0,0.0,0.0,0.0,2.0,3.0,2.0,2.0,5.0,3.0,81.22,15.51,39.97,42.12,25.0
Italy,ITA,20221031,0.0,1.0,0.0,0.0,0.0,0.0,0.0,0.0,2.0,3.0,2.0,2.0,5.0,3.0,81.22,15.51,39.97,42.12,25.0
Italy,ITA,20221101,0.0,1.0,0.0,0.0,0.0,0.0,0.0,0.0,2.0,3.0,2.0,2.0,5.0,3.0,81.22,15.51,39.97,42.12,25.0
Italy,ITA,20221102,0.0,1.0,0.0,0.0,0.0,0.0,0.0,0.0,2.0,3.0,2.0,2.0,5.0,3.0,81.22,15.51,39.97,42.12,25.0
Italy,ITA,20221103,0.0,1.0,0.0,0.0,0.0,0.0,0.0,0.0,2.0,3.0,2.0,2.0,5.0,3.0,81.22,15.51,39.97,42.12,25.0
Italy,ITA,20221104,0.0,1.0,0.0,0.0,0.0,0.0,0.0,0.0,2.0,3.0,2.0,2.0,5.0,3.0,81.22,15.51,39.97,42.12,25.0
Italy,ITA,20221105,0.0,1.0,0.0,0.0,0.0,0.0,0.0,0.0,2.0,3.0,2.0,2.0,5.0,3.0,81.22,15.51,39.97,42.12,25.0
Italy,ITA,20221106,0.0,1.0,0.0,0.0,0.0,0.0,0.0,0.0,2.0,3.0,2.0,2.0,5.0,3.0,81.22,15.51,39.97,42.12,25.0
Italy,ITA,20221107,0.0,1.0,0.0,0.0,0.0,0.0,0.0,0.0,2.0,3.0,2.0,2.0,5.0,3.0,81.22,15.51,39.97,42.12,25.0
Italy,ITA,20221108,0.0,1.0,0.0,0.0,0.0,1.0,0.0,0.0,2.0,3.0,2.0,2.0,5.0,3.0,81.22,19.21,42.06,44.5,25.0
Italy,ITA,20221109,0.0,1.0,0.0,0.0,0.0,1.0,0.0,0.0,2.0,3.0,2.0,2.0,5.0,3.0,81.23,19.21,42.06,44.5,25.0
Italy,ITA,20221110,0.0,1.0,0.0,0.0,0.0,1.0,0.0,0.0,2.0,3.0,2.0,2.0,5.0,3.0,81.23,19.21,42.06,44.5,25.0
Italy,ITA,20221111,0.0,1.0,0.0,0.0,0.0,1.0,0.0,0.0,2.0,3.0,2.0,2.0,5.0,3.0,81.23,19.21,42.06,44.5,25.0
Italy,ITA,20221112,0.0,1.0,0.0,0.0,0.0,1.0,0.0,0.0,2.0,3.0,2.0,2.0,5.0,3.0,81.23,19.21,42.06,44.5,25.0
Italy,ITA,20221113,0.0,1.0,0.0,0.0,0.0,1.0,0.0,0.0,2.0,3.0,2.0,2.0,5.0,3.0,81.23,19.21,42.06,44.5,25.0
Italy,ITA,20221114,0.0,1.0,0.0,0.0,0.0,1.0,0.0,0.0,2.0,3.0,2.0,2.0,5.0,3.0,81.23,19.21,42.06,44.5,25.0
Italy,ITA,20221115,0.0,1.0,0.0,0.0,0.0,1.0,0.0,0.0,2.0,3.0,2.0,2.0,5.0,3.0,81.23,19.21,42.06,44.5,25.0
Italy,ITA,20221116,0.0,1.0,0.0,0.0,0.0,1.0,0.0,0.0,2.0,3.0,2.0,2.0,5.0,3.0,81.23,19.21,42.06,44.5,25.0
Italy,ITA,20221117,0.0,1.0,0.0,0.0,0.0,1.0,0.0,0.0,2.0,3.0,2.0,2.0,5.0,3.0,81.23,19.21,42.06,44.5,25.0
Italy,ITA,20221118,0.0,1.0,0.0,0.0,0.0,1.0,0.0,0.0,2.0,3.0,2.0,2.0,5.0,3.0,81.23,19.21,42.06,44.5,25.0
Italy,ITA,20221119,0.0,1.0,0.0,0.0,0.0,1.0,0.0,0.0,2.0,3.0,2.0,2.0,5.0,3.0,81.23,19.21,42.06,44.5,25.0
Italy,ITA,20221120,0.0,1.0,0.0,0.0,0.0,1.0,0.0,0.0,2.0,3.0,2.0,2.0,5.0,3.0,81.23,19.21,42.06,44.5,25.0
Italy,ITA,20221121,0.0,1.0,0.0,0.0,0.0,1.0,0.0,0.0,2.0,3.0,2.0,2.0,5.0,3.0,81.23,19.21,42.06,44.5,25.0
Italy,ITA,20221122,0.0,1.0,0.0,0.0,0.0,1.0,0.0,0.0,2.0,3.0,2.0,2.0,5.0,3.0,81.23,19.21,42.06,44.5,25.0
Italy,ITA,20221123,0.0,1.0,0.0,0.0,0.0,1.0,0.0,0.0,2.0,3.0,2.0,2.0,5.0,3.0,81.23,19.21,42.06,44.5,25.0
Italy,ITA,20221124,0.0,1.0,0.0,0.0,0.0,1.0,0.0,0.0,2.0,3.0,2.0,2.0,5.0,3.0,81.23,19.21,42.06,44.5,25.0
Italy,ITA,20221125,0.0,1.0,0.0,0.0,0.0,1.0,0.0,0.0,2.0,3.0,2.0,2.0,5.0,3.0,81.23,19.21,42.06,44.5,25.0
Italy,ITA,20221126,0.0,1.0,0.0,0.0,0.0,1.0,0.0,0.0,2.0,3.0,2.0,2.0,5.0,3.0,81.23,19.21,42.06,44.5,25.0
Italy,ITA,20221127,0.0,1.0,0.0,0.0,0.0,1.0,0.0,0.0,2.0,3.0,2.0,2.0,5.0,3.0,81.23,19.21,42.06,44.5,25.0
Italy,ITA,20221128,0.0,1.0,0.0,0.0,0.0,1.0,0.0,0.0,2.0,3.0,2.0,2.0,5.0,3.0,81.23,19.21,42.06,44.5,25.0
Italy,ITA,20221129,0.0,1.0,0.0,0.0,0.0,1.0,0.0,0.0,2.0,3.0,2.0,2.0,5.0,3.0,81.23,19.21,42.06,44.5,25.0
Italy,ITA,20221130,0.0,1.0,0.0,0.0,0.0,1.0,0.0,0.0,2.0,3.0,2.0,2.0,5.0,3.0,81.23,19.21,42.06,44.5,25.0
Italy,ITA,20221201,0.0,1.0,0.0,0.0,0.0,1.0,0.0,0.0,2.0,3.0,2.0,2.0,5.0,3.0,81.23,19.21,42.06,44.5,25.0
Italy,ITA,20221202,0.0,1.0,0.0,0.0,0.0,1.0,0.0,0.0,2.0,3.0,2.0,2.0,5.0,3.0,81.23,19.21,42.06,44.5,25.0
Italy,ITA,20221203,0.0,1.0,0.0,0.0,0.0,1.0,0.0,0.0,2.0,3.0,2.0,2.0,5.0,3.0,81.23,19.21,42.06,44.5,25.0
Italy,ITA,20221204,0.0,1.0,0.0,0.0,0.0,1.0,0.0,0.0,2.0,3.0,2.0,2.0,5.0,3.0,81.23,19.21,42.06,44.5,25.0
Italy,ITA,20221205,0.0,1.0,0.0,0.0,0.0,1.0,0.0,0.0,2.0,3.0,2.0,2.0,5.0,3.0,81.23,19.21,42.06,44.5,25.0
Italy,ITA,20221206,0.0,1.0,0.0,0.0,0.0,1.0,0.0,0.0,2.0,3.0,2.0,2.0,5.0,3.0,81.23,19.21,42.06,44.5,25.0
Italy,ITA,20221207,0.0,1.0,0.0,0.0,0.0,1.0,0.0,0.0,2.0,3.0,2.0,2.0,5.0,3.0,81.23,19.21,42.06,44.5,25.0
Italy,ITA,20221208,0.0,1.0,0.0,0.0,0.0,1.0,0.0,0.0,2.0,3.0,2.0,2.0,5.0,3.0,81.23,19.21,42.06,44.5,25.0
Italy,ITA,20221209,0.0,1.0,0.0,0.0,0.0,1.0,0.0,0.0,2.0,3.0,2.0,2.0,5.0,3.0,81.23,19.21,42.06,44.5,25.0
Italy,ITA,20221210,0.0,1.0,0.0,0.0,0.0,1.0,0.0,0.0,2.0,3.0,2.0,2.0,5.0,3.0,81.23,19.21,42.06,44.5,25.0
Italy,ITA,20221211,0.0,1.0,0.0,0.0,0.0,1.0,0.0,0.0,2.0,3.0,2.0,2.0,5.0,3.0,81.23,19.21,42.06,44.5,25.0
Italy,ITA,20221212,0.0,1.0,0.0,0.0,0.0,1.0,0.0,0.0,2.0,3.0,2.0,2.0,5.0,3.0,81.23,19.21,42.06,44.5,25.0
Italy,ITA,20221213,0.0,1.0,0.0,0.0,0.0,1.0,0.0,0.0,2.0,3.0,2.0,2.0,5.0,2.0,81.23,19.21,39.97,42.12,25.0
Italy,ITA,20221214,0.0,1.0,0.0,0.0,0.0,1.0,0.0,0.0,2.0,3.0,2.0,2.0,5.0,2.0,81.23,19.21,39.97,42.12,25.0
Italy,ITA,20221215,0.0,1.0,0.0,0.0,0.0,1.0,0.0,0.0,2.0,3.0,2.0,2.0,5.0,2.0,81.23,19.21,39.97,42.12,25.0
Italy,ITA,20221216,0.0,1.0,0.0,0.0,0.0,1.0,0.0,0.0,2.0,3.0,2.0,2.0,5.0,2.0,81.23,19.21,39.97,42.12,25.0
Italy,ITA,20221217,0.0,1.0,0.0,0.0,0.0,1.0,0.0,0.0,2.0,3.0,2.0,2.0,5.0,2.0,81.23,19.21,39.97,42.12,25.0
Italy,ITA,20221218,0.0,1.0,0.0,0.0,0.0,1.0,0.0,0.0,2.0,3.0,2.0,2.0,5.0,2.0,81.23,19.21,39.97,42.12,25.0
Italy,ITA,20221219,0.0,1.0,0.0,0.0,0.0,1.0,0.0,0.0,2.0,3.0,2.0,2.0,5.0,2.0,81.23,19.21,39.97,42.12,25.0
Italy,ITA,20221220,0.0,1.0,0.0,0.0,0.0,1.0,0.0,0.0,2.0,3.0,2.0,2.0,5.0,2.0,81.23,19.21,39.97,42.12,25.0
Italy,ITA,20221221,0.0,1.0,0.0,0.0,0.0,1.0,0.0,0.0,2.0,3.0,2.0,2.0,5.0,2.0,81.23,19.21,39.97,42.12,25.0
Italy,ITA,20221222,0.0,1.0,0.0,0.0,0.0,1.0,0.0,0.0,2.0,3.0,2.0,2.0,5.0,2.0,81.24,19.21,39.97,42.12,25.0
Italy,ITA,20221223,0.0,1.0,0.0,0.0,0.0,1.0,0.0,0.0,2.0,3.0,2.0,2.0,5.0,2.0,81.24,19.21,39.97,42.12,25.0
Italy,ITA,20221224,0.0,1.0,0.0,0.0,0.0,1.0,0.0,0.0,2.0,3.0,2.0,2.0,5.0,2.0,81.24,19.21,39.97,42.12,25.0
Italy,ITA,20221225,0.0,1.0,0.0,0.0,0.0,1.0,0.0,0.0,2.0,3.0,2.0,2.0,5.0,2.0,81.24,19.21,39.97,42.12,25.0
Italy,ITA,20221226,0.0,1.0,0.0,0.0,0.0,1.0,0.0,0.0,2.0,3.0,2.0,2.0,5.0,2.0,81.24,19.21,39.97,42.12,25.0
Italy,ITA,20221227,0.0,1.0,0.0,0.0,0.0,1.0,0.0,0.0,2.0,3.0,2.0,2.0,5.0,2.0,81.24,19.21,39.97,42.12,25.0
Italy,ITA,20221228,0.0,1.0,0.0,0.0,0.0,1.0,0.0,1.0,2.0,3.0,2.0,2.0,5.0,2.0,81.24,21.99,41.54,43.9,25.0
Italy,ITA,20221229,0.0,1.0,0.0,0.0,0.0,1.0,0.0,1.0,2.0,3.0,2.0,2.0,5.0,2.0,81.24,21.99,41.54,43.9,25.0
Italy,ITA,20221230,0.0,1.0,0.0,0.0,0.0,1.0,0.0,1.0,2.0,3.0,2.0,2.0,5.0,2.0,81.24,21.99,41.54,43.9,25.0
Italy,ITA,20221231,0.0,1.0,0.0,0.0,0.0,1.0,0.0,1.0,2.0,3.0,2.0,2.0,5.0,2.0,81.24,21.99,41.54,43.9,25.0
Japan,JPN,20200101,0.0,0.0,0.0,0.0,0.0,0.0,0.0,0.0,0.0,0.0,0.0,0.0,0.0,0.0,0.0,0.0,0.0,0.0,0.0
Japan,JPN,20200102,0.0,0.0,0.0,0.0,0.0,0.0,0.0,0.0,0.0,0.0,0.0,0.0,0.0,0.0,0.0,0.0,0.0,0.0,0.0
Japan,JPN,20200103,0.0,0.0,0.0,0.0,0.0,0.0,0.0,0.0,0.0,0.0,0.0,0.0,0.0,0.0,0.0,0.0,0.0,0.0,0.0
Japan,JPN,20200104,0.0,0.0,0.0,0.0,0.0,0.0,0.0,0.0,0.0,0.0,0.0,0.0,0.0,0.0,0.0,0.0,0.0,0.0,0.0
Japan,JPN,20200105,0.0,0.0,0.0,0.0,0.0,0.0,0.0,0.0,0.0,0.0,0.0,0.0,0.0,0.0,0.0,0.0,0.0,0.0,0.0
Japan,JPN,20200106,0.0,0.0,0.0,0.0,0.0,0.0,0.0,0.0,0.0,0.0,0.0,0.0,0.0,0.0,0.0,0.0,0.0,0.0,0.0
Japan,JPN,20200107,0.0,0.0,0.0,0.0,0.0,0.0,0.0,1.0,0.0,0.0,0.0,0.0,0.0,0.0,0.0,2.78,1.56,1.79,0.0
Japan,JPN,20200108,0.0,0.0,0.0,0.0,0.0,0.0,0.0,1.0,0.0,0.0,0.0,0.0,0.0,0.0,0.0,2.78,1.56,1.79,0.0
Japan,JPN,20200109,0.0,0.0,0.0,0.0,0.0,0.0,0.0,1.0,0.0,0.0,0.0,0.0,0.0,0.0,0.0,2.78,1.56,1.79,0.0
Japan,JPN,20200110,0.0,0.0,0.0,0.0,0.0,0.0,0.0,1.0,0.0,0.0,0.0,0.0,0.0,0.0,0.0,2.78,1.56,1.79,0.0
Japan,JPN,20200111,0.0,0.0,0.0,0.0,0.0,0.0,0.0,1.0,0.0,0.0,0.0,0.0,0.0,0.0,0.0,2.78,1.56,1.79,0.0
Japan,JPN,20200112,0.0,0.0,0.0,0.0,0.0,0.0,0.0,1.0,0.0,0.0,0.0,0.0,0.0,0.0,0.0,2.78,1.56,1.79,0.0
Japan,JPN,20200113,0.0,0.0,0.0,0.0,0.0,0.0,0.0,1.0,0.0,0.0,0.0,0.0,0.0,0.0,0.0,2.78,1.56,1.79,0.0
Japan,JPN,20200114,0.0,0.0,0.0,0.0,0.0,0.0,0.0,1.0,0.0,0.0,0.0,0.0,0.0,0.0,0.0,2.78,1.56,1.79,0.0
Japan,JPN,20200115,0.0,0.0,0.0,0.0,0.0,0.0,0.0,1.0,0.0,1.0,1.0,0.0,0.0,0.0,0.0,2.78,6.77,7.74,0.0
Japan,JPN,20200116,0.0,0.0,0.0,0.0,0.0,0.0,0.0,1.0,0.0,1.0,1.0,0.0,0.0,0.0,0.0,2.78,6.77,7.74,0.0
Japan,JPN,20200117,0.0,0.0,0.0,0.0,0.0,0.0,0.0,1.0,0.0,1.0,2.0,0.0,0.0,0.0,0.0,2.78,9.9,11.31,0.0
Japan,JPN,20200118,0.0,0.0,0.0,0.0,0.0,0.0,0.0,1.0,0.0,1.0,2.0,0.0,0.0,0.0,0.0,2.78,9.9,11.31,0.0
Japan,JPN,20200119,0.0,0.0,0.0,0.0,0.0,0.0,0.0,1.0,0.0,1.0,2.0,0.0,0.0,0.0,0.0,2.78,9.9,11.31,0.0
Japan,JPN,20200120,0.0,0.0,0.0,0.0,0.0,0.0,0.0,1.0,0.0,1.0,2.0,0.0,0.0,0.0,0.0,2.78,9.9,11.31,0.0
Japan,JPN,20200121,0.0,0.0,0.0,0.0,0.0,0.0,0.0,1.0,0.0,1.0,2.0,0.0,0.0,0.0,0.0,2.78,9.9,11.31,0.0
Japan,JPN,20200122,0.0,0.0,0.0,0.0,0.0,0.0,0.0,1.0,0.0,1.0,2.0,0.0,0.0,0.0,0.0,2.78,9.9,11.31,0.0
Japan,JPN,20200123,0.0,0.0,0.0,0.0,0.0,0.0,0.0,1.0,0.0,1.0,2.0,0.0,0.0,0.0,0.0,2.78,9.9,11.31,0.0
Japan,JPN,20200124,0.0,0.0,0.0,0.0,0.0,0.0,0.0,1.0,0.0,1.0,2.0,0.0,0.0,0.0,0.0,2.78,9.9,11.31,0.0
Japan,JPN,20200125,0.0,0.0,0.0,0.0,0.0,0.0,0.0,1.0,0.0,1.0,2.0,0.0,0.0,0.0,0.0,2.78,9.9,11.31,0.0
Japan,JPN,20200126,0.0,0.0,0.0,0.0,0.0,0.0,0.0,1.0,0.0,1.0,2.0,0.0,0.0,0.0,0.0,2.78,9.9,11.31,0.0
Japan,JPN,20200127,0.0,0.0,0.0,0.0,0.0,0.0,0.0,1.0,0.0,1.0,2.0,0.0,0.0,0.0,0.0,2.78,9.9,11.31,0.0
Japan,JPN,20200128,0.0,0.0,0.0,0.0,0.0,0.0,0.0,1.0,0.0,1.0,2.0,0.0,0.0,0.0,0.0,2.78,9.9,11.31,0.0
Japan,JPN,20200129,0.0,0.0,0.0,0.0,0.0,0.0,0.0,1.0,0.0,1.0,2.0,0.0,0.0,0.0,0.0,2.78,9.9,11.31,0.0
Japan,JPN,20200130,0.0,0.0,0.0,0.0,0.0,0.0,0.0,1.0,0.0,1.0,2.0,0.0,0.0,0.0,0.0,2.78,9.9,11.31,0.0
Japan,JPN,20200131,0.0,0.0,0.0,0.0,0.0,0.0,0.0,1.0,0.0,1.0,2.0,0.0,0.0,0.0,0.0,2.78,9.9,11.31,0.0
Japan,JPN,20200201,0.0,0.0,0.0,0.0,0.0,0.0,0.0,3.0,0.0,1.0,2.0,0.0,0.0,0.0,0.0,8.33,13.02,14.88,0.0
Japan,JPN,20200202,0.0,0.0,0.0,0.0,0.0,0.0,0.0,3.0,0.0,1.0,2.0,0.0,0.0,0.0,0.0,8.33,13.02,14.88,0.0
Japan,JPN,20200203,0.0,0.0,0.0,0.0,0.0,0.0,0.0,3.0,0.0,1.0,2.0,0.0,0.0,0.0,0.0,8.33,13.02,14.88,0.0
Japan,JPN,20200204,0.0,0.0,0.0,0.0,0.0,0.0,0.0,3.0,2.0,1.0,2.0,0.0,0.0,0.0,0.0,19.44,19.27,22.02,0.0
Japan,JPN,20200205,0.0,0.0,0.0,0.0,0.0,0.0,0.0,3.0,2.0,1.0,2.0,0.0,0.0,0.0,0.0,19.44,19.27,22.02,0.0
Japan,JPN,20200206,0.0,0.0,0.0,0.0,0.0,0.0,0.0,3.0,2.0,1.0,2.0,0.0,0.0,0.0,0.0,19.44,19.27,22.02,0.0
Japan,JPN,20200207,0.0,0.0,0.0,0.0,0.0,0.0,0.0,3.0,2.0,1.0,2.0,0.0,0.0,0.0,0.0,19.44,19.27,22.02,0.0
Japan,JPN,20200208,0.0,0.0,0.0,0.0,0.0,0.0,0.0,3.0,2.0,1.0,2.0,0.0,0.0,0.0,0.0,19.44,19.27,22.02,0.0
Japan,JPN,20200209,0.0,0.0,0.0,0.0,0.0,0.0,0.0,3.0,2.0,1.0,2.0,0.0,0.0,0.0,0.0,19.44,19.27,22.02,0.0
Japan,JPN,20200210,0.0,0.0,0.0,0.0,0.0,0.0,0.0,3.0,2.0,1.0,2.0,0.0,0.0,0.0,0.0,19.44,19.27,22.02,0.0
Japan,JPN,20200211,0.0,0.0,0.0,0.0,0.0,0.0,0.0,3.0,2.0,1.0,2.0,0.0,0.0,0.0,0.0,19.44,19.27,22.02,0.0
Japan,JPN,20200212,0.0,0.0,0.0,0.0,0.0,0.0,0.0,3.0,2.0,1.0,2.0,0.0,0.0,0.0,0.0,19.44,19.27,22.02,0.0
Japan,JPN,20200213,0.0,0.0,0.0,0.0,0.0,0.0,0.0,3.0,2.0,1.0,2.0,0.0,0.0,0.0,0.0,19.44,19.27,22.02,0.0
Japan,JPN,20200214,0.0,0.0,0.0,0.0,0.0,0.0,0.0,3.0,2.0,1.0,2.0,0.0,0.0,0.0,0.0,19.44,19.27,22.02,0.0
Japan,JPN,20200215,0.0,0.0,0.0,0.0,0.0,0.0,0.0,3.0,2.0,1.0,2.0,0.0,0.0,0.0,0.0,19.44,19.27,22.02,0.0
Japan,JPN,20200216,0.0,0.0,0.0,0.0,0.0,0.0,0.0,3.0,2.0,1.0,2.0,0.0,0.0,0.0,0.0,19.44,19.27,22.02,0.0
Japan,JPN,20200217,0.0,0.0,0.0,0.0,0.0,0.0,0.0,3.0,2.0,1.0,2.0,0.0,0.0,0.0,0.0,19.44,19.27,22.02,0.0
Japan,JPN,20200218,0.0,0.0,0.0,0.0,0.0,0.0,0.0,3.0,2.0,1.0,2.0,0.0,0.0,0.0,0.0,19.44,19.27,22.02,0.0
Japan,JPN,20200219,0.0,0.0,0.0,0.0,0.0,0.0,0.0,3.0,2.0,1.0,2.0,0.0,0.0,0.0,0.0,19.44,19.27,22.02,0.0
Japan,JPN,20200220,0.0,0.0,1.0,0.0,0.0,0.0,0.0,3.0,2.0,1.0,2.0,0.0,0.0,0.0,0.0,25.0,22.4,25.6,0.0
Japan,JPN,20200221,0.0,0.0,1.0,0.0,0.0,0.0,0.0,3.0,2.0,1.0,2.0,0.0,0.0,0.0,0.0,25.0,22.4,25.6,0.0
Japan,JPN,20200222,0.0,0.0,1.0,0.0,0.0,0.0,0.0,3.0,2.0,1.0,2.0,0.0,0.0,0.0,0.0,25.0,22.4,25.6,0.0
Japan,JPN,20200223,0.0,0.0,1.0,0.0,0.0,0.0,0.0,3.0,2.0,1.0,2.0,0.0,0.0,0.0,0.0,25.0,22.4,25.6,0.0
Japan,JPN,20200224,0.0,0.0,1.0,0.0,0.0,0.0,0.0,3.0,2.0,1.0,2.0,0.0,0.0,0.0,0.0,25.0,22.4,25.6,0.0
Japan,JPN,20200225,0.0,1.0,1.0,0.0,0.0,0.0,1.0,3.0,2.0,1.0,2.0,0.0,0.0,2.0,0.0,34.26,31.77,36.31,0.0
Japan,JPN,20200226,0.0,1.0,1.0,0.0,0.0,0.0,1.0,3.0,2.0,1.0,2.0,0.0,0.0,2.0,0.0,34.26,31.77,36.31,0.0
Japan,JPN,20200227,0.0,1.0,1.0,0.0,0.0,0.0,1.0,3.0,2.0,1.0,2.0,0.0,0.0,2.0,0.0,34.26,31.77,36.31,0.0
Japan,JPN,20200228,0.0,1.0,1.0,0.0,0.0,0.0,1.0,3.0,2.0,1.0,2.0,0.0,0.0,2.0,0.0,34.26,31.77,36.31,0.0
Japan,JPN,20200229,0.0,1.0,1.0,0.0,0.0,0.0,1.0,3.0,2.0,1.0,2.0,0.0,0.0,2.0,0.0,34.26,31.77,36.31,0.0
Japan,JPN,20200301,0.0,1.0,1.0,0.0,0.0,0.0,1.0,3.0,2.0,1.0,2.0,1.0,0.0,2.0,0.0,34.26,33.33,38.1,0.0
Japan,JPN,20200302,3.0,1.0,1.0,0.0,0.0,0.0,1.0,3.0,2.0,1.0,2.0,1.0,0.0,2.0,0.0,43.52,38.54,44.05,0.0
Japan,JPN,20200303,3.0,1.0,1.0,0.0,0.0,0.0,1.0,3.0,2.0,1.0,2.0,1.0,0.0,2.0,0.0,43.52,38.54,44.05,0.0
Japan,JPN,20200304,3.0,1.0,1.0,0.0,0.0,0.0,1.0,3.0,2.0,1.0,2.0,1.0,0.0,2.0,0.0,43.52,38.54,44.05,0.0
Japan,JPN,20200305,3.0,1.0,1.0,0.0,0.0,0.0,1.0,3.0,2.0,1.0,2.0,1.0,0.0,2.0,0.0,43.52,38.54,44.05,0.0
Japan,JPN,20200306,3.0,1.0,1.0,0.0,0.0,0.0,1.0,3.0,2.0,1.0,2.0,1.0,0.0,2.0,0.0,43.52,38.54,44.05,0.0
Japan,JPN,20200307,3.0,1.0,1.0,0.0,0.0,0.0,1.0,3.0,2.0,1.0,2.0,1.0,0.0,2.0,0.0,43.52,38.54,44.05,0.0
Japan,JPN,20200308,3.0,1.0,1.0,0.0,0.0,0.0,1.0,3.0,2.0,1.0,2.0,1.0,0.0,2.0,0.0,43.52,38.54,44.05,0.0
Japan,JPN,20200309,3.0,1.0,1.0,0.0,0.0,0.0,1.0,2.0,2.0,1.0,2.0,1.0,0.0,2.0,0.0,40.74,36.98,42.26,0.0
Japan,JPN,20200310,3.0,1.0,1.0,0.0,0.0,0.0,1.0,2.0,2.0,1.0,2.0,1.0,0.0,2.0,0.0,40.74,36.98,42.26,0.0
Japan,JPN,20200311,3.0,1.0,1.0,0.0,0.0,0.0,1.0,2.0,2.0,1.0,2.0,1.0,0.0,2.0,0.0,40.74,36.98,42.26,0.0
Japan,JPN,20200312,3.0,1.0,1.0,0.0,0.0,0.0,1.0,2.0,2.0,1.0,2.0,1.0,0.0,2.0,0.0,40.74,36.98,42.26,0.0
Japan,JPN,20200313,3.0,1.0,1.0,0.0,0.0,0.0,1.0,2.0,2.0,1.0,2.0,1.0,0.0,2.0,0.0,40.74,36.98,42.26,0.0
Japan,JPN,20200314,3.0,1.0,1.0,0.0,0.0,0.0,1.0,2.0,2.0,1.0,2.0,1.0,0.0,2.0,0.0,40.74,36.98,42.26,0.0
Japan,JPN,20200315,3.0,1.0,1.0,0.0,0.0,0.0,1.0,2.0,2.0,1.0,2.0,1.0,0.0,2.0,0.0,40.74,36.98,42.26,0.0
Japan,JPN,20200316,3.0,1.0,1.0,0.0,0.0,0.0,1.0,2.0,2.0,1.0,2.0,1.0,0.0,2.0,0.0,40.74,43.23,42.26,50.0
Japan,JPN,20200317,3.0,1.0,1.0,0.0,0.0,0.0,1.0,2.0,2.0,1.0,2.0,1.0,0.0,2.0,0.0,40.74,43.23,42.26,50.0
Japan,JPN,20200318,3.0,1.0,1.0,0.0,0.0,0.0,1.0,2.0,2.0,1.0,2.0,1.0,0.0,2.0,0.0,40.74,43.23,42.26,50.0
Japan,JPN,20200319,3.0,1.0,1.0,0.0,0.0,0.0,1.0,2.0,2.0,1.0,2.0,1.0,0.0,2.0,0.0,40.74,43.23,42.26,50.0
Japan,JPN,20200320,3.0,1.0,1.0,0.0,0.0,0.0,1.0,2.0,2.0,1.0,2.0,1.0,0.0,2.0,0.0,40.74,43.23,42.26,50.0
Japan,JPN,20200321,3.0,1.0,1.0,0.0,0.0,0.0,1.0,2.0,2.0,1.0,2.0,1.0,0.0,2.0,0.0,40.74,43.23,42.26,50.0
Japan,JPN,20200322,3.0,1.0,1.0,0.0,0.0,0.0,1.0,2.0,2.0,1.0,2.0,1.0,0.0,2.0,0.0,40.74,43.23,42.26,50.0
Japan,JPN,20200323,3.0,1.0,1.0,0.0,0.0,0.0,1.0,2.0,2.0,1.0,2.0,1.0,0.0,2.0,0.0,40.74,43.23,42.26,50.0
Japan,JPN,20200324,3.0,1.0,1.0,0.0,0.0,0.0,1.0,2.0,2.0,1.0,2.0,1.0,0.0,2.0,0.0,40.74,43.23,42.26,50.0
Japan,JPN,20200325,3.0,1.0,1.0,0.0,0.0,0.0,1.0,2.0,2.0,1.0,2.0,1.0,0.0,2.0,0.0,40.74,43.23,42.26,50.0
Japan,JPN,20200326,3.0,1.0,1.0,0.0,0.0,0.0,1.0,2.0,2.0,1.0,2.0,1.0,0.0,2.0,0.0,40.74,43.23,42.26,50.0
Japan,JPN,20200327,3.0,1.0,1.0,0.0,0.0,0.0,1.0,2.0,2.0,1.0,2.0,1.0,0.0,2.0,0.0,40.74,43.23,42.26,50.0
Japan,JPN,20200328,3.0,1.0,1.0,0.0,0.0,0.0,1.0,2.0,2.0,1.0,2.0,1.0,0.0,2.0,0.0,40.74,43.23,42.26,50.0
Japan,JPN,20200329,3.0,1.0,1.0,0.0,0.0,0.0,1.0,2.0,2.0,1.0,2.0,1.0,0.0,2.0,0.0,40.74,43.23,42.26,50.0
Japan,JPN,20200330,3.0,1.0,1.0,0.0,0.0,0.0,1.0,2.0,2.0,1.0,2.0,1.0,0.0,2.0,0.0,40.74,43.23,42.26,50.0
Japan,JPN,20200331,3.0,1.0,1.0,0.0,0.0,0.0,1.0,2.0,2.0,1.0,2.0,1.0,0.0,2.0,0.0,40.74,43.23,42.26,50.0
Japan,JPN,20200401,3.0,1.0,1.0,0.0,0.0,0.0,1.0,2.0,2.0,1.0,2.0,1.0,0.0,2.0,0.0,40.74,43.23,42.26,50.0
Japan,JPN,20200402,3.0,1.0,1.0,0.0,0.0,0.0,1.0,2.0,2.0,1.0,2.0,1.0,0.0,2.0,0.0,40.74,43.23,42.26,50.0
Japan,JPN,20200403,3.0,1.0,1.0,0.0,0.0,0.0,1.0,3.0,2.0,1.0,2.0,1.0,0.0,2.0,0.0,43.52,44.79,44.05,50.0
Japan,JPN,20200404,3.0,1.0,1.0,0.0,0.0,0.0,1.0,3.0,2.0,1.0,2.0,1.0,0.0,2.0,0.0,43.52,44.79,44.05,50.0
Japan,JPN,20200405,3.0,1.0,1.0,0.0,0.0,0.0,1.0,3.0,2.0,1.0,2.0,1.0,0.0,2.0,0.0,43.52,44.79,44.05,50.0
Japan,JPN,20200406,3.0,1.0,1.0,0.0,0.0,0.0,1.0,3.0,2.0,1.0,2.0,1.0,0.0,2.0,0.0,43.52,44.79,44.05,50.0
Japan,JPN,20200407,3.0,1.0,1.0,0.0,0.0,1.0,1.0,3.0,2.0,1.0,2.0,1.0,0.0,3.0,0.0,45.37,46.88,46.43,50.0
Japan,JPN,20200408,3.0,1.0,1.0,0.0,0.0,1.0,1.0,3.0,2.0,1.0,2.0,1.0,0.0,3.0,0.0,45.37,46.88,46.43,50.0
Japan,JPN,20200409,3.0,1.0,1.0,0.0,0.0,1.0,1.0,3.0,2.0,1.0,2.0,1.0,0.0,3.0,0.0,45.37,46.88,46.43,50.0
Japan,JPN,20200410,3.0,1.0,1.0,0.0,0.0,1.0,1.0,3.0,2.0,1.0,2.0,1.0,0.0,3.0,0.0,45.37,46.88,46.43,50.0
Japan,JPN,20200411,3.0,1.0,1.0,0.0,0.0,1.0,1.0,3.0,2.0,1.0,2.0,1.0,0.0,3.0,0.0,45.37,46.88,46.43,50.0
Japan,JPN,20200412,3.0,1.0,1.0,0.0,0.0,1.0,1.0,3.0,2.0,1.0,2.0,1.0,0.0,3.0,0.0,45.37,46.88,46.43,50.0
Japan,JPN,20200413,3.0,1.0,1.0,0.0,0.0,1.0,1.0,3.0,2.0,1.0,2.0,1.0,0.0,3.0,0.0,45.37,46.88,46.43,50.0
Japan,JPN,20200414,3.0,1.0,1.0,0.0,0.0,1.0,1.0,3.0,2.0,1.0,2.0,1.0,0.0,3.0,0.0,45.37,46.88,46.43,50.0
Japan,JPN,20200415,3.0,1.0,1.0,0.0,0.0,1.0,1.0,3.0,2.0,1.0,2.0,1.0,0.0,3.0,0.0,45.37,46.88,46.43,50.0
Japan,JPN,20200416,3.0,1.0,1.0,0.0,0.0,1.0,1.0,3.0,2.0,1.0,2.0,1.0,0.0,3.0,0.0,47.22,52.08,48.81,75.0
Japan,JPN,20200417,3.0,1.0,1.0,0.0,0.0,1.0,1.0,3.0,2.0,1.0,2.0,1.0,0.0,3.0,0.0,47.22,52.08,48.81,75.0
Japan,JPN,20200418,3.0,1.0,1.0,0.0,0.0,1.0,1.0,3.0,2.0,1.0,2.0,1.0,0.0,3.0,0.0,47.22,52.08,48.81,75.0
Japan,JPN,20200419,3.0,1.0,1.0,0.0,0.0,1.0,1.0,3.0,2.0,1.0,2.0,1.0,0.0,3.0,0.0,47.22,52.08,48.81,75.0
Japan,JPN,20200420,3.0,1.0,1.0,0.0,0.0,1.0,1.0,3.0,2.0,1.0,2.0,1.0,0.0,3.0,0.0,47.22,52.08,48.81,75.0
Japan,JPN,20200421,3.0,1.0,1.0,0.0,0.0,1.0,1.0,3.0,2.0,1.0,2.0,1.0,0.0,3.0,0.0,47.22,52.08,48.81,75.0
Japan,JPN,20200422,3.0,1.0,1.0,0.0,0.0,1.0,1.0,3.0,2.0,1.0,2.0,1.0,0.0,3.0,0.0,47.22,52.08,48.81,75.0
Japan,JPN,20200423,3.0,1.0,1.0,0.0,0.0,1.0,1.0,3.0,2.0,1.0,2.0,1.0,0.0,3.0,0.0,47.22,52.08,48.81,75.0
Japan,JPN,20200424,3.0,1.0,1.0,0.0,0.0,1.0,1.0,3.0,2.0,1.0,2.0,1.0,0.0,3.0,0.0,47.22,52.08,48.81,75.0
Japan,JPN,20200425,3.0,1.0,1.0,0.0,0.0,1.0,1.0,3.0,2.0,1.0,2.0,1.0,0.0,3.0,0.0,47.22,52.08,48.81,75.0
Japan,JPN,20200426,3.0,1.0,1.0,0.0,0.0,1.0,1.0,3.0,2.0,1.0,2.0,1.0,0.0,3.0,0.0,47.22,52.08,48.81,75.0
Japan,JPN,20200427,3.0,1.0,1.0,0.0,0.0,1.0,1.0,3.0,2.0,1.0,2.0,1.0,0.0,3.0,0.0,47.22,52.08,48.81,75.0
Japan,JPN,20200428,3.0,1.0,1.0,0.0,0.0,1.0,1.0,3.0,2.0,1.0,2.0,1.0,0.0,3.0,0.0,47.22,52.08,48.81,75.0
Japan,JPN,20200429,3.0,1.0,1.0,0.0,0.0,1.0,1.0,3.0,2.0,1.0,2.0,1.0,0.0,3.0,0.0,47.22,52.08,48.81,75.0
Japan,JPN,20200430,3.0,1.0,1.0,0.0,0.0,1.0,1.0,3.0,2.0,1.0,2.0,1.0,0.0,3.0,0.0,47.22,52.08,48.81,75.0
Japan,JPN,20200501,3.0,1.0,1.0,0.0,0.0,1.0,1.0,3.0,2.0,1.0,2.0,1.0,0.0,3.0,0.0,47.22,52.08,48.81,75.0
Japan,JPN,20200502,3.0,1.0,1.0,0.0,0.0,1.0,1.0,3.0,2.0,1.0,2.0,1.0,0.0,3.0,0.0,47.22,52.08,48.81,75.0
Japan,JPN,20200503,3.0,1.0,1.0,0.0,0.0,1.0,1.0,3.0,2.0,1.0,2.0,1.0,0.0,3.0,0.0,47.22,52.08,48.81,75.0
Japan,JPN,20200504,3.0,1.0,1.0,0.0,0.0,1.0,1.0,3.0,2.0,1.0,2.0,1.0,0.0,3.0,0.0,47.22,52.08,48.81,75.0
Japan,JPN,20200505,3.0,1.0,1.0,0.0,0.0,1.0,1.0,3.0,2.0,1.0,2.0,1.0,0.0,3.0,0.0,47.22,52.08,48.81,75.0
Japan,JPN,20200506,3.0,1.0,1.0,0.0,0.0,1.0,1.0,3.0,2.0,1.0,2.0,1.0,0.0,3.0,0.0,47.22,52.08,48.81,75.0
Japan,JPN,20200507,3.0,1.0,1.0,0.0,0.0,1.0,1.0,3.0,2.0,1.0,2.0,1.0,0.0,3.0,0.0,47.22,52.08,48.81,75.0
Japan,JPN,20200508,3.0,1.0,1.0,0.0,0.0,1.0,1.0,3.0,2.0,1.0,2.0,1.0,0.0,3.0,0.0,47.22,52.08,48.81,75.0
Japan,JPN,20200509,3.0,1.0,1.0,0.0,0.0,1.0,1.0,3.0,2.0,1.0,2.0,1.0,0.0,3.0,0.0,47.22,52.08,48.81,75.0
Japan,JPN,20200510,3.0,1.0,1.0,0.0,0.0,1.0,1.0,3.0,2.0,1.0,2.0,1.0,0.0,3.0,0.0,47.22,52.08,48.81,75.0
Japan,JPN,20200511,3.0,1.0,1.0,0.0,0.0,1.0,1.0,3.0,2.0,1.0,2.0,1.0,0.0,3.0,0.0,47.22,52.08,48.81,75.0
Japan,JPN,20200512,3.0,1.0,1.0,0.0,0.0,1.0,1.0,3.0,2.0,1.0,2.0,1.0,0.0,3.0,0.0,47.22,52.08,48.81,75.0
Japan,JPN,20200513,3.0,1.0,1.0,0.0,0.0,1.0,1.0,3.0,2.0,1.0,2.0,1.0,0.0,3.0,0.0,47.22,52.08,48.81,75.0
Japan,JPN,20200514,3.0,1.0,1.0,0.0,0.0,1.0,1.0,3.0,2.0,1.0,2.0,1.0,0.0,3.0,0.0,40.74,48.44,44.64,75.0
Japan,JPN,20200515,3.0,1.0,1.0,0.0,0.0,1.0,1.0,3.0,2.0,1.0,2.0,1.0,0.0,3.0,0.0,40.74,48.44,44.64,75.0
Japan,JPN,20200516,3.0,1.0,1.0,0.0,0.0,1.0,1.0,3.0,2.0,1.0,2.0,1.0,0.0,3.0,0.0,40.74,48.44,44.64,75.0
Japan,JPN,20200517,3.0,1.0,1.0,0.0,0.0,1.0,1.0,3.0,2.0,1.0,2.0,1.0,0.0,3.0,0.0,40.74,48.44,44.64,75.0
Japan,JPN,20200518,3.0,1.0,1.0,0.0,0.0,1.0,1.0,3.0,2.0,1.0,2.0,1.0,0.0,3.0,0.0,40.74,48.44,44.64,75.0
Japan,JPN,20200519,3.0,1.0,1.0,0.0,0.0,1.0,1.0,3.0,2.0,1.0,2.0,1.0,0.0,3.0,0.0,40.74,48.44,44.64,75.0
Japan,JPN,20200520,3.0,1.0,1.0,0.0,0.0,1.0,1.0,3.0,2.0,1.0,2.0,1.0,0.0,3.0,0.0,40.74,48.44,44.64,75.0
Japan,JPN,20200521,3.0,1.0,1.0,0.0,0.0,1.0,1.0,3.0,2.0,1.0,2.0,1.0,0.0,3.0,0.0,40.74,48.44,44.64,75.0
Japan,JPN,20200522,3.0,1.0,1.0,0.0,0.0,1.0,1.0,3.0,2.0,1.0,2.0,1.0,0.0,3.0,0.0,40.74,48.44,44.64,75.0
Japan,JPN,20200523,3.0,1.0,1.0,0.0,0.0,1.0,1.0,3.0,2.0,1.0,2.0,1.0,0.0,3.0,0.0,40.74,48.44,44.64,75.0
Japan,JPN,20200524,3.0,1.0,1.0,0.0,0.0,1.0,1.0,3.0,2.0,1.0,2.0,1.0,0.0,3.0,0.0,40.74,48.44,44.64,75.0
Japan,JPN,20200525,3.0,0.0,1.0,0.0,0.0,0.0,1.0,3.0,2.0,1.0,2.0,1.0,0.0,3.0,0.0,34.26,44.79,40.48,75.0
Japan,JPN,20200526,3.0,0.0,1.0,0.0,0.0,0.0,1.0,3.0,2.0,1.0,2.0,1.0,0.0,3.0,0.0,34.26,44.79,40.48,75.0
Japan,JPN,20200527,3.0,0.0,1.0,0.0,0.0,0.0,1.0,3.0,2.0,1.0,2.0,1.0,0.0,3.0,0.0,34.26,44.79,40.48,75.0
Japan,JPN,20200528,3.0,0.0,1.0,0.0,0.0,0.0,1.0,3.0,2.0,1.0,2.0,1.0,0.0,3.0,0.0,34.26,44.79,40.48,75.0
Japan,JPN,20200529,3.0,0.0,1.0,0.0,0.0,0.0,1.0,3.0,2.0,1.0,2.0,1.0,0.0,3.0,0.0,34.26,44.79,40.48,75.0
Japan,JPN,20200530,3.0,0.0,1.0,0.0,0.0,0.0,1.0,3.0,2.0,1.0,2.0,1.0,0.0,3.0,0.0,34.26,44.79,40.48,75.0
Japan,JPN,20200531,3.0,0.0,1.0,0.0,0.0,0.0,1.0,3.0,2.0,1.0,2.0,1.0,0.0,3.0,0.0,34.26,44.79,40.48,75.0
Japan,JPN,20200601,1.0,0.0,1.0,0.0,0.0,0.0,1.0,3.0,2.0,1.0,2.0,1.0,0.0,3.0,0.0,28.7,41.67,36.9,75.0
Japan,JPN,20200602,1.0,0.0,1.0,0.0,0.0,0.0,1.0,3.0,2.0,1.0,2.0,1.0,0.0,3.0,0.0,28.7,41.67,36.9,75.0
Japan,JPN,20200603,1.0,0.0,1.0,0.0,0.0,0.0,1.0,3.0,2.0,1.0,2.0,1.0,0.0,3.0,0.0,28.7,41.67,36.9,75.0
Japan,JPN,20200604,1.0,0.0,1.0,0.0,0.0,0.0,1.0,3.0,2.0,1.0,2.0,1.0,0.0,3.0,0.0,28.7,41.67,36.9,75.0
Japan,JPN,20200605,1.0,0.0,1.0,0.0,0.0,0.0,1.0,3.0,2.0,1.0,2.0,1.0,0.0,3.0,0.0,28.7,41.67,36.9,75.0
Japan,JPN,20200606,1.0,0.0,1.0,0.0,0.0,0.0,1.0,3.0,2.0,1.0,2.0,1.0,0.0,3.0,0.0,28.7,41.67,36.9,75.0
Japan,JPN,20200607,1.0,0.0,1.0,0.0,0.0,0.0,1.0,3.0,2.0,1.0,2.0,1.0,0.0,3.0,0.0,28.7,41.67,36.9,75.0
Japan,JPN,20200608,1.0,0.0,1.0,0.0,0.0,0.0,1.0,3.0,2.0,1.0,2.0,1.0,0.0,3.0,0.0,28.7,41.67,36.9,75.0
Japan,JPN,20200609,1.0,0.0,1.0,0.0,0.0,0.0,1.0,3.0,2.0,1.0,2.0,1.0,0.0,3.0,0.0,28.7,41.67,36.9,75.0
Japan,JPN,20200610,1.0,0.0,1.0,0.0,0.0,0.0,1.0,3.0,2.0,1.0,2.0,1.0,0.0,3.0,0.0,28.7,41.67,36.9,75.0
Japan,JPN,20200611,1.0,0.0,1.0,0.0,0.0,0.0,1.0,3.0,2.0,1.0,2.0,1.0,0.0,3.0,0.0,28.7,41.67,36.9,75.0
Japan,JPN,20200612,1.0,0.0,1.0,0.0,0.0,0.0,1.0,3.0,2.0,1.0,2.0,1.0,0.0,3.0,0.0,28.7,41.67,36.9,75.0
Japan,JPN,20200613,1.0,0.0,1.0,0.0,0.0,0.0,1.0,3.0,2.0,1.0,2.0,1.0,0.0,3.0,0.0,28.7,41.67,36.9,75.0
Japan,JPN,20200614,1.0,0.0,1.0,0.0,0.0,0.0,1.0,3.0,2.0,1.0,2.0,1.0,0.0,3.0,0.0,28.7,41.67,36.9,75.0
Japan,JPN,20200615,1.0,0.0,1.0,0.0,0.0,0.0,1.0,3.0,2.0,1.0,2.0,1.0,0.0,3.0,0.0,28.7,44.79,36.9,100.0
Japan,JPN,20200616,1.0,0.0,1.0,0.0,0.0,0.0,1.0,3.0,2.0,1.0,2.0,1.0,0.0,3.0,0.0,28.7,44.79,36.9,100.0
Japan,JPN,20200617,1.0,0.0,1.0,0.0,0.0,0.0,1.0,3.0,2.0,1.0,2.0,1.0,0.0,3.0,0.0,28.7,44.79,36.9,100.0
Japan,JPN,20200618,1.0,0.0,1.0,0.0,0.0,0.0,1.0,3.0,2.0,1.0,2.0,1.0,0.0,3.0,0.0,28.7,44.79,36.9,100.0
Japan,JPN,20200619,1.0,0.0,1.0,0.0,0.0,0.0,1.0,3.0,2.0,1.0,2.0,1.0,0.0,3.0,0.0,28.7,44.79,36.9,100.0
Japan,JPN,20200620,1.0,0.0,1.0,0.0,0.0,0.0,1.0,3.0,2.0,1.0,2.0,1.0,0.0,3.0,0.0,28.7,44.79,36.9,100.0
Japan,JPN,20200621,1.0,0.0,1.0,0.0,0.0,0.0,0.0,3.0,2.0,1.0,2.0,1.0,0.0,3.0,0.0,25.93,43.23,35.12,100.0
Japan,JPN,20200622,1.0,0.0,1.0,0.0,0.0,0.0,0.0,3.0,2.0,1.0,2.0,1.0,0.0,3.0,0.0,25.93,43.23,35.12,100.0
Japan,JPN,20200623,1.0,0.0,1.0,0.0,0.0,0.0,0.0,3.0,2.0,1.0,2.0,1.0,0.0,3.0,0.0,25.93,43.23,35.12,100.0
Japan,JPN,20200624,1.0,0.0,1.0,0.0,0.0,0.0,0.0,3.0,2.0,1.0,2.0,1.0,0.0,3.0,0.0,25.93,43.23,35.12,100.0
Japan,JPN,20200625,1.0,0.0,1.0,0.0,0.0,0.0,0.0,3.0,2.0,1.0,2.0,1.0,0.0,3.0,0.0,25.93,43.23,35.12,100.0
Japan,JPN,20200626,1.0,0.0,1.0,0.0,0.0,0.0,0.0,3.0,2.0,1.0,2.0,1.0,0.0,3.0,0.0,25.93,43.23,35.12,100.0
Japan,JPN,20200627,1.0,0.0,1.0,0.0,0.0,0.0,0.0,3.0,2.0,1.0,2.0,1.0,0.0,3.0,0.0,25.93,43.23,35.12,100.0
Japan,JPN,20200628,1.0,0.0,1.0,0.0,0.0,0.0,0.0,3.0,2.0,1.0,2.0,1.0,0.0,3.0,0.0,25.93,43.23,35.12,100.0
Japan,JPN,20200629,1.0,0.0,1.0,0.0,0.0,0.0,0.0,3.0,2.0,1.0,2.0,1.0,0.0,3.0,0.0,25.93,43.23,35.12,100.0
Japan,JPN,20200630,1.0,0.0,1.0,0.0,0.0,0.0,0.0,3.0,2.0,1.0,2.0,1.0,0.0,3.0,0.0,25.93,43.23,35.12,100.0
Japan,JPN,20200701,1.0,0.0,1.0,0.0,0.0,0.0,0.0,3.0,2.0,1.0,2.0,1.0,0.0,3.0,0.0,25.93,43.23,35.12,100.0
Japan,JPN,20200702,1.0,0.0,1.0,0.0,0.0,0.0,0.0,3.0,2.0,1.0,2.0,1.0,0.0,3.0,0.0,25.93,43.23,35.12,100.0
Japan,JPN,20200703,1.0,0.0,1.0,0.0,0.0,0.0,0.0,3.0,2.0,1.0,2.0,1.0,0.0,3.0,0.0,25.93,43.23,35.12,100.0
Japan,JPN,20200704,1.0,0.0,1.0,0.0,0.0,0.0,0.0,3.0,2.0,2.0,2.0,1.0,0.0,3.0,0.0,25.93,45.31,37.5,100.0
Japan,JPN,20200705,1.0,0.0,1.0,0.0,0.0,0.0,0.0,3.0,2.0,2.0,2.0,1.0,0.0,3.0,0.0,25.93,45.31,37.5,100.0
Japan,JPN,20200706,1.0,0.0,1.0,0.0,0.0,0.0,0.0,3.0,2.0,2.0,2.0,1.0,0.0,3.0,0.0,25.93,45.31,37.5,100.0
Japan,JPN,20200707,1.0,0.0,1.0,0.0,0.0,0.0,0.0,3.0,2.0,2.0,2.0,1.0,0.0,3.0,0.0,25.93,45.31,37.5,100.0
Japan,JPN,20200708,1.0,0.0,1.0,0.0,0.0,0.0,0.0,3.0,2.0,2.0,2.0,1.0,0.0,3.0,0.0,25.93,45.31,37.5,100.0
Japan,JPN,20200709,1.0,0.0,1.0,0.0,0.0,0.0,0.0,3.0,2.0,2.0,2.0,1.0,0.0,3.0,0.0,25.93,45.31,37.5,100.0
Japan,JPN,20200710,1.0,0.0,1.0,0.0,0.0,0.0,0.0,3.0,2.0,2.0,2.0,1.0,0.0,3.0,0.0,25.93,45.31,37.5,100.0
Japan,JPN,20200711,1.0,0.0,1.0,0.0,0.0,0.0,0.0,3.0,2.0,2.0,2.0,1.0,0.0,3.0,0.0,25.93,45.31,37.5,100.0
Japan,JPN,20200712,1.0,0.0,1.0,0.0,0.0,0.0,0.0,3.0,2.0,2.0,2.0,1.0,0.0,3.0,0.0,25.93,45.31,37.5,100.0
Japan,JPN,20200713,1.0,0.0,1.0,0.0,0.0,0.0,0.0,3.0,2.0,2.0,2.0,1.0,0.0,3.0,0.0,25.93,45.31,37.5,100.0
Japan,JPN,20200714,1.0,0.0,1.0,0.0,0.0,0.0,0.0,3.0,2.0,2.0,2.0,1.0,0.0,3.0,0.0,25.93,45.31,37.5,100.0
Japan,JPN,20200715,1.0,0.0,1.0,0.0,0.0,0.0,0.0,3.0,2.0,2.0,2.0,1.0,0.0,3.0,0.0,25.93,45.31,37.5,100.0
Japan,JPN,20200716,1.0,0.0,1.0,0.0,0.0,0.0,0.0,3.0,2.0,2.0,2.0,1.0,0.0,3.0,0.0,25.93,45.31,37.5,100.0
Japan,JPN,20200717,1.0,0.0,1.0,0.0,0.0,0.0,0.0,3.0,2.0,2.0,2.0,1.0,0.0,3.0,0.0,25.93,45.31,37.5,100.0
Japan,JPN,20200718,1.0,0.0,1.0,0.0,0.0,0.0,0.0,3.0,2.0,2.0,2.0,1.0,0.0,3.0,0.0,25.93,45.31,37.5,100.0
Japan,JPN,20200719,1.0,0.0,1.0,0.0,0.0,0.0,0.0,3.0,2.0,2.0,2.0,1.0,0.0,3.0,0.0,25.93,45.31,37.5,100.0
Japan,JPN,20200720,1.0,0.0,1.0,0.0,0.0,0.0,0.0,3.0,2.0,2.0,2.0,1.0,0.0,3.0,0.0,25.93,45.31,37.5,100.0
Japan,JPN,20200721,1.0,0.0,1.0,0.0,0.0,0.0,0.0,3.0,2.0,2.0,2.0,1.0,0.0,3.0,0.0,25.93,45.31,37.5,100.0
Japan,JPN,20200722,1.0,0.0,1.0,0.0,0.0,0.0,0.0,3.0,2.0,2.0,2.0,1.0,0.0,3.0,0.0,25.93,45.31,37.5,100.0
Japan,JPN,20200723,1.0,0.0,1.0,0.0,0.0,1.0,1.0,3.0,2.0,2.0,2.0,1.0,0.0,3.0,0.0,30.56,47.92,40.48,100.0
Japan,JPN,20200724,1.0,0.0,1.0,0.0,0.0,1.0,1.0,3.0,2.0,2.0,2.0,1.0,0.0,3.0,0.0,30.56,47.92,40.48,100.0
Japan,JPN,20200725,1.0,0.0,1.0,0.0,0.0,1.0,1.0,3.0,2.0,2.0,2.0,1.0,0.0,3.0,0.0,30.56,47.92,40.48,100.0
Japan,JPN,20200726,1.0,1.0,1.0,0.0,0.0,1.0,1.0,3.0,2.0,2.0,2.0,1.0,0.0,3.0,0.0,34.26,50.0,42.86,100.0
Japan,JPN,20200727,1.0,1.0,1.0,0.0,0.0,1.0,1.0,3.0,2.0,2.0,2.0,1.0,0.0,3.0,0.0,34.26,50.0,42.86,100.0
Japan,JPN,20200728,1.0,1.0,1.0,0.0,0.0,1.0,1.0,3.0,2.0,2.0,2.0,1.0,0.0,3.0,0.0,34.26,50.0,42.86,100.0
Japan,JPN,20200729,1.0,1.0,1.0,0.0,0.0,1.0,1.0,3.0,2.0,2.0,2.0,1.0,0.0,3.0,0.0,34.26,50.0,42.86,100.0
Japan,JPN,20200730,1.0,1.0,1.0,0.0,0.0,1.0,1.0,3.0,2.0,2.0,2.0,1.0,0.0,3.0,0.0,34.26,50.0,42.86,100.0
Japan,JPN,20200731,1.0,1.0,1.0,0.0,0.0,1.0,1.0,3.0,2.0,2.0,2.0,1.0,0.0,3.0,0.0,34.26,50.0,42.86,100.0
Japan,JPN,20200801,1.0,1.0,1.0,0.0,0.0,1.0,1.0,3.0,2.0,2.0,2.0,1.0,0.0,3.0,0.0,34.26,50.0,42.86,100.0
Japan,JPN,20200802,1.0,1.0,1.0,0.0,0.0,1.0,1.0,3.0,2.0,2.0,2.0,1.0,0.0,3.0,0.0,34.26,50.0,42.86,100.0
Japan,JPN,20200803,1.0,1.0,1.0,0.0,0.0,1.0,1.0,3.0,2.0,2.0,2.0,1.0,0.0,3.0,0.0,34.26,50.0,42.86,100.0
Japan,JPN,20200804,1.0,1.0,1.0,0.0,0.0,1.0,1.0,3.0,2.0,2.0,2.0,1.0,0.0,3.0,0.0,34.26,50.0,42.86,100.0
Japan,JPN,20200805,1.0,1.0,1.0,0.0,0.0,1.0,1.0,3.0,2.0,2.0,2.0,1.0,0.0,3.0,0.0,34.26,50.0,42.86,100.0
Japan,JPN,20200806,1.0,1.0,1.0,0.0,0.0,1.0,1.0,3.0,2.0,2.0,2.0,1.0,0.0,3.0,0.0,32.41,48.96,41.67,100.0
Japan,JPN,20200807,1.0,1.0,1.0,0.0,0.0,1.0,1.0,3.0,2.0,2.0,2.0,1.0,0.0,3.0,0.0,32.41,48.96,41.67,100.0
Japan,JPN,20200808,1.0,1.0,1.0,0.0,0.0,1.0,1.0,3.0,2.0,2.0,2.0,1.0,0.0,3.0,0.0,32.41,48.96,41.67,100.0
Japan,JPN,20200809,1.0,1.0,1.0,0.0,0.0,1.0,1.0,3.0,2.0,2.0,2.0,1.0,0.0,3.0,0.0,32.41,48.96,41.67,100.0
Japan,JPN,20200810,1.0,1.0,1.0,0.0,0.0,1.0,1.0,3.0,2.0,2.0,2.0,1.0,0.0,3.0,0.0,32.41,48.96,41.67,100.0
Japan,JPN,20200811,1.0,1.0,1.0,0.0,0.0,1.0,1.0,3.0,2.0,2.0,2.0,1.0,0.0,3.0,0.0,32.41,48.96,41.67,100.0
Japan,JPN,20200812,1.0,1.0,1.0,0.0,0.0,1.0,1.0,3.0,2.0,2.0,2.0,1.0,0.0,3.0,0.0,32.41,48.96,41.67,100.0
Japan,JPN,20200813,1.0,1.0,1.0,0.0,0.0,1.0,1.0,3.0,2.0,2.0,2.0,1.0,0.0,3.0,0.0,32.41,48.96,41.67,100.0
Japan,JPN,20200814,1.0,1.0,1.0,0.0,0.0,1.0,1.0,3.0,2.0,2.0,2.0,1.0,0.0,3.0,0.0,32.41,48.96,41.67,100.0
Japan,JPN,20200815,1.0,1.0,1.0,0.0,0.0,1.0,1.0,3.0,2.0,2.0,2.0,1.0,0.0,3.0,0.0,32.41,48.96,41.67,100.0
Japan,JPN,20200816,1.0,1.0,1.0,0.0,0.0,1.0,1.0,3.0,2.0,2.0,2.0,1.0,0.0,3.0,0.0,32.41,48.96,41.67,100.0
Japan,JPN,20200817,1.0,1.0,1.0,0.0,0.0,1.0,1.0,3.0,2.0,2.0,2.0,1.0,0.0,3.0,0.0,32.41,48.96,41.67,100.0
Japan,JPN,20200818,1.0,1.0,1.0,0.0,0.0,1.0,1.0,3.0,2.0,2.0,2.0,1.0,0.0,3.0,0.0,32.41,48.96,41.67,100.0
Japan,JPN,20200819,1.0,1.0,1.0,0.0,0.0,1.0,1.0,3.0,2.0,2.0,2.0,1.0,0.0,3.0,0.0,32.41,48.96,41.67,100.0
Japan,JPN,20200820,1.0,1.0,1.0,0.0,0.0,1.0,1.0,3.0,2.0,2.0,2.0,1.0,0.0,3.0,0.0,32.41,48.96,41.67,100.0
Japan,JPN,20200821,1.0,1.0,1.0,0.0,0.0,1.0,1.0,3.0,2.0,2.0,2.0,1.0,0.0,3.0,0.0,32.41,48.96,41.67,100.0
Japan,JPN,20200822,1.0,1.0,1.0,0.0,0.0,1.0,1.0,3.0,2.0,2.0,2.0,1.0,0.0,3.0,0.0,32.41,48.96,41.67,100.0
Japan,JPN,20200823,1.0,1.0,1.0,0.0,0.0,1.0,1.0,3.0,2.0,2.0,2.0,1.0,0.0,3.0,0.0,32.41,48.96,41.67,100.0
Japan,JPN,20200824,1.0,1.0,1.0,0.0,0.0,1.0,1.0,3.0,2.0,2.0,2.0,1.0,0.0,3.0,0.0,32.41,48.96,41.67,100.0
Japan,JPN,20200825,1.0,1.0,1.0,0.0,0.0,1.0,1.0,3.0,2.0,2.0,2.0,1.0,0.0,3.0,0.0,32.41,48.96,41.67,100.0
Japan,JPN,20200826,1.0,1.0,1.0,0.0,0.0,1.0,1.0,3.0,2.0,2.0,2.0,1.0,0.0,3.0,0.0,32.41,48.96,41.67,100.0
Japan,JPN,20200827,1.0,1.0,1.0,0.0,0.0,1.0,1.0,3.0,2.0,2.0,2.0,1.0,0.0,3.0,0.0,32.41,48.96,41.67,100.0
Japan,JPN,20200828,1.0,1.0,1.0,0.0,0.0,1.0,1.0,3.0,2.0,2.0,2.0,1.0,0.0,3.0,0.0,32.41,48.96,41.67,100.0
Japan,JPN,20200829,1.0,1.0,1.0,0.0,0.0,1.0,1.0,3.0,2.0,2.0,2.0,1.0,0.0,3.0,0.0,32.41,48.96,41.67,100.0
Japan,JPN,20200830,1.0,1.0,1.0,0.0,0.0,1.0,1.0,3.0,2.0,2.0,2.0,1.0,0.0,3.0,0.0,32.41,48.96,41.67,100.0
Japan,JPN,20200831,1.0,1.0,1.0,0.0,0.0,1.0,1.0,3.0,2.0,2.0,2.0,1.0,0.0,3.0,0.0,32.41,48.96,41.67,100.0
Japan,JPN,20200901,1.0,1.0,1.0,0.0,0.0,1.0,1.0,3.0,2.0,2.0,2.0,1.0,0.0,3.0,0.0,32.41,48.96,41.67,100.0
Japan,JPN,20200902,1.0,1.0,1.0,0.0,0.0,1.0,1.0,3.0,2.0,2.0,2.0,1.0,0.0,3.0,0.0,32.41,48.96,41.67,100.0
Japan,JPN,20200903,1.0,1.0,1.0,0.0,0.0,1.0,1.0,3.0,2.0,2.0,2.0,1.0,0.0,3.0,0.0,32.41,48.96,41.67,100.0
Japan,JPN,20200904,1.0,1.0,1.0,0.0,0.0,1.0,1.0,3.0,2.0,2.0,2.0,1.0,0.0,3.0,0.0,32.41,48.96,41.67,100.0
Japan,JPN,20200905,1.0,1.0,1.0,0.0,0.0,1.0,1.0,3.0,2.0,2.0,2.0,1.0,0.0,3.0,0.0,32.41,48.96,41.67,100.0
Japan,JPN,20200906,1.0,1.0,1.0,0.0,0.0,1.0,1.0,3.0,2.0,2.0,2.0,1.0,0.0,3.0,0.0,32.41,48.96,41.67,100.0
Japan,JPN,20200907,1.0,1.0,1.0,0.0,0.0,1.0,1.0,3.0,2.0,2.0,2.0,1.0,0.0,3.0,0.0,32.41,48.96,41.67,100.0
Japan,JPN,20200908,1.0,1.0,1.0,0.0,0.0,1.0,1.0,3.0,2.0,2.0,2.0,1.0,0.0,3.0,0.0,32.41,48.96,41.67,100.0
Japan,JPN,20200909,1.0,1.0,1.0,0.0,0.0,1.0,1.0,3.0,2.0,2.0,2.0,1.0,0.0,3.0,0.0,32.41,48.96,41.67,100.0
Japan,JPN,20200910,1.0,0.0,1.0,0.0,0.0,1.0,1.0,3.0,2.0,2.0,2.0,1.0,0.0,3.0,0.0,35.19,50.52,43.45,100.0
Japan,JPN,20200911,1.0,0.0,1.0,0.0,0.0,1.0,1.0,3.0,2.0,2.0,2.0,1.0,0.0,3.0,0.0,35.19,50.52,43.45,100.0
Japan,JPN,20200912,1.0,0.0,1.0,0.0,0.0,1.0,1.0,3.0,2.0,2.0,2.0,1.0,0.0,3.0,0.0,35.19,50.52,43.45,100.0
Japan,JPN,20200913,1.0,0.0,1.0,0.0,0.0,1.0,1.0,3.0,2.0,2.0,2.0,1.0,0.0,3.0,0.0,35.19,50.52,43.45,100.0
Japan,JPN,20200914,1.0,0.0,1.0,0.0,0.0,1.0,1.0,3.0,2.0,2.0,2.0,1.0,0.0,3.0,0.0,35.19,50.52,43.45,100.0
Japan,JPN,20200915,1.0,0.0,1.0,0.0,0.0,1.0,1.0,3.0,2.0,2.0,2.0,1.0,0.0,3.0,0.0,35.19,50.52,43.45,100.0
Japan,JPN,20200916,1.0,0.0,1.0,0.0,0.0,1.0,1.0,3.0,2.0,2.0,2.0,1.0,0.0,3.0,0.0,35.19,50.52,43.45,100.0
Japan,JPN,20200917,1.0,0.0,1.0,0.0,0.0,1.0,1.0,3.0,2.0,2.0,2.0,1.0,0.0,3.0,0.0,35.19,50.52,43.45,100.0
Japan,JPN,20200918,1.0,0.0,1.0,0.0,0.0,1.0,1.0,3.0,2.0,2.0,2.0,1.0,0.0,3.0,0.0,35.19,50.52,43.45,100.0
Japan,JPN,20200919,1.0,0.0,1.0,0.0,0.0,1.0,1.0,3.0,2.0,2.0,2.0,1.0,0.0,3.0,0.0,35.19,50.52,43.45,100.0
Japan,JPN,20200920,1.0,0.0,1.0,0.0,0.0,1.0,1.0,3.0,2.0,2.0,2.0,1.0,0.0,3.0,0.0,35.19,50.52,43.45,100.0
Japan,JPN,20200921,1.0,0.0,1.0,0.0,0.0,1.0,1.0,3.0,2.0,2.0,2.0,1.0,0.0,3.0,0.0,35.19,50.52,43.45,100.0
Japan,JPN,20200922,1.0,0.0,1.0,0.0,0.0,1.0,1.0,3.0,2.0,2.0,2.0,1.0,0.0,3.0,0.0,35.19,50.52,43.45,100.0
Japan,JPN,20200923,1.0,0.0,1.0,0.0,0.0,1.0,1.0,3.0,2.0,2.0,2.0,1.0,0.0,3.0,0.0,35.19,50.52,43.45,100.0
Japan,JPN,20200924,1.0,0.0,1.0,0.0,0.0,1.0,1.0,3.0,2.0,2.0,2.0,1.0,0.0,3.0,0.0,35.19,50.52,43.45,100.0
Japan,JPN,20200925,1.0,0.0,1.0,0.0,0.0,1.0,1.0,3.0,2.0,2.0,2.0,1.0,0.0,3.0,0.0,35.19,50.52,43.45,100.0
Japan,JPN,20200926,1.0,0.0,1.0,0.0,0.0,1.0,1.0,3.0,2.0,2.0,2.0,1.0,0.0,3.0,0.0,35.19,50.52,43.45,100.0
Japan,JPN,20200927,1.0,0.0,1.0,0.0,0.0,1.0,1.0,3.0,2.0,2.0,2.0,1.0,0.0,3.0,0.0,35.19,50.52,43.45,100.0
Japan,JPN,20200928,1.0,0.0,1.0,0.0,0.0,1.0,1.0,3.0,2.0,2.0,2.0,1.0,0.0,3.0,0.0,35.19,50.52,43.45,100.0
Japan,JPN,20200929,1.0,0.0,1.0,0.0,0.0,1.0,1.0,3.0,2.0,2.0,2.0,1.0,0.0,3.0,0.0,35.19,50.52,43.45,100.0
Japan,JPN,20200930,1.0,0.0,1.0,0.0,0.0,1.0,1.0,3.0,2.0,2.0,2.0,1.0,0.0,3.0,0.0,35.19,50.52,43.45,100.0
Japan,JPN,20201001,1.0,0.0,1.0,0.0,0.0,1.0,1.0,3.0,2.0,2.0,2.0,1.0,0.0,3.0,0.0,35.19,50.52,43.45,100.0
Japan,JPN,20201002,1.0,0.0,1.0,0.0,0.0,1.0,1.0,3.0,2.0,2.0,2.0,1.0,0.0,3.0,0.0,35.19,50.52,43.45,100.0
Japan,JPN,20201003,1.0,0.0,1.0,0.0,0.0,1.0,1.0,3.0,2.0,2.0,2.0,1.0,0.0,3.0,0.0,35.19,50.52,43.45,100.0
Japan,JPN,20201004,1.0,0.0,1.0,0.0,0.0,1.0,1.0,3.0,2.0,2.0,2.0,1.0,0.0,3.0,0.0,35.19,50.52,43.45,100.0
Japan,JPN,20201005,1.0,0.0,1.0,0.0,0.0,1.0,1.0,3.0,2.0,2.0,2.0,1.0,0.0,3.0,0.0,35.19,50.52,43.45,100.0
Japan,JPN,20201006,1.0,0.0,1.0,0.0,0.0,1.0,1.0,3.0,2.0,2.0,2.0,1.0,0.0,3.0,0.0,35.19,50.52,43.45,100.0
Japan,JPN,20201007,1.0,0.0,1.0,0.0,0.0,1.0,1.0,3.0,2.0,2.0,2.0,1.0,0.0,3.0,0.0,35.19,50.52,43.45,100.0
Japan,JPN,20201008,1.0,0.0,1.0,0.0,0.0,1.0,1.0,3.0,2.0,2.0,2.0,1.0,0.0,3.0,0.0,35.19,50.52,43.45,100.0
Japan,JPN,20201009,1.0,0.0,1.0,0.0,0.0,1.0,1.0,3.0,2.0,2.0,2.0,1.0,0.0,3.0,0.0,35.19,50.52,43.45,100.0
Japan,JPN,20201010,1.0,0.0,1.0,0.0,0.0,1.0,1.0,3.0,2.0,2.0,2.0,1.0,0.0,3.0,0.0,35.19,50.52,43.45,100.0
Japan,JPN,20201011,1.0,0.0,1.0,0.0,0.0,1.0,1.0,3.0,2.0,2.0,2.0,1.0,0.0,3.0,0.0,35.19,50.52,43.45,100.0
Japan,JPN,20201012,1.0,0.0,1.0,0.0,0.0,1.0,1.0,3.0,2.0,2.0,2.0,1.0,0.0,3.0,0.0,35.19,50.52,43.45,100.0
Japan,JPN,20201013,1.0,0.0,1.0,0.0,0.0,1.0,1.0,3.0,2.0,2.0,2.0,1.0,0.0,3.0,0.0,35.19,50.52,43.45,100.0
Japan,JPN,20201014,1.0,0.0,1.0,0.0,0.0,1.0,1.0,3.0,2.0,2.0,2.0,1.0,0.0,3.0,0.0,35.19,50.52,43.45,100.0
Japan,JPN,20201015,1.0,0.0,1.0,0.0,0.0,1.0,1.0,3.0,2.0,2.0,2.0,1.0,0.0,3.0,0.0,35.19,50.52,43.45,100.0
Japan,JPN,20201016,1.0,0.0,1.0,0.0,0.0,1.0,1.0,3.0,2.0,2.0,2.0,1.0,0.0,3.0,0.0,35.19,50.52,43.45,100.0
Japan,JPN,20201017,1.0,0.0,1.0,0.0,0.0,1.0,1.0,3.0,2.0,2.0,2.0,1.0,0.0,3.0,0.0,35.19,50.52,43.45,100.0
Japan,JPN,20201018,1.0,0.0,1.0,0.0,0.0,1.0,1.0,3.0,2.0,2.0,2.0,1.0,0.0,3.0,0.0,35.19,50.52,43.45,100.0
Japan,JPN,20201019,1.0,0.0,1.0,0.0,0.0,1.0,1.0,3.0,2.0,2.0,2.0,1.0,0.0,3.0,0.0,35.19,50.52,43.45,100.0
Japan,JPN,20201020,1.0,0.0,1.0,0.0,0.0,1.0,1.0,3.0,2.0,2.0,2.0,1.0,0.0,3.0,0.0,35.19,50.52,43.45,100.0
Japan,JPN,20201021,1.0,0.0,1.0,0.0,0.0,1.0,1.0,3.0,2.0,2.0,2.0,1.0,0.0,3.0,0.0,35.19,50.52,43.45,100.0
Japan,JPN,20201022,1.0,0.0,1.0,0.0,0.0,1.0,1.0,3.0,2.0,2.0,2.0,1.0,0.0,3.0,0.0,35.19,50.52,43.45,100.0
Japan,JPN,20201023,1.0,0.0,1.0,0.0,0.0,1.0,1.0,3.0,2.0,2.0,2.0,1.0,0.0,3.0,0.0,35.19,50.52,43.45,100.0
Japan,JPN,20201024,1.0,0.0,1.0,0.0,0.0,1.0,1.0,3.0,2.0,2.0,2.0,1.0,0.0,3.0,0.0,35.19,50.52,43.45,100.0
Japan,JPN,20201025,1.0,0.0,1.0,0.0,0.0,1.0,1.0,3.0,2.0,2.0,2.0,1.0,0.0,3.0,0.0,35.19,50.52,43.45,100.0
Japan,JPN,20201026,1.0,0.0,1.0,0.0,0.0,1.0,1.0,3.0,2.0,2.0,2.0,1.0,0.0,3.0,0.0,35.19,50.52,43.45,100.0
Japan,JPN,20201027,1.0,0.0,1.0,0.0,0.0,1.0,1.0,3.0,2.0,2.0,2.0,1.0,0.0,3.0,0.0,35.19,50.52,43.45,100.0
Japan,JPN,20201028,1.0,0.0,1.0,0.0,0.0,1.0,1.0,3.0,2.0,2.0,2.0,1.0,0.0,3.0,0.0,35.19,50.52,43.45,100.0
Japan,JPN,20201029,1.0,0.0,1.0,0.0,0.0,1.0,1.0,3.0,2.0,2.0,2.0,1.0,0.0,3.0,0.0,35.19,50.52,43.45,100.0
Japan,JPN,20201030,1.0,0.0,1.0,0.0,0.0,1.0,1.0,3.0,2.0,2.0,2.0,1.0,0.0,3.0,0.0,35.19,50.52,43.45,100.0
Japan,JPN,20201031,1.0,0.0,1.0,0.0,0.0,1.0,1.0,3.0,2.0,2.0,2.0,1.0,0.0,3.0,0.0,35.19,50.52,43.45,100.0
Japan,JPN,20201101,1.0,0.0,1.0,0.0,0.0,1.0,1.0,3.0,2.0,2.0,2.0,1.0,0.0,3.0,0.0,35.19,50.52,43.45,100.0
Japan,JPN,20201102,1.0,0.0,1.0,0.0,0.0,1.0,1.0,3.0,2.0,2.0,2.0,1.0,0.0,3.0,0.0,35.19,50.52,43.45,100.0
Japan,JPN,20201103,1.0,0.0,1.0,0.0,0.0,1.0,1.0,3.0,2.0,2.0,2.0,1.0,0.0,3.0,0.0,35.19,50.52,43.45,100.0
Japan,JPN,20201104,1.0,0.0,1.0,0.0,0.0,1.0,1.0,3.0,2.0,2.0,2.0,1.0,0.0,3.0,0.0,35.19,50.52,43.45,100.0
Japan,JPN,20201105,1.0,0.0,1.0,0.0,0.0,1.0,1.0,3.0,2.0,2.0,2.0,1.0,0.0,3.0,0.0,35.19,50.52,43.45,100.0
Japan,JPN,20201106,1.0,0.0,1.0,0.0,0.0,1.0,1.0,3.0,2.0,2.0,2.0,1.0,0.0,3.0,0.0,35.19,50.52,43.45,100.0
Japan,JPN,20201107,1.0,1.0,1.0,0.0,0.0,1.0,1.0,3.0,2.0,2.0,2.0,1.0,0.0,3.0,0.0,37.04,51.56,44.64,100.0
Japan,JPN,20201108,1.0,1.0,1.0,0.0,0.0,1.0,1.0,3.0,2.0,2.0,2.0,1.0,0.0,3.0,0.0,37.04,51.56,44.64,100.0
Japan,JPN,20201109,1.0,1.0,1.0,0.0,0.0,1.0,1.0,3.0,2.0,2.0,2.0,1.0,0.0,3.0,0.0,37.04,51.56,44.64,100.0
Japan,JPN,20201110,1.0,1.0,1.0,0.0,0.0,1.0,1.0,3.0,2.0,2.0,2.0,1.0,0.0,3.0,0.0,37.04,51.56,44.64,100.0
Japan,JPN,20201111,1.0,1.0,1.0,0.0,0.0,1.0,1.0,3.0,2.0,2.0,2.0,1.0,0.0,3.0,0.0,37.04,51.56,44.64,100.0
Japan,JPN,20201112,1.0,1.0,1.0,0.0,0.0,1.0,1.0,3.0,2.0,2.0,2.0,1.0,0.0,3.0,0.0,37.04,51.56,44.64,100.0
Japan,JPN,20201113,1.0,1.0,1.0,0.0,0.0,1.0,1.0,3.0,2.0,2.0,2.0,1.0,0.0,3.0,0.0,37.04,51.56,44.64,100.0
Japan,JPN,20201114,1.0,1.0,1.0,0.0,0.0,1.0,1.0,3.0,2.0,2.0,2.0,1.0,0.0,3.0,0.0,37.04,51.56,44.64,100.0
Japan,JPN,20201115,1.0,1.0,1.0,0.0,0.0,1.0,1.0,3.0,2.0,2.0,2.0,1.0,0.0,3.0,0.0,37.04,51.56,44.64,100.0
Japan,JPN,20201116,1.0,1.0,1.0,0.0,0.0,1.0,1.0,3.0,2.0,2.0,2.0,1.0,0.0,3.0,0.0,37.04,51.56,44.64,100.0
Japan,JPN,20201117,1.0,1.0,1.0,0.0,0.0,1.0,1.0,3.0,2.0,2.0,2.0,1.0,0.0,3.0,0.0,37.04,51.56,44.64,100.0
Japan,JPN,20201118,1.0,1.0,1.0,0.0,0.0,1.0,1.0,3.0,2.0,2.0,2.0,1.0,0.0,3.0,0.0,37.04,51.56,44.64,100.0
Japan,JPN,20201119,1.0,1.0,1.0,0.0,0.0,1.0,1.0,3.0,2.0,2.0,2.0,1.0,0.0,3.0,0.0,37.04,51.56,44.64,100.0
Japan,JPN,20201120,1.0,1.0,1.0,0.0,0.0,1.0,1.0,3.0,2.0,2.0,2.0,1.0,0.0,3.0,0.0,37.04,51.56,44.64,100.0
Japan,JPN,20201121,1.0,1.0,1.0,0.0,0.0,1.0,1.0,3.0,2.0,2.0,2.0,1.0,0.0,3.0,0.0,37.04,51.56,44.64,100.0
Japan,JPN,20201122,1.0,1.0,1.0,0.0,0.0,1.0,1.0,3.0,2.0,2.0,2.0,1.0,0.0,3.0,0.0,37.04,51.56,44.64,100.0
Japan,JPN,20201123,1.0,1.0,1.0,0.0,0.0,1.0,1.0,3.0,2.0,2.0,2.0,1.0,0.0,3.0,0.0,37.04,51.56,44.64,100.0
Japan,JPN,20201124,1.0,1.0,1.0,0.0,0.0,1.0,1.0,3.0,2.0,2.0,2.0,1.0,0.0,3.0,0.0,37.04,51.56,44.64,100.0
Japan,JPN,20201125,1.0,1.0,1.0,0.0,0.0,1.0,1.0,3.0,2.0,2.0,2.0,1.0,0.0,3.0,0.0,37.04,51.56,44.64,100.0
Japan,JPN,20201126,1.0,1.0,1.0,0.0,0.0,1.0,1.0,3.0,2.0,2.0,2.0,1.0,0.0,3.0,0.0,37.04,51.56,44.64,100.0
Japan,JPN,20201127,1.0,1.0,1.0,0.0,0.0,1.0,1.0,3.0,2.0,2.0,2.0,1.0,0.0,3.0,0.0,37.04,51.56,44.64,100.0
Japan,JPN,20201128,1.0,1.0,1.0,0.0,0.0,1.0,1.0,3.0,2.0,2.0,2.0,1.0,0.0,3.0,0.0,37.04,51.56,44.64,100.0
Japan,JPN,20201129,1.0,1.0,1.0,0.0,0.0,1.0,1.0,3.0,2.0,2.0,2.0,1.0,0.0,3.0,0.0,37.04,51.56,44.64,100.0
Japan,JPN,20201130,1.0,1.0,1.0,0.0,0.0,1.0,1.0,3.0,2.0,2.0,2.0,1.0,0.0,3.0,0.0,37.04,51.56,44.64,100.0
Japan,JPN,20201201,1.0,1.0,1.0,0.0,1.0,1.0,1.0,3.0,2.0,2.0,2.0,1.0,0.0,3.0,0.0,42.59,54.69,48.21,100.0
Japan,JPN,20201202,1.0,1.0,1.0,0.0,1.0,1.0,1.0,3.0,2.0,2.0,2.0,1.0,0.0,3.0,0.0,42.59,54.69,48.21,100.0
Japan,JPN,20201203,1.0,1.0,1.0,0.0,1.0,1.0,1.0,3.0,2.0,2.0,2.0,1.0,0.0,3.0,0.0,42.59,54.69,48.21,100.0
Japan,JPN,20201204,1.0,1.0,1.0,0.0,1.0,1.0,1.0,3.0,2.0,2.0,2.0,1.0,0.0,3.0,0.0,42.59,54.69,48.21,100.0
Japan,JPN,20201205,1.0,1.0,1.0,0.0,1.0,1.0,1.0,3.0,2.0,2.0,2.0,1.0,0.0,3.0,0.0,42.59,54.69,48.21,100.0
Japan,JPN,20201206,1.0,1.0,1.0,0.0,1.0,1.0,1.0,3.0,2.0,2.0,2.0,1.0,0.0,3.0,0.0,42.59,54.69,48.21,100.0
Japan,JPN,20201207,1.0,1.0,1.0,0.0,1.0,1.0,1.0,3.0,2.0,2.0,2.0,1.0,0.0,3.0,0.0,42.59,54.69,48.21,100.0
Japan,JPN,20201208,1.0,1.0,1.0,0.0,1.0,1.0,1.0,3.0,2.0,2.0,2.0,1.0,0.0,3.0,0.0,42.59,54.69,48.21,100.0
Japan,JPN,20201209,1.0,1.0,1.0,0.0,1.0,1.0,1.0,3.0,2.0,2.0,2.0,1.0,0.0,3.0,0.0,42.59,54.69,48.21,100.0
Japan,JPN,20201210,1.0,1.0,1.0,0.0,1.0,1.0,1.0,3.0,2.0,2.0,2.0,1.0,0.0,3.0,0.0,42.59,54.69,48.21,100.0
Japan,JPN,20201211,1.0,1.0,1.0,0.0,1.0,1.0,1.0,3.0,2.0,2.0,2.0,1.0,0.0,3.0,0.0,42.59,54.69,48.21,100.0
Japan,JPN,20201212,1.0,1.0,1.0,0.0,1.0,1.0,1.0,3.0,2.0,2.0,2.0,1.0,0.0,3.0,0.0,42.59,54.69,48.21,100.0
Japan,JPN,20201213,1.0,1.0,1.0,0.0,1.0,1.0,1.0,3.0,2.0,2.0,2.0,1.0,0.0,3.0,0.0,42.59,54.69,48.21,100.0
Japan,JPN,20201214,1.0,1.0,1.0,0.0,1.0,1.0,1.0,3.0,2.0,2.0,2.0,1.0,0.0,3.0,0.0,42.59,54.69,48.21,100.0
Japan,JPN,20201215,1.0,1.0,1.0,0.0,1.0,1.0,1.0,3.0,2.0,2.0,2.0,1.0,0.0,3.0,0.0,42.59,54.69,48.21,100.0
Japan,JPN,20201216,1.0,1.0,1.0,0.0,1.0,1.0,1.0,3.0,2.0,2.0,2.0,1.0,0.0,3.0,0.0,42.59,54.69,48.21,100.0
Japan,JPN,20201217,1.0,1.0,1.0,0.0,1.0,1.0,1.0,3.0,2.0,2.0,2.0,1.0,0.0,3.0,0.0,42.59,54.69,48.21,100.0
Japan,JPN,20201218,1.0,1.0,1.0,0.0,1.0,1.0,1.0,3.0,2.0,2.0,2.0,1.0,0.0,3.0,0.0,42.59,54.69,48.21,100.0
Japan,JPN,20201219,1.0,1.0,1.0,0.0,1.0,1.0,1.0,3.0,2.0,2.0,2.0,1.0,0.0,3.0,0.0,42.59,54.69,48.21,100.0
Japan,JPN,20201220,1.0,1.0,1.0,0.0,1.0,1.0,1.0,3.0,2.0,2.0,2.0,1.0,0.0,3.0,0.0,42.59,54.69,48.21,100.0
Japan,JPN,20201221,1.0,1.0,1.0,0.0,1.0,1.0,1.0,3.0,2.0,2.0,2.0,1.0,0.0,3.0,0.0,42.59,54.69,48.21,100.0
Japan,JPN,20201222,1.0,1.0,1.0,0.0,1.0,1.0,1.0,3.0,2.0,2.0,2.0,1.0,0.0,3.0,0.0,42.59,54.69,48.21,100.0
Japan,JPN,20201223,1.0,1.0,1.0,0.0,1.0,1.0,1.0,3.0,2.0,2.0,2.0,1.0,0.0,3.0,0.0,42.59,54.69,48.21,100.0
Japan,JPN,20201224,1.0,1.0,1.0,0.0,1.0,1.0,1.0,3.0,2.0,2.0,2.0,1.0,0.0,3.0,0.0,42.59,54.69,48.21,100.0
Japan,JPN,20201225,1.0,1.0,1.0,0.0,1.0,1.0,1.0,3.0,2.0,2.0,2.0,1.0,0.0,3.0,0.0,42.59,54.69,48.21,100.0
Japan,JPN,20201226,1.0,1.0,1.0,0.0,1.0,1.0,1.0,3.0,2.0,2.0,2.0,1.0,0.0,3.0,0.0,42.59,54.69,48.21,100.0
Japan,JPN,20201227,1.0,1.0,1.0,0.0,1.0,1.0,1.0,3.0,2.0,2.0,2.0,1.0,0.0,3.0,0.0,42.59,54.69,48.21,100.0
Japan,JPN,20201228,1.0,1.0,1.0,0.0,1.0,1.0,1.0,4.0,2.0,2.0,2.0,1.0,0.0,3.0,0.0,45.37,56.25,50.0,100.0
Japan,JPN,20201229,1.0,1.0,1.0,0.0,1.0,1.0,1.0,4.0,2.0,2.0,2.0,1.0,0.0,3.0,0.0,45.37,56.25,50.0,100.0
Japan,JPN,20201230,1.0,1.0,1.0,0.0,1.0,1.0,1.0,4.0,2.0,2.0,2.0,1.0,0.0,3.0,0.0,45.37,56.25,50.0,100.0
Japan,JPN,20201231,1.0,1.0,1.0,0.0,1.0,1.0,1.0,4.0,2.0,2.0,2.0,1.0,0.0,3.0,0.0,45.37,56.25,50.0,100.0
Japan,JPN,20210101,1.0,1.0,1.0,0.0,1.0,1.0,1.0,4.0,2.0,2.0,2.0,1.0,0.0,3.0,0.0,48.15,57.81,51.79,100.0
Japan,JPN,20210102,1.0,1.0,1.0,0.0,1.0,1.0,1.0,4.0,2.0,2.0,2.0,1.0,0.0,3.0,0.0,48.15,57.81,51.79,100.0
Japan,JPN,20210103,1.0,1.0,1.0,0.0,1.0,1.0,1.0,4.0,2.0,2.0,2.0,1.0,0.0,3.0,0.0,48.15,57.81,51.79,100.0
Japan,JPN,20210104,1.0,1.0,1.0,0.0,1.0,1.0,1.0,4.0,2.0,2.0,2.0,1.0,0.0,3.0,0.0,48.15,57.81,51.79,100.0
Japan,JPN,20210105,1.0,1.0,1.0,1.0,1.0,1.0,1.0,4.0,2.0,2.0,2.0,1.0,0.0,3.0,0.0,49.54,58.59,52.68,100.0
Japan,JPN,20210106,1.0,1.0,1.0,1.0,1.0,1.0,1.0,4.0,2.0,2.0,2.0,1.0,0.0,3.0,0.0,49.54,58.59,52.68,100.0
Japan,JPN,20210107,1.0,1.0,1.0,1.0,1.0,1.0,1.0,4.0,2.0,2.0,2.0,1.0,0.0,3.0,0.0,49.54,58.59,52.68,100.0
Japan,JPN,20210108,1.0,1.0,1.0,1.0,1.0,1.0,1.0,4.0,2.0,2.0,2.0,1.0,0.0,3.0,0.0,49.54,58.59,52.68,100.0
Japan,JPN,20210109,1.0,1.0,1.0,1.0,1.0,1.0,1.0,4.0,2.0,2.0,2.0,1.0,0.0,3.0,0.0,49.54,58.59,52.68,100.0
Japan,JPN,20210110,1.0,1.0,1.0,1.0,1.0,1.0,1.0,4.0,2.0,2.0,2.0,1.0,0.0,3.0,0.0,49.54,58.59,52.68,100.0
Japan,JPN,20210111,1.0,1.0,1.0,1.0,1.0,1.0,1.0,4.0,2.0,2.0,2.0,1.0,0.0,3.0,0.0,49.54,58.59,52.68,100.0
Japan,JPN,20210112,1.0,1.0,1.0,1.0,1.0,1.0,1.0,4.0,2.0,2.0,2.0,1.0,0.0,3.0,0.0,49.54,58.59,52.68,100.0
Japan,JPN,20210113,1.0,1.0,1.0,1.0,1.0,1.0,1.0,4.0,2.0,2.0,2.0,1.0,0.0,3.0,0.0,49.54,58.59,52.68,100.0
Japan,JPN,20210114,1.0,1.0,1.0,1.0,1.0,1.0,1.0,4.0,2.0,2.0,2.0,1.0,0.0,3.0,0.0,49.54,58.59,52.68,100.0
Japan,JPN,20210115,1.0,1.0,1.0,1.0,1.0,1.0,1.0,4.0,2.0,2.0,2.0,1.0,0.0,3.0,0.0,49.54,58.59,52.68,100.0
Japan,JPN,20210116,1.0,1.0,1.0,1.0,1.0,1.0,1.0,4.0,2.0,2.0,2.0,1.0,0.0,3.0,0.0,49.54,58.59,52.68,100.0
Japan,JPN,20210117,1.0,1.0,1.0,1.0,1.0,1.0,1.0,4.0,2.0,2.0,2.0,1.0,0.0,3.0,0.0,49.54,58.59,52.68,100.0
Japan,JPN,20210118,1.0,1.0,1.0,1.0,1.0,1.0,1.0,4.0,2.0,2.0,2.0,1.0,0.0,3.0,0.0,49.54,58.59,52.68,100.0
Japan,JPN,20210119,1.0,1.0,1.0,1.0,1.0,1.0,1.0,4.0,2.0,2.0,2.0,1.0,0.0,3.0,0.0,49.54,58.59,52.68,100.0
Japan,JPN,20210120,1.0,1.0,1.0,1.0,1.0,1.0,1.0,4.0,2.0,2.0,2.0,1.0,0.0,3.0,0.0,49.54,58.59,52.68,100.0
Japan,JPN,20210121,1.0,1.0,1.0,1.0,1.0,1.0,1.0,4.0,2.0,2.0,2.0,1.0,0.0,3.0,0.0,49.54,58.59,52.68,100.0
Japan,JPN,20210122,1.0,1.0,1.0,1.0,1.0,1.0,1.0,4.0,2.0,2.0,2.0,1.0,0.0,3.0,0.0,49.54,58.59,52.68,100.0
Japan,JPN,20210123,1.0,1.0,1.0,1.0,1.0,1.0,1.0,4.0,2.0,2.0,2.0,1.0,0.0,3.0,0.0,49.54,58.59,52.68,100.0
Japan,JPN,20210124,1.0,1.0,1.0,1.0,1.0,1.0,1.0,4.0,2.0,2.0,2.0,1.0,0.0,3.0,0.0,49.54,58.59,52.68,100.0
Japan,JPN,20210125,1.0,1.0,1.0,1.0,1.0,1.0,1.0,4.0,2.0,2.0,2.0,1.0,0.0,3.0,0.0,49.54,58.59,52.68,100.0
Japan,JPN,20210126,1.0,1.0,1.0,1.0,1.0,1.0,1.0,4.0,2.0,2.0,2.0,1.0,0.0,3.0,0.0,49.54,58.59,52.68,100.0
Japan,JPN,20210127,1.0,1.0,1.0,1.0,1.0,1.0,1.0,4.0,2.0,2.0,2.0,1.0,0.0,3.0,0.0,49.54,58.59,52.68,100.0
Japan,JPN,20210128,1.0,1.0,1.0,1.0,1.0,1.0,1.0,4.0,2.0,2.0,2.0,1.0,0.0,3.0,0.0,49.54,58.59,52.68,100.0
Japan,JPN,20210129,1.0,1.0,1.0,1.0,1.0,1.0,1.0,4.0,2.0,2.0,2.0,1.0,0.0,3.0,0.0,49.54,58.59,52.68,100.0
Japan,JPN,20210130,1.0,1.0,1.0,1.0,1.0,1.0,1.0,4.0,2.0,2.0,2.0,1.0,0.0,3.0,0.0,49.54,58.59,52.68,100.0
Japan,JPN,20210131,1.0,1.0,1.0,1.0,1.0,1.0,1.0,4.0,2.0,2.0,2.0,1.0,0.0,3.0,0.0,49.54,58.59,52.68,100.0
Japan,JPN,20210201,1.0,1.0,1.0,1.0,1.0,1.0,1.0,4.0,2.0,2.0,2.0,1.0,0.0,3.0,0.0,49.54,58.59,52.68,100.0
Japan,JPN,20210202,1.0,1.0,1.0,1.0,1.0,1.0,1.0,4.0,2.0,2.0,2.0,1.0,0.0,3.0,0.0,49.54,58.59,52.68,100.0
Japan,JPN,20210203,1.0,1.0,1.0,1.0,1.0,1.0,1.0,4.0,2.0,2.0,2.0,1.0,0.0,3.0,0.0,49.54,58.59,52.68,100.0
Japan,JPN,20210204,1.0,1.0,1.0,1.0,1.0,1.0,1.0,4.0,2.0,2.0,2.0,1.0,0.0,3.0,0.0,49.54,58.59,52.68,100.0
Japan,JPN,20210205,1.0,1.0,1.0,1.0,1.0,1.0,1.0,4.0,2.0,2.0,2.0,1.0,0.0,3.0,0.0,49.54,58.59,52.68,100.0
Japan,JPN,20210206,1.0,1.0,1.0,1.0,1.0,1.0,1.0,4.0,2.0,2.0,2.0,1.0,0.0,3.0,0.0,49.54,58.59,52.68,100.0
Japan,JPN,20210207,1.0,1.0,1.0,1.0,1.0,1.0,1.0,4.0,2.0,2.0,2.0,1.0,0.0,3.0,0.0,49.54,58.59,52.68,100.0
Japan,JPN,20210208,1.0,1.0,1.0,1.0,1.0,1.0,1.0,4.0,2.0,2.0,2.0,1.0,0.0,3.0,0.0,49.54,58.59,52.68,100.0
Japan,JPN,20210209,1.0,1.0,1.0,1.0,1.0,1.0,1.0,4.0,2.0,2.0,2.0,1.0,0.0,3.0,0.0,49.54,58.59,52.68,100.0
Japan,JPN,20210210,1.0,1.0,1.0,1.0,1.0,1.0,1.0,4.0,2.0,2.0,2.0,1.0,0.0,3.0,0.0,49.54,58.59,52.68,100.0
Japan,JPN,20210211,1.0,1.0,1.0,1.0,1.0,1.0,1.0,4.0,2.0,2.0,2.0,1.0,0.0,3.0,0.0,49.54,58.59,52.68,100.0
Japan,JPN,20210212,1.0,1.0,1.0,1.0,1.0,1.0,1.0,4.0,2.0,2.0,2.0,1.0,0.0,3.0,0.0,49.54,58.59,52.68,100.0
Japan,JPN,20210213,1.0,1.0,1.0,1.0,1.0,1.0,1.0,4.0,2.0,2.0,2.0,1.0,0.0,3.0,0.0,49.54,58.59,52.68,100.0
Japan,JPN,20210214,1.0,1.0,1.0,1.0,1.0,1.0,1.0,4.0,2.0,2.0,2.0,1.0,0.0,3.0,0.0,49.54,58.59,52.68,100.0
Japan,JPN,20210215,1.0,1.0,1.0,1.0,1.0,1.0,1.0,4.0,2.0,2.0,2.0,1.0,0.0,3.0,0.0,49.54,58.59,52.68,100.0
Japan,JPN,20210216,1.0,1.0,1.0,1.0,1.0,1.0,1.0,4.0,2.0,2.0,2.0,1.0,0.0,3.0,0.0,49.54,58.59,52.68,100.0
Japan,JPN,20210217,1.0,1.0,1.0,1.0,1.0,1.0,1.0,4.0,2.0,2.0,2.0,1.0,1.0,3.0,0.0,49.54,59.84,54.11,100.0
Japan,JPN,20210218,1.0,1.0,1.0,1.0,1.0,1.0,1.0,4.0,2.0,2.0,2.0,1.0,1.0,3.0,0.0,49.54,59.84,54.11,100.0
Japan,JPN,20210219,1.0,1.0,1.0,1.0,1.0,1.0,1.0,4.0,2.0,2.0,2.0,1.0,1.0,3.0,0.0,49.54,59.84,54.11,100.0
Japan,JPN,20210220,1.0,1.0,1.0,1.0,1.0,1.0,1.0,4.0,2.0,2.0,2.0,1.0,1.0,3.0,0.0,49.54,59.84,54.11,100.0
Japan,JPN,20210221,1.0,1.0,1.0,1.0,1.0,1.0,1.0,4.0,2.0,2.0,2.0,1.0,1.0,3.0,0.0,49.54,59.84,54.11,100.0
Japan,JPN,20210222,1.0,1.0,1.0,1.0,1.0,1.0,1.0,4.0,2.0,2.0,2.0,1.0,1.0,3.0,0.0,49.54,59.84,54.11,100.0
Japan,JPN,20210223,1.0,1.0,1.0,1.0,1.0,1.0,1.0,4.0,2.0,2.0,2.0,1.0,1.0,3.0,0.0,49.54,59.84,54.11,100.0
Japan,JPN,20210224,1.0,1.0,1.0,1.0,1.0,1.0,1.0,4.0,2.0,2.0,2.0,1.0,1.0,3.0,0.0,49.54,59.84,54.11,100.0
Japan,JPN,20210225,1.0,1.0,1.0,1.0,1.0,1.0,1.0,4.0,2.0,2.0,2.0,1.0,1.0,3.0,0.0,49.54,59.84,54.11,100.0
Japan,JPN,20210226,1.0,1.0,1.0,1.0,1.0,1.0,1.0,4.0,2.0,2.0,2.0,1.0,1.0,3.0,0.0,49.54,59.84,54.11,100.0
Japan,JPN,20210227,1.0,1.0,1.0,1.0,1.0,1.0,1.0,4.0,2.0,2.0,2.0,1.0,1.0,3.0,0.0,50.93,60.62,55.0,100.0
Japan,JPN,20210228,1.0,1.0,1.0,1.0,1.0,1.0,1.0,4.0,2.0,2.0,2.0,1.0,1.0,3.0,0.0,50.93,60.62,55.0,100.0
Japan,JPN,20210301,1.0,1.0,1.0,1.0,1.0,1.0,1.0,4.0,2.0,2.0,2.0,1.0,1.0,3.0,0.0,48.15,59.06,53.21,100.0
Japan,JPN,20210302,1.0,1.0,1.0,1.0,1.0,1.0,1.0,4.0,2.0,2.0,2.0,1.0,1.0,3.0,0.0,48.15,59.06,53.21,100.0
Japan,JPN,20210303,1.0,1.0,1.0,1.0,1.0,1.0,1.0,4.0,2.0,2.0,2.0,1.0,1.0,3.0,0.0,48.15,59.06,53.21,100.0
Japan,JPN,20210304,1.0,1.0,1.0,1.0,1.0,1.0,1.0,4.0,2.0,2.0,2.0,1.0,1.0,3.0,0.0,48.15,59.06,53.21,100.0
Japan,JPN,20210305,1.0,1.0,1.0,1.0,1.0,1.0,1.0,4.0,2.0,2.0,2.0,1.0,1.0,3.0,0.0,48.15,59.06,53.21,100.0
Japan,JPN,20210306,1.0,1.0,1.0,1.0,1.0,1.0,1.0,4.0,2.0,2.0,2.0,1.0,1.0,3.0,0.0,45.37,57.5,51.43,100.0
Japan,JPN,20210307,1.0,1.0,1.0,1.0,1.0,1.0,1.0,4.0,2.0,2.0,2.0,1.0,1.0,3.0,0.0,45.37,57.5,51.43,100.0
Japan,JPN,20210308,1.0,1.0,1.0,1.0,1.0,1.0,1.0,4.0,2.0,2.0,2.0,1.0,1.0,3.0,0.0,45.37,57.5,51.43,100.0
Japan,JPN,20210309,1.0,1.0,1.0,1.0,1.0,1.0,1.0,4.0,2.0,2.0,2.0,1.0,1.0,3.0,0.0,45.37,57.5,51.43,100.0
Japan,JPN,20210310,1.0,1.0,1.0,1.0,1.0,1.0,1.0,4.0,2.0,2.0,2.0,1.0,1.0,3.0,0.0,45.37,57.5,51.43,100.0
Japan,JPN,20210311,1.0,1.0,1.0,1.0,1.0,1.0,1.0,4.0,2.0,2.0,2.0,1.0,1.0,3.0,0.0,45.37,57.5,51.43,100.0
Japan,JPN,20210312,1.0,1.0,1.0,1.0,1.0,1.0,1.0,4.0,2.0,2.0,2.0,1.0,1.0,3.0,0.0,45.37,57.5,51.43,100.0
Japan,JPN,20210313,1.0,1.0,1.0,1.0,0.0,1.0,1.0,4.0,2.0,2.0,2.0,1.0,1.0,3.0,0.0,42.59,55.94,49.64,100.0
Japan,JPN,20210314,1.0,1.0,1.0,1.0,0.0,1.0,1.0,4.0,2.0,2.0,2.0,1.0,1.0,3.0,0.0,42.59,55.94,49.64,100.0
Japan,JPN,20210315,1.0,1.0,1.0,1.0,0.0,1.0,1.0,4.0,2.0,2.0,2.0,1.0,1.0,3.0,0.01,42.59,55.94,49.64,100.0
Japan,JPN,20210316,1.0,1.0,1.0,1.0,0.0,1.0,1.0,4.0,2.0,2.0,2.0,1.0,1.0,3.0,0.01,42.59,55.94,49.64,100.0
Japan,JPN,20210317,1.0,1.0,1.0,1.0,0.0,1.0,1.0,4.0,2.0,2.0,2.0,1.0,1.0,3.0,0.01,42.59,55.94,49.64,100.0
Japan,JPN,20210318,1.0,1.0,1.0,1.0,0.0,1.0,1.0,4.0,2.0,2.0,2.0,1.0,1.0,3.0,0.01,42.59,55.94,49.64,100.0
Japan,JPN,20210319,1.0,1.0,1.0,1.0,0.0,1.0,1.0,4.0,2.0,2.0,2.0,1.0,1.0,3.0,0.02,42.59,55.94,49.64,100.0
Japan,JPN,20210320,1.0,1.0,1.0,1.0,0.0,1.0,1.0,4.0,2.0,2.0,2.0,1.0,1.0,3.0,0.02,42.59,55.94,49.64,100.0
Japan,JPN,20210321,1.0,1.0,1.0,1.0,0.0,1.0,1.0,4.0,2.0,2.0,2.0,1.0,1.0,3.0,0.02,42.59,55.94,49.64,100.0
Japan,JPN,20210322,1.0,1.0,1.0,1.0,0.0,1.0,1.0,4.0,2.0,2.0,2.0,1.0,1.0,3.0,0.02,42.59,55.94,49.64,100.0
Japan,JPN,20210323,1.0,1.0,1.0,1.0,0.0,1.0,1.0,4.0,2.0,2.0,2.0,1.0,1.0,3.0,0.03,42.59,55.94,49.64,100.0
Japan,JPN,20210324,1.0,1.0,1.0,1.0,0.0,1.0,1.0,4.0,2.0,2.0,2.0,1.0,1.0,3.0,0.03,42.59,55.94,49.64,100.0
Japan,JPN,20210325,1.0,1.0,1.0,1.0,0.0,1.0,1.0,4.0,2.0,2.0,2.0,1.0,1.0,3.0,0.03,42.59,55.94,49.64,100.0
Japan,JPN,20210326,1.0,1.0,1.0,1.0,0.0,1.0,1.0,4.0,2.0,2.0,2.0,1.0,1.0,3.0,0.03,42.59,55.94,49.64,100.0
Japan,JPN,20210327,1.0,1.0,1.0,1.0,0.0,1.0,1.0,4.0,2.0,1.0,2.0,1.0,1.0,3.0,0.03,42.59,53.85,47.26,100.0
Japan,JPN,20210328,1.0,1.0,1.0,1.0,0.0,1.0,1.0,4.0,2.0,1.0,2.0,1.0,1.0,3.0,0.03,42.59,53.85,47.26,100.0
Japan,JPN,20210329,1.0,1.0,1.0,1.0,0.0,1.0,1.0,4.0,2.0,1.0,2.0,1.0,1.0,3.0,0.05,42.59,53.85,47.26,100.0
Japan,JPN,20210330,1.0,1.0,1.0,1.0,0.0,1.0,1.0,4.0,2.0,1.0,2.0,1.0,1.0,3.0,0.08,42.59,53.85,47.26,100.0
Japan,JPN,20210331,1.0,1.0,1.0,1.0,0.0,1.0,1.0,4.0,2.0,1.0,2.0,1.0,1.0,3.0,0.1,42.59,53.85,47.26,100.0
Japan,JPN,20210401,1.0,1.0,1.0,1.0,0.0,1.0,1.0,4.0,2.0,1.0,2.0,1.0,1.0,3.0,0.13,42.59,53.85,47.26,100.0
Japan,JPN,20210402,1.0,1.0,1.0,1.0,0.0,1.0,1.0,4.0,2.0,1.0,2.0,1.0,1.0,3.0,0.15,42.59,53.85,47.26,100.0
Japan,JPN,20210403,1.0,1.0,1.0,1.0,0.0,1.0,1.0,4.0,2.0,1.0,2.0,1.0,1.0,3.0,0.15,42.59,53.85,47.26,100.0
Japan,JPN,20210404,1.0,1.0,1.0,1.0,0.0,1.0,1.0,4.0,2.0,1.0,2.0,1.0,1.0,3.0,0.15,42.59,53.85,47.26,100.0
Japan,JPN,20210405,1.0,1.0,1.0,1.0,0.0,1.0,1.0,4.0,2.0,1.0,2.0,1.0,1.0,3.0,0.19,42.59,53.85,47.26,100.0
Japan,JPN,20210406,1.0,1.0,1.0,1.0,0.0,1.0,1.0,4.0,2.0,1.0,2.0,1.0,1.0,3.0,0.24,42.59,53.85,47.26,100.0
Japan,JPN,20210407,1.0,1.0,1.0,1.0,0.0,1.0,1.0,4.0,2.0,1.0,2.0,1.0,1.0,3.0,0.29,42.59,53.85,47.26,100.0
Japan,JPN,20210408,1.0,1.0,1.0,1.0,0.0,1.0,1.0,4.0,2.0,1.0,2.0,1.0,1.0,3.0,0.34,42.59,53.85,47.26,100.0
Japan,JPN,20210409,1.0,1.0,1.0,1.0,0.0,1.0,1.0,4.0,2.0,1.0,2.0,1.0,1.0,3.0,0.4,45.37,55.42,49.05,100.0
Japan,JPN,20210410,1.0,1.0,1.0,1.0,0.0,1.0,1.0,4.0,2.0,1.0,2.0,1.0,1.0,2.0,0.4,45.37,53.33,46.67,100.0
Japan,JPN,20210411,1.0,1.0,1.0,1.0,0.0,1.0,1.0,4.0,2.0,1.0,2.0,1.0,1.0,2.0,0.4,45.37,53.33,46.67,100.0
Japan,JPN,20210412,1.0,1.0,1.0,1.0,0.0,1.0,1.0,4.0,2.0,1.0,2.0,1.0,2.0,2.0,0.45,45.37,54.58,48.1,100.0
Japan,JPN,20210413,1.0,1.0,1.0,1.0,0.0,1.0,1.0,4.0,2.0,1.0,2.0,1.0,2.0,2.0,0.48,45.37,54.58,48.1,100.0
Japan,JPN,20210414,1.0,1.0,1.0,1.0,0.0,1.0,1.0,4.0,2.0,1.0,2.0,1.0,2.0,2.0,0.52,45.37,54.58,48.1,100.0
Japan,JPN,20210415,1.0,1.0,1.0,1.0,0.0,1.0,1.0,4.0,2.0,1.0,2.0,1.0,2.0,2.0,0.55,45.37,54.58,48.1,100.0
Japan,JPN,20210416,1.0,1.0,1.0,1.0,0.0,1.0,1.0,4.0,2.0,1.0,2.0,1.0,2.0,2.0,0.58,45.37,54.58,48.1,100.0
Japan,JPN,20210417,1.0,1.0,1.0,1.0,0.0,1.0,1.0,4.0,2.0,1.0,2.0,1.0,2.0,2.0,0.58,45.37,54.58,48.1,100.0
Japan,JPN,20210418,1.0,1.0,1.0,1.0,0.0,1.0,1.0,4.0,2.0,1.0,2.0,1.0,2.0,2.0,0.58,45.37,54.58,48.1,100.0
Japan,JPN,20210419,1.0,1.0,1.0,1.0,0.0,1.0,1.0,4.0,2.0,1.0,2.0,1.0,2.0,2.0,0.62,45.37,54.58,48.1,100.0
Japan,JPN,20210420,1.0,1.0,1.0,1.0,0.0,1.0,1.0,4.0,2.0,1.0,2.0,1.0,2.0,2.0,0.65,45.37,54.58,48.1,100.0
Japan,JPN,20210421,1.0,1.0,1.0,1.0,0.0,1.0,1.0,4.0,2.0,1.0,2.0,1.0,2.0,2.0,0.67,45.37,54.58,48.1,100.0
Japan,JPN,20210422,1.0,1.0,1.0,1.0,0.0,1.0,1.0,4.0,2.0,1.0,2.0,1.0,2.0,2.0,0.68,45.37,54.58,48.1,100.0
Japan,JPN,20210423,1.0,1.0,1.0,1.0,0.0,1.0,1.0,4.0,2.0,1.0,2.0,1.0,2.0,2.0,0.71,45.37,54.58,48.1,100.0
Japan,JPN,20210424,1.0,1.0,1.0,1.0,0.0,1.0,1.0,4.0,2.0,1.0,2.0,1.0,2.0,2.0,0.71,45.37,54.58,48.1,100.0
Japan,JPN,20210425,1.0,2.0,1.0,1.0,0.0,1.0,1.0,4.0,2.0,1.0,2.0,1.0,2.0,2.0,0.71,49.07,56.67,50.48,100.0
Japan,JPN,20210426,1.0,2.0,1.0,1.0,0.0,1.0,1.0,4.0,2.0,1.0,2.0,1.0,2.0,2.0,0.74,49.07,56.67,50.48,100.0
Japan,JPN,20210427,1.0,2.0,1.0,1.0,0.0,1.0,1.0,4.0,2.0,1.0,2.0,1.0,2.0,2.0,0.77,49.07,56.67,50.48,100.0
Japan,JPN,20210428,1.0,2.0,1.0,1.0,0.0,1.0,1.0,4.0,2.0,1.0,2.0,1.0,2.0,2.0,0.8,49.07,56.67,50.48,100.0
Japan,JPN,20210429,1.0,2.0,1.0,1.0,0.0,1.0,1.0,4.0,2.0,1.0,2.0,1.0,2.0,2.0,0.8,49.07,56.67,50.48,100.0
Japan,JPN,20210430,1.0,2.0,1.0,1.0,0.0,1.0,1.0,4.0,2.0,1.0,2.0,1.0,2.0,2.0,0.84,49.07,56.67,50.48,100.0
Japan,JPN,20210501,1.0,2.0,1.0,1.0,0.0,1.0,1.0,4.0,2.0,1.0,2.0,1.0,2.0,2.0,0.84,49.07,56.67,50.48,100.0
Japan,JPN,20210502,1.0,2.0,1.0,1.0,0.0,1.0,1.0,4.0,2.0,1.0,2.0,1.0,2.0,2.0,0.84,49.07,56.67,50.48,100.0
Japan,JPN,20210503,1.0,2.0,1.0,1.0,0.0,1.0,1.0,4.0,2.0,1.0,2.0,1.0,2.0,2.0,0.84,49.07,56.67,50.48,100.0
Japan,JPN,20210504,1.0,2.0,1.0,1.0,0.0,1.0,1.0,4.0,2.0,1.0,2.0,1.0,2.0,2.0,0.84,49.07,56.67,50.48,100.0
Japan,JPN,20210505,1.0,2.0,1.0,1.0,0.0,1.0,1.0,4.0,2.0,1.0,2.0,1.0,2.0,2.0,0.84,49.07,56.67,50.48,100.0
Japan,JPN,20210506,1.0,2.0,1.0,1.0,0.0,1.0,1.0,4.0,2.0,1.0,2.0,1.0,2.0,2.0,0.9,49.07,56.67,50.48,100.0
Japan,JPN,20210507,1.0,2.0,1.0,1.0,0.0,1.0,1.0,4.0,2.0,1.0,2.0,1.0,2.0,2.0,0.95,49.07,56.67,50.48,100.0
Japan,JPN,20210508,1.0,2.0,1.0,1.0,0.0,1.0,1.0,4.0,2.0,1.0,2.0,1.0,2.0,2.0,0.95,49.07,56.67,50.48,100.0
Japan,JPN,20210509,1.0,2.0,1.0,1.0,0.0,1.0,1.0,4.0,2.0,1.0,2.0,1.0,2.0,2.0,0.96,49.07,56.67,50.48,100.0
Japan,JPN,20210510,1.0,2.0,1.0,1.0,0.0,1.0,1.0,4.0,2.0,1.0,2.0,1.0,2.0,2.0,1.04,49.07,56.67,50.48,100.0
Japan,JPN,20210511,1.0,2.0,1.0,1.0,0.0,1.0,1.0,4.0,2.0,1.0,2.0,1.0,2.0,2.0,1.14,49.07,56.67,50.48,100.0
Japan,JPN,20210512,1.0,2.0,1.0,1.0,0.0,1.0,1.0,4.0,2.0,1.0,2.0,1.0,2.0,2.0,1.26,49.07,56.67,50.48,100.0
Japan,JPN,20210513,1.0,2.0,1.0,1.0,0.0,1.0,1.0,4.0,2.0,1.0,2.0,1.0,2.0,2.0,1.4,49.07,56.67,50.48,100.0
Japan,JPN,20210514,1.0,2.0,1.0,1.0,0.0,1.0,1.0,4.0,2.0,1.0,2.0,1.0,2.0,2.0,1.56,49.07,56.67,50.48,100.0
Japan,JPN,20210515,1.0,2.0,1.0,1.0,0.0,1.0,1.0,4.0,2.0,1.0,2.0,1.0,2.0,2.0,1.59,49.07,56.67,50.48,100.0
Japan,JPN,20210516,1.0,2.0,1.0,1.0,0.0,1.0,1.0,4.0,2.0,1.0,2.0,1.0,2.0,2.0,1.61,49.07,56.67,50.48,100.0
Japan,JPN,20210517,1.0,2.0,1.0,1.0,0.0,1.0,1.0,4.0,2.0,1.0,2.0,1.0,2.0,2.0,1.82,49.07,56.67,50.48,100.0
Japan,JPN,20210518,1.0,2.0,1.0,1.0,0.0,1.0,1.0,4.0,2.0,1.0,2.0,1.0,2.0,2.0,2.01,49.07,56.67,50.48,100.0
Japan,JPN,20210519,1.0,2.0,1.0,1.0,0.0,1.0,1.0,4.0,2.0,1.0,2.0,1.0,2.0,2.0,2.21,49.07,56.67,50.48,100.0
Japan,JPN,20210520,1.0,2.0,1.0,1.0,0.0,1.0,1.0,4.0,2.0,1.0,2.0,1.0,2.0,2.0,2.32,49.07,56.67,50.48,100.0
Japan,JPN,20210521,1.0,2.0,1.0,1.0,0.0,1.0,1.0,4.0,2.0,1.0,2.0,1.0,2.0,2.0,2.49,49.07,56.67,50.48,100.0
Japan,JPN,20210522,1.0,2.0,1.0,1.0,0.0,1.0,1.0,4.0,2.0,1.0,2.0,1.0,2.0,2.0,2.52,49.07,56.67,50.48,100.0
Japan,JPN,20210523,1.0,2.0,1.0,1.0,0.0,1.0,1.0,4.0,2.0,1.0,2.0,1.0,2.0,2.0,2.55,49.07,56.67,50.48,100.0
Japan,JPN,20210524,1.0,2.0,1.0,1.0,0.0,1.0,1.0,4.0,2.0,1.0,2.0,1.0,2.0,2.0,2.71,49.07,56.67,50.48,100.0
Japan,JPN,20210525,1.0,2.0,1.0,1.0,0.0,1.0,1.0,4.0,2.0,1.0,2.0,1.0,2.0,2.0,2.76,49.07,56.67,50.48,100.0
Japan,JPN,20210526,1.0,2.0,1.0,1.0,0.0,1.0,1.0,4.0,2.0,1.0,2.0,1.0,2.0,2.0,2.81,49.07,56.67,50.48,100.0
Japan,JPN,20210527,1.0,2.0,1.0,1.0,0.0,1.0,1.0,4.0,2.0,1.0,2.0,1.0,2.0,2.0,2.9,49.07,56.67,50.48,100.0
Japan,JPN,20210528,1.0,2.0,1.0,1.0,0.0,1.0,1.0,4.0,2.0,1.0,2.0,1.0,2.0,2.0,3.0,49.07,56.67,50.48,100.0
Japan,JPN,20210529,1.0,2.0,1.0,1.0,0.0,1.0,1.0,4.0,2.0,1.0,2.0,1.0,2.0,2.0,3.05,49.07,56.67,50.48,100.0
Japan,JPN,20210530,1.0,2.0,1.0,1.0,0.0,1.0,1.0,4.0,2.0,1.0,2.0,1.0,2.0,2.0,3.1,49.07,56.67,50.48,100.0
Japan,JPN,20210531,1.0,2.0,1.0,1.0,0.0,1.0,1.0,4.0,2.0,1.0,2.0,1.0,2.0,2.0,3.29,49.07,56.67,50.48,100.0
Japan,JPN,20210601,1.0,2.0,1.0,1.0,0.0,1.0,1.0,4.0,2.0,1.0,2.0,1.0,2.0,2.0,3.47,49.07,56.67,50.48,100.0
Japan,JPN,20210602,1.0,2.0,1.0,1.0,0.0,1.0,1.0,4.0,2.0,1.0,2.0,1.0,2.0,2.0,3.66,49.07,56.67,50.48,100.0
Japan,JPN,20210603,1.0,2.0,1.0,1.0,0.0,1.0,1.0,4.0,2.0,1.0,2.0,1.0,2.0,2.0,3.84,49.07,56.67,50.48,100.0
Japan,JPN,20210604,1.0,2.0,1.0,1.0,0.0,1.0,1.0,4.0,2.0,1.0,2.0,1.0,2.0,2.0,4.02,49.07,56.67,50.48,100.0
Japan,JPN,20210605,1.0,2.0,1.0,1.0,0.0,1.0,1.0,4.0,2.0,1.0,2.0,1.0,2.0,2.0,4.13,49.07,56.67,50.48,100.0
Japan,JPN,20210606,1.0,2.0,1.0,1.0,0.0,1.0,1.0,4.0,2.0,1.0,2.0,1.0,2.0,2.0,4.28,49.07,56.67,50.48,100.0
Japan,JPN,20210607,2.0,2.0,2.0,2.0,0.0,1.0,1.0,4.0,2.0,1.0,2.0,1.0,2.0,2.0,4.54,55.09,60.05,54.35,100.0
Japan,JPN,20210608,2.0,2.0,2.0,2.0,0.0,1.0,1.0,4.0,2.0,1.0,2.0,1.0,2.0,2.0,4.81,55.09,60.05,54.35,100.0
Japan,JPN,20210609,2.0,2.0,2.0,2.0,0.0,1.0,1.0,4.0,2.0,1.0,2.0,1.0,2.0,2.0,5.12,55.09,60.05,54.35,100.0
Japan,JPN,20210610,2.0,2.0,2.0,2.0,0.0,1.0,1.0,4.0,2.0,1.0,2.0,1.0,2.0,2.0,5.44,55.09,60.05,54.35,100.0
Japan,JPN,20210611,2.0,2.0,2.0,2.0,0.0,1.0,1.0,4.0,2.0,1.0,2.0,1.0,2.0,2.0,5.74,55.09,60.05,54.35,100.0
Japan,JPN,20210612,2.0,2.0,2.0,2.0,0.0,1.0,1.0,4.0,2.0,1.0,2.0,1.0,2.0,2.0,5.96,55.09,60.05,54.35,100.0
Japan,JPN,20210613,2.0,2.0,2.0,2.0,0.0,1.0,1.0,4.0,2.0,1.0,2.0,1.0,2.0,2.0,6.22,55.09,60.05,54.35,100.0
Japan,JPN,20210614,2.0,2.0,2.0,2.0,0.0,1.0,1.0,4.0,2.0,1.0,2.0,1.0,2.0,2.0,6.66,55.09,60.05,54.35,100.0
Japan,JPN,20210615,2.0,2.0,2.0,2.0,0.0,1.0,1.0,4.0,2.0,1.0,2.0,1.0,2.0,2.0,7.11,55.09,60.05,54.35,100.0
Japan,JPN,20210616,2.0,2.0,2.0,2.0,0.0,1.0,1.0,4.0,2.0,1.0,2.0,1.0,2.0,2.0,7.61,55.09,60.05,54.35,100.0
Japan,JPN,20210617,2.0,2.0,2.0,2.0,0.0,1.0,1.0,4.0,2.0,1.0,2.0,1.0,2.0,2.0,8.1,55.09,60.05,54.35,100.0
Japan,JPN,20210618,2.0,2.0,2.0,2.0,0.0,1.0,1.0,4.0,2.0,1.0,2.0,1.0,2.0,2.0,8.57,55.09,60.05,54.35,100.0
Japan,JPN,20210619,2.0,2.0,2.0,2.0,0.0,1.0,1.0,4.0,2.0,1.0,2.0,1.0,2.0,2.0,8.93,55.09,60.05,54.35,100.0
Japan,JPN,20210620,2.0,2.0,2.0,2.0,0.0,1.0,1.0,4.0,2.0,1.0,2.0,1.0,2.0,2.0,9.29,55.09,60.05,54.35,100.0
Japan,JPN,20210621,1.0,2.0,2.0,2.0,0.0,1.0,1.0,4.0,2.0,1.0,2.0,1.0,4.0,2.0,9.8,53.24,61.51,56.01,100.0
Japan,JPN,20210622,1.0,2.0,2.0,2.0,0.0,1.0,1.0,4.0,2.0,1.0,2.0,1.0,4.0,2.0,10.34,53.24,61.51,56.01,100.0
Japan,JPN,20210623,1.0,2.0,2.0,2.0,0.0,1.0,1.0,4.0,2.0,1.0,2.0,1.0,4.0,2.0,10.91,53.24,61.51,56.01,100.0
Japan,JPN,20210624,1.0,2.0,2.0,2.0,0.0,1.0,1.0,4.0,2.0,1.0,2.0,1.0,4.0,2.0,11.48,53.24,61.51,56.01,100.0
Japan,JPN,20210625,1.0,2.0,2.0,2.0,0.0,1.0,1.0,4.0,2.0,1.0,2.0,1.0,4.0,2.0,12.05,53.24,61.51,56.01,100.0
Japan,JPN,20210626,1.0,2.0,2.0,2.0,0.0,1.0,1.0,4.0,2.0,1.0,2.0,1.0,4.0,2.0,12.53,53.24,61.51,56.01,100.0
Japan,JPN,20210627,1.0,2.0,2.0,2.0,0.0,1.0,1.0,4.0,2.0,1.0,2.0,1.0,4.0,2.0,12.98,53.24,61.51,56.01,100.0
Japan,JPN,20210628,1.0,2.0,2.0,2.0,0.0,1.0,1.0,4.0,2.0,1.0,2.0,1.0,4.0,2.0,13.56,53.24,61.51,56.01,100.0
Japan,JPN,20210629,1.0,2.0,2.0,2.0,0.0,1.0,1.0,4.0,2.0,1.0,2.0,1.0,4.0,2.0,14.18,53.24,61.51,56.01,100.0
Japan,JPN,20210630,1.0,2.0,2.0,2.0,0.0,1.0,1.0,4.0,2.0,1.0,2.0,1.0,4.0,2.0,14.79,53.24,61.51,56.01,100.0
Japan,JPN,20210701,1.0,2.0,2.0,2.0,0.0,1.0,1.0,4.0,2.0,1.0,2.0,1.0,4.0,2.0,15.39,53.24,61.51,56.01,100.0
Japan,JPN,20210702,1.0,2.0,2.0,2.0,0.0,1.0,1.0,4.0,2.0,1.0,2.0,1.0,4.0,2.0,15.99,53.24,61.51,56.01,100.0
Japan,JPN,20210703,1.0,2.0,2.0,2.0,0.0,1.0,1.0,4.0,2.0,1.0,2.0,1.0,4.0,2.0,16.51,53.24,61.51,56.01,100.0
Japan,JPN,20210704,1.0,2.0,2.0,2.0,0.0,1.0,1.0,4.0,2.0,1.0,2.0,1.0,4.0,2.0,16.96,53.24,61.51,56.01,100.0
Japan,JPN,20210705,1.0,2.0,2.0,2.0,0.0,1.0,1.0,4.0,2.0,1.0,2.0,1.0,4.0,2.0,17.52,53.24,61.51,56.01,100.0
Japan,JPN,20210706,1.0,2.0,2.0,2.0,0.0,1.0,1.0,4.0,2.0,1.0,2.0,1.0,4.0,2.0,18.1,53.24,61.51,56.01,100.0
Japan,JPN,20210707,1.0,2.0,2.0,2.0,0.0,1.0,1.0,4.0,2.0,1.0,2.0,1.0,4.0,2.0,18.65,53.24,61.51,56.01,100.0
Japan,JPN,20210708,1.0,2.0,1.0,2.0,0.0,1.0,1.0,4.0,2.0,1.0,2.0,1.0,4.0,2.0,19.2,50.46,59.95,54.23,100.0
Japan,JPN,20210709,1.0,2.0,1.0,2.0,0.0,1.0,1.0,4.0,2.0,1.0,2.0,1.0,4.0,2.0,19.75,50.46,59.95,54.23,100.0
Japan,JPN,20210710,1.0,2.0,1.0,2.0,0.0,1.0,1.0,4.0,2.0,1.0,2.0,1.0,4.0,2.0,20.29,50.46,59.95,54.23,100.0
Japan,JPN,20210711,1.0,2.0,1.0,2.0,0.0,1.0,1.0,4.0,2.0,1.0,2.0,1.0,4.0,2.0,20.83,50.46,59.95,54.23,100.0
Japan,JPN,20210712,1.0,2.0,1.0,2.0,0.0,1.0,1.0,4.0,2.0,1.0,2.0,1.0,4.0,2.0,21.41,50.46,59.95,54.23,100.0
Japan,JPN,20210713,1.0,2.0,1.0,2.0,0.0,1.0,1.0,4.0,2.0,1.0,2.0,1.0,4.0,2.0,21.99,50.46,59.95,54.23,100.0
Japan,JPN,20210714,1.0,2.0,1.0,2.0,0.0,1.0,1.0,4.0,2.0,1.0,2.0,1.0,4.0,2.0,22.57,50.46,59.95,54.23,100.0
Japan,JPN,20210715,1.0,2.0,1.0,2.0,0.0,1.0,1.0,4.0,2.0,1.0,2.0,1.0,4.0,2.0,23.14,50.46,59.95,54.23,100.0
Japan,JPN,20210716,1.0,2.0,1.0,2.0,0.0,1.0,1.0,4.0,2.0,1.0,2.0,1.0,4.0,2.0,23.7,50.46,59.95,54.23,100.0
Japan,JPN,20210717,1.0,2.0,1.0,2.0,0.0,1.0,1.0,4.0,2.0,1.0,2.0,1.0,4.0,2.0,24.26,50.46,59.95,54.23,100.0
Japan,JPN,20210718,1.0,2.0,1.0,2.0,0.0,1.0,1.0,4.0,2.0,1.0,2.0,1.0,4.0,2.0,24.84,50.46,59.95,54.23,100.0
Japan,JPN,20210719,1.0,2.0,1.0,2.0,0.0,1.0,1.0,4.0,2.0,1.0,2.0,1.0,4.0,2.0,25.43,50.46,59.95,54.23,100.0
Japan,JPN,20210720,1.0,2.0,1.0,2.0,0.0,1.0,1.0,4.0,2.0,1.0,2.0,1.0,4.0,2.0,26.05,50.46,59.95,54.23,100.0
Japan,JPN,20210721,1.0,2.0,1.0,2.0,0.0,1.0,1.0,4.0,2.0,1.0,2.0,1.0,4.0,2.0,26.71,50.46,59.95,54.23,100.0
Japan,JPN,20210722,1.0,2.0,1.0,2.0,0.0,1.0,1.0,4.0,2.0,1.0,2.0,1.0,4.0,2.0,26.99,50.46,59.95,54.23,100.0
Japan,JPN,20210723,1.0,2.0,1.0,2.0,0.0,1.0,1.0,4.0,2.0,1.0,2.0,1.0,4.0,2.0,27.21,50.46,59.95,54.23,100.0
Japan,JPN,20210724,1.0,2.0,1.0,2.0,0.0,1.0,1.0,4.0,2.0,1.0,2.0,1.0,4.0,2.0,27.9,50.46,59.95,54.23,100.0
Japan,JPN,20210725,1.0,2.0,1.0,2.0,0.0,1.0,1.0,4.0,2.0,1.0,2.0,1.0,4.0,2.0,28.53,50.46,59.95,54.23,100.0
Japan,JPN,20210726,1.0,2.0,1.0,2.0,0.0,1.0,1.0,4.0,2.0,1.0,2.0,1.0,4.0,2.0,29.31,50.46,59.95,54.23,100.0
Japan,JPN,20210727,1.0,2.0,1.0,2.0,0.0,1.0,1.0,4.0,2.0,1.0,2.0,1.0,4.0,2.0,30.1,50.46,59.95,54.23,100.0
Japan,JPN,20210728,1.0,2.0,1.0,2.0,0.0,1.0,1.0,4.0,2.0,1.0,2.0,1.0,4.0,2.0,30.91,50.46,59.95,54.23,100.0
Japan,JPN,20210729,1.0,2.0,1.0,2.0,0.0,1.0,1.0,4.0,2.0,1.0,2.0,1.0,4.0,2.0,31.72,50.46,59.95,54.23,100.0
Japan,JPN,20210730,1.0,2.0,1.0,2.0,0.0,1.0,1.0,4.0,2.0,1.0,2.0,1.0,4.0,2.0,32.55,50.46,59.95,54.23,100.0
Japan,JPN,20210731,1.0,2.0,1.0,2.0,0.0,1.0,1.0,4.0,2.0,1.0,2.0,1.0,4.0,2.0,33.36,50.46,59.95,54.23,100.0
Japan,JPN,20210801,1.0,2.0,1.0,2.0,0.0,1.0,1.0,4.0,2.0,1.0,2.0,1.0,4.0,2.0,33.93,50.46,59.95,54.23,100.0
Japan,JPN,20210802,1.0,2.0,1.0,2.0,0.0,1.0,1.0,4.0,2.0,1.0,2.0,1.0,4.0,2.0,34.59,50.46,59.95,54.23,100.0
Japan,JPN,20210803,1.0,2.0,1.0,2.0,0.0,1.0,1.0,4.0,2.0,1.0,2.0,1.0,4.0,2.0,35.29,50.46,59.95,54.23,100.0
Japan,JPN,20210804,1.0,2.0,1.0,2.0,0.0,1.0,1.0,4.0,2.0,1.0,2.0,1.0,4.0,2.0,35.99,50.46,59.95,54.23,100.0
Japan,JPN,20210805,1.0,2.0,1.0,2.0,0.0,1.0,1.0,4.0,2.0,1.0,2.0,1.0,4.0,2.0,36.71,50.46,59.95,54.23,100.0
Japan,JPN,20210806,1.0,2.0,1.0,2.0,0.0,1.0,1.0,4.0,2.0,1.0,2.0,1.0,4.0,2.0,37.47,50.46,59.95,54.23,100.0
Japan,JPN,20210807,1.0,2.0,1.0,2.0,0.0,1.0,1.0,4.0,2.0,1.0,2.0,1.0,4.0,2.0,38.19,50.46,59.95,54.23,100.0
Japan,JPN,20210808,1.0,2.0,1.0,2.0,0.0,1.0,1.0,4.0,2.0,1.0,2.0,1.0,4.0,2.0,38.71,50.46,59.95,54.23,100.0
Japan,JPN,20210809,1.0,2.0,1.0,2.0,0.0,1.0,1.0,4.0,2.0,1.0,2.0,1.0,4.0,2.0,38.89,50.46,59.95,54.23,100.0
Japan,JPN,20210810,1.0,2.0,1.0,2.0,0.0,1.0,1.0,4.0,2.0,1.0,2.0,1.0,4.0,2.0,39.56,50.46,59.95,54.23,100.0
Japan,JPN,20210811,1.0,2.0,1.0,2.0,0.0,1.0,1.0,4.0,2.0,1.0,2.0,1.0,4.0,2.0,40.16,50.46,59.95,54.23,100.0
Japan,JPN,20210812,1.0,2.0,1.0,2.0,0.0,1.0,1.0,4.0,2.0,1.0,2.0,1.0,4.0,2.0,40.51,50.46,59.95,54.23,100.0
Japan,JPN,20210813,1.0,2.0,1.0,2.0,0.0,1.0,1.0,4.0,2.0,1.0,2.0,1.0,4.0,2.0,40.78,50.46,59.95,54.23,100.0
Japan,JPN,20210814,1.0,2.0,1.0,2.0,0.0,1.0,1.0,4.0,2.0,1.0,1.0,1.0,4.0,2.0,41.11,50.46,56.82,50.65,100.0
Japan,JPN,20210815,1.0,2.0,1.0,2.0,0.0,1.0,1.0,4.0,2.0,1.0,1.0,1.0,4.0,2.0,41.42,50.46,56.82,50.65,100.0
Japan,JPN,20210816,1.0,2.0,1.0,2.0,0.0,1.0,1.0,4.0,2.0,1.0,1.0,1.0,4.0,2.0,41.89,50.46,56.82,50.65,100.0
Japan,JPN,20210817,1.0,2.0,1.0,2.0,0.0,1.0,1.0,4.0,2.0,1.0,1.0,1.0,4.0,2.0,42.46,50.46,56.82,50.65,100.0
Japan,JPN,20210818,1.0,2.0,1.0,2.0,0.0,1.0,1.0,4.0,2.0,1.0,1.0,1.0,4.0,2.0,43.01,50.46,56.82,50.65,100.0
Japan,JPN,20210819,1.0,2.0,1.0,2.0,0.0,1.0,1.0,4.0,2.0,1.0,1.0,1.0,4.0,2.0,43.53,50.46,56.82,50.65,100.0
Japan,JPN,20210820,1.0,2.0,1.0,2.0,0.0,1.0,1.0,4.0,2.0,1.0,1.0,1.0,4.0,2.0,44.09,50.46,56.82,50.65,100.0
Japan,JPN,20210821,2.0,2.0,1.0,2.0,0.0,1.0,1.0,4.0,2.0,1.0,1.0,1.0,4.0,2.0,44.68,52.31,57.86,51.85,100.0
Japan,JPN,20210822,2.0,2.0,1.0,2.0,0.0,1.0,1.0,4.0,2.0,1.0,1.0,1.0,4.0,2.0,45.17,52.31,57.86,51.85,100.0
Japan,JPN,20210823,2.0,2.0,1.0,2.0,0.0,1.0,1.0,4.0,2.0,1.0,1.0,1.0,4.0,2.0,45.7,52.31,57.86,51.85,100.0
Japan,JPN,20210824,2.0,2.0,1.0,2.0,0.0,1.0,1.0,4.0,2.0,1.0,1.0,1.0,4.0,2.0,46.23,52.31,57.86,51.85,100.0
Japan,JPN,20210825,2.0,2.0,1.0,2.0,0.0,1.0,1.0,4.0,2.0,1.0,1.0,1.0,4.0,2.0,46.74,52.31,57.86,51.85,100.0
Japan,JPN,20210826,2.0,2.0,1.0,2.0,0.0,1.0,1.0,4.0,2.0,1.0,1.0,1.0,4.0,2.0,47.23,52.31,57.86,51.85,100.0
Japan,JPN,20210827,2.0,2.0,1.0,2.0,0.0,1.0,1.0,4.0,2.0,1.0,1.0,1.0,4.0,2.0,47.77,52.31,57.86,51.85,100.0
Japan,JPN,20210828,2.0,2.0,1.0,2.0,0.0,1.0,1.0,4.0,2.0,1.0,1.0,1.0,4.0,2.0,48.37,52.31,57.86,51.85,100.0
Japan,JPN,20210829,2.0,2.0,1.0,2.0,0.0,1.0,1.0,4.0,2.0,1.0,1.0,1.0,4.0,2.0,48.88,52.31,57.86,51.85,100.0
Japan,JPN,20210830,2.0,2.0,1.0,2.0,0.0,1.0,1.0,4.0,2.0,1.0,1.0,1.0,4.0,2.0,49.12,52.31,57.86,51.85,100.0
Japan,JPN,20210831,2.0,2.0,1.0,2.0,0.0,1.0,1.0,4.0,2.0,1.0,1.0,1.0,4.0,2.0,49.55,52.31,57.86,51.85,100.0
Japan,JPN,20210901,2.0,2.0,1.0,2.0,0.0,1.0,1.0,4.0,2.0,1.0,1.0,1.0,4.0,2.0,49.95,52.31,57.86,51.85,100.0
Japan,JPN,20210902,2.0,2.0,1.0,2.0,0.0,1.0,1.0,4.0,2.0,1.0,1.0,1.0,4.0,2.0,50.36,52.31,57.86,51.85,100.0
Japan,JPN,20210903,2.0,2.0,1.0,2.0,0.0,1.0,1.0,4.0,2.0,1.0,1.0,1.0,4.0,2.0,50.7,52.31,57.86,51.85,100.0
Japan,JPN,20210904,2.0,2.0,1.0,2.0,0.0,1.0,1.0,4.0,2.0,1.0,1.0,1.0,4.0,2.0,51.07,52.31,57.86,51.85,100.0
Japan,JPN,20210905,2.0,2.0,1.0,2.0,0.0,1.0,1.0,4.0,2.0,1.0,1.0,1.0,4.0,2.0,51.39,52.31,57.86,51.85,100.0
Japan,JPN,20210906,2.0,2.0,1.0,2.0,0.0,1.0,1.0,4.0,2.0,1.0,1.0,1.0,4.0,2.0,51.73,52.31,57.86,51.85,100.0
Japan,JPN,20210907,2.0,2.0,1.0,2.0,0.0,1.0,1.0,4.0,2.0,1.0,1.0,1.0,4.0,2.0,52.16,52.31,57.86,51.85,100.0
Japan,JPN,20210908,2.0,2.0,1.0,2.0,0.0,1.0,1.0,4.0,2.0,1.0,1.0,1.0,4.0,2.0,52.61,52.31,57.86,51.85,100.0
Japan,JPN,20210909,2.0,2.0,1.0,2.0,0.0,1.0,1.0,4.0,2.0,1.0,1.0,1.0,4.0,2.0,53.04,52.31,57.86,51.85,100.0
Japan,JPN,20210910,2.0,2.0,1.0,2.0,0.0,1.0,1.0,4.0,2.0,1.0,1.0,1.0,4.0,2.0,53.54,52.31,57.86,51.85,100.0
Japan,JPN,20210911,2.0,2.0,1.0,2.0,0.0,1.0,1.0,4.0,2.0,1.0,1.0,1.0,4.0,2.0,54.13,52.31,57.86,51.85,100.0
Japan,JPN,20210912,2.0,2.0,1.0,2.0,0.0,1.0,1.0,4.0,2.0,1.0,1.0,1.0,4.0,2.0,54.61,52.31,57.86,51.85,100.0
Japan,JPN,20210913,1.0,2.0,1.0,2.0,0.0,1.0,1.0,4.0,2.0,1.0,1.0,1.0,4.0,2.0,55.03,50.46,56.82,50.65,100.0
Japan,JPN,20210914,1.0,2.0,1.0,2.0,0.0,1.0,1.0,4.0,2.0,1.0,1.0,1.0,4.0,2.0,55.47,50.46,56.82,50.65,100.0
Japan,JPN,20210915,1.0,2.0,1.0,2.0,0.0,1.0,1.0,4.0,2.0,1.0,1.0,1.0,4.0,2.0,55.92,50.46,56.82,50.65,100.0
Japan,JPN,20210916,1.0,2.0,1.0,2.0,0.0,1.0,1.0,4.0,2.0,1.0,1.0,1.0,4.0,2.0,56.38,50.46,56.82,50.65,100.0
Japan,JPN,20210917,1.0,2.0,1.0,2.0,0.0,1.0,1.0,4.0,2.0,1.0,1.0,1.0,4.0,2.0,56.89,50.46,56.82,50.65,100.0
Japan,JPN,20210918,1.0,2.0,1.0,2.0,0.0,1.0,1.0,4.0,2.0,1.0,1.0,1.0,4.0,2.0,57.48,50.46,56.82,50.65,100.0
Japan,JPN,20210919,1.0,2.0,1.0,2.0,0.0,1.0,1.0,4.0,2.0,1.0,1.0,1.0,4.0,2.0,57.94,50.46,56.82,50.65,100.0
Japan,JPN,20210920,2.0,2.0,1.0,2.0,0.0,1.0,1.0,4.0,2.0,1.0,1.0,1.0,4.0,2.0,58.07,52.31,57.86,51.85,100.0
Japan,JPN,20210921,2.0,2.0,1.0,2.0,0.0,1.0,1.0,4.0,2.0,1.0,1.0,1.0,4.0,2.0,58.62,52.31,57.86,51.85,100.0
Japan,JPN,20210922,2.0,2.0,1.0,2.0,0.0,1.0,1.0,4.0,2.0,1.0,1.0,1.0,4.0,2.0,59.15,52.31,57.86,51.85,100.0
Japan,JPN,20210923,2.0,2.0,1.0,2.0,0.0,1.0,1.0,4.0,2.0,1.0,1.0,1.0,4.0,2.0,59.35,52.31,57.86,51.85,100.0
Japan,JPN,20210924,2.0,2.0,1.0,2.0,0.0,1.0,1.0,4.0,2.0,1.0,1.0,1.0,4.0,2.0,59.97,52.31,57.86,51.85,100.0
Japan,JPN,20210925,2.0,2.0,1.0,2.0,0.0,1.0,1.0,4.0,2.0,1.0,1.0,1.0,4.0,2.0,60.73,52.31,57.86,51.85,100.0
Japan,JPN,20210926,2.0,2.0,1.0,2.0,0.0,1.0,1.0,4.0,2.0,1.0,1.0,1.0,4.0,2.0,61.32,52.31,57.86,51.85,100.0
Japan,JPN,20210927,1.0,2.0,1.0,2.0,0.0,1.0,1.0,4.0,2.0,1.0,1.0,1.0,4.0,2.0,61.82,50.46,56.82,50.65,100.0
Japan,JPN,20210928,1.0,2.0,1.0,2.0,0.0,1.0,1.0,4.0,2.0,1.0,1.0,1.0,4.0,2.0,62.32,50.46,56.82,50.65,100.0
Japan,JPN,20210929,1.0,2.0,1.0,2.0,0.0,1.0,1.0,4.0,2.0,1.0,1.0,1.0,4.0,2.0,62.8,50.46,56.82,50.65,100.0
Japan,JPN,20210930,1.0,2.0,1.0,2.0,0.0,1.0,1.0,4.0,2.0,1.0,1.0,1.0,4.0,2.0,63.28,50.46,56.82,50.65,100.0
Japan,JPN,20211001,1.0,1.0,1.0,1.0,0.0,1.0,1.0,4.0,2.0,1.0,1.0,1.0,4.0,2.0,63.8,47.22,55.0,48.57,100.0
Japan,JPN,20211002,1.0,1.0,1.0,1.0,0.0,1.0,1.0,4.0,2.0,1.0,1.0,1.0,4.0,2.0,64.43,47.22,55.0,48.57,100.0
Japan,JPN,20211003,1.0,1.0,1.0,1.0,0.0,1.0,1.0,4.0,2.0,1.0,1.0,1.0,4.0,2.0,64.93,47.22,55.0,48.57,100.0
Japan,JPN,20211004,1.0,1.0,1.0,1.0,0.0,1.0,1.0,4.0,2.0,1.0,1.0,1.0,5.0,2.0,65.36,47.22,56.25,50.0,100.0
Japan,JPN,20211005,1.0,1.0,1.0,1.0,0.0,1.0,1.0,4.0,2.0,1.0,1.0,1.0,5.0,2.0,65.81,47.22,56.25,50.0,100.0
Japan,JPN,20211006,1.0,1.0,1.0,1.0,0.0,1.0,1.0,4.0,2.0,1.0,1.0,1.0,5.0,2.0,66.24,47.22,56.25,50.0,100.0
Japan,JPN,20211007,1.0,1.0,1.0,1.0,0.0,1.0,1.0,4.0,2.0,1.0,1.0,1.0,5.0,2.0,66.68,47.22,56.25,50.0,100.0
Japan,JPN,20211008,1.0,1.0,1.0,1.0,0.0,1.0,1.0,4.0,2.0,1.0,1.0,1.0,5.0,2.0,67.21,47.22,56.25,50.0,100.0
Japan,JPN,20211009,1.0,1.0,1.0,1.0,0.0,1.0,1.0,4.0,2.0,1.0,1.0,1.0,5.0,2.0,67.88,47.22,56.25,50.0,100.0
Japan,JPN,20211010,1.0,1.0,1.0,1.0,0.0,1.0,1.0,4.0,2.0,1.0,1.0,1.0,5.0,2.0,68.36,47.22,56.25,50.0,100.0
Japan,JPN,20211011,1.0,1.0,1.0,1.0,0.0,1.0,1.0,4.0,2.0,1.0,1.0,1.0,5.0,2.0,68.54,47.22,56.25,50.0,100.0
Japan,JPN,20211012,1.0,1.0,1.0,1.0,0.0,1.0,1.0,4.0,2.0,1.0,1.0,1.0,5.0,2.0,68.9,47.22,56.25,50.0,100.0
Japan,JPN,20211013,1.0,1.0,1.0,1.0,0.0,1.0,1.0,4.0,2.0,1.0,1.0,1.0,5.0,2.0,69.25,47.22,56.25,50.0,100.0
Japan,JPN,20211014,1.0,1.0,1.0,1.0,0.0,1.0,1.0,4.0,2.0,1.0,1.0,1.0,5.0,2.0,69.46,47.22,56.25,50.0,100.0
Japan,JPN,20211015,1.0,1.0,1.0,1.0,0.0,1.0,1.0,4.0,2.0,1.0,1.0,1.0,5.0,2.0,69.88,47.22,56.25,50.0,100.0
Japan,JPN,20211016,1.0,1.0,1.0,1.0,0.0,1.0,1.0,4.0,2.0,1.0,1.0,1.0,5.0,2.0,70.41,47.22,56.25,50.0,100.0
Japan,JPN,20211017,1.0,1.0,1.0,1.0,0.0,1.0,1.0,4.0,2.0,1.0,1.0,1.0,5.0,2.0,70.81,47.22,56.25,50.0,100.0
Japan,JPN,20211018,1.0,1.0,1.0,1.0,0.0,1.0,1.0,4.0,2.0,1.0,1.0,1.0,5.0,2.0,71.12,47.22,56.25,50.0,100.0
Japan,JPN,20211019,1.0,1.0,1.0,1.0,0.0,1.0,1.0,4.0,2.0,1.0,1.0,1.0,5.0,2.0,71.46,47.22,56.25,50.0,100.0
Japan,JPN,20211020,1.0,1.0,1.0,1.0,0.0,1.0,1.0,4.0,2.0,1.0,1.0,1.0,5.0,2.0,71.79,47.22,56.25,50.0,100.0
Japan,JPN,20211021,1.0,1.0,1.0,1.0,0.0,1.0,1.0,4.0,2.0,1.0,1.0,1.0,5.0,2.0,72.11,47.22,56.25,50.0,100.0
Japan,JPN,20211022,1.0,1.0,1.0,1.0,0.0,1.0,1.0,4.0,2.0,1.0,1.0,1.0,5.0,2.0,72.51,47.22,56.25,50.0,100.0
Japan,JPN,20211023,1.0,1.0,1.0,1.0,0.0,1.0,1.0,4.0,2.0,1.0,1.0,1.0,5.0,2.0,73.05,47.22,56.25,50.0,100.0
Japan,JPN,20211024,1.0,1.0,1.0,1.0,0.0,1.0,1.0,4.0,2.0,1.0,1.0,1.0,5.0,2.0,73.46,47.22,56.25,50.0,100.0
Japan,JPN,20211025,1.0,1.0,1.0,1.0,0.0,1.0,1.0,4.0,2.0,1.0,1.0,1.0,5.0,2.0,73.74,47.22,56.25,50.0,100.0
Japan,JPN,20211026,1.0,1.0,1.0,1.0,0.0,1.0,1.0,4.0,2.0,1.0,1.0,1.0,5.0,2.0,74.04,47.22,56.25,50.0,100.0
Japan,JPN,20211027,1.0,1.0,1.0,1.0,0.0,1.0,1.0,4.0,2.0,1.0,1.0,1.0,5.0,2.0,74.31,47.22,56.25,50.0,100.0
Japan,JPN,20211028,1.0,1.0,1.0,1.0,0.0,1.0,1.0,4.0,2.0,1.0,1.0,1.0,5.0,2.0,74.58,47.22,56.25,50.0,100.0
Japan,JPN,20211029,1.0,1.0,1.0,1.0,0.0,1.0,1.0,4.0,2.0,1.0,1.0,1.0,5.0,2.0,74.93,47.22,56.25,50.0,100.0
Japan,JPN,20211030,1.0,1.0,1.0,1.0,0.0,1.0,1.0,4.0,2.0,1.0,1.0,1.0,5.0,2.0,75.39,47.22,56.25,50.0,100.0
Japan,JPN,20211031,1.0,1.0,1.0,1.0,0.0,1.0,1.0,4.0,2.0,1.0,1.0,1.0,5.0,2.0,75.72,47.22,56.25,50.0,100.0
Japan,JPN,20211101,1.0,1.0,1.0,1.0,0.0,1.0,1.0,4.0,2.0,1.0,1.0,1.0,5.0,2.0,75.94,47.22,56.25,50.0,100.0
Japan,JPN,20211102,1.0,1.0,1.0,1.0,0.0,1.0,1.0,4.0,2.0,1.0,1.0,1.0,5.0,2.0,76.16,47.22,56.25,50.0,100.0
Japan,JPN,20211103,1.0,1.0,1.0,1.0,0.0,1.0,1.0,4.0,2.0,1.0,1.0,1.0,5.0,2.0,76.23,47.22,56.25,50.0,100.0
Japan,JPN,20211104,1.0,1.0,1.0,1.0,0.0,1.0,1.0,4.0,2.0,1.0,1.0,1.0,5.0,2.0,76.45,47.22,56.25,50.0,100.0
Japan,JPN,20211105,1.0,1.0,1.0,1.0,0.0,1.0,1.0,4.0,2.0,1.0,1.0,1.0,5.0,2.0,76.71,47.22,56.25,50.0,100.0
Japan,JPN,20211106,1.0,1.0,1.0,1.0,0.0,1.0,1.0,4.0,2.0,1.0,1.0,1.0,5.0,2.0,77.07,47.22,56.25,50.0,100.0
Japan,JPN,20211107,1.0,1.0,1.0,1.0,0.0,1.0,1.0,4.0,2.0,1.0,1.0,1.0,5.0,2.0,77.29,47.22,56.25,50.0,100.0
Japan,JPN,20211108,1.0,1.0,1.0,1.0,0.0,1.0,1.0,4.0,2.0,1.0,1.0,1.0,5.0,2.0,77.44,47.22,56.25,50.0,100.0
Japan,JPN,20211109,1.0,1.0,1.0,1.0,0.0,1.0,1.0,4.0,2.0,1.0,1.0,1.0,5.0,2.0,77.58,47.22,56.25,50.0,100.0
Japan,JPN,20211110,1.0,1.0,1.0,1.0,0.0,1.0,1.0,4.0,2.0,1.0,1.0,1.0,5.0,2.0,77.72,47.22,56.25,50.0,100.0
Japan,JPN,20211111,1.0,1.0,1.0,1.0,0.0,1.0,1.0,4.0,2.0,1.0,1.0,1.0,5.0,2.0,77.85,47.22,56.25,50.0,100.0
Japan,JPN,20211112,1.0,1.0,1.0,1.0,0.0,1.0,1.0,4.0,2.0,1.0,1.0,1.0,5.0,2.0,78.03,47.22,56.25,50.0,100.0
Japan,JPN,20211113,1.0,1.0,1.0,1.0,0.0,1.0,1.0,4.0,2.0,1.0,1.0,1.0,5.0,2.0,78.26,47.22,56.25,50.0,100.0
Japan,JPN,20211114,1.0,1.0,1.0,1.0,0.0,1.0,1.0,4.0,2.0,1.0,1.0,1.0,5.0,2.0,78.4,47.22,56.25,50.0,100.0
Japan,JPN,20211115,1.0,1.0,1.0,1.0,0.0,1.0,1.0,4.0,2.0,1.0,1.0,1.0,5.0,2.0,78.5,47.22,56.25,50.0,100.0
Japan,JPN,20211116,1.0,1.0,1.0,1.0,0.0,1.0,1.0,4.0,2.0,1.0,1.0,1.0,5.0,2.0,78.6,47.22,56.25,50.0,100.0
Japan,JPN,20211117,1.0,1.0,1.0,1.0,0.0,1.0,1.0,4.0,2.0,1.0,1.0,1.0,5.0,2.0,78.69,47.22,56.25,50.0,100.0
Japan,JPN,20211118,1.0,1.0,1.0,1.0,0.0,1.0,1.0,4.0,2.0,1.0,1.0,1.0,5.0,2.0,78.78,47.22,56.25,50.0,100.0
Japan,JPN,20211119,1.0,1.0,1.0,1.0,0.0,1.0,1.0,4.0,2.0,1.0,1.0,1.0,5.0,2.0,78.9,47.22,56.25,50.0,100.0
Japan,JPN,20211120,1.0,1.0,1.0,1.0,0.0,1.0,1.0,4.0,2.0,1.0,1.0,1.0,5.0,2.0,79.09,47.22,56.25,50.0,100.0
Japan,JPN,20211121,1.0,1.0,1.0,1.0,0.0,1.0,1.0,4.0,2.0,1.0,1.0,1.0,5.0,2.0,79.19,47.22,56.25,50.0,100.0
Japan,JPN,20211122,1.0,1.0,1.0,1.0,0.0,1.0,1.0,4.0,2.0,1.0,1.0,1.0,5.0,2.0,79.25,47.22,56.25,50.0,100.0
Japan,JPN,20211123,1.0,1.0,1.0,1.0,0.0,1.0,1.0,4.0,2.0,1.0,1.0,1.0,5.0,2.0,79.27,47.22,56.25,50.0,100.0
Japan,JPN,20211124,1.0,1.0,1.0,1.0,0.0,1.0,1.0,4.0,2.0,1.0,1.0,1.0,5.0,1.0,79.31,47.22,54.6,48.11,100.0
Japan,JPN,20211125,1.0,1.0,1.0,1.0,0.0,1.0,1.0,4.0,2.0,1.0,1.0,1.0,5.0,1.0,79.36,47.22,54.6,48.11,100.0
Japan,JPN,20211126,1.0,1.0,1.0,1.0,0.0,1.0,1.0,4.0,2.0,1.0,1.0,1.0,5.0,1.0,79.45,47.22,54.6,48.11,100.0
Japan,JPN,20211127,1.0,1.0,1.0,1.0,0.0,1.0,1.0,4.0,2.0,1.0,1.0,1.0,5.0,1.0,79.58,47.22,54.59,48.11,100.0
Japan,JPN,20211128,1.0,1.0,1.0,1.0,0.0,1.0,1.0,4.0,2.0,1.0,1.0,1.0,5.0,1.0,79.65,47.22,54.59,48.1,100.0
Japan,JPN,20211129,1.0,1.0,1.0,1.0,0.0,1.0,1.0,4.0,2.0,1.0,1.0,1.0,5.0,1.0,79.7,47.22,54.59,48.1,100.0
Japan,JPN,20211130,1.0,1.0,1.0,1.0,0.0,1.0,1.0,4.0,2.0,1.0,1.0,1.0,5.0,1.0,79.75,47.22,54.59,48.1,100.0
Japan,JPN,20211201,1.0,1.0,1.0,1.0,0.0,1.0,1.0,4.0,2.0,1.0,1.0,1.0,5.0,1.0,79.77,47.22,54.59,48.1,100.0
Japan,JPN,20211202,1.0,1.0,1.0,1.0,0.0,1.0,1.0,4.0,2.0,1.0,1.0,1.0,5.0,1.0,79.8,47.22,54.59,48.1,100.0
Japan,JPN,20211203,1.0,1.0,1.0,1.0,0.0,1.0,1.0,4.0,2.0,1.0,2.0,1.0,5.0,1.0,79.84,47.22,57.71,51.67,100.0
Japan,JPN,20211204,1.0,1.0,1.0,1.0,0.0,1.0,1.0,4.0,2.0,1.0,2.0,1.0,5.0,1.0,79.9,47.22,57.71,51.67,100.0
Japan,JPN,20211205,1.0,1.0,1.0,1.0,0.0,1.0,1.0,4.0,2.0,1.0,2.0,1.0,5.0,1.0,79.93,47.22,57.71,51.67,100.0
Japan,JPN,20211206,1.0,1.0,1.0,1.0,0.0,1.0,1.0,4.0,2.0,1.0,2.0,1.0,5.0,1.0,79.95,47.22,57.71,51.67,100.0
Japan,JPN,20211207,1.0,1.0,1.0,1.0,0.0,1.0,1.0,4.0,2.0,1.0,2.0,1.0,5.0,1.0,79.97,47.22,57.71,51.67,100.0
Japan,JPN,20211208,1.0,1.0,1.0,1.0,0.0,1.0,1.0,4.0,2.0,1.0,2.0,1.0,5.0,1.0,79.99,47.22,57.71,51.67,100.0
Japan,JPN,20211209,1.0,1.0,1.0,1.0,0.0,1.0,1.0,4.0,2.0,1.0,2.0,1.0,5.0,1.0,80.01,47.22,57.71,51.67,100.0
Japan,JPN,20211210,1.0,1.0,1.0,1.0,0.0,1.0,1.0,4.0,2.0,1.0,2.0,1.0,5.0,1.0,80.04,47.22,57.71,51.67,100.0
Japan,JPN,20211211,1.0,1.0,1.0,1.0,0.0,1.0,1.0,4.0,2.0,1.0,2.0,1.0,5.0,1.0,80.09,47.22,57.71,51.66,100.0
Japan,JPN,20211212,1.0,1.0,1.0,1.0,0.0,1.0,1.0,4.0,2.0,1.0,2.0,1.0,5.0,1.0,80.11,47.22,57.71,51.66,100.0
Japan,JPN,20211213,1.0,1.0,1.0,1.0,0.0,1.0,1.0,4.0,2.0,1.0,2.0,1.0,5.0,1.0,80.13,47.22,57.71,51.66,100.0
Japan,JPN,20211214,1.0,1.0,1.0,1.0,0.0,1.0,1.0,4.0,2.0,1.0,2.0,1.0,5.0,1.0,80.14,47.22,57.71,51.66,100.0
Japan,JPN,20211215,1.0,1.0,1.0,1.0,0.0,1.0,1.0,4.0,2.0,1.0,2.0,1.0,5.0,1.0,80.16,47.22,57.7,51.66,100.0
Japan,JPN,20211216,1.0,1.0,1.0,1.0,0.0,1.0,1.0,4.0,2.0,1.0,2.0,1.0,5.0,1.0,80.17,47.22,57.7,51.66,100.0
Japan,JPN,20211217,1.0,1.0,1.0,1.0,0.0,1.0,1.0,4.0,2.0,1.0,2.0,1.0,5.0,1.0,80.21,47.22,57.7,51.66,100.0
Japan,JPN,20211218,1.0,1.0,1.0,1.0,0.0,1.0,1.0,4.0,2.0,1.0,2.0,1.0,5.0,1.0,80.25,47.22,57.7,51.66,100.0
Japan,JPN,20211219,1.0,1.0,1.0,1.0,0.0,1.0,1.0,4.0,2.0,1.0,2.0,1.0,5.0,1.0,80.27,47.22,57.7,51.66,100.0
Japan,JPN,20211220,1.0,1.0,1.0,1.0,0.0,1.0,1.0,4.0,2.0,1.0,2.0,1.0,5.0,1.0,80.29,47.22,57.7,51.66,100.0
Japan,JPN,20211221,1.0,1.0,1.0,1.0,0.0,1.0,1.0,4.0,2.0,1.0,2.0,1.0,5.0,1.0,80.3,47.22,57.7,51.66,100.0
Japan,JPN,20211222,1.0,1.0,1.0,1.0,0.0,1.0,1.0,4.0,2.0,1.0,2.0,1.0,5.0,1.0,80.32,47.22,57.7,51.66,100.0
Japan,JPN,20211223,1.0,1.0,1.0,1.0,0.0,1.0,1.0,4.0,2.0,1.0,2.0,1.0,5.0,1.0,80.33,47.22,57.7,51.66,100.0
Japan,JPN,20211224,1.0,1.0,1.0,1.0,0.0,1.0,1.0,4.0,2.0,1.0,2.0,1.0,5.0,1.0,80.36,47.22,57.7,51.66,100.0
Japan,JPN,20211225,1.0,1.0,1.0,1.0,0.0,1.0,1.0,4.0,2.0,1.0,2.0,1.0,5.0,1.0,80.4,47.22,57.7,51.66,100.0
Japan,JPN,20211226,1.0,1.0,1.0,1.0,0.0,1.0,1.0,4.0,2.0,3.0,2.0,1.0,5.0,1.0,80.42,47.22,61.87,56.42,100.0
Japan,JPN,20211227,1.0,1.0,1.0,1.0,0.0,1.0,1.0,4.0,2.0,3.0,2.0,1.0,5.0,1.0,80.43,47.22,61.87,56.42,100.0
Japan,JPN,20211228,1.0,1.0,1.0,1.0,0.0,1.0,1.0,4.0,2.0,3.0,2.0,1.0,5.0,1.0,80.44,47.22,61.87,56.42,100.0
Japan,JPN,20211229,1.0,1.0,1.0,1.0,0.0,1.0,1.0,4.0,2.0,3.0,2.0,1.0,5.0,1.0,80.44,47.22,61.87,56.42,100.0
Japan,JPN,20211230,1.0,1.0,1.0,1.0,0.0,1.0,1.0,4.0,2.0,3.0,2.0,1.0,5.0,1.0,80.44,47.22,61.87,56.42,100.0
Japan,JPN,20211231,1.0,1.0,1.0,1.0,0.0,1.0,1.0,4.0,2.0,3.0,2.0,1.0,5.0,1.0,80.44,47.22,61.87,56.42,100.0
Japan,JPN,20220101,1.0,1.0,1.0,1.0,0.0,1.0,1.0,4.0,2.0,3.0,2.0,1.0,5.0,1.0,80.44,47.22,61.87,56.42,100.0
Japan,JPN,20220102,1.0,1.0,1.0,1.0,0.0,1.0,1.0,4.0,2.0,3.0,2.0,1.0,5.0,1.0,80.44,47.22,61.87,56.42,100.0
Japan,JPN,20220103,1.0,1.0,1.0,1.0,0.0,1.0,1.0,4.0,2.0,3.0,2.0,1.0,5.0,1.0,80.44,47.22,61.87,56.42,100.0
Japan,JPN,20220104,1.0,1.0,1.0,1.0,0.0,1.0,1.0,4.0,2.0,3.0,1.0,1.0,5.0,1.0,80.45,47.22,58.74,52.85,100.0
Japan,JPN,20220105,1.0,1.0,1.0,1.0,0.0,1.0,1.0,4.0,2.0,3.0,1.0,1.0,5.0,1.0,80.46,47.22,58.74,52.85,100.0
Japan,JPN,20220106,1.0,1.0,1.0,1.0,0.0,1.0,1.0,4.0,2.0,3.0,1.0,1.0,5.0,1.0,80.47,47.22,58.74,52.84,100.0
Japan,JPN,20220107,1.0,1.0,1.0,1.0,0.0,1.0,1.0,4.0,2.0,3.0,1.0,1.0,5.0,1.0,80.49,47.22,58.74,52.84,100.0
Japan,JPN,20220108,1.0,1.0,1.0,1.0,0.0,1.0,1.0,4.0,2.0,3.0,1.0,1.0,5.0,1.0,80.52,47.22,58.74,52.84,100.0
Japan,JPN,20220109,1.0,1.0,1.0,1.0,0.0,1.0,1.0,4.0,2.0,3.0,1.0,1.0,5.0,1.0,80.53,47.22,58.74,52.84,100.0
Japan,JPN,20220110,1.0,1.0,1.0,1.0,0.0,1.0,1.0,4.0,2.0,3.0,1.0,1.0,5.0,1.0,80.53,47.22,58.74,52.84,100.0
Japan,JPN,20220111,1.0,1.0,1.0,1.0,0.0,1.0,1.0,4.0,2.0,3.0,1.0,1.0,5.0,1.0,80.55,47.22,58.74,52.84,100.0
Japan,JPN,20220112,1.0,1.0,1.0,1.0,0.0,1.0,1.0,4.0,2.0,3.0,1.0,1.0,5.0,1.0,80.56,47.22,58.74,52.84,100.0
Japan,JPN,20220113,1.0,1.0,1.0,1.0,0.0,1.0,1.0,4.0,2.0,3.0,1.0,1.0,5.0,1.0,80.57,47.22,58.74,52.84,100.0
Japan,JPN,20220114,1.0,1.0,1.0,1.0,0.0,1.0,1.0,4.0,2.0,3.0,1.0,1.0,5.0,1.0,80.58,47.22,58.74,52.84,100.0
Japan,JPN,20220115,1.0,1.0,1.0,1.0,0.0,1.0,1.0,4.0,2.0,3.0,1.0,1.0,5.0,1.0,80.61,47.22,58.74,52.84,100.0
Japan,JPN,20220116,1.0,1.0,1.0,1.0,0.0,1.0,1.0,4.0,2.0,3.0,1.0,1.0,5.0,1.0,80.62,47.22,58.74,52.84,100.0
Japan,JPN,20220117,1.0,1.0,1.0,1.0,0.0,1.0,1.0,4.0,2.0,3.0,1.0,1.0,5.0,1.0,80.63,47.22,58.73,52.84,100.0
Japan,JPN,20220118,1.0,1.0,1.0,1.0,0.0,1.0,1.0,4.0,2.0,3.0,1.0,1.0,5.0,1.0,80.63,47.22,58.73,52.84,100.0
Japan,JPN,20220119,1.0,1.0,1.0,1.0,0.0,1.0,1.0,4.0,2.0,3.0,1.0,1.0,5.0,1.0,80.64,47.22,58.73,52.84,100.0
Japan,JPN,20220120,1.0,1.0,1.0,1.0,0.0,1.0,1.0,4.0,2.0,3.0,1.0,1.0,5.0,1.0,80.64,47.22,58.73,52.84,100.0
Japan,JPN,20220121,1.0,1.0,1.0,1.0,0.0,1.0,1.0,4.0,2.0,3.0,1.0,1.0,5.0,1.0,80.65,47.22,58.73,52.84,100.0
Japan,JPN,20220122,1.0,1.0,1.0,1.0,0.0,1.0,1.0,4.0,2.0,3.0,1.0,1.0,5.0,1.0,80.65,47.22,58.73,52.84,100.0
Japan,JPN,20220123,1.0,1.0,1.0,1.0,0.0,1.0,1.0,4.0,2.0,3.0,1.0,1.0,5.0,1.0,80.65,47.22,58.73,52.84,100.0
Japan,JPN,20220124,1.0,1.0,1.0,1.0,0.0,1.0,1.0,4.0,2.0,3.0,1.0,1.0,5.0,1.0,80.66,47.22,58.73,52.84,100.0
Japan,JPN,20220125,1.0,1.0,1.0,1.0,0.0,1.0,1.0,4.0,2.0,3.0,1.0,1.0,5.0,1.0,80.66,47.22,58.73,52.84,100.0
Japan,JPN,20220126,1.0,1.0,1.0,1.0,0.0,1.0,1.0,4.0,2.0,3.0,1.0,1.0,5.0,1.0,80.66,47.22,58.73,52.84,100.0
Japan,JPN,20220127,1.0,1.0,1.0,1.0,0.0,1.0,1.0,4.0,2.0,3.0,1.0,1.0,5.0,1.0,80.67,47.22,58.73,52.84,100.0
Japan,JPN,20220128,1.0,1.0,1.0,1.0,0.0,1.0,1.0,4.0,2.0,3.0,1.0,1.0,5.0,1.0,80.68,47.22,58.73,52.84,100.0
Japan,JPN,20220129,1.0,1.0,1.0,1.0,0.0,1.0,1.0,4.0,2.0,3.0,1.0,1.0,5.0,1.0,80.7,47.22,58.73,52.84,100.0
Japan,JPN,20220130,1.0,1.0,1.0,1.0,0.0,1.0,1.0,4.0,2.0,3.0,1.0,1.0,5.0,1.0,80.71,47.22,58.73,52.84,100.0
Japan,JPN,20220131,1.0,1.0,1.0,1.0,0.0,1.0,1.0,4.0,2.0,3.0,1.0,1.0,5.0,1.0,80.72,47.22,58.73,52.84,100.0
Japan,JPN,20220201,1.0,1.0,1.0,1.0,0.0,1.0,1.0,4.0,2.0,1.0,1.0,1.0,5.0,1.0,80.72,47.22,54.57,48.08,100.0
Japan,JPN,20220202,1.0,1.0,1.0,1.0,0.0,1.0,1.0,4.0,2.0,1.0,1.0,1.0,5.0,1.0,80.73,47.22,54.57,48.08,100.0
Japan,JPN,20220203,1.0,1.0,1.0,1.0,0.0,1.0,1.0,4.0,2.0,1.0,1.0,1.0,5.0,1.0,80.73,47.22,54.57,48.08,100.0
Japan,JPN,20220204,1.0,1.0,1.0,1.0,0.0,1.0,1.0,4.0,2.0,1.0,1.0,1.0,5.0,1.0,80.75,47.22,54.57,48.08,100.0
Japan,JPN,20220205,1.0,1.0,1.0,1.0,0.0,1.0,1.0,4.0,2.0,1.0,1.0,1.0,5.0,1.0,80.77,47.22,54.57,48.08,100.0
Japan,JPN,20220206,1.0,1.0,1.0,1.0,0.0,1.0,1.0,4.0,2.0,1.0,1.0,1.0,5.0,1.0,80.77,47.22,54.57,48.08,100.0
Japan,JPN,20220207,1.0,1.0,1.0,1.0,0.0,1.0,1.0,4.0,2.0,1.0,1.0,1.0,5.0,1.0,80.78,47.22,54.57,48.08,100.0
Japan,JPN,20220208,1.0,1.0,1.0,1.0,0.0,1.0,1.0,4.0,2.0,1.0,1.0,1.0,5.0,1.0,80.79,47.22,54.57,48.08,100.0
Japan,JPN,20220209,1.0,1.0,1.0,1.0,0.0,1.0,1.0,4.0,2.0,1.0,1.0,1.0,5.0,1.0,80.8,47.22,54.57,48.08,100.0
Japan,JPN,20220210,1.0,1.0,1.0,1.0,0.0,1.0,1.0,4.0,2.0,1.0,1.0,1.0,5.0,1.0,80.81,47.22,54.57,48.08,100.0
Japan,JPN,20220211,1.0,1.0,1.0,1.0,0.0,1.0,1.0,4.0,2.0,1.0,1.0,1.0,5.0,1.0,80.81,47.22,54.57,48.08,100.0
Japan,JPN,20220212,1.0,1.0,1.0,1.0,0.0,1.0,1.0,4.0,2.0,1.0,1.0,1.0,5.0,1.0,80.83,47.22,54.57,48.08,100.0
Japan,JPN,20220213,1.0,1.0,1.0,1.0,0.0,1.0,1.0,4.0,2.0,1.0,1.0,1.0,5.0,1.0,80.84,47.22,54.57,48.08,100.0
Japan,JPN,20220214,1.0,1.0,1.0,1.0,0.0,1.0,1.0,4.0,2.0,1.0,1.0,1.0,5.0,1.0,80.85,47.22,54.57,48.08,100.0
Japan,JPN,20220215,1.0,1.0,1.0,1.0,0.0,1.0,1.0,4.0,2.0,1.0,1.0,1.0,5.0,1.0,80.86,47.22,54.57,48.08,100.0
Japan,JPN,20220216,1.0,1.0,1.0,1.0,0.0,1.0,1.0,4.0,2.0,1.0,1.0,1.0,5.0,1.0,80.86,47.22,54.57,48.08,100.0
Japan,JPN,20220217,1.0,1.0,1.0,1.0,0.0,1.0,1.0,4.0,2.0,1.0,1.0,1.0,5.0,1.0,80.87,47.22,54.57,48.08,100.0
Japan,JPN,20220218,1.0,1.0,1.0,1.0,0.0,1.0,1.0,4.0,2.0,1.0,1.0,1.0,5.0,1.0,80.89,47.22,54.57,48.07,100.0
Japan,JPN,20220219,1.0,1.0,1.0,1.0,0.0,1.0,1.0,4.0,2.0,1.0,1.0,1.0,5.0,1.0,80.91,47.22,54.57,48.07,100.0
Japan,JPN,20220220,1.0,1.0,1.0,1.0,0.0,1.0,1.0,4.0,2.0,1.0,1.0,1.0,5.0,1.0,80.91,47.22,54.57,48.07,100.0
Japan,JPN,20220221,1.0,1.0,1.0,1.0,0.0,1.0,1.0,4.0,2.0,1.0,1.0,1.0,5.0,1.0,80.92,47.22,54.57,48.07,100.0
Japan,JPN,20220222,1.0,1.0,1.0,1.0,0.0,1.0,1.0,4.0,2.0,1.0,1.0,1.0,5.0,1.0,80.93,47.22,54.57,48.07,100.0
Japan,JPN,20220223,1.0,1.0,1.0,1.0,0.0,1.0,1.0,4.0,2.0,1.0,1.0,1.0,5.0,1.0,80.93,47.22,54.57,48.07,100.0
Japan,JPN,20220224,1.0,1.0,1.0,1.0,0.0,1.0,1.0,4.0,2.0,1.0,1.0,1.0,5.0,1.0,80.94,47.22,54.57,48.07,100.0
Japan,JPN,20220225,1.0,1.0,1.0,1.0,0.0,1.0,1.0,4.0,2.0,1.0,1.0,1.0,5.0,1.0,80.96,47.22,54.57,48.07,100.0
Japan,JPN,20220226,1.0,1.0,1.0,1.0,0.0,1.0,1.0,4.0,2.0,1.0,1.0,1.0,5.0,1.0,80.98,47.22,54.57,48.07,100.0
Japan,JPN,20220227,1.0,1.0,1.0,1.0,0.0,1.0,1.0,4.0,2.0,1.0,1.0,1.0,5.0,1.0,80.99,47.22,54.57,48.07,100.0
Japan,JPN,20220228,1.0,1.0,1.0,1.0,0.0,1.0,1.0,4.0,2.0,1.0,1.0,1.0,5.0,1.0,81.0,47.22,54.57,48.07,100.0
Japan,JPN,20220301,1.0,1.0,1.0,1.0,0.0,1.0,1.0,4.0,2.0,1.0,1.0,1.0,5.0,1.0,81.01,47.22,54.56,48.07,100.0
Japan,JPN,20220302,1.0,1.0,1.0,1.0,0.0,1.0,1.0,4.0,2.0,1.0,1.0,1.0,5.0,1.0,81.01,47.22,54.56,48.07,100.0
Japan,JPN,20220303,1.0,1.0,1.0,1.0,0.0,1.0,1.0,4.0,2.0,1.0,1.0,1.0,5.0,1.0,81.02,47.22,54.56,48.07,100.0
Japan,JPN,20220304,1.0,1.0,1.0,1.0,0.0,1.0,1.0,4.0,2.0,1.0,1.0,1.0,5.0,1.0,81.03,47.22,54.56,48.07,100.0
Japan,JPN,20220305,1.0,1.0,1.0,1.0,0.0,1.0,1.0,4.0,2.0,1.0,1.0,1.0,5.0,1.0,81.04,47.22,54.56,48.07,100.0
Japan,JPN,20220306,1.0,1.0,1.0,1.0,0.0,1.0,1.0,4.0,2.0,1.0,1.0,1.0,5.0,1.0,81.05,47.22,54.56,48.07,100.0
Japan,JPN,20220307,1.0,1.0,1.0,1.0,0.0,1.0,1.0,4.0,2.0,1.0,1.0,1.0,5.0,1.0,81.05,47.22,54.56,48.07,100.0
Japan,JPN,20220308,1.0,1.0,1.0,1.0,0.0,1.0,1.0,4.0,2.0,1.0,1.0,1.0,5.0,1.0,81.06,47.22,54.56,48.07,100.0
Japan,JPN,20220309,1.0,1.0,1.0,1.0,0.0,1.0,1.0,4.0,2.0,1.0,1.0,1.0,5.0,1.0,81.07,47.22,54.56,48.07,100.0
Japan,JPN,20220310,1.0,1.0,1.0,1.0,0.0,1.0,1.0,4.0,2.0,1.0,1.0,1.0,5.0,1.0,81.07,47.22,54.56,48.07,100.0
Japan,JPN,20220311,1.0,1.0,1.0,1.0,0.0,1.0,1.0,4.0,2.0,1.0,1.0,1.0,5.0,1.0,81.08,47.22,54.56,48.07,100.0
Japan,JPN,20220312,1.0,1.0,1.0,1.0,0.0,1.0,1.0,4.0,2.0,1.0,1.0,1.0,5.0,1.0,81.1,47.22,54.56,48.07,100.0
Japan,JPN,20220313,1.0,1.0,1.0,1.0,0.0,1.0,1.0,4.0,2.0,1.0,1.0,1.0,5.0,1.0,81.11,47.22,54.56,48.07,100.0
Japan,JPN,20220314,1.0,1.0,1.0,1.0,0.0,1.0,1.0,4.0,2.0,1.0,1.0,1.0,5.0,1.0,81.11,47.22,54.56,48.07,100.0
Japan,JPN,20220315,1.0,1.0,1.0,1.0,0.0,1.0,1.0,4.0,2.0,1.0,1.0,1.0,5.0,1.0,81.12,47.22,54.56,48.07,100.0
Japan,JPN,20220316,1.0,1.0,1.0,1.0,0.0,1.0,1.0,4.0,2.0,1.0,1.0,1.0,5.0,1.0,81.12,47.22,54.56,48.07,100.0
Japan,JPN,20220317,1.0,1.0,1.0,1.0,0.0,1.0,1.0,4.0,2.0,1.0,1.0,1.0,5.0,1.0,81.13,47.22,54.56,48.07,100.0
Japan,JPN,20220318,1.0,1.0,1.0,1.0,0.0,1.0,1.0,4.0,2.0,1.0,1.0,1.0,5.0,1.0,81.14,47.22,54.56,48.07,100.0
Japan,JPN,20220319,1.0,1.0,1.0,1.0,0.0,1.0,1.0,4.0,2.0,1.0,1.0,1.0,5.0,1.0,81.15,47.22,54.56,48.07,100.0
Japan,JPN,20220320,1.0,1.0,1.0,1.0,0.0,1.0,1.0,4.0,2.0,1.0,1.0,1.0,5.0,1.0,81.16,47.22,54.56,48.07,100.0
Japan,JPN,20220321,1.0,1.0,1.0,1.0,0.0,1.0,1.0,4.0,2.0,1.0,1.0,1.0,5.0,1.0,81.16,45.37,53.32,46.65,100.0
Japan,JPN,20220322,1.0,1.0,1.0,1.0,0.0,1.0,1.0,4.0,2.0,1.0,1.0,1.0,5.0,1.0,81.17,45.37,53.32,46.65,100.0
Japan,JPN,20220323,1.0,1.0,1.0,1.0,0.0,1.0,1.0,4.0,2.0,1.0,1.0,1.0,5.0,1.0,81.17,45.37,53.32,46.65,100.0
Japan,JPN,20220324,1.0,1.0,1.0,1.0,0.0,1.0,1.0,4.0,2.0,1.0,1.0,1.0,5.0,1.0,81.18,45.37,53.32,46.65,100.0
Japan,JPN,20220325,1.0,1.0,1.0,1.0,0.0,1.0,1.0,4.0,2.0,1.0,1.0,1.0,5.0,1.0,81.19,45.37,53.32,46.65,100.0
Japan,JPN,20220326,1.0,1.0,1.0,1.0,0.0,1.0,1.0,4.0,2.0,1.0,1.0,1.0,5.0,1.0,81.22,45.37,53.32,46.65,100.0
Japan,JPN,20220327,1.0,1.0,1.0,1.0,0.0,1.0,1.0,4.0,2.0,1.0,1.0,1.0,5.0,1.0,81.23,45.37,53.32,46.65,100.0
Japan,JPN,20220328,1.0,1.0,1.0,1.0,0.0,1.0,1.0,4.0,2.0,1.0,1.0,1.0,5.0,1.0,81.24,45.37,53.32,46.65,100.0
Japan,JPN,20220329,1.0,1.0,1.0,1.0,0.0,1.0,1.0,4.0,2.0,1.0,1.0,1.0,5.0,1.0,81.25,45.37,53.32,46.65,100.0
Japan,JPN,20220330,1.0,1.0,1.0,1.0,0.0,1.0,1.0,4.0,2.0,1.0,1.0,1.0,5.0,1.0,81.26,45.37,53.32,46.65,100.0
Japan,JPN,20220331,1.0,1.0,1.0,1.0,0.0,1.0,1.0,4.0,2.0,1.0,1.0,1.0,5.0,1.0,81.27,45.37,53.32,46.65,100.0
Japan,JPN,20220401,1.0,1.0,1.0,1.0,0.0,1.0,1.0,4.0,2.0,1.0,1.0,1.0,5.0,1.0,81.29,45.37,53.32,46.65,100.0
Japan,JPN,20220402,1.0,1.0,1.0,1.0,0.0,1.0,1.0,4.0,2.0,1.0,1.0,1.0,5.0,1.0,81.33,45.37,53.32,46.65,100.0
Japan,JPN,20220403,1.0,1.0,1.0,1.0,0.0,1.0,1.0,4.0,2.0,1.0,1.0,1.0,5.0,1.0,81.35,45.37,53.32,46.65,100.0
Japan,JPN,20220404,1.0,1.0,1.0,1.0,0.0,1.0,1.0,4.0,2.0,1.0,1.0,1.0,5.0,1.0,81.37,45.37,53.32,46.65,100.0
Japan,JPN,20220405,1.0,1.0,1.0,1.0,0.0,1.0,1.0,4.0,2.0,1.0,1.0,1.0,5.0,1.0,81.38,45.37,53.32,46.65,100.0
Japan,JPN,20220406,1.0,1.0,1.0,1.0,0.0,1.0,1.0,4.0,2.0,1.0,1.0,1.0,5.0,1.0,81.4,45.37,53.32,46.65,100.0
Japan,JPN,20220407,1.0,1.0,1.0,1.0,0.0,1.0,1.0,4.0,2.0,1.0,1.0,1.0,5.0,1.0,81.41,45.37,53.32,46.65,100.0
Japan,JPN,20220408,1.0,1.0,1.0,1.0,0.0,1.0,1.0,4.0,2.0,1.0,1.0,1.0,5.0,1.0,81.44,45.37,53.31,46.65,100.0
Japan,JPN,20220409,1.0,1.0,1.0,1.0,0.0,1.0,1.0,4.0,2.0,1.0,1.0,1.0,5.0,1.0,81.49,45.37,53.31,46.65,100.0
Japan,JPN,20220410,1.0,1.0,1.0,1.0,0.0,1.0,1.0,4.0,2.0,1.0,1.0,1.0,5.0,1.0,81.52,45.37,53.31,46.65,100.0
Japan,JPN,20220411,1.0,1.0,1.0,1.0,0.0,1.0,1.0,4.0,2.0,1.0,1.0,1.0,5.0,1.0,81.52,45.37,53.31,46.65,100.0
Japan,JPN,20220412,1.0,1.0,1.0,1.0,0.0,1.0,1.0,4.0,2.0,1.0,1.0,1.0,5.0,1.0,81.54,45.37,53.31,46.65,100.0
Japan,JPN,20220413,1.0,1.0,1.0,1.0,0.0,1.0,1.0,4.0,2.0,1.0,1.0,1.0,5.0,1.0,81.55,45.37,53.31,46.65,100.0
Japan,JPN,20220414,1.0,1.0,1.0,1.0,0.0,1.0,1.0,4.0,2.0,1.0,1.0,1.0,5.0,1.0,81.57,45.37,53.31,46.65,100.0
Japan,JPN,20220415,1.0,1.0,1.0,1.0,0.0,1.0,1.0,4.0,2.0,1.0,1.0,1.0,5.0,1.0,81.6,45.37,53.31,46.65,100.0
Japan,JPN,20220416,1.0,1.0,1.0,1.0,0.0,1.0,1.0,4.0,2.0,1.0,1.0,1.0,5.0,1.0,81.66,45.37,53.31,46.65,100.0
Japan,JPN,20220417,1.0,1.0,1.0,1.0,0.0,1.0,1.0,4.0,2.0,1.0,1.0,1.0,5.0,1.0,81.69,45.37,53.31,46.65,100.0
Japan,JPN,20220418,1.0,1.0,1.0,1.0,0.0,1.0,1.0,4.0,2.0,1.0,1.0,1.0,5.0,1.0,81.71,45.37,53.31,46.65,100.0
Japan,JPN,20220419,1.0,1.0,1.0,1.0,0.0,1.0,1.0,4.0,2.0,1.0,1.0,1.0,5.0,1.0,81.73,45.37,53.31,46.65,100.0
Japan,JPN,20220420,1.0,1.0,1.0,1.0,0.0,1.0,1.0,4.0,2.0,1.0,1.0,1.0,5.0,1.0,81.74,45.37,53.31,46.65,100.0
Japan,JPN,20220421,1.0,1.0,1.0,1.0,0.0,1.0,1.0,4.0,2.0,1.0,1.0,1.0,5.0,1.0,81.76,45.37,53.31,46.65,100.0
Japan,JPN,20220422,1.0,1.0,1.0,1.0,0.0,1.0,1.0,4.0,2.0,1.0,1.0,1.0,5.0,1.0,81.79,45.37,53.31,46.65,100.0
Japan,JPN,20220423,1.0,1.0,1.0,1.0,0.0,1.0,1.0,4.0,2.0,1.0,1.0,1.0,5.0,1.0,81.85,45.37,53.31,46.65,100.0
Japan,JPN,20220424,1.0,1.0,1.0,1.0,0.0,1.0,1.0,4.0,2.0,1.0,1.0,1.0,5.0,1.0,81.87,45.37,53.31,46.65,100.0
Japan,JPN,20220425,1.0,1.0,1.0,1.0,0.0,1.0,1.0,4.0,2.0,1.0,1.0,1.0,5.0,1.0,81.89,45.37,53.12,46.43,100.0
Japan,JPN,20220426,1.0,1.0,1.0,1.0,0.0,1.0,1.0,4.0,2.0,1.0,1.0,1.0,5.0,1.0,81.9,45.37,53.12,46.43,100.0
Japan,JPN,20220427,1.0,1.0,1.0,1.0,0.0,1.0,1.0,4.0,2.0,1.0,1.0,1.0,5.0,1.0,81.92,45.37,53.12,46.43,100.0
Japan,JPN,20220428,1.0,1.0,1.0,1.0,0.0,1.0,1.0,4.0,2.0,3.0,1.0,1.0,5.0,1.0,81.93,45.37,57.29,51.19,100.0
Japan,JPN,20220429,1.0,1.0,1.0,1.0,0.0,1.0,1.0,4.0,2.0,3.0,1.0,1.0,5.0,1.0,81.93,45.37,57.29,51.19,100.0
Japan,JPN,20220430,1.0,1.0,1.0,1.0,0.0,1.0,1.0,4.0,2.0,3.0,1.0,1.0,5.0,1.0,81.97,45.37,57.29,51.19,100.0
Japan,JPN,20220501,1.0,1.0,1.0,1.0,0.0,1.0,1.0,4.0,2.0,3.0,1.0,1.0,5.0,1.0,81.99,45.37,57.29,51.19,100.0
Japan,JPN,20220502,1.0,1.0,1.0,1.0,0.0,1.0,1.0,4.0,2.0,3.0,1.0,1.0,5.0,1.0,82.0,45.37,57.29,51.19,100.0
Japan,JPN,20220503,1.0,1.0,1.0,1.0,0.0,1.0,1.0,4.0,2.0,3.0,1.0,1.0,5.0,1.0,82.0,45.37,57.29,51.19,100.0
Japan,JPN,20220504,1.0,1.0,1.0,1.0,0.0,1.0,1.0,4.0,2.0,3.0,1.0,1.0,5.0,1.0,82.0,45.37,57.29,51.19,100.0
Japan,JPN,20220505,1.0,1.0,1.0,1.0,0.0,1.0,1.0,4.0,2.0,3.0,1.0,1.0,5.0,1.0,82.0,45.37,57.29,51.19,100.0
Japan,JPN,20220506,1.0,1.0,1.0,1.0,0.0,1.0,1.0,4.0,2.0,3.0,1.0,1.0,5.0,1.0,82.02,45.37,57.29,51.19,100.0
Japan,JPN,20220507,1.0,1.0,1.0,1.0,0.0,1.0,1.0,4.0,2.0,3.0,1.0,1.0,5.0,1.0,82.05,45.37,57.29,51.19,100.0
Japan,JPN,20220508,1.0,1.0,1.0,1.0,0.0,1.0,1.0,4.0,2.0,3.0,1.0,1.0,5.0,1.0,82.07,45.37,57.29,51.19,100.0
Japan,JPN,20220509,1.0,1.0,1.0,1.0,0.0,1.0,1.0,4.0,2.0,1.0,1.0,1.0,5.0,1.0,82.08,45.37,53.12,46.43,100.0
Japan,JPN,20220510,1.0,1.0,1.0,1.0,0.0,1.0,1.0,4.0,2.0,1.0,1.0,1.0,5.0,1.0,82.09,45.37,53.12,46.43,100.0
Japan,JPN,20220511,1.0,1.0,1.0,1.0,0.0,1.0,1.0,4.0,2.0,1.0,1.0,1.0,5.0,1.0,82.1,45.37,53.12,46.43,100.0
Japan,JPN,20220512,1.0,1.0,1.0,1.0,0.0,1.0,1.0,4.0,2.0,1.0,1.0,1.0,5.0,1.0,82.11,45.37,53.12,46.43,100.0
Japan,JPN,20220513,1.0,1.0,1.0,1.0,0.0,1.0,1.0,4.0,2.0,1.0,1.0,1.0,5.0,1.0,82.13,45.37,53.12,46.43,100.0
Japan,JPN,20220514,1.0,1.0,1.0,1.0,0.0,1.0,1.0,4.0,2.0,1.0,1.0,1.0,5.0,1.0,82.18,45.37,53.12,46.43,100.0
Japan,JPN,20220515,1.0,1.0,1.0,1.0,0.0,1.0,1.0,4.0,2.0,1.0,1.0,1.0,5.0,1.0,82.19,45.37,53.12,46.43,100.0
Japan,JPN,20220516,1.0,1.0,1.0,1.0,0.0,1.0,1.0,4.0,2.0,1.0,1.0,1.0,5.0,1.0,82.21,45.37,53.12,46.43,100.0
Japan,JPN,20220517,1.0,1.0,1.0,1.0,0.0,1.0,1.0,4.0,2.0,1.0,1.0,1.0,5.0,1.0,82.22,45.37,53.12,46.43,100.0
Japan,JPN,20220518,1.0,1.0,1.0,1.0,0.0,1.0,1.0,4.0,2.0,1.0,1.0,1.0,5.0,1.0,82.23,45.37,53.12,46.43,100.0
Japan,JPN,20220519,1.0,1.0,1.0,1.0,0.0,1.0,1.0,4.0,2.0,1.0,1.0,1.0,5.0,1.0,82.24,45.37,53.12,46.43,100.0
Japan,JPN,20220520,1.0,1.0,1.0,1.0,0.0,1.0,1.0,4.0,2.0,1.0,1.0,1.0,5.0,1.0,82.25,45.37,53.12,46.43,100.0
Japan,JPN,20220521,1.0,1.0,1.0,1.0,0.0,1.0,1.0,4.0,2.0,1.0,1.0,1.0,5.0,1.0,82.27,45.37,53.12,46.43,100.0
Japan,JPN,20220522,1.0,1.0,1.0,1.0,0.0,1.0,1.0,4.0,2.0,1.0,1.0,1.0,5.0,1.0,82.28,45.37,53.12,46.43,100.0
Japan,JPN,20220523,1.0,1.0,1.0,1.0,0.0,1.0,1.0,4.0,2.0,1.0,1.0,1.0,5.0,1.0,82.29,45.37,53.12,46.43,100.0
Japan,JPN,20220524,1.0,1.0,1.0,1.0,0.0,1.0,1.0,3.0,2.0,1.0,1.0,1.0,5.0,1.0,82.29,43.08,51.84,44.96,100.0
Japan,JPN,20220525,1.0,1.0,1.0,1.0,0.0,1.0,1.0,3.0,2.0,1.0,1.0,1.0,5.0,1.0,82.29,43.08,51.84,44.96,100.0
Japan,JPN,20220526,1.0,1.0,1.0,1.0,0.0,1.0,1.0,3.0,2.0,1.0,1.0,1.0,5.0,1.0,82.29,43.08,51.84,44.96,100.0
Japan,JPN,20220527,1.0,1.0,1.0,1.0,0.0,1.0,1.0,3.0,2.0,1.0,1.0,1.0,5.0,1.0,82.31,43.08,51.84,44.96,100.0
Japan,JPN,20220528,1.0,1.0,1.0,1.0,0.0,1.0,1.0,3.0,2.0,1.0,1.0,1.0,5.0,1.0,82.34,43.08,51.84,44.96,100.0
Japan,JPN,20220529,1.0,1.0,1.0,1.0,0.0,1.0,1.0,3.0,2.0,1.0,1.0,1.0,5.0,1.0,82.35,43.08,51.84,44.96,100.0
Japan,JPN,20220530,1.0,1.0,1.0,1.0,0.0,1.0,1.0,3.0,2.0,1.0,1.0,1.0,5.0,1.0,82.35,43.08,51.84,44.96,100.0
Japan,JPN,20220531,1.0,1.0,1.0,1.0,0.0,1.0,1.0,3.0,2.0,1.0,1.0,1.0,5.0,1.0,82.36,43.08,51.84,44.96,100.0
Japan,JPN,20220601,1.0,1.0,1.0,1.0,0.0,1.0,1.0,3.0,2.0,1.0,1.0,1.0,5.0,1.0,82.37,43.08,51.84,44.96,100.0
Japan,JPN,20220602,1.0,1.0,1.0,1.0,0.0,1.0,1.0,3.0,2.0,1.0,1.0,1.0,5.0,1.0,82.38,43.08,51.83,44.96,100.0
Japan,JPN,20220603,1.0,1.0,1.0,1.0,0.0,1.0,1.0,3.0,2.0,1.0,1.0,1.0,5.0,1.0,82.39,43.08,51.83,44.96,100.0
Japan,JPN,20220604,1.0,1.0,1.0,1.0,0.0,1.0,1.0,3.0,2.0,1.0,1.0,1.0,5.0,1.0,82.42,43.08,51.83,44.95,100.0
Japan,JPN,20220605,1.0,1.0,1.0,1.0,0.0,1.0,1.0,3.0,2.0,1.0,1.0,1.0,5.0,1.0,82.42,43.08,51.83,44.95,100.0
Japan,JPN,20220606,1.0,1.0,1.0,1.0,0.0,1.0,1.0,3.0,2.0,1.0,1.0,1.0,5.0,1.0,82.43,43.08,51.83,44.95,100.0
Japan,JPN,20220607,1.0,1.0,1.0,1.0,0.0,1.0,1.0,3.0,2.0,1.0,1.0,1.0,5.0,1.0,82.43,43.08,51.83,44.95,100.0
Japan,JPN,20220608,1.0,1.0,1.0,1.0,0.0,1.0,1.0,3.0,2.0,1.0,1.0,1.0,5.0,1.0,82.44,43.08,51.83,44.95,100.0
Japan,JPN,20220609,1.0,1.0,1.0,1.0,0.0,1.0,1.0,3.0,2.0,1.0,1.0,1.0,5.0,1.0,82.44,43.08,51.83,44.95,100.0
Japan,JPN,20220610,1.0,1.0,1.0,1.0,0.0,1.0,1.0,1.0,2.0,1.0,1.0,1.0,5.0,1.0,82.46,37.53,48.71,41.38,100.0
Japan,JPN,20220611,1.0,1.0,1.0,1.0,0.0,1.0,1.0,1.0,2.0,1.0,1.0,1.0,5.0,1.0,82.48,37.53,48.71,41.38,100.0
Japan,JPN,20220612,1.0,1.0,1.0,1.0,0.0,1.0,1.0,1.0,2.0,1.0,1.0,1.0,5.0,1.0,82.48,37.53,48.71,41.38,100.0
Japan,JPN,20220613,1.0,1.0,1.0,1.0,0.0,1.0,1.0,1.0,2.0,1.0,1.0,1.0,5.0,1.0,82.49,37.53,48.71,41.38,100.0
Japan,JPN,20220614,1.0,1.0,1.0,1.0,0.0,1.0,1.0,1.0,2.0,1.0,1.0,1.0,5.0,1.0,82.49,37.53,48.71,41.38,100.0
Japan,JPN,20220615,1.0,1.0,1.0,1.0,0.0,1.0,1.0,1.0,2.0,1.0,1.0,1.0,5.0,1.0,82.5,37.52,48.71,41.38,100.0
Japan,JPN,20220616,1.0,1.0,1.0,1.0,0.0,1.0,1.0,1.0,2.0,1.0,1.0,1.0,5.0,1.0,82.5,37.52,48.71,41.38,100.0
Japan,JPN,20220617,1.0,1.0,1.0,1.0,0.0,1.0,1.0,1.0,2.0,1.0,1.0,1.0,5.0,1.0,82.51,37.52,48.71,41.38,100.0
Japan,JPN,20220618,1.0,1.0,1.0,1.0,0.0,1.0,1.0,1.0,2.0,1.0,1.0,1.0,5.0,1.0,82.53,37.52,48.71,41.38,100.0
Japan,JPN,20220619,1.0,1.0,1.0,1.0,0.0,1.0,1.0,1.0,2.0,1.0,1.0,1.0,5.0,1.0,82.53,37.52,48.71,41.38,100.0
Japan,JPN,20220620,1.0,1.0,1.0,1.0,0.0,1.0,1.0,1.0,2.0,1.0,1.0,1.0,5.0,1.0,82.54,37.52,48.71,41.38,100.0
Japan,JPN,20220621,1.0,1.0,1.0,1.0,0.0,1.0,1.0,1.0,2.0,1.0,1.0,1.0,5.0,1.0,82.54,37.52,48.71,41.38,100.0
Japan,JPN,20220622,1.0,1.0,1.0,1.0,0.0,1.0,1.0,1.0,2.0,1.0,1.0,1.0,5.0,1.0,82.55,37.52,48.71,41.38,100.0
Japan,JPN,20220623,1.0,1.0,1.0,1.0,0.0,1.0,1.0,1.0,2.0,1.0,1.0,1.0,5.0,1.0,82.55,37.52,48.71,41.38,100.0
Japan,JPN,20220624,1.0,1.0,1.0,1.0,0.0,1.0,1.0,1.0,2.0,1.0,1.0,1.0,5.0,1.0,82.56,37.52,48.71,41.38,100.0
Japan,JPN,20220625,1.0,1.0,1.0,1.0,0.0,1.0,1.0,1.0,2.0,1.0,1.0,1.0,5.0,1.0,82.58,37.52,48.71,41.38,100.0
Japan,JPN,20220626,1.0,1.0,1.0,1.0,0.0,1.0,1.0,1.0,2.0,1.0,1.0,1.0,5.0,1.0,82.58,37.52,48.71,41.38,100.0
Japan,JPN,20220627,1.0,1.0,1.0,1.0,0.0,1.0,1.0,1.0,2.0,1.0,1.0,1.0,5.0,1.0,82.59,37.52,48.71,41.38,100.0
Japan,JPN,20220628,1.0,1.0,1.0,1.0,0.0,1.0,1.0,1.0,2.0,1.0,1.0,1.0,5.0,1.0,82.59,37.52,48.71,41.38,100.0
Japan,JPN,20220629,1.0,1.0,1.0,1.0,0.0,1.0,1.0,1.0,2.0,1.0,1.0,1.0,5.0,1.0,82.59,37.52,48.71,41.38,100.0
Japan,JPN,20220630,1.0,1.0,1.0,1.0,0.0,1.0,1.0,1.0,2.0,1.0,1.0,1.0,5.0,1.0,82.6,37.52,48.71,41.38,100.0
Japan,JPN,20220701,1.0,1.0,1.0,1.0,0.0,1.0,1.0,1.0,2.0,1.0,1.0,1.0,5.0,1.0,82.6,37.52,48.71,41.38,100.0
Japan,JPN,20220702,1.0,1.0,1.0,1.0,0.0,1.0,1.0,1.0,2.0,1.0,1.0,1.0,5.0,1.0,82.62,37.52,48.71,41.38,100.0
Japan,JPN,20220703,1.0,1.0,1.0,1.0,0.0,1.0,1.0,1.0,2.0,1.0,1.0,1.0,5.0,1.0,82.62,37.52,48.71,41.38,100.0
Japan,JPN,20220704,1.0,1.0,1.0,1.0,0.0,1.0,1.0,1.0,2.0,1.0,1.0,1.0,5.0,1.0,82.62,37.52,48.71,41.38,100.0
Japan,JPN,20220705,1.0,1.0,1.0,1.0,0.0,1.0,1.0,1.0,2.0,1.0,1.0,1.0,5.0,1.0,82.62,37.52,48.71,41.38,100.0
Japan,JPN,20220706,1.0,1.0,1.0,1.0,0.0,1.0,1.0,1.0,2.0,1.0,1.0,1.0,5.0,1.0,82.63,37.52,48.71,41.38,100.0
Japan,JPN,20220707,1.0,1.0,1.0,1.0,0.0,1.0,1.0,1.0,2.0,1.0,1.0,1.0,5.0,1.0,82.63,37.52,48.71,41.38,100.0
Japan,JPN,20220708,1.0,1.0,1.0,1.0,0.0,1.0,1.0,1.0,2.0,1.0,1.0,1.0,5.0,1.0,82.63,37.52,48.71,41.38,100.0
Japan,JPN,20220709,1.0,1.0,1.0,1.0,0.0,1.0,1.0,1.0,2.0,1.0,1.0,1.0,5.0,1.0,82.65,37.52,48.71,41.38,100.0
Japan,JPN,20220710,1.0,1.0,1.0,1.0,0.0,1.0,1.0,1.0,2.0,1.0,1.0,1.0,5.0,1.0,82.65,37.52,48.71,41.38,100.0
Japan,JPN,20220711,1.0,1.0,1.0,1.0,0.0,1.0,1.0,1.0,2.0,1.0,1.0,1.0,5.0,1.0,82.65,37.52,48.71,41.38,100.0
Japan,JPN,20220712,1.0,1.0,1.0,1.0,0.0,1.0,1.0,1.0,2.0,1.0,1.0,1.0,5.0,1.0,82.65,37.52,48.71,41.38,100.0
Japan,JPN,20220713,1.0,1.0,1.0,1.0,0.0,1.0,1.0,1.0,2.0,1.0,1.0,1.0,5.0,1.0,82.66,37.52,48.71,41.38,100.0
Japan,JPN,20220714,1.0,1.0,1.0,1.0,0.0,1.0,1.0,1.0,2.0,1.0,1.0,1.0,5.0,1.0,82.66,37.52,48.71,41.38,100.0
Japan,JPN,20220715,1.0,1.0,1.0,1.0,0.0,1.0,1.0,1.0,2.0,1.0,1.0,1.0,5.0,1.0,82.66,37.52,48.71,41.38,100.0
Japan,JPN,20220716,1.0,1.0,1.0,1.0,0.0,1.0,1.0,1.0,2.0,1.0,1.0,1.0,5.0,1.0,82.67,37.52,48.71,41.38,100.0
Japan,JPN,20220717,1.0,1.0,1.0,1.0,0.0,1.0,1.0,1.0,2.0,1.0,1.0,1.0,5.0,1.0,82.68,37.52,48.71,41.38,100.0
Japan,JPN,20220718,1.0,1.0,1.0,1.0,0.0,1.0,1.0,1.0,2.0,1.0,1.0,1.0,5.0,1.0,82.68,37.52,48.71,41.38,100.0
Japan,JPN,20220719,1.0,1.0,1.0,1.0,0.0,1.0,1.0,1.0,2.0,1.0,1.0,1.0,5.0,2.0,82.68,37.52,49.75,42.57,100.0
Japan,JPN,20220720,1.0,1.0,1.0,1.0,0.0,1.0,1.0,1.0,2.0,1.0,1.0,1.0,5.0,2.0,82.68,37.52,49.75,42.57,100.0
Japan,JPN,20220721,1.0,1.0,1.0,1.0,0.0,1.0,1.0,1.0,2.0,1.0,1.0,1.0,5.0,2.0,82.68,37.52,49.75,42.57,100.0
Japan,JPN,20220722,1.0,1.0,1.0,1.0,0.0,1.0,1.0,1.0,2.0,1.0,1.0,1.0,5.0,2.0,82.69,37.52,49.75,42.57,100.0
Japan,JPN,20220723,1.0,1.0,1.0,1.0,0.0,1.0,1.0,1.0,2.0,1.0,1.0,1.0,5.0,2.0,82.7,37.52,49.75,42.57,100.0
Japan,JPN,20220724,1.0,1.0,1.0,1.0,0.0,1.0,1.0,1.0,2.0,1.0,1.0,1.0,5.0,2.0,82.7,37.52,49.75,42.57,100.0
Japan,JPN,20220725,1.0,1.0,1.0,1.0,0.0,1.0,1.0,1.0,2.0,1.0,1.0,1.0,5.0,2.0,82.7,37.52,49.75,42.57,100.0
Japan,JPN,20220726,1.0,1.0,1.0,1.0,0.0,1.0,1.0,1.0,2.0,1.0,1.0,1.0,5.0,2.0,82.71,37.52,49.75,42.57,100.0
Japan,JPN,20220727,1.0,1.0,1.0,1.0,0.0,1.0,1.0,1.0,2.0,1.0,1.0,1.0,5.0,2.0,82.71,37.52,49.75,42.57,100.0
Japan,JPN,20220728,1.0,1.0,1.0,1.0,0.0,1.0,1.0,1.0,2.0,1.0,1.0,1.0,5.0,2.0,82.71,37.52,49.75,42.57,100.0
Japan,JPN,20220729,1.0,1.0,1.0,1.0,0.0,1.0,1.0,1.0,2.0,1.0,1.0,1.0,5.0,2.0,82.72,37.52,49.75,42.57,100.0
Japan,JPN,20220730,1.0,1.0,1.0,1.0,0.0,1.0,1.0,1.0,2.0,1.0,1.0,1.0,5.0,2.0,82.72,37.52,49.75,42.57,100.0
Japan,JPN,20220731,1.0,1.0,1.0,1.0,0.0,1.0,1.0,1.0,2.0,1.0,1.0,1.0,5.0,2.0,82.73,37.52,49.75,42.57,100.0
Japan,JPN,20220801,1.0,1.0,1.0,1.0,0.0,1.0,1.0,1.0,2.0,1.0,1.0,1.0,5.0,2.0,82.73,37.52,49.75,42.57,100.0
Japan,JPN,20220802,1.0,1.0,1.0,1.0,0.0,1.0,1.0,1.0,2.0,1.0,1.0,1.0,5.0,2.0,82.73,37.52,49.75,42.57,100.0
Japan,JPN,20220803,1.0,1.0,1.0,1.0,0.0,1.0,1.0,1.0,2.0,1.0,1.0,1.0,5.0,2.0,82.73,37.52,49.75,42.57,100.0
Japan,JPN,20220804,1.0,1.0,1.0,1.0,0.0,1.0,1.0,1.0,2.0,1.0,1.0,1.0,5.0,2.0,82.74,37.52,49.75,42.57,100.0
Japan,JPN,20220805,1.0,1.0,1.0,1.0,0.0,1.0,1.0,1.0,2.0,1.0,1.0,1.0,5.0,2.0,82.74,37.52,49.75,42.57,100.0
Japan,JPN,20220806,1.0,1.0,1.0,1.0,0.0,1.0,1.0,1.0,2.0,1.0,1.0,1.0,5.0,2.0,82.75,37.52,49.75,42.57,100.0
Japan,JPN,20220807,1.0,1.0,1.0,1.0,0.0,1.0,1.0,1.0,2.0,1.0,1.0,1.0,5.0,2.0,82.75,37.52,49.75,42.57,100.0
Japan,JPN,20220808,1.0,1.0,1.0,1.0,0.0,1.0,1.0,1.0,2.0,1.0,1.0,1.0,5.0,2.0,82.75,37.52,49.75,42.57,100.0
Japan,JPN,20220809,1.0,1.0,1.0,1.0,0.0,1.0,1.0,1.0,2.0,1.0,1.0,1.0,5.0,2.0,82.76,37.52,49.75,42.57,100.0
Japan,JPN,20220810,1.0,1.0,1.0,1.0,0.0,1.0,1.0,1.0,2.0,1.0,1.0,1.0,5.0,2.0,82.76,37.52,49.75,42.57,100.0
Japan,JPN,20220811,1.0,1.0,1.0,1.0,0.0,1.0,1.0,1.0,2.0,1.0,1.0,1.0,5.0,2.0,82.76,37.52,49.75,42.57,100.0
Japan,JPN,20220812,1.0,1.0,1.0,1.0,0.0,1.0,1.0,1.0,2.0,1.0,1.0,1.0,5.0,2.0,82.77,37.52,49.75,42.57,100.0
Japan,JPN,20220813,1.0,1.0,1.0,1.0,0.0,1.0,1.0,1.0,2.0,1.0,1.0,1.0,5.0,2.0,82.77,37.52,49.75,42.57,100.0
Japan,JPN,20220814,1.0,1.0,1.0,1.0,0.0,1.0,1.0,1.0,2.0,1.0,1.0,1.0,5.0,2.0,82.77,37.52,49.75,42.57,100.0
Japan,JPN,20220815,1.0,1.0,1.0,1.0,0.0,1.0,1.0,1.0,2.0,1.0,1.0,1.0,5.0,2.0,82.77,37.52,49.75,42.57,100.0
Japan,JPN,20220816,1.0,1.0,1.0,1.0,0.0,1.0,1.0,1.0,2.0,1.0,1.0,1.0,5.0,2.0,82.78,37.52,49.75,42.57,100.0
Japan,JPN,20220817,1.0,1.0,1.0,1.0,0.0,1.0,1.0,1.0,2.0,1.0,1.0,1.0,5.0,2.0,82.78,37.52,49.75,42.57,100.0
Japan,JPN,20220818,1.0,1.0,1.0,1.0,0.0,1.0,1.0,1.0,2.0,1.0,1.0,1.0,5.0,2.0,82.79,37.52,49.75,42.57,100.0
Japan,JPN,20220819,1.0,1.0,1.0,1.0,0.0,1.0,1.0,1.0,2.0,1.0,1.0,1.0,5.0,2.0,82.8,37.52,49.75,42.57,100.0
Japan,JPN,20220820,1.0,1.0,1.0,1.0,0.0,1.0,1.0,1.0,2.0,1.0,1.0,1.0,5.0,2.0,82.81,37.52,49.75,42.57,100.0
Japan,JPN,20220821,1.0,1.0,1.0,1.0,0.0,1.0,1.0,1.0,2.0,1.0,1.0,1.0,5.0,2.0,82.82,37.52,49.75,42.57,100.0
Japan,JPN,20220822,1.0,1.0,1.0,1.0,0.0,1.0,1.0,1.0,2.0,1.0,1.0,1.0,5.0,2.0,82.82,37.52,49.75,42.57,100.0
Japan,JPN,20220823,1.0,1.0,1.0,1.0,0.0,1.0,1.0,1.0,2.0,1.0,1.0,1.0,5.0,2.0,82.83,37.52,49.75,42.57,100.0
Japan,JPN,20220824,1.0,1.0,1.0,1.0,0.0,1.0,1.0,1.0,2.0,1.0,1.0,1.0,5.0,2.0,82.83,37.52,49.75,42.57,100.0
Japan,JPN,20220825,1.0,1.0,1.0,1.0,0.0,1.0,1.0,1.0,2.0,1.0,1.0,1.0,5.0,2.0,82.84,37.52,49.75,42.57,100.0
Japan,JPN,20220826,1.0,1.0,1.0,1.0,0.0,1.0,1.0,1.0,2.0,1.0,1.0,1.0,5.0,2.0,82.85,37.52,49.75,42.57,100.0
Japan,JPN,20220827,1.0,1.0,1.0,1.0,0.0,1.0,1.0,1.0,2.0,1.0,1.0,1.0,5.0,2.0,82.87,37.51,49.75,42.57,100.0
Japan,JPN,20220828,1.0,1.0,1.0,1.0,0.0,1.0,1.0,1.0,2.0,1.0,1.0,1.0,5.0,2.0,82.87,37.51,49.75,42.57,100.0
Japan,JPN,20220829,1.0,1.0,1.0,1.0,0.0,1.0,1.0,1.0,2.0,1.0,1.0,1.0,5.0,2.0,82.88,37.51,49.75,42.57,100.0
Japan,JPN,20220830,1.0,1.0,1.0,1.0,0.0,1.0,1.0,1.0,2.0,1.0,1.0,1.0,5.0,2.0,82.88,37.51,49.75,42.57,100.0
Japan,JPN,20220831,1.0,1.0,1.0,1.0,0.0,1.0,1.0,1.0,2.0,1.0,1.0,1.0,5.0,2.0,82.88,37.51,49.75,42.57,100.0
Japan,JPN,20220901,1.0,1.0,1.0,1.0,0.0,1.0,1.0,1.0,2.0,1.0,1.0,1.0,5.0,2.0,82.89,37.51,49.75,42.57,100.0
Japan,JPN,20220902,1.0,1.0,1.0,1.0,0.0,1.0,1.0,1.0,2.0,1.0,1.0,1.0,5.0,2.0,82.89,37.51,49.75,42.57,100.0
Japan,JPN,20220903,1.0,1.0,1.0,1.0,0.0,1.0,1.0,1.0,2.0,1.0,1.0,1.0,5.0,2.0,82.9,37.51,49.75,42.57,100.0
Japan,JPN,20220904,1.0,1.0,1.0,1.0,0.0,1.0,1.0,1.0,2.0,1.0,1.0,1.0,5.0,2.0,82.9,37.51,49.75,42.57,100.0
Japan,JPN,20220905,1.0,1.0,1.0,1.0,0.0,1.0,1.0,1.0,2.0,1.0,1.0,1.0,5.0,2.0,82.9,37.51,49.75,42.57,100.0
Japan,JPN,20220906,1.0,1.0,1.0,1.0,0.0,1.0,1.0,1.0,2.0,1.0,1.0,1.0,5.0,2.0,82.9,37.51,49.75,42.57,100.0
Japan,JPN,20220907,1.0,1.0,1.0,1.0,0.0,1.0,1.0,1.0,2.0,1.0,1.0,1.0,5.0,2.0,82.91,37.04,49.48,42.26,100.0
Japan,JPN,20220908,1.0,1.0,1.0,1.0,0.0,1.0,1.0,1.0,2.0,1.0,1.0,1.0,5.0,2.0,82.91,37.04,49.48,42.26,100.0
Japan,JPN,20220909,1.0,1.0,1.0,1.0,0.0,1.0,1.0,1.0,2.0,1.0,1.0,1.0,5.0,2.0,82.91,37.04,49.48,42.26,100.0
Japan,JPN,20220910,1.0,1.0,1.0,1.0,0.0,1.0,1.0,1.0,2.0,1.0,1.0,1.0,5.0,2.0,82.93,37.04,49.48,42.26,100.0
Japan,JPN,20220911,1.0,1.0,1.0,1.0,0.0,1.0,1.0,1.0,2.0,1.0,1.0,1.0,5.0,2.0,82.93,37.04,49.48,42.26,100.0
Japan,JPN,20220912,1.0,1.0,1.0,1.0,0.0,1.0,1.0,1.0,2.0,1.0,1.0,1.0,5.0,2.0,82.93,37.04,49.48,42.26,100.0
Japan,JPN,20220913,1.0,1.0,1.0,1.0,0.0,1.0,1.0,1.0,2.0,1.0,1.0,1.0,5.0,2.0,82.93,37.04,49.48,42.26,100.0
Japan,JPN,20220914,1.0,1.0,1.0,1.0,0.0,1.0,1.0,1.0,2.0,1.0,1.0,1.0,5.0,2.0,82.94,37.04,49.48,42.26,100.0
Japan,JPN,20220915,1.0,1.0,1.0,1.0,0.0,1.0,1.0,1.0,2.0,1.0,1.0,1.0,5.0,2.0,82.94,37.04,49.48,42.26,100.0
Japan,JPN,20220916,1.0,1.0,1.0,1.0,0.0,1.0,1.0,1.0,2.0,1.0,1.0,1.0,5.0,2.0,82.94,37.04,49.48,42.26,100.0
Japan,JPN,20220917,1.0,1.0,1.0,1.0,0.0,1.0,1.0,1.0,2.0,1.0,1.0,1.0,5.0,2.0,82.96,37.04,49.48,42.26,100.0
Japan,JPN,20220918,1.0,1.0,1.0,1.0,0.0,1.0,1.0,1.0,2.0,1.0,1.0,1.0,5.0,2.0,82.96,37.04,49.48,42.26,100.0
Japan,JPN,20220919,1.0,1.0,1.0,1.0,0.0,1.0,1.0,1.0,2.0,1.0,1.0,1.0,5.0,2.0,82.96,37.04,49.48,42.26,100.0
Japan,JPN,20220920,1.0,1.0,1.0,1.0,0.0,1.0,1.0,1.0,2.0,1.0,1.0,1.0,5.0,2.0,82.96,37.04,49.48,42.26,100.0
Japan,JPN,20220921,1.0,1.0,1.0,1.0,0.0,1.0,1.0,1.0,2.0,1.0,1.0,1.0,5.0,2.0,82.96,37.04,49.48,42.26,100.0
Japan,JPN,20220922,1.0,1.0,1.0,1.0,0.0,1.0,1.0,1.0,2.0,1.0,1.0,1.0,5.0,2.0,82.97,37.04,49.48,42.26,100.0
Japan,JPN,20220923,1.0,1.0,1.0,1.0,0.0,1.0,1.0,1.0,2.0,1.0,1.0,1.0,5.0,2.0,82.97,37.04,49.48,42.26,100.0
Japan,JPN,20220924,1.0,1.0,1.0,1.0,0.0,1.0,1.0,1.0,2.0,1.0,1.0,1.0,5.0,2.0,82.98,37.04,49.48,42.26,100.0
Japan,JPN,20220925,1.0,1.0,1.0,1.0,0.0,1.0,1.0,1.0,2.0,1.0,1.0,1.0,5.0,2.0,82.99,37.04,49.48,42.26,100.0
Japan,JPN,20220926,1.0,1.0,1.0,1.0,0.0,1.0,1.0,1.0,1.0,1.0,1.0,1.0,5.0,2.0,82.99,31.48,46.35,38.69,100.0
Japan,JPN,20220927,1.0,1.0,1.0,1.0,0.0,1.0,1.0,1.0,1.0,1.0,1.0,1.0,5.0,2.0,82.99,31.48,46.35,38.69,100.0
Japan,JPN,20220928,1.0,1.0,1.0,1.0,0.0,1.0,1.0,1.0,1.0,1.0,1.0,1.0,5.0,2.0,83.0,31.48,46.35,38.69,100.0
Japan,JPN,20220929,1.0,1.0,1.0,1.0,0.0,1.0,1.0,1.0,1.0,1.0,1.0,1.0,5.0,2.0,83.0,31.48,46.35,38.69,100.0
Japan,JPN,20220930,1.0,1.0,1.0,1.0,0.0,1.0,1.0,1.0,1.0,1.0,1.0,1.0,5.0,2.0,83.01,31.48,46.35,38.69,100.0
Japan,JPN,20221001,1.0,1.0,1.0,1.0,0.0,1.0,1.0,1.0,1.0,1.0,1.0,1.0,5.0,2.0,83.01,31.48,40.1,38.69,50.0
Japan,JPN,20221002,1.0,1.0,1.0,1.0,0.0,1.0,1.0,1.0,1.0,1.0,1.0,1.0,5.0,2.0,83.01,31.48,40.1,38.69,50.0
Japan,JPN,20221003,1.0,1.0,1.0,1.0,0.0,1.0,1.0,1.0,1.0,1.0,1.0,1.0,5.0,2.0,83.02,31.48,40.1,38.69,50.0
Japan,JPN,20221004,1.0,1.0,1.0,1.0,0.0,1.0,1.0,1.0,1.0,1.0,1.0,1.0,5.0,2.0,83.02,31.48,40.1,38.69,50.0
Japan,JPN,20221005,1.0,1.0,1.0,1.0,0.0,1.0,1.0,1.0,1.0,1.0,1.0,1.0,5.0,2.0,83.02,31.48,40.1,38.69,50.0
Japan,JPN,20221006,1.0,1.0,1.0,1.0,0.0,1.0,1.0,1.0,1.0,1.0,1.0,1.0,5.0,2.0,83.02,31.48,40.1,38.69,50.0
Japan,JPN,20221007,1.0,1.0,1.0,1.0,0.0,1.0,1.0,1.0,1.0,1.0,1.0,1.0,5.0,2.0,83.02,31.48,40.1,38.69,50.0
Japan,JPN,20221008,1.0,1.0,1.0,1.0,0.0,1.0,1.0,1.0,1.0,1.0,1.0,1.0,5.0,2.0,83.03,31.48,40.1,38.69,50.0
Japan,JPN,20221009,1.0,1.0,1.0,1.0,0.0,1.0,1.0,1.0,1.0,1.0,1.0,1.0,5.0,2.0,83.03,31.48,40.1,38.69,50.0
Japan,JPN,20221010,1.0,1.0,1.0,1.0,0.0,1.0,1.0,1.0,1.0,1.0,1.0,1.0,5.0,2.0,83.03,31.48,40.1,38.69,50.0
Japan,JPN,20221011,1.0,1.0,1.0,1.0,0.0,1.0,1.0,1.0,1.0,1.0,1.0,1.0,5.0,2.0,83.03,31.48,40.1,38.69,50.0
Japan,JPN,20221012,1.0,1.0,1.0,1.0,0.0,1.0,1.0,1.0,1.0,1.0,1.0,1.0,5.0,2.0,83.03,31.48,40.1,38.69,50.0
Japan,JPN,20221013,1.0,1.0,1.0,1.0,0.0,1.0,1.0,1.0,1.0,1.0,1.0,1.0,5.0,2.0,83.03,31.48,40.1,38.69,50.0
Japan,JPN,20221014,1.0,1.0,1.0,1.0,0.0,1.0,1.0,1.0,1.0,1.0,1.0,1.0,5.0,2.0,83.03,31.48,40.1,38.69,50.0
Japan,JPN,20221015,1.0,1.0,1.0,1.0,0.0,1.0,1.0,1.0,1.0,1.0,1.0,1.0,5.0,2.0,83.03,31.48,40.1,38.69,50.0
Japan,JPN,20221016,1.0,1.0,1.0,1.0,0.0,1.0,1.0,1.0,1.0,1.0,1.0,1.0,5.0,2.0,83.04,31.48,40.1,38.69,50.0
Japan,JPN,20221017,1.0,1.0,1.0,1.0,0.0,1.0,1.0,1.0,1.0,1.0,1.0,1.0,5.0,2.0,83.04,31.48,40.1,38.69,50.0
Japan,JPN,20221018,1.0,1.0,1.0,1.0,0.0,1.0,1.0,1.0,1.0,1.0,1.0,1.0,5.0,2.0,83.04,31.48,40.1,38.69,50.0
Japan,JPN,20221019,1.0,1.0,1.0,1.0,0.0,1.0,1.0,1.0,1.0,1.0,1.0,1.0,5.0,2.0,83.04,31.48,40.1,38.69,50.0
Japan,JPN,20221020,1.0,1.0,1.0,1.0,0.0,1.0,1.0,1.0,1.0,1.0,1.0,1.0,5.0,2.0,83.04,31.48,40.1,38.69,50.0
Japan,JPN,20221021,1.0,1.0,1.0,1.0,0.0,1.0,1.0,1.0,1.0,1.0,1.0,1.0,5.0,2.0,83.04,31.48,40.1,38.69,50.0
Japan,JPN,20221022,1.0,1.0,1.0,1.0,0.0,1.0,1.0,1.0,1.0,1.0,1.0,1.0,5.0,2.0,83.05,31.48,40.1,38.69,50.0
Japan,JPN,20221023,1.0,1.0,1.0,1.0,0.0,1.0,1.0,1.0,1.0,1.0,1.0,1.0,5.0,2.0,83.05,31.48,40.1,38.69,50.0
Japan,JPN,20221024,1.0,1.0,1.0,1.0,0.0,1.0,1.0,1.0,1.0,1.0,1.0,1.0,5.0,2.0,83.05,31.48,40.1,38.69,50.0
Japan,JPN,20221025,1.0,1.0,1.0,1.0,0.0,1.0,1.0,1.0,1.0,1.0,1.0,1.0,5.0,2.0,83.05,31.48,40.1,38.69,50.0
Japan,JPN,20221026,1.0,1.0,1.0,1.0,0.0,1.0,1.0,1.0,1.0,1.0,1.0,1.0,5.0,2.0,83.05,31.48,40.1,38.69,50.0
Japan,JPN,20221027,1.0,1.0,1.0,1.0,0.0,1.0,1.0,1.0,1.0,1.0,1.0,1.0,5.0,2.0,83.05,31.48,40.1,38.69,50.0
Japan,JPN,20221028,1.0,1.0,1.0,1.0,0.0,1.0,1.0,1.0,1.0,1.0,1.0,1.0,5.0,2.0,83.05,31.48,40.1,38.69,50.0
Japan,JPN,20221029,1.0,1.0,1.0,1.0,0.0,1.0,1.0,1.0,1.0,1.0,1.0,1.0,5.0,2.0,83.06,31.48,40.1,38.69,50.0
Japan,JPN,20221030,1.0,1.0,1.0,1.0,0.0,1.0,1.0,1.0,1.0,1.0,1.0,1.0,5.0,2.0,83.06,31.48,40.1,38.69,50.0
Japan,JPN,20221031,1.0,1.0,1.0,1.0,0.0,1.0,1.0,1.0,1.0,1.0,1.0,1.0,5.0,2.0,83.06,31.48,40.1,38.69,50.0
Japan,JPN,20221101,1.0,1.0,1.0,1.0,0.0,1.0,1.0,1.0,1.0,1.0,1.0,1.0,5.0,2.0,83.06,31.48,40.1,38.69,50.0
Japan,JPN,20221102,1.0,1.0,1.0,1.0,0.0,1.0,1.0,1.0,1.0,1.0,1.0,1.0,5.0,2.0,83.06,31.48,40.1,38.69,50.0
Japan,JPN,20221103,1.0,1.0,1.0,1.0,0.0,1.0,1.0,1.0,1.0,1.0,1.0,1.0,5.0,2.0,83.06,31.48,40.1,38.69,50.0
Japan,JPN,20221104,1.0,1.0,1.0,1.0,0.0,1.0,1.0,1.0,1.0,1.0,1.0,1.0,5.0,2.0,83.06,31.48,40.1,38.69,50.0
Japan,JPN,20221105,1.0,1.0,1.0,1.0,0.0,1.0,1.0,1.0,1.0,1.0,1.0,1.0,5.0,2.0,83.07,31.48,40.1,38.69,50.0
Japan,JPN,20221106,1.0,1.0,1.0,1.0,0.0,1.0,1.0,1.0,1.0,1.0,1.0,1.0,5.0,2.0,83.07,31.48,40.1,38.69,50.0
Japan,JPN,20221107,1.0,1.0,1.0,1.0,0.0,1.0,1.0,1.0,1.0,1.0,1.0,1.0,5.0,2.0,83.07,31.48,40.1,38.69,50.0
Japan,JPN,20221108,1.0,1.0,1.0,1.0,0.0,1.0,1.0,1.0,1.0,1.0,1.0,1.0,5.0,2.0,83.07,31.48,40.1,38.69,50.0
Japan,JPN,20221109,1.0,1.0,1.0,1.0,0.0,1.0,1.0,1.0,1.0,1.0,1.0,1.0,5.0,2.0,83.07,31.48,40.1,38.69,50.0
Japan,JPN,20221110,1.0,1.0,1.0,1.0,0.0,1.0,1.0,1.0,1.0,1.0,1.0,1.0,5.0,2.0,83.07,31.48,40.1,38.69,50.0
Japan,JPN,20221111,1.0,1.0,1.0,1.0,0.0,1.0,1.0,1.0,1.0,1.0,1.0,1.0,5.0,2.0,83.07,31.48,40.1,38.69,50.0
Japan,JPN,20221112,1.0,1.0,1.0,1.0,0.0,1.0,1.0,1.0,1.0,1.0,1.0,1.0,5.0,2.0,83.08,31.48,40.1,38.69,50.0
Japan,JPN,20221113,1.0,1.0,1.0,1.0,0.0,1.0,1.0,1.0,1.0,1.0,1.0,1.0,5.0,2.0,83.08,31.48,40.1,38.69,50.0
Japan,JPN,20221114,1.0,1.0,1.0,1.0,0.0,1.0,1.0,1.0,1.0,1.0,1.0,1.0,5.0,2.0,83.08,31.48,40.1,38.69,50.0
Japan,JPN,20221115,1.0,1.0,1.0,1.0,0.0,1.0,1.0,1.0,1.0,1.0,1.0,1.0,5.0,2.0,83.08,31.48,40.1,38.69,50.0
Japan,JPN,20221116,1.0,1.0,1.0,1.0,0.0,1.0,1.0,1.0,1.0,1.0,1.0,1.0,5.0,2.0,83.08,31.48,40.1,38.69,50.0
Japan,JPN,20221117,1.0,1.0,1.0,1.0,0.0,1.0,1.0,1.0,1.0,1.0,1.0,1.0,5.0,2.0,83.08,31.48,40.1,38.69,50.0
Japan,JPN,20221118,1.0,1.0,1.0,1.0,0.0,1.0,1.0,1.0,1.0,1.0,1.0,1.0,5.0,2.0,83.08,31.48,40.1,38.69,50.0
Japan,JPN,20221119,1.0,1.0,1.0,1.0,0.0,1.0,1.0,1.0,1.0,1.0,1.0,1.0,5.0,2.0,83.09,31.48,40.1,38.69,50.0
Japan,JPN,20221120,1.0,1.0,1.0,1.0,0.0,1.0,1.0,1.0,1.0,1.0,1.0,1.0,5.0,2.0,83.09,31.48,40.1,38.69,50.0
Japan,JPN,20221121,1.0,1.0,1.0,1.0,0.0,1.0,1.0,1.0,1.0,1.0,1.0,1.0,5.0,2.0,83.09,31.48,40.1,38.69,50.0
Japan,JPN,20221122,1.0,1.0,1.0,1.0,0.0,1.0,1.0,1.0,1.0,1.0,1.0,1.0,5.0,2.0,83.09,31.48,40.1,38.69,50.0
Japan,JPN,20221123,1.0,1.0,1.0,1.0,0.0,1.0,1.0,1.0,1.0,1.0,1.0,1.0,5.0,2.0,83.09,31.48,40.1,38.69,50.0
Japan,JPN,20221124,1.0,1.0,1.0,1.0,0.0,1.0,1.0,1.0,1.0,1.0,1.0,1.0,5.0,2.0,83.09,31.48,40.1,38.69,50.0
Japan,JPN,20221125,1.0,1.0,1.0,1.0,0.0,1.0,1.0,1.0,1.0,1.0,1.0,1.0,5.0,2.0,83.09,31.48,40.1,38.69,50.0
Japan,JPN,20221126,1.0,1.0,1.0,1.0,0.0,1.0,1.0,1.0,1.0,1.0,1.0,1.0,5.0,2.0,83.1,31.48,40.1,38.69,50.0
Japan,JPN,20221127,1.0,1.0,1.0,1.0,0.0,1.0,1.0,1.0,1.0,1.0,1.0,1.0,5.0,2.0,83.1,31.48,40.1,38.69,50.0
Japan,JPN,20221128,1.0,1.0,1.0,1.0,0.0,1.0,1.0,1.0,1.0,1.0,1.0,1.0,5.0,2.0,83.1,31.48,40.1,38.69,50.0
Japan,JPN,20221129,1.0,1.0,1.0,1.0,0.0,1.0,1.0,1.0,1.0,1.0,1.0,1.0,5.0,2.0,83.1,31.48,40.1,38.69,50.0
Japan,JPN,20221130,1.0,1.0,1.0,1.0,0.0,1.0,1.0,1.0,1.0,1.0,1.0,1.0,5.0,2.0,83.11,31.48,40.1,38.69,50.0
Japan,JPN,20221201,1.0,1.0,1.0,1.0,0.0,1.0,1.0,1.0,1.0,1.0,1.0,1.0,5.0,2.0,83.11,31.48,40.1,38.69,50.0
Japan,JPN,20221202,1.0,1.0,1.0,1.0,0.0,1.0,1.0,1.0,1.0,1.0,1.0,1.0,5.0,2.0,83.11,31.48,40.1,38.69,50.0
Japan,JPN,20221203,1.0,1.0,1.0,1.0,0.0,1.0,1.0,1.0,1.0,1.0,1.0,1.0,5.0,2.0,83.12,31.48,40.1,38.69,50.0
Japan,JPN,20221204,1.0,1.0,1.0,1.0,0.0,1.0,1.0,1.0,1.0,1.0,1.0,1.0,5.0,2.0,83.12,31.48,40.1,38.69,50.0
Japan,JPN,20221205,1.0,1.0,1.0,1.0,0.0,1.0,1.0,1.0,1.0,1.0,1.0,1.0,5.0,2.0,83.12,31.48,40.1,38.69,50.0
Japan,JPN,20221206,1.0,1.0,1.0,1.0,0.0,1.0,1.0,1.0,1.0,1.0,1.0,1.0,5.0,2.0,83.12,31.48,40.1,38.69,50.0
Japan,JPN,20221207,1.0,1.0,1.0,1.0,0.0,1.0,1.0,1.0,1.0,1.0,1.0,1.0,5.0,2.0,83.12,31.48,40.1,38.69,50.0
Japan,JPN,20221208,1.0,1.0,1.0,1.0,0.0,1.0,1.0,1.0,1.0,1.0,1.0,1.0,5.0,2.0,83.13,31.48,40.1,38.69,50.0
Japan,JPN,20221209,1.0,1.0,1.0,1.0,0.0,1.0,1.0,1.0,1.0,1.0,1.0,1.0,5.0,2.0,83.13,31.48,40.1,38.69,50.0
Japan,JPN,20221210,1.0,1.0,1.0,1.0,0.0,1.0,1.0,1.0,1.0,1.0,1.0,1.0,5.0,2.0,83.14,31.48,40.1,38.69,50.0
Japan,JPN,20221211,1.0,1.0,1.0,1.0,0.0,1.0,1.0,1.0,1.0,1.0,1.0,1.0,5.0,2.0,83.14,31.48,40.1,38.69,50.0
Japan,JPN,20221212,1.0,1.0,1.0,1.0,0.0,1.0,1.0,1.0,1.0,1.0,1.0,1.0,5.0,2.0,83.14,31.48,40.1,38.69,50.0
Japan,JPN,20221213,1.0,1.0,1.0,1.0,0.0,1.0,1.0,1.0,1.0,1.0,1.0,1.0,5.0,2.0,83.15,31.48,40.1,38.69,50.0
Japan,JPN,20221214,1.0,1.0,1.0,1.0,0.0,1.0,1.0,1.0,1.0,1.0,1.0,1.0,5.0,2.0,83.15,31.48,40.1,38.69,50.0
Japan,JPN,20221215,1.0,1.0,1.0,1.0,0.0,1.0,1.0,1.0,1.0,1.0,1.0,1.0,5.0,2.0,83.15,31.48,40.1,38.69,50.0
Japan,JPN,20221216,1.0,1.0,1.0,1.0,0.0,1.0,1.0,1.0,1.0,1.0,1.0,1.0,5.0,2.0,83.16,31.48,40.1,38.69,50.0
Japan,JPN,20221217,1.0,1.0,1.0,1.0,0.0,1.0,1.0,1.0,1.0,1.0,1.0,1.0,5.0,2.0,83.17,31.48,40.1,38.69,50.0
Japan,JPN,20221218,1.0,1.0,1.0,1.0,0.0,1.0,1.0,1.0,1.0,1.0,1.0,1.0,5.0,2.0,83.17,31.48,40.1,38.69,50.0
Japan,JPN,20221219,1.0,1.0,1.0,1.0,0.0,1.0,1.0,1.0,1.0,1.0,1.0,1.0,5.0,2.0,83.17,31.48,40.1,38.69,50.0
Japan,JPN,20221220,1.0,1.0,1.0,1.0,0.0,1.0,1.0,1.0,1.0,1.0,1.0,1.0,5.0,2.0,83.18,31.48,40.1,38.69,50.0
Japan,JPN,20221221,1.0,1.0,1.0,1.0,0.0,1.0,1.0,1.0,1.0,1.0,1.0,1.0,5.0,2.0,83.18,33.33,41.15,39.88,50.0
Japan,JPN,20221222,1.0,1.0,1.0,1.0,0.0,1.0,1.0,1.0,1.0,1.0,1.0,1.0,5.0,2.0,83.19,33.33,41.15,39.88,50.0
Japan,JPN,20221223,1.0,1.0,1.0,1.0,0.0,1.0,1.0,1.0,1.0,1.0,1.0,1.0,5.0,2.0,83.19,33.33,41.15,39.88,50.0
Japan,JPN,20221224,1.0,1.0,1.0,1.0,0.0,1.0,1.0,1.0,1.0,1.0,1.0,1.0,5.0,2.0,83.2,33.33,41.15,39.88,50.0
Japan,JPN,20221225,1.0,1.0,1.0,1.0,0.0,1.0,1.0,1.0,1.0,1.0,1.0,1.0,5.0,2.0,83.21,33.33,41.15,39.88,50.0
Japan,JPN,20221226,1.0,1.0,1.0,1.0,0.0,1.0,1.0,1.0,1.0,1.0,1.0,1.0,5.0,2.0,83.21,33.33,41.15,39.88,50.0
Japan,JPN,20221227,1.0,1.0,1.0,1.0,0.0,1.0,1.0,1.0,1.0,1.0,1.0,1.0,5.0,2.0,83.22,33.33,41.15,39.88,50.0
Japan,JPN,20221228,1.0,1.0,1.0,1.0,0.0,1.0,1.0,1.0,1.0,1.0,1.0,1.0,5.0,2.0,83.22,33.33,41.15,39.88,50.0
Japan,JPN,20221229,1.0,1.0,1.0,1.0,0.0,1.0,1.0,1.0,1.0,1.0,1.0,1.0,5.0,2.0,83.22,33.33,41.15,39.88,50.0
Japan,JPN,20221230,1.0,1.0,1.0,1.0,0.0,1.0,1.0,1.0,1.0,1.0,1.0,1.0,5.0,2.0,83.22,33.33,41.15,39.88,50.0
Japan,JPN,20221231,1.0,1.0,1.0,1.0,0.0,1.0,1.0,1.0,1.0,1.0,1.0,1.0,5.0,2.0,83.22,33.33,41.15,39.88,50.0
South Korea,KOR,20200101,0.0,0.0,0.0,0.0,0.0,0.0,0.0,0.0,0.0,0.0,0.0,0.0,0.0,0.0,0.0,0.0,0.0,0.0,0.0
South Korea,KOR,20200102,0.0,0.0,0.0,0.0,0.0,0.0,0.0,0.0,0.0,0.0,0.0,0.0,0.0,0.0,0.0,0.0,0.0,0.0,0.0
South Korea,KOR,20200103,0.0,0.0,0.0,0.0,0.0,0.0,0.0,0.0,0.0,0.0,0.0,0.0,0.0,0.0,0.0,0.0,0.0,0.0,0.0
South Korea,KOR,20200104,0.0,0.0,0.0,0.0,0.0,0.0,0.0,0.0,0.0,0.0,0.0,0.0,0.0,0.0,0.0,0.0,0.0,0.0,0.0
South Korea,KOR,20200105,0.0,0.0,0.0,0.0,0.0,0.0,0.0,0.0,0.0,0.0,0.0,0.0,0.0,0.0,0.0,0.0,0.0,0.0,0.0
South Korea,KOR,20200106,0.0,0.0,0.0,0.0,0.0,0.0,0.0,0.0,0.0,0.0,0.0,0.0,0.0,0.0,0.0,0.0,0.0,0.0,0.0
South Korea,KOR,20200107,0.0,0.0,0.0,0.0,0.0,0.0,0.0,0.0,0.0,0.0,0.0,0.0,0.0,0.0,0.0,0.0,0.0,0.0,0.0
South Korea,KOR,20200108,0.0,0.0,0.0,0.0,0.0,0.0,0.0,0.0,0.0,0.0,0.0,0.0,0.0,0.0,0.0,0.0,0.0,0.0,0.0
South Korea,KOR,20200109,0.0,0.0,0.0,0.0,0.0,0.0,0.0,0.0,0.0,0.0,0.0,0.0,0.0,0.0,0.0,0.0,0.0,0.0,0.0
South Korea,KOR,20200110,0.0,0.0,0.0,0.0,0.0,0.0,0.0,0.0,0.0,0.0,0.0,0.0,0.0,0.0,0.0,0.0,0.0,0.0,0.0
South Korea,KOR,20200111,0.0,0.0,0.0,0.0,0.0,0.0,0.0,0.0,0.0,0.0,0.0,0.0,0.0,0.0,0.0,0.0,0.0,0.0,0.0
South Korea,KOR,20200112,0.0,0.0,0.0,0.0,0.0,0.0,0.0,0.0,0.0,0.0,0.0,0.0,0.0,0.0,0.0,0.0,0.0,0.0,0.0
South Korea,KOR,20200113,0.0,0.0,0.0,0.0,0.0,0.0,0.0,0.0,0.0,0.0,0.0,0.0,0.0,0.0,0.0,0.0,0.0,0.0,0.0
South Korea,KOR,20200114,0.0,0.0,0.0,0.0,0.0,0.0,0.0,0.0,0.0,0.0,0.0,0.0,0.0,0.0,0.0,0.0,0.0,0.0,0.0
South Korea,KOR,20200115,0.0,0.0,0.0,0.0,0.0,0.0,0.0,0.0,0.0,0.0,0.0,0.0,0.0,0.0,0.0,0.0,0.0,0.0,0.0
South Korea,KOR,20200116,0.0,0.0,0.0,0.0,0.0,0.0,0.0,0.0,0.0,0.0,0.0,0.0,0.0,0.0,0.0,0.0,0.0,0.0,0.0
South Korea,KOR,20200117,0.0,0.0,0.0,0.0,0.0,0.0,0.0,0.0,0.0,0.0,0.0,0.0,0.0,0.0,0.0,0.0,0.0,0.0,0.0
South Korea,KOR,20200118,0.0,0.0,0.0,0.0,0.0,0.0,0.0,0.0,0.0,0.0,0.0,0.0,0.0,0.0,0.0,0.0,0.0,0.0,0.0
South Korea,KOR,20200119,0.0,0.0,0.0,0.0,0.0,0.0,0.0,0.0,0.0,0.0,0.0,0.0,0.0,0.0,0.0,0.0,0.0,0.0,0.0
South Korea,KOR,20200120,0.0,0.0,0.0,0.0,0.0,0.0,0.0,0.0,0.0,0.0,0.0,0.0,0.0,0.0,0.0,0.0,0.0,0.0,0.0
South Korea,KOR,20200121,0.0,0.0,0.0,0.0,0.0,0.0,0.0,0.0,0.0,1.0,0.0,0.0,0.0,0.0,0.0,0.0,2.08,2.38,0.0
South Korea,KOR,20200122,0.0,0.0,0.0,0.0,0.0,0.0,0.0,0.0,0.0,1.0,0.0,0.0,0.0,0.0,0.0,0.0,2.08,2.38,0.0
South Korea,KOR,20200123,0.0,0.0,0.0,0.0,0.0,0.0,0.0,0.0,0.0,1.0,0.0,0.0,0.0,0.0,0.0,0.0,2.08,2.38,0.0
South Korea,KOR,20200124,0.0,0.0,0.0,0.0,0.0,0.0,0.0,0.0,0.0,1.0,0.0,0.0,0.0,0.0,0.0,0.0,2.08,2.38,0.0
South Korea,KOR,20200125,0.0,0.0,0.0,0.0,0.0,0.0,0.0,0.0,0.0,1.0,0.0,0.0,0.0,0.0,0.0,0.0,2.08,2.38,0.0
South Korea,KOR,20200126,0.0,0.0,0.0,0.0,0.0,0.0,0.0,0.0,0.0,1.0,0.0,0.0,0.0,0.0,0.0,0.0,2.08,2.38,0.0
South Korea,KOR,20200127,0.0,0.0,0.0,0.0,0.0,0.0,0.0,0.0,0.0,1.0,0.0,0.0,0.0,0.0,0.0,0.0,2.08,2.38,0.0
South Korea,KOR,20200128,0.0,0.0,0.0,0.0,0.0,0.0,0.0,0.0,0.0,1.0,0.0,0.0,0.0,0.0,0.0,0.0,2.08,2.38,0.0
South Korea,KOR,20200129,0.0,0.0,0.0,0.0,0.0,0.0,0.0,0.0,0.0,1.0,1.0,0.0,0.0,0.0,0.0,0.0,5.21,5.95,0.0
South Korea,KOR,20200130,0.0,0.0,0.0,0.0,0.0,0.0,0.0,0.0,0.0,1.0,1.0,0.0,0.0,0.0,0.0,0.0,5.21,5.95,0.0
South Korea,KOR,20200131,0.0,0.0,1.0,0.0,0.0,0.0,0.0,0.0,0.0,1.0,1.0,0.0,0.0,0.0,0.0,2.78,6.77,7.74,0.0
South Korea,KOR,20200201,0.0,0.0,1.0,0.0,0.0,0.0,0.0,0.0,2.0,1.0,1.0,0.0,0.0,0.0,0.0,13.89,13.02,14.88,0.0
South Korea,KOR,20200202,0.0,0.0,1.0,0.0,0.0,0.0,0.0,0.0,2.0,1.0,1.0,0.0,0.0,0.0,0.0,13.89,13.02,14.88,0.0
South Korea,KOR,20200203,3.0,0.0,1.0,0.0,0.0,0.0,0.0,0.0,2.0,1.0,1.0,0.0,0.0,0.0,0.0,23.15,18.23,20.83,0.0
South Korea,KOR,20200204,3.0,0.0,1.0,0.0,0.0,0.0,0.0,3.0,2.0,1.0,1.0,0.0,0.0,0.0,0.0,31.48,22.92,26.19,0.0
South Korea,KOR,20200205,3.0,0.0,1.0,0.0,0.0,0.0,0.0,3.0,2.0,1.0,1.0,0.0,0.0,0.0,0.0,31.48,22.92,26.19,0.0
South Korea,KOR,20200206,3.0,0.0,1.0,0.0,0.0,0.0,0.0,3.0,2.0,1.0,1.0,0.0,0.0,0.0,0.0,31.48,22.92,26.19,0.0
South Korea,KOR,20200207,3.0,0.0,1.0,0.0,0.0,0.0,0.0,3.0,2.0,2.0,1.0,0.0,0.0,0.0,0.0,31.48,25.0,28.57,0.0
South Korea,KOR,20200208,3.0,0.0,1.0,0.0,0.0,0.0,0.0,3.0,2.0,2.0,1.0,0.0,0.0,0.0,0.0,31.48,25.0,28.57,0.0
South Korea,KOR,20200209,3.0,0.0,1.0,0.0,0.0,0.0,0.0,3.0,2.0,2.0,1.0,0.0,0.0,0.0,0.0,31.48,25.0,28.57,0.0
South Korea,KOR,20200210,3.0,0.0,1.0,0.0,0.0,0.0,0.0,3.0,2.0,2.0,1.0,0.0,0.0,0.0,0.0,31.48,25.0,28.57,0.0
South Korea,KOR,20200211,3.0,0.0,1.0,0.0,0.0,0.0,0.0,3.0,2.0,2.0,2.0,0.0,0.0,0.0,0.0,31.48,28.12,32.14,0.0
South Korea,KOR,20200212,3.0,0.0,1.0,0.0,0.0,0.0,0.0,3.0,2.0,2.0,2.0,0.0,0.0,0.0,0.0,31.48,28.12,32.14,0.0
South Korea,KOR,20200213,3.0,0.0,1.0,0.0,0.0,0.0,0.0,3.0,2.0,2.0,2.0,0.0,0.0,0.0,0.0,31.48,28.12,32.14,0.0
South Korea,KOR,20200214,3.0,0.0,1.0,0.0,0.0,0.0,0.0,3.0,2.0,2.0,2.0,0.0,0.0,0.0,0.0,31.48,28.12,32.14,0.0
South Korea,KOR,20200215,3.0,0.0,1.0,0.0,0.0,0.0,0.0,3.0,2.0,2.0,2.0,0.0,0.0,0.0,0.0,31.48,28.12,32.14,0.0
South Korea,KOR,20200216,3.0,0.0,1.0,0.0,0.0,0.0,0.0,3.0,2.0,2.0,2.0,0.0,0.0,0.0,0.0,31.48,28.12,32.14,0.0
South Korea,KOR,20200217,3.0,0.0,1.0,0.0,0.0,0.0,0.0,3.0,2.0,2.0,2.0,0.0,0.0,0.0,0.0,31.48,28.12,32.14,0.0
South Korea,KOR,20200218,3.0,0.0,1.0,0.0,0.0,0.0,0.0,3.0,2.0,2.0,2.0,0.0,0.0,0.0,0.0,31.48,28.12,32.14,0.0
South Korea,KOR,20200219,3.0,0.0,1.0,0.0,0.0,0.0,0.0,3.0,2.0,2.0,2.0,0.0,0.0,0.0,0.0,31.48,28.12,32.14,0.0
South Korea,KOR,20200220,3.0,0.0,1.0,0.0,0.0,0.0,0.0,3.0,2.0,2.0,2.0,0.0,0.0,0.0,0.0,31.48,28.12,32.14,0.0
South Korea,KOR,20200221,3.0,0.0,2.0,2.0,0.0,0.0,0.0,3.0,2.0,2.0,2.0,0.0,0.0,0.0,0.0,45.37,35.94,41.07,0.0
South Korea,KOR,20200222,3.0,0.0,2.0,2.0,0.0,0.0,0.0,3.0,2.0,2.0,2.0,0.0,0.0,0.0,0.0,45.37,35.94,41.07,0.0
South Korea,KOR,20200223,3.0,0.0,2.0,2.0,0.0,1.0,1.0,3.0,2.0,2.0,2.0,0.0,0.0,0.0,0.0,50.0,38.54,44.05,0.0
South Korea,KOR,20200224,3.0,1.0,2.0,2.0,0.0,1.0,1.0,3.0,2.0,2.0,2.0,0.0,0.0,0.0,0.0,55.56,41.67,47.62,0.0
South Korea,KOR,20200225,3.0,1.0,2.0,2.0,0.0,1.0,1.0,3.0,2.0,2.0,2.0,0.0,0.0,0.0,0.0,55.56,41.67,47.62,0.0
South Korea,KOR,20200226,3.0,1.0,2.0,2.0,0.0,1.0,1.0,3.0,2.0,2.0,2.0,0.0,0.0,0.0,0.0,55.56,41.67,47.62,0.0
South Korea,KOR,20200227,3.0,1.0,2.0,2.0,0.0,1.0,1.0,3.0,2.0,2.0,2.0,0.0,0.0,0.0,0.0,55.56,41.67,47.62,0.0
South Korea,KOR,20200228,3.0,1.0,2.0,2.0,0.0,1.0,1.0,3.0,2.0,2.0,2.0,0.0,0.0,0.0,0.0,55.56,41.67,47.62,0.0
South Korea,KOR,20200229,3.0,1.0,2.0,2.0,0.0,1.0,1.0,3.0,2.0,2.0,2.0,0.0,0.0,0.0,0.0,55.56,41.67,47.62,0.0
South Korea,KOR,20200301,3.0,1.0,2.0,2.0,0.0,1.0,1.0,3.0,2.0,2.0,2.0,0.0,0.0,0.0,0.0,55.56,41.67,47.62,0.0
South Korea,KOR,20200302,3.0,1.0,2.0,2.0,0.0,1.0,1.0,3.0,2.0,2.0,2.0,0.0,0.0,0.0,0.0,55.56,41.67,47.62,0.0
South Korea,KOR,20200303,3.0,1.0,2.0,2.0,0.0,1.0,1.0,3.0,2.0,2.0,2.0,0.0,0.0,0.0,0.0,55.56,41.67,47.62,0.0
South Korea,KOR,20200304,3.0,1.0,2.0,2.0,0.0,1.0,1.0,3.0,2.0,2.0,2.0,0.0,0.0,0.0,0.0,55.56,41.67,47.62,0.0
South Korea,KOR,20200305,3.0,1.0,2.0,2.0,0.0,1.0,1.0,3.0,2.0,2.0,2.0,0.0,0.0,0.0,0.0,55.56,41.67,47.62,0.0
South Korea,KOR,20200306,3.0,1.0,2.0,2.0,0.0,1.0,1.0,3.0,2.0,2.0,2.0,0.0,0.0,0.0,0.0,55.56,41.67,47.62,0.0
South Korea,KOR,20200307,3.0,1.0,2.0,2.0,0.0,1.0,1.0,3.0,2.0,2.0,2.0,0.0,0.0,0.0,0.0,55.56,41.67,47.62,0.0
South Korea,KOR,20200308,3.0,1.0,2.0,2.0,0.0,1.0,1.0,3.0,2.0,2.0,2.0,0.0,0.0,0.0,0.0,55.56,41.67,47.62,0.0
South Korea,KOR,20200309,3.0,1.0,2.0,2.0,0.0,1.0,1.0,3.0,2.0,2.0,2.0,0.0,0.0,0.0,0.0,55.56,41.67,47.62,0.0
South Korea,KOR,20200310,3.0,1.0,2.0,2.0,0.0,1.0,1.0,3.0,2.0,2.0,2.0,0.0,0.0,0.0,0.0,55.56,41.67,47.62,0.0
South Korea,KOR,20200311,3.0,1.0,2.0,2.0,0.0,1.0,1.0,3.0,2.0,2.0,2.0,0.0,0.0,0.0,0.0,55.56,41.67,47.62,0.0
South Korea,KOR,20200312,3.0,1.0,2.0,2.0,0.0,1.0,1.0,3.0,2.0,2.0,2.0,0.0,0.0,0.0,0.0,55.56,41.67,47.62,0.0
South Korea,KOR,20200313,3.0,1.0,2.0,2.0,0.0,1.0,1.0,3.0,2.0,2.0,2.0,0.0,0.0,3.0,0.0,55.56,47.92,54.76,0.0
South Korea,KOR,20200314,3.0,1.0,2.0,2.0,0.0,1.0,1.0,3.0,2.0,2.0,2.0,0.0,0.0,3.0,0.0,55.56,47.92,54.76,0.0
South Korea,KOR,20200315,3.0,1.0,2.0,2.0,0.0,1.0,1.0,3.0,2.0,2.0,2.0,1.0,0.0,3.0,0.0,55.56,49.48,56.55,0.0
South Korea,KOR,20200316,3.0,1.0,2.0,2.0,0.0,1.0,1.0,3.0,2.0,2.0,2.0,1.0,0.0,3.0,0.0,55.56,49.48,56.55,0.0
South Korea,KOR,20200317,3.0,1.0,2.0,2.0,0.0,1.0,1.0,3.0,2.0,2.0,2.0,1.0,0.0,3.0,0.0,55.56,52.6,56.55,25.0
South Korea,KOR,20200318,3.0,1.0,2.0,2.0,0.0,1.0,1.0,3.0,2.0,2.0,2.0,1.0,0.0,3.0,0.0,55.56,52.6,56.55,25.0
South Korea,KOR,20200319,3.0,1.0,2.0,2.0,0.0,1.0,1.0,3.0,2.0,2.0,2.0,1.0,0.0,3.0,0.0,55.56,52.6,56.55,25.0
South Korea,KOR,20200320,3.0,1.0,2.0,2.0,0.0,1.0,1.0,3.0,2.0,2.0,2.0,1.0,0.0,3.0,0.0,55.56,52.6,56.55,25.0
South Korea,KOR,20200321,3.0,1.0,2.0,2.0,0.0,2.0,2.0,3.0,2.0,2.0,2.0,1.0,0.0,3.0,0.0,69.44,60.42,65.48,25.0
South Korea,KOR,20200322,3.0,2.0,2.0,3.0,0.0,2.0,2.0,3.0,2.0,2.0,2.0,1.0,0.0,3.0,0.0,75.93,64.06,69.64,25.0
South Korea,KOR,20200323,3.0,2.0,2.0,3.0,0.0,2.0,2.0,3.0,2.0,2.0,2.0,1.0,0.0,3.0,0.0,75.93,64.06,69.64,25.0
South Korea,KOR,20200324,3.0,2.0,2.0,3.0,0.0,2.0,2.0,3.0,2.0,2.0,2.0,1.0,0.0,3.0,0.0,75.93,64.06,69.64,25.0
South Korea,KOR,20200325,3.0,2.0,2.0,3.0,0.0,2.0,2.0,3.0,2.0,2.0,2.0,1.0,0.0,3.0,0.0,75.93,64.06,69.64,25.0
South Korea,KOR,20200326,3.0,2.0,2.0,3.0,0.0,2.0,2.0,3.0,2.0,2.0,2.0,1.0,0.0,3.0,0.0,75.93,64.06,69.64,25.0
South Korea,KOR,20200327,3.0,2.0,2.0,3.0,0.0,2.0,2.0,3.0,2.0,2.0,2.0,1.0,0.0,3.0,0.0,75.93,64.06,69.64,25.0
South Korea,KOR,20200328,3.0,2.0,2.0,3.0,0.0,2.0,2.0,3.0,2.0,2.0,2.0,1.0,0.0,3.0,0.0,75.93,64.06,69.64,25.0
South Korea,KOR,20200329,3.0,2.0,2.0,3.0,0.0,2.0,2.0,3.0,2.0,2.0,2.0,1.0,0.0,3.0,0.0,75.93,64.06,69.64,25.0
South Korea,KOR,20200330,3.0,2.0,2.0,3.0,0.0,2.0,2.0,3.0,2.0,2.0,2.0,1.0,0.0,3.0,0.0,75.93,67.19,69.64,50.0
South Korea,KOR,20200331,3.0,2.0,2.0,3.0,0.0,2.0,2.0,3.0,2.0,2.0,2.0,1.0,0.0,3.0,0.0,75.93,67.19,69.64,50.0
South Korea,KOR,20200401,3.0,2.0,2.0,3.0,0.0,2.0,2.0,3.0,2.0,2.0,2.0,1.0,0.0,3.0,0.0,75.93,67.19,69.64,50.0
South Korea,KOR,20200402,3.0,2.0,2.0,3.0,0.0,2.0,2.0,3.0,2.0,2.0,2.0,1.0,0.0,3.0,0.0,75.93,67.19,69.64,50.0
South Korea,KOR,20200403,3.0,2.0,2.0,3.0,0.0,2.0,2.0,3.0,2.0,2.0,2.0,1.0,0.0,3.0,0.0,75.93,67.19,69.64,50.0
South Korea,KOR,20200404,3.0,2.0,2.0,4.0,0.0,2.0,2.0,3.0,2.0,2.0,2.0,1.0,0.0,3.0,0.0,78.7,68.75,71.43,50.0
South Korea,KOR,20200405,3.0,2.0,2.0,4.0,0.0,2.0,2.0,3.0,2.0,2.0,2.0,1.0,0.0,3.0,0.0,78.7,68.75,71.43,50.0
South Korea,KOR,20200406,3.0,3.0,2.0,4.0,0.0,2.0,2.0,3.0,2.0,2.0,2.0,1.0,0.0,3.0,0.0,82.41,70.83,73.81,50.0
South Korea,KOR,20200407,3.0,3.0,2.0,4.0,0.0,2.0,2.0,3.0,2.0,2.0,2.0,1.0,0.0,3.0,0.0,82.41,70.83,73.81,50.0
South Korea,KOR,20200408,3.0,3.0,2.0,4.0,0.0,2.0,2.0,3.0,2.0,2.0,2.0,1.0,0.0,3.0,0.0,82.41,70.83,73.81,50.0
South Korea,KOR,20200409,3.0,3.0,2.0,4.0,0.0,2.0,2.0,3.0,2.0,2.0,2.0,1.0,0.0,3.0,0.0,82.41,70.83,73.81,50.0
South Korea,KOR,20200410,3.0,3.0,2.0,4.0,0.0,2.0,2.0,3.0,2.0,2.0,2.0,1.0,0.0,3.0,0.0,82.41,70.83,73.81,50.0
South Korea,KOR,20200411,3.0,3.0,2.0,4.0,0.0,2.0,2.0,3.0,2.0,2.0,2.0,1.0,0.0,3.0,0.0,82.41,70.83,73.81,50.0
South Korea,KOR,20200412,3.0,3.0,2.0,4.0,0.0,2.0,2.0,3.0,2.0,2.0,2.0,1.0,0.0,3.0,0.0,82.41,70.83,73.81,50.0
South Korea,KOR,20200413,3.0,3.0,2.0,4.0,0.0,2.0,2.0,3.0,2.0,2.0,2.0,1.0,0.0,3.0,0.0,82.41,70.83,73.81,50.0
South Korea,KOR,20200414,3.0,3.0,2.0,4.0,0.0,2.0,2.0,3.0,2.0,2.0,2.0,1.0,0.0,3.0,0.0,82.41,70.83,73.81,50.0
South Korea,KOR,20200415,3.0,3.0,2.0,4.0,0.0,2.0,2.0,3.0,2.0,2.0,2.0,1.0,0.0,3.0,0.0,82.41,70.83,73.81,50.0
South Korea,KOR,20200416,3.0,3.0,2.0,4.0,0.0,2.0,2.0,3.0,2.0,2.0,2.0,1.0,0.0,3.0,0.0,82.41,70.83,73.81,50.0
South Korea,KOR,20200417,3.0,3.0,2.0,4.0,0.0,2.0,2.0,3.0,2.0,2.0,2.0,1.0,0.0,3.0,0.0,82.41,70.83,73.81,50.0
South Korea,KOR,20200418,3.0,3.0,2.0,4.0,0.0,1.0,1.0,3.0,2.0,2.0,2.0,1.0,0.0,3.0,0.0,73.15,65.62,67.86,50.0
South Korea,KOR,20200419,3.0,3.0,2.0,4.0,0.0,1.0,1.0,3.0,2.0,2.0,2.0,1.0,0.0,3.0,0.0,73.15,65.62,67.86,50.0
South Korea,KOR,20200420,3.0,2.0,1.0,0.0,0.0,0.0,0.0,3.0,2.0,2.0,2.0,1.0,0.0,3.0,0.0,43.52,48.96,48.81,50.0
South Korea,KOR,20200421,3.0,2.0,1.0,0.0,0.0,0.0,0.0,3.0,2.0,2.0,2.0,1.0,0.0,3.0,0.0,43.52,48.96,48.81,50.0
South Korea,KOR,20200422,3.0,2.0,1.0,0.0,0.0,0.0,0.0,3.0,2.0,2.0,2.0,1.0,0.0,3.0,0.0,43.52,48.96,48.81,50.0
South Korea,KOR,20200423,3.0,2.0,1.0,0.0,0.0,0.0,0.0,3.0,2.0,2.0,2.0,1.0,0.0,3.0,0.0,43.52,48.96,48.81,50.0
South Korea,KOR,20200424,3.0,2.0,1.0,0.0,0.0,0.0,0.0,3.0,2.0,2.0,2.0,1.0,0.0,3.0,0.0,43.52,48.96,48.81,50.0
South Korea,KOR,20200425,3.0,2.0,1.0,0.0,0.0,0.0,0.0,3.0,2.0,2.0,2.0,1.0,0.0,3.0,0.0,43.52,48.96,48.81,50.0
South Korea,KOR,20200426,3.0,2.0,1.0,0.0,0.0,0.0,0.0,3.0,2.0,2.0,2.0,1.0,0.0,3.0,0.0,43.52,48.96,48.81,50.0
South Korea,KOR,20200427,3.0,2.0,1.0,0.0,0.0,0.0,0.0,3.0,2.0,2.0,2.0,1.0,0.0,3.0,0.0,43.52,48.96,48.81,50.0
South Korea,KOR,20200428,3.0,2.0,1.0,0.0,0.0,0.0,0.0,3.0,2.0,2.0,2.0,1.0,0.0,3.0,0.0,43.52,48.96,48.81,50.0
South Korea,KOR,20200429,3.0,2.0,1.0,0.0,0.0,0.0,0.0,3.0,2.0,2.0,2.0,1.0,0.0,3.0,0.0,43.52,48.96,48.81,50.0
South Korea,KOR,20200430,3.0,2.0,1.0,0.0,0.0,0.0,0.0,3.0,2.0,2.0,2.0,1.0,0.0,3.0,0.0,43.52,48.96,48.81,50.0
South Korea,KOR,20200501,3.0,2.0,1.0,0.0,0.0,0.0,0.0,3.0,2.0,2.0,2.0,1.0,0.0,3.0,0.0,43.52,48.96,48.81,50.0
South Korea,KOR,20200502,3.0,2.0,1.0,0.0,0.0,0.0,0.0,3.0,2.0,2.0,2.0,1.0,0.0,3.0,0.0,43.52,48.96,48.81,50.0
South Korea,KOR,20200503,3.0,2.0,1.0,0.0,0.0,0.0,0.0,3.0,2.0,2.0,2.0,1.0,0.0,3.0,0.0,43.52,48.96,48.81,50.0
South Korea,KOR,20200504,3.0,2.0,1.0,0.0,0.0,0.0,0.0,3.0,2.0,2.0,2.0,1.0,0.0,3.0,0.0,43.52,48.96,48.81,50.0
South Korea,KOR,20200505,3.0,2.0,1.0,0.0,0.0,0.0,0.0,3.0,2.0,2.0,2.0,1.0,0.0,3.0,0.0,43.52,48.96,48.81,50.0
South Korea,KOR,20200506,3.0,2.0,1.0,0.0,0.0,0.0,0.0,3.0,2.0,2.0,2.0,1.0,0.0,3.0,0.0,43.52,48.96,48.81,50.0
South Korea,KOR,20200507,3.0,2.0,1.0,0.0,0.0,0.0,0.0,3.0,2.0,2.0,2.0,1.0,0.0,3.0,0.0,43.52,48.96,48.81,50.0
South Korea,KOR,20200508,3.0,2.0,1.0,0.0,0.0,0.0,0.0,3.0,2.0,2.0,2.0,1.0,0.0,3.0,0.0,43.52,48.96,48.81,50.0
South Korea,KOR,20200509,3.0,2.0,1.0,0.0,0.0,0.0,0.0,3.0,2.0,2.0,2.0,1.0,0.0,3.0,0.0,43.52,48.96,48.81,50.0
South Korea,KOR,20200510,3.0,2.0,1.0,0.0,0.0,0.0,0.0,3.0,2.0,2.0,2.0,1.0,0.0,3.0,0.0,43.52,48.96,48.81,50.0
South Korea,KOR,20200511,3.0,2.0,1.0,0.0,0.0,0.0,0.0,3.0,2.0,2.0,2.0,1.0,0.0,3.0,0.0,43.52,48.96,48.81,50.0
South Korea,KOR,20200512,3.0,2.0,1.0,0.0,0.0,0.0,0.0,3.0,2.0,2.0,2.0,1.0,0.0,3.0,0.0,43.52,48.96,48.81,50.0
South Korea,KOR,20200513,3.0,2.0,1.0,0.0,0.0,0.0,0.0,3.0,2.0,2.0,2.0,2.0,0.0,3.0,0.0,43.52,49.74,49.7,50.0
South Korea,KOR,20200514,3.0,2.0,1.0,0.0,0.0,0.0,0.0,3.0,2.0,2.0,2.0,2.0,0.0,3.0,0.0,43.52,49.74,49.7,50.0
South Korea,KOR,20200515,3.0,2.0,1.0,0.0,0.0,0.0,0.0,3.0,2.0,2.0,2.0,2.0,0.0,3.0,0.0,43.52,49.74,49.7,50.0
South Korea,KOR,20200516,3.0,2.0,1.0,0.0,0.0,0.0,0.0,3.0,2.0,2.0,2.0,2.0,0.0,3.0,0.0,43.52,49.74,49.7,50.0
South Korea,KOR,20200517,3.0,2.0,1.0,0.0,0.0,0.0,0.0,3.0,2.0,2.0,2.0,2.0,0.0,3.0,0.0,43.52,49.74,49.7,50.0
South Korea,KOR,20200518,3.0,2.0,1.0,0.0,0.0,0.0,0.0,3.0,2.0,2.0,2.0,2.0,0.0,3.0,0.0,43.52,49.74,49.7,50.0
South Korea,KOR,20200519,3.0,2.0,1.0,0.0,0.0,0.0,0.0,3.0,2.0,2.0,2.0,2.0,0.0,3.0,0.0,43.52,49.74,49.7,50.0
South Korea,KOR,20200520,2.0,2.0,1.0,0.0,0.0,0.0,0.0,3.0,2.0,2.0,2.0,2.0,0.0,3.0,0.0,39.81,47.66,47.32,50.0
South Korea,KOR,20200521,2.0,2.0,1.0,0.0,0.0,0.0,0.0,3.0,2.0,2.0,2.0,2.0,0.0,3.0,0.0,39.81,47.66,47.32,50.0
South Korea,KOR,20200522,2.0,2.0,1.0,0.0,0.0,0.0,0.0,3.0,2.0,2.0,2.0,2.0,0.0,3.0,0.0,39.81,47.66,47.32,50.0
South Korea,KOR,20200523,2.0,2.0,1.0,0.0,0.0,0.0,0.0,3.0,2.0,2.0,2.0,2.0,0.0,3.0,0.0,39.81,47.66,47.32,50.0
South Korea,KOR,20200524,2.0,2.0,1.0,0.0,0.0,0.0,0.0,3.0,2.0,2.0,2.0,2.0,0.0,3.0,0.0,39.81,47.66,47.32,50.0
South Korea,KOR,20200525,2.0,2.0,1.0,0.0,0.0,0.0,0.0,3.0,2.0,2.0,2.0,2.0,0.0,3.0,0.0,39.81,47.66,47.32,50.0
South Korea,KOR,20200526,2.0,2.0,1.0,0.0,0.0,0.0,0.0,3.0,2.0,2.0,2.0,2.0,0.0,3.0,0.0,39.81,48.44,48.21,50.0
South Korea,KOR,20200527,2.0,2.0,1.0,0.0,0.0,0.0,0.0,3.0,2.0,2.0,2.0,2.0,0.0,3.0,0.0,39.81,48.44,48.21,50.0
South Korea,KOR,20200528,2.0,2.0,1.0,0.0,0.0,0.0,0.0,3.0,2.0,2.0,2.0,2.0,0.0,3.0,0.0,39.81,48.44,48.21,50.0
South Korea,KOR,20200529,2.0,2.0,2.0,4.0,0.0,1.0,1.0,3.0,2.0,2.0,2.0,2.0,0.0,3.0,0.0,55.09,57.03,58.04,50.0
South Korea,KOR,20200530,2.0,2.0,2.0,4.0,0.0,1.0,1.0,3.0,2.0,2.0,2.0,2.0,0.0,3.0,0.0,55.09,57.03,58.04,50.0
South Korea,KOR,20200531,2.0,2.0,2.0,4.0,0.0,1.0,1.0,3.0,2.0,2.0,2.0,2.0,0.0,3.0,0.0,55.09,57.03,58.04,50.0
South Korea,KOR,20200601,2.0,2.0,2.0,4.0,0.0,1.0,1.0,3.0,2.0,2.0,2.0,2.0,0.0,3.0,0.0,55.09,57.03,58.04,50.0
South Korea,KOR,20200602,2.0,2.0,2.0,4.0,0.0,1.0,1.0,3.0,2.0,2.0,2.0,2.0,0.0,3.0,0.0,55.09,57.03,58.04,50.0
South Korea,KOR,20200603,2.0,2.0,2.0,4.0,0.0,1.0,1.0,3.0,2.0,2.0,2.0,2.0,0.0,3.0,0.0,55.09,57.03,58.04,50.0
South Korea,KOR,20200604,2.0,2.0,2.0,4.0,0.0,1.0,1.0,3.0,2.0,2.0,2.0,2.0,0.0,3.0,0.0,55.09,57.03,58.04,50.0
South Korea,KOR,20200605,2.0,2.0,2.0,4.0,0.0,1.0,1.0,3.0,2.0,2.0,2.0,2.0,0.0,3.0,0.0,55.09,57.03,58.04,50.0
South Korea,KOR,20200606,2.0,2.0,2.0,4.0,0.0,1.0,1.0,3.0,2.0,2.0,2.0,2.0,0.0,3.0,0.0,55.09,57.03,58.04,50.0
South Korea,KOR,20200607,2.0,2.0,2.0,4.0,0.0,1.0,1.0,3.0,2.0,2.0,2.0,2.0,0.0,3.0,0.0,55.09,57.03,58.04,50.0
South Korea,KOR,20200608,2.0,2.0,2.0,4.0,0.0,1.0,1.0,3.0,2.0,2.0,2.0,2.0,0.0,3.0,0.0,53.24,55.99,56.85,50.0
South Korea,KOR,20200609,2.0,2.0,2.0,4.0,0.0,1.0,1.0,3.0,2.0,2.0,2.0,2.0,0.0,3.0,0.0,53.24,55.99,56.85,50.0
South Korea,KOR,20200610,2.0,2.0,2.0,4.0,0.0,1.0,1.0,3.0,2.0,2.0,2.0,2.0,0.0,3.0,0.0,53.24,55.99,56.85,50.0
South Korea,KOR,20200611,2.0,2.0,2.0,4.0,0.0,1.0,1.0,3.0,2.0,2.0,2.0,2.0,0.0,3.0,0.0,53.24,55.99,56.85,50.0
South Korea,KOR,20200612,2.0,2.0,2.0,4.0,0.0,1.0,1.0,3.0,2.0,2.0,2.0,2.0,0.0,3.0,0.0,53.24,55.99,56.85,50.0
South Korea,KOR,20200613,2.0,2.0,2.0,4.0,0.0,1.0,1.0,3.0,2.0,2.0,2.0,2.0,0.0,3.0,0.0,53.24,55.99,56.85,50.0
South Korea,KOR,20200614,2.0,2.0,2.0,4.0,0.0,1.0,1.0,3.0,2.0,2.0,2.0,2.0,0.0,3.0,0.0,53.24,55.99,56.85,50.0
South Korea,KOR,20200615,2.0,2.0,2.0,4.0,0.0,1.0,1.0,3.0,2.0,2.0,2.0,2.0,0.0,3.0,0.0,53.24,55.99,56.85,50.0
South Korea,KOR,20200616,2.0,2.0,2.0,4.0,0.0,1.0,1.0,3.0,2.0,2.0,2.0,2.0,0.0,3.0,0.0,53.24,55.99,56.85,50.0
South Korea,KOR,20200617,2.0,2.0,2.0,4.0,0.0,1.0,1.0,3.0,2.0,2.0,2.0,2.0,0.0,3.0,0.0,53.24,55.99,56.85,50.0
South Korea,KOR,20200618,2.0,2.0,2.0,4.0,0.0,1.0,1.0,3.0,2.0,2.0,2.0,2.0,0.0,3.0,0.0,53.24,55.99,56.85,50.0
South Korea,KOR,20200619,2.0,2.0,2.0,4.0,0.0,1.0,1.0,3.0,2.0,2.0,2.0,2.0,0.0,3.0,0.0,53.24,55.99,56.85,50.0
South Korea,KOR,20200620,2.0,2.0,2.0,4.0,0.0,1.0,1.0,3.0,2.0,2.0,2.0,2.0,0.0,3.0,0.0,53.24,55.99,56.85,50.0
South Korea,KOR,20200621,2.0,2.0,2.0,4.0,0.0,1.0,1.0,3.0,2.0,2.0,2.0,2.0,0.0,3.0,0.0,53.24,55.99,56.85,50.0
South Korea,KOR,20200622,2.0,2.0,2.0,4.0,0.0,1.0,1.0,3.0,2.0,2.0,2.0,2.0,0.0,3.0,0.0,53.24,55.99,56.85,50.0
South Korea,KOR,20200623,2.0,2.0,2.0,4.0,0.0,1.0,1.0,3.0,2.0,2.0,2.0,2.0,0.0,3.0,0.0,53.24,55.99,56.85,50.0
South Korea,KOR,20200624,2.0,2.0,2.0,4.0,0.0,1.0,1.0,3.0,2.0,2.0,2.0,2.0,0.0,3.0,0.0,53.24,55.99,56.85,50.0
South Korea,KOR,20200625,2.0,2.0,2.0,4.0,0.0,1.0,1.0,3.0,2.0,2.0,2.0,2.0,0.0,3.0,0.0,53.24,55.99,56.85,50.0
South Korea,KOR,20200626,2.0,2.0,2.0,4.0,0.0,1.0,1.0,3.0,2.0,2.0,2.0,2.0,0.0,3.0,0.0,53.24,55.99,56.85,50.0
South Korea,KOR,20200627,2.0,2.0,2.0,4.0,0.0,1.0,1.0,3.0,2.0,2.0,2.0,2.0,0.0,3.0,0.0,53.24,55.99,56.85,50.0
South Korea,KOR,20200628,2.0,2.0,2.0,4.0,0.0,1.0,1.0,3.0,2.0,2.0,2.0,2.0,0.0,3.0,0.0,53.24,55.99,56.85,50.0
South Korea,KOR,20200629,2.0,2.0,2.0,4.0,0.0,1.0,1.0,3.0,2.0,2.0,2.0,2.0,0.0,3.0,0.0,53.24,55.99,56.85,50.0
South Korea,KOR,20200630,2.0,2.0,2.0,4.0,0.0,1.0,1.0,3.0,2.0,2.0,2.0,2.0,0.0,3.0,0.0,53.24,55.99,56.85,50.0
South Korea,KOR,20200701,2.0,2.0,2.0,4.0,0.0,1.0,1.0,3.0,2.0,2.0,2.0,2.0,0.0,2.0,0.0,53.24,53.91,54.46,50.0
South Korea,KOR,20200702,3.0,2.0,2.0,4.0,0.0,1.0,1.0,3.0,2.0,2.0,2.0,2.0,0.0,2.0,0.0,56.94,55.99,56.85,50.0
South Korea,KOR,20200703,3.0,2.0,2.0,4.0,0.0,1.0,1.0,3.0,2.0,2.0,2.0,2.0,0.0,2.0,0.0,56.94,55.99,56.85,50.0
South Korea,KOR,20200704,2.0,2.0,2.0,4.0,0.0,1.0,1.0,3.0,2.0,2.0,2.0,2.0,0.0,2.0,0.0,53.24,53.91,54.46,50.0
South Korea,KOR,20200705,2.0,2.0,2.0,4.0,0.0,1.0,1.0,3.0,2.0,2.0,2.0,2.0,0.0,2.0,0.0,53.24,53.91,54.46,50.0
South Korea,KOR,20200706,2.0,2.0,2.0,4.0,0.0,1.0,1.0,3.0,2.0,2.0,2.0,2.0,0.0,2.0,0.0,53.24,53.91,54.46,50.0
South Korea,KOR,20200707,2.0,2.0,2.0,4.0,0.0,1.0,1.0,3.0,2.0,2.0,2.0,2.0,0.0,2.0,0.0,53.24,53.91,54.46,50.0
South Korea,KOR,20200708,2.0,2.0,2.0,4.0,0.0,1.0,1.0,3.0,2.0,2.0,2.0,2.0,0.0,2.0,0.0,53.24,53.91,54.46,50.0
South Korea,KOR,20200709,2.0,2.0,2.0,4.0,0.0,1.0,1.0,3.0,2.0,2.0,2.0,2.0,0.0,2.0,0.0,53.24,53.91,54.46,50.0
South Korea,KOR,20200710,2.0,2.0,2.0,4.0,0.0,1.0,1.0,3.0,2.0,2.0,2.0,2.0,0.0,2.0,0.0,53.24,53.91,54.46,50.0
South Korea,KOR,20200711,2.0,2.0,2.0,4.0,0.0,1.0,1.0,3.0,2.0,2.0,2.0,2.0,0.0,2.0,0.0,53.24,53.91,54.46,50.0
South Korea,KOR,20200712,2.0,2.0,2.0,4.0,0.0,1.0,1.0,3.0,2.0,2.0,2.0,2.0,0.0,2.0,0.0,53.24,53.91,54.46,50.0
South Korea,KOR,20200713,2.0,2.0,2.0,4.0,0.0,1.0,1.0,3.0,2.0,2.0,2.0,2.0,0.0,2.0,0.0,53.24,53.91,54.46,50.0
South Korea,KOR,20200714,2.0,2.0,2.0,4.0,0.0,1.0,1.0,3.0,2.0,2.0,2.0,2.0,0.0,2.0,0.0,53.24,53.91,54.46,50.0
South Korea,KOR,20200715,2.0,2.0,2.0,4.0,0.0,1.0,1.0,3.0,2.0,2.0,2.0,2.0,0.0,2.0,0.0,53.24,53.91,54.46,50.0
South Korea,KOR,20200716,2.0,2.0,2.0,4.0,0.0,1.0,1.0,3.0,2.0,2.0,2.0,2.0,0.0,2.0,0.0,53.24,53.91,54.46,50.0
South Korea,KOR,20200717,2.0,2.0,2.0,4.0,0.0,1.0,1.0,3.0,2.0,2.0,2.0,2.0,0.0,2.0,0.0,53.24,53.91,54.46,50.0
South Korea,KOR,20200718,2.0,2.0,2.0,4.0,0.0,1.0,1.0,3.0,2.0,2.0,2.0,2.0,0.0,2.0,0.0,53.24,53.91,54.46,50.0
South Korea,KOR,20200719,2.0,2.0,2.0,4.0,0.0,1.0,1.0,3.0,2.0,2.0,2.0,2.0,0.0,2.0,0.0,53.24,53.91,54.46,50.0
South Korea,KOR,20200720,2.0,2.0,2.0,4.0,0.0,1.0,1.0,3.0,2.0,2.0,2.0,2.0,0.0,2.0,0.0,53.24,53.91,54.46,50.0
South Korea,KOR,20200721,2.0,2.0,2.0,4.0,0.0,1.0,1.0,3.0,2.0,2.0,2.0,2.0,0.0,2.0,0.0,53.24,53.91,54.46,50.0
South Korea,KOR,20200722,2.0,2.0,2.0,4.0,0.0,1.0,1.0,3.0,2.0,2.0,2.0,2.0,0.0,2.0,0.0,53.24,53.91,54.46,50.0
South Korea,KOR,20200723,2.0,2.0,2.0,4.0,0.0,1.0,1.0,3.0,2.0,2.0,2.0,2.0,0.0,2.0,0.0,53.24,53.91,54.46,50.0
South Korea,KOR,20200724,2.0,2.0,2.0,4.0,0.0,1.0,1.0,3.0,2.0,2.0,2.0,2.0,0.0,2.0,0.0,53.24,53.91,54.46,50.0
South Korea,KOR,20200725,2.0,2.0,2.0,4.0,0.0,1.0,1.0,3.0,2.0,2.0,2.0,2.0,0.0,2.0,0.0,53.24,53.91,54.46,50.0
South Korea,KOR,20200726,2.0,2.0,2.0,4.0,0.0,1.0,1.0,3.0,2.0,2.0,2.0,2.0,0.0,2.0,0.0,53.24,53.91,54.46,50.0
South Korea,KOR,20200727,2.0,2.0,2.0,4.0,0.0,1.0,1.0,3.0,2.0,2.0,2.0,2.0,0.0,2.0,0.0,53.24,53.91,54.46,50.0
South Korea,KOR,20200728,2.0,2.0,2.0,4.0,0.0,1.0,1.0,3.0,2.0,2.0,2.0,2.0,0.0,2.0,0.0,53.24,53.91,54.46,50.0
South Korea,KOR,20200729,2.0,2.0,2.0,4.0,0.0,1.0,1.0,3.0,2.0,2.0,2.0,2.0,0.0,2.0,0.0,53.24,53.91,54.46,50.0
South Korea,KOR,20200730,2.0,2.0,2.0,4.0,0.0,1.0,1.0,3.0,2.0,2.0,2.0,2.0,0.0,2.0,0.0,53.24,53.91,54.46,50.0
South Korea,KOR,20200731,2.0,2.0,2.0,4.0,0.0,1.0,1.0,3.0,2.0,2.0,2.0,2.0,0.0,2.0,0.0,53.24,53.91,54.46,50.0
South Korea,KOR,20200801,2.0,2.0,2.0,4.0,0.0,1.0,1.0,3.0,2.0,2.0,2.0,2.0,0.0,2.0,0.0,53.24,53.91,54.46,50.0
South Korea,KOR,20200802,2.0,2.0,2.0,4.0,0.0,1.0,1.0,3.0,2.0,2.0,2.0,2.0,0.0,2.0,0.0,53.24,53.91,54.46,50.0
South Korea,KOR,20200803,2.0,2.0,2.0,4.0,0.0,1.0,1.0,3.0,2.0,2.0,2.0,2.0,0.0,2.0,0.0,53.24,53.91,54.46,50.0
South Korea,KOR,20200804,2.0,2.0,2.0,4.0,0.0,1.0,1.0,3.0,2.0,2.0,2.0,2.0,0.0,2.0,0.0,53.24,53.91,54.46,50.0
South Korea,KOR,20200805,2.0,2.0,2.0,4.0,0.0,1.0,1.0,3.0,2.0,2.0,2.0,2.0,0.0,2.0,0.0,53.24,53.91,54.46,50.0
South Korea,KOR,20200806,2.0,2.0,2.0,4.0,0.0,1.0,1.0,3.0,2.0,2.0,2.0,2.0,0.0,2.0,0.0,53.24,53.91,54.46,50.0
South Korea,KOR,20200807,2.0,2.0,2.0,4.0,0.0,1.0,1.0,3.0,2.0,2.0,2.0,2.0,0.0,2.0,0.0,53.24,53.91,54.46,50.0
South Korea,KOR,20200808,2.0,2.0,2.0,4.0,0.0,1.0,1.0,3.0,2.0,2.0,2.0,2.0,0.0,2.0,0.0,53.24,53.91,54.46,50.0
South Korea,KOR,20200809,2.0,2.0,2.0,4.0,0.0,1.0,1.0,3.0,2.0,2.0,2.0,2.0,0.0,2.0,0.0,53.24,53.91,54.46,50.0
South Korea,KOR,20200810,2.0,2.0,2.0,4.0,0.0,1.0,1.0,3.0,2.0,2.0,2.0,2.0,0.0,2.0,0.0,53.24,53.91,54.46,50.0
South Korea,KOR,20200811,2.0,2.0,2.0,4.0,0.0,1.0,1.0,3.0,2.0,2.0,2.0,2.0,0.0,2.0,0.0,53.24,53.91,54.46,50.0
South Korea,KOR,20200812,2.0,2.0,2.0,4.0,0.0,1.0,1.0,3.0,2.0,2.0,2.0,2.0,0.0,2.0,0.0,53.24,53.91,54.46,50.0
South Korea,KOR,20200813,2.0,2.0,2.0,4.0,0.0,1.0,1.0,3.0,2.0,2.0,2.0,2.0,0.0,2.0,0.0,53.24,53.91,54.46,50.0
South Korea,KOR,20200814,2.0,2.0,2.0,4.0,0.0,1.0,1.0,3.0,2.0,2.0,2.0,2.0,0.0,2.0,0.0,53.24,53.91,54.46,50.0
South Korea,KOR,20200815,2.0,2.0,2.0,4.0,0.0,1.0,1.0,3.0,2.0,2.0,2.0,2.0,0.0,2.0,0.0,53.24,53.91,54.46,50.0
South Korea,KOR,20200816,2.0,2.0,2.0,4.0,0.0,1.0,1.0,3.0,2.0,2.0,2.0,2.0,0.0,2.0,0.0,53.24,53.91,54.46,50.0
South Korea,KOR,20200817,2.0,2.0,2.0,4.0,0.0,1.0,1.0,3.0,2.0,2.0,2.0,2.0,0.0,2.0,0.0,53.24,53.91,54.46,50.0
South Korea,KOR,20200818,2.0,2.0,2.0,4.0,0.0,1.0,1.0,3.0,2.0,2.0,2.0,2.0,0.0,2.0,0.0,53.24,53.91,54.46,50.0
South Korea,KOR,20200819,2.0,2.0,2.0,4.0,0.0,1.0,1.0,3.0,2.0,2.0,2.0,2.0,0.0,2.0,0.0,53.24,53.91,54.46,50.0
South Korea,KOR,20200820,2.0,2.0,2.0,4.0,0.0,1.0,1.0,3.0,2.0,2.0,2.0,2.0,0.0,2.0,0.0,53.24,53.91,54.46,50.0
South Korea,KOR,20200821,2.0,2.0,2.0,4.0,0.0,1.0,1.0,3.0,2.0,2.0,2.0,2.0,0.0,2.0,0.0,53.24,53.91,54.46,50.0
South Korea,KOR,20200822,2.0,2.0,2.0,4.0,0.0,1.0,1.0,3.0,2.0,2.0,2.0,2.0,0.0,2.0,0.0,53.24,53.91,54.46,50.0
South Korea,KOR,20200823,2.0,2.0,2.0,4.0,0.0,1.0,1.0,3.0,2.0,2.0,2.0,2.0,0.0,2.0,0.0,53.24,53.91,54.46,50.0
South Korea,KOR,20200824,2.0,2.0,2.0,4.0,0.0,1.0,1.0,3.0,2.0,2.0,2.0,2.0,0.0,2.0,0.0,53.24,53.91,54.46,50.0
South Korea,KOR,20200825,2.0,2.0,2.0,4.0,0.0,1.0,1.0,3.0,2.0,2.0,2.0,2.0,0.0,2.0,0.0,53.24,53.91,54.46,50.0
South Korea,KOR,20200826,2.0,2.0,2.0,4.0,0.0,1.0,1.0,3.0,2.0,2.0,2.0,2.0,0.0,2.0,0.0,53.24,53.91,54.46,50.0
South Korea,KOR,20200827,2.0,2.0,2.0,4.0,0.0,1.0,1.0,3.0,2.0,2.0,2.0,2.0,0.0,2.0,0.0,53.24,53.91,54.46,50.0
South Korea,KOR,20200828,2.0,2.0,2.0,4.0,0.0,1.0,1.0,3.0,2.0,2.0,2.0,2.0,0.0,2.0,0.0,53.24,53.91,54.46,50.0
South Korea,KOR,20200829,2.0,2.0,2.0,4.0,0.0,1.0,1.0,3.0,2.0,2.0,2.0,2.0,0.0,2.0,0.0,53.24,53.91,54.46,50.0
South Korea,KOR,20200830,2.0,2.0,2.0,4.0,0.0,1.0,1.0,3.0,2.0,2.0,2.0,2.0,0.0,2.0,0.0,53.24,53.91,54.46,50.0
South Korea,KOR,20200831,2.0,2.0,2.0,4.0,0.0,1.0,1.0,3.0,2.0,2.0,2.0,2.0,0.0,2.0,0.0,53.24,53.91,54.46,50.0
South Korea,KOR,20200901,2.0,2.0,2.0,4.0,0.0,1.0,1.0,3.0,2.0,2.0,2.0,2.0,0.0,2.0,0.0,53.24,53.91,54.46,50.0
South Korea,KOR,20200902,2.0,2.0,2.0,4.0,0.0,1.0,1.0,2.0,2.0,2.0,2.0,2.0,0.0,2.0,0.0,50.46,52.34,52.68,50.0
South Korea,KOR,20200903,2.0,2.0,2.0,4.0,0.0,1.0,1.0,2.0,2.0,2.0,2.0,2.0,0.0,2.0,0.0,50.46,52.34,52.68,50.0
South Korea,KOR,20200904,2.0,2.0,2.0,4.0,0.0,1.0,1.0,2.0,2.0,2.0,2.0,2.0,0.0,2.0,0.0,50.46,52.34,52.68,50.0
South Korea,KOR,20200905,2.0,2.0,2.0,4.0,0.0,1.0,1.0,2.0,2.0,2.0,2.0,2.0,0.0,2.0,0.0,50.46,52.34,52.68,50.0
South Korea,KOR,20200906,2.0,2.0,2.0,4.0,0.0,1.0,1.0,2.0,2.0,2.0,2.0,2.0,0.0,2.0,0.0,50.46,52.34,52.68,50.0
South Korea,KOR,20200907,2.0,2.0,2.0,4.0,0.0,1.0,1.0,2.0,2.0,2.0,2.0,2.0,0.0,2.0,0.0,50.46,52.34,52.68,50.0
South Korea,KOR,20200908,2.0,2.0,2.0,4.0,0.0,1.0,1.0,2.0,2.0,2.0,2.0,2.0,0.0,2.0,0.0,50.46,52.34,52.68,50.0
South Korea,KOR,20200909,2.0,2.0,2.0,4.0,0.0,1.0,1.0,2.0,2.0,2.0,2.0,2.0,0.0,2.0,0.0,50.46,52.34,52.68,50.0
South Korea,KOR,20200910,2.0,2.0,2.0,4.0,0.0,1.0,1.0,2.0,2.0,2.0,2.0,2.0,0.0,2.0,0.0,50.46,52.34,52.68,50.0
South Korea,KOR,20200911,2.0,2.0,2.0,4.0,0.0,1.0,1.0,2.0,2.0,2.0,2.0,2.0,0.0,2.0,0.0,50.46,52.34,52.68,50.0
South Korea,KOR,20200912,2.0,2.0,2.0,4.0,0.0,1.0,1.0,2.0,2.0,2.0,2.0,2.0,0.0,2.0,0.0,50.46,52.34,52.68,50.0
South Korea,KOR,20200913,2.0,2.0,2.0,4.0,0.0,1.0,1.0,2.0,2.0,2.0,2.0,2.0,0.0,2.0,0.0,50.46,52.34,52.68,50.0
South Korea,KOR,20200914,2.0,2.0,2.0,4.0,0.0,1.0,1.0,2.0,2.0,2.0,2.0,2.0,0.0,2.0,0.0,50.46,52.34,52.68,50.0
South Korea,KOR,20200915,2.0,2.0,2.0,4.0,0.0,1.0,1.0,2.0,2.0,2.0,2.0,2.0,0.0,2.0,0.0,50.46,52.34,52.68,50.0
South Korea,KOR,20200916,2.0,2.0,2.0,4.0,0.0,1.0,1.0,2.0,2.0,2.0,2.0,2.0,0.0,2.0,0.0,50.46,52.34,52.68,50.0
South Korea,KOR,20200917,2.0,2.0,2.0,4.0,0.0,1.0,1.0,2.0,2.0,2.0,2.0,2.0,0.0,2.0,0.0,50.46,52.34,52.68,50.0
South Korea,KOR,20200918,2.0,2.0,2.0,4.0,0.0,1.0,1.0,2.0,2.0,2.0,2.0,2.0,0.0,2.0,0.0,50.46,52.34,52.68,50.0
South Korea,KOR,20200919,2.0,2.0,2.0,4.0,0.0,1.0,1.0,2.0,2.0,2.0,2.0,2.0,0.0,2.0,0.0,50.46,52.34,52.68,50.0
South Korea,KOR,20200920,2.0,2.0,2.0,4.0,0.0,1.0,1.0,2.0,2.0,2.0,2.0,2.0,0.0,2.0,0.0,50.46,52.34,52.68,50.0
South Korea,KOR,20200921,1.0,2.0,2.0,4.0,0.0,1.0,1.0,2.0,2.0,2.0,2.0,2.0,0.0,2.0,0.0,48.61,51.3,51.49,50.0
South Korea,KOR,20200922,1.0,2.0,2.0,4.0,0.0,1.0,1.0,2.0,2.0,2.0,2.0,2.0,0.0,2.0,0.0,48.61,51.3,51.49,50.0
South Korea,KOR,20200923,1.0,2.0,2.0,4.0,0.0,1.0,1.0,2.0,2.0,2.0,2.0,2.0,0.0,2.0,0.0,48.61,51.3,51.49,50.0
South Korea,KOR,20200924,1.0,2.0,2.0,4.0,0.0,1.0,1.0,2.0,2.0,2.0,2.0,2.0,0.0,2.0,0.0,48.61,51.3,51.49,50.0
South Korea,KOR,20200925,1.0,2.0,2.0,4.0,0.0,1.0,1.0,2.0,2.0,2.0,2.0,2.0,0.0,2.0,0.0,48.61,51.3,51.49,50.0
South Korea,KOR,20200926,1.0,2.0,2.0,4.0,0.0,1.0,1.0,2.0,2.0,2.0,2.0,2.0,0.0,2.0,0.0,48.61,51.3,51.49,50.0
South Korea,KOR,20200927,1.0,2.0,2.0,4.0,0.0,1.0,1.0,2.0,2.0,2.0,2.0,2.0,0.0,2.0,0.0,48.61,51.3,51.49,50.0
South Korea,KOR,20200928,1.0,2.0,2.0,3.0,0.0,1.0,2.0,2.0,2.0,2.0,2.0,2.0,0.0,2.0,0.0,60.19,57.81,58.93,50.0
South Korea,KOR,20200929,1.0,2.0,2.0,3.0,0.0,1.0,2.0,2.0,2.0,2.0,2.0,2.0,0.0,2.0,0.0,60.19,57.81,58.93,50.0
South Korea,KOR,20200930,1.0,2.0,2.0,3.0,0.0,1.0,2.0,2.0,2.0,2.0,2.0,2.0,0.0,2.0,0.0,60.19,57.81,58.93,50.0
South Korea,KOR,20201001,1.0,2.0,2.0,3.0,0.0,1.0,2.0,2.0,2.0,2.0,2.0,2.0,0.0,2.0,0.0,60.19,57.81,58.93,50.0
South Korea,KOR,20201002,1.0,2.0,2.0,3.0,0.0,1.0,2.0,2.0,2.0,2.0,2.0,2.0,0.0,2.0,0.0,60.19,57.81,58.93,50.0
South Korea,KOR,20201003,1.0,2.0,2.0,4.0,0.0,1.0,2.0,2.0,2.0,2.0,2.0,2.0,0.0,2.0,0.0,62.96,59.38,60.71,50.0
South Korea,KOR,20201004,1.0,2.0,2.0,3.0,0.0,1.0,2.0,2.0,2.0,2.0,2.0,2.0,0.0,2.0,0.0,60.19,57.81,58.93,50.0
South Korea,KOR,20201005,3.0,2.0,2.0,3.0,0.0,1.0,2.0,2.0,2.0,2.0,2.0,2.0,0.0,2.0,0.0,65.74,60.94,62.5,50.0
South Korea,KOR,20201006,3.0,2.0,2.0,3.0,0.0,1.0,2.0,2.0,2.0,2.0,2.0,2.0,0.0,2.0,0.0,65.74,60.94,62.5,50.0
South Korea,KOR,20201007,3.0,2.0,2.0,3.0,0.0,1.0,2.0,2.0,2.0,2.0,2.0,2.0,0.0,2.0,0.0,65.74,60.94,62.5,50.0
South Korea,KOR,20201008,3.0,2.0,2.0,3.0,0.0,1.0,2.0,2.0,2.0,2.0,2.0,2.0,0.0,2.0,0.0,65.74,60.94,62.5,50.0
South Korea,KOR,20201009,1.0,2.0,2.0,3.0,0.0,1.0,2.0,2.0,2.0,2.0,2.0,2.0,0.0,2.0,0.0,60.19,57.81,58.93,50.0
South Korea,KOR,20201010,1.0,2.0,2.0,3.0,0.0,1.0,2.0,2.0,2.0,2.0,2.0,2.0,0.0,2.0,0.0,60.19,57.81,58.93,50.0
South Korea,KOR,20201011,1.0,2.0,2.0,3.0,0.0,1.0,2.0,2.0,2.0,2.0,2.0,2.0,0.0,2.0,0.0,60.19,57.81,58.93,50.0
South Korea,KOR,20201012,1.0,1.0,2.0,3.0,0.0,1.0,2.0,2.0,2.0,2.0,2.0,2.0,0.0,2.0,0.0,56.94,55.99,56.85,50.0
South Korea,KOR,20201013,1.0,1.0,2.0,3.0,0.0,1.0,2.0,2.0,2.0,2.0,2.0,3.0,0.0,2.0,0.0,56.94,57.55,58.63,50.0
South Korea,KOR,20201014,1.0,1.0,2.0,3.0,0.0,1.0,2.0,2.0,2.0,2.0,2.0,3.0,0.0,2.0,0.0,56.94,57.55,58.63,50.0
South Korea,KOR,20201015,1.0,1.0,2.0,3.0,0.0,1.0,2.0,2.0,2.0,2.0,2.0,3.0,0.0,2.0,0.0,56.94,57.55,58.63,50.0
South Korea,KOR,20201016,1.0,1.0,2.0,3.0,0.0,1.0,2.0,2.0,2.0,2.0,2.0,3.0,0.0,2.0,0.0,56.94,57.55,58.63,50.0
South Korea,KOR,20201017,1.0,1.0,2.0,3.0,0.0,1.0,2.0,2.0,2.0,2.0,2.0,3.0,0.0,2.0,0.0,56.94,57.55,58.63,50.0
South Korea,KOR,20201018,1.0,1.0,2.0,3.0,0.0,1.0,2.0,2.0,2.0,2.0,2.0,3.0,0.0,2.0,0.0,56.94,57.55,58.63,50.0
South Korea,KOR,20201019,1.0,1.0,2.0,3.0,0.0,1.0,2.0,2.0,2.0,2.0,2.0,3.0,0.0,2.0,0.0,56.94,57.55,58.63,50.0
South Korea,KOR,20201020,1.0,1.0,2.0,3.0,0.0,1.0,2.0,2.0,2.0,2.0,2.0,3.0,0.0,2.0,0.0,56.94,57.55,58.63,50.0
South Korea,KOR,20201021,1.0,1.0,2.0,3.0,0.0,1.0,2.0,2.0,2.0,2.0,2.0,3.0,0.0,2.0,0.0,56.94,57.55,58.63,50.0
South Korea,KOR,20201022,1.0,1.0,2.0,3.0,0.0,1.0,2.0,2.0,2.0,2.0,2.0,3.0,0.0,2.0,0.0,56.94,57.55,58.63,50.0
South Korea,KOR,20201023,1.0,1.0,2.0,3.0,0.0,1.0,2.0,2.0,2.0,2.0,2.0,3.0,0.0,2.0,0.0,56.94,57.55,58.63,50.0
South Korea,KOR,20201024,1.0,1.0,2.0,3.0,0.0,1.0,2.0,2.0,2.0,2.0,2.0,3.0,0.0,2.0,0.0,56.94,57.55,58.63,50.0
South Korea,KOR,20201025,1.0,1.0,1.0,3.0,0.0,1.0,2.0,2.0,2.0,2.0,2.0,3.0,0.0,2.0,0.0,51.39,54.43,55.06,50.0
South Korea,KOR,20201026,1.0,1.0,1.0,3.0,0.0,1.0,2.0,2.0,2.0,2.0,2.0,3.0,0.0,2.0,0.0,51.39,54.43,55.06,50.0
South Korea,KOR,20201027,1.0,1.0,1.0,3.0,0.0,1.0,2.0,2.0,2.0,2.0,2.0,3.0,0.0,2.0,0.0,51.39,54.43,55.06,50.0
South Korea,KOR,20201028,1.0,1.0,1.0,3.0,0.0,1.0,2.0,2.0,2.0,2.0,2.0,3.0,0.0,2.0,0.0,51.39,54.43,55.06,50.0
South Korea,KOR,20201029,1.0,1.0,1.0,3.0,0.0,1.0,2.0,2.0,2.0,2.0,2.0,3.0,0.0,2.0,0.0,51.39,54.43,55.06,50.0
South Korea,KOR,20201030,1.0,1.0,1.0,3.0,0.0,1.0,2.0,2.0,2.0,2.0,2.0,3.0,0.0,2.0,0.0,51.39,54.43,55.06,50.0
South Korea,KOR,20201031,1.0,1.0,1.0,3.0,0.0,1.0,2.0,2.0,2.0,2.0,2.0,3.0,0.0,2.0,0.0,51.39,54.43,55.06,50.0
South Korea,KOR,20201101,1.0,1.0,1.0,3.0,0.0,1.0,2.0,2.0,2.0,2.0,2.0,3.0,0.0,2.0,0.0,51.39,54.43,55.06,50.0
South Korea,KOR,20201102,1.0,1.0,1.0,3.0,0.0,1.0,2.0,2.0,2.0,2.0,2.0,3.0,0.0,2.0,0.0,51.39,54.43,55.06,50.0
South Korea,KOR,20201103,1.0,1.0,1.0,3.0,0.0,1.0,2.0,2.0,2.0,2.0,2.0,3.0,0.0,2.0,0.0,51.39,54.43,55.06,50.0
South Korea,KOR,20201104,1.0,1.0,1.0,3.0,0.0,1.0,2.0,2.0,2.0,2.0,2.0,3.0,0.0,2.0,0.0,51.39,54.43,55.06,50.0
South Korea,KOR,20201105,1.0,1.0,1.0,3.0,0.0,1.0,2.0,2.0,2.0,2.0,2.0,3.0,0.0,2.0,0.0,51.39,54.43,55.06,50.0
South Korea,KOR,20201106,1.0,1.0,1.0,3.0,0.0,1.0,2.0,2.0,2.0,2.0,2.0,3.0,0.0,2.0,0.0,51.39,54.43,55.06,50.0
South Korea,KOR,20201107,1.0,1.0,1.0,3.0,0.0,1.0,2.0,2.0,2.0,2.0,2.0,3.0,0.0,2.0,0.0,51.39,54.43,55.06,50.0
South Korea,KOR,20201108,1.0,1.0,1.0,3.0,0.0,1.0,2.0,2.0,2.0,2.0,2.0,3.0,0.0,2.0,0.0,51.39,54.43,55.06,50.0
South Korea,KOR,20201109,1.0,1.0,1.0,3.0,0.0,1.0,2.0,2.0,2.0,2.0,2.0,3.0,0.0,2.0,0.0,51.39,54.43,55.06,50.0
South Korea,KOR,20201110,1.0,1.0,1.0,3.0,0.0,1.0,2.0,2.0,2.0,2.0,2.0,3.0,0.0,2.0,0.0,51.39,54.43,55.06,50.0
South Korea,KOR,20201111,1.0,1.0,1.0,3.0,0.0,1.0,2.0,2.0,2.0,2.0,2.0,3.0,0.0,2.0,0.0,51.39,54.43,55.06,50.0
South Korea,KOR,20201112,1.0,1.0,1.0,3.0,0.0,1.0,2.0,2.0,2.0,2.0,2.0,3.0,0.0,2.0,0.0,51.39,54.43,55.06,50.0
South Korea,KOR,20201113,1.0,1.0,1.0,3.0,0.0,1.0,2.0,2.0,2.0,2.0,2.0,3.0,0.0,2.0,0.0,51.39,54.43,55.06,50.0
South Korea,KOR,20201114,1.0,1.0,1.0,3.0,0.0,1.0,2.0,2.0,2.0,2.0,2.0,3.0,0.0,2.0,0.0,51.39,54.43,55.06,50.0
South Korea,KOR,20201115,1.0,1.0,1.0,3.0,0.0,1.0,2.0,2.0,2.0,2.0,2.0,3.0,0.0,2.0,0.0,51.39,54.43,55.06,50.0
South Korea,KOR,20201116,1.0,1.0,1.0,3.0,0.0,1.0,2.0,2.0,2.0,2.0,2.0,3.0,0.0,2.0,0.0,51.39,54.43,55.06,50.0
South Korea,KOR,20201117,1.0,1.0,1.0,3.0,0.0,1.0,2.0,2.0,2.0,2.0,2.0,3.0,0.0,2.0,0.0,51.39,54.43,55.06,50.0
South Korea,KOR,20201118,1.0,1.0,1.0,3.0,0.0,1.0,2.0,2.0,2.0,2.0,2.0,3.0,0.0,2.0,0.0,51.39,54.43,55.06,50.0
South Korea,KOR,20201119,1.0,1.0,1.0,3.0,0.0,1.0,2.0,2.0,2.0,2.0,2.0,3.0,0.0,2.0,0.0,51.39,54.43,55.06,50.0
South Korea,KOR,20201120,1.0,1.0,1.0,3.0,0.0,1.0,2.0,2.0,2.0,2.0,2.0,3.0,0.0,2.0,0.0,51.39,54.43,55.06,50.0
South Korea,KOR,20201121,1.0,1.0,1.0,3.0,0.0,1.0,2.0,2.0,2.0,2.0,2.0,3.0,0.0,2.0,0.0,51.39,54.43,55.06,50.0
South Korea,KOR,20201122,1.0,1.0,1.0,3.0,0.0,1.0,2.0,2.0,2.0,2.0,2.0,3.0,0.0,2.0,0.0,51.39,54.43,55.06,50.0
South Korea,KOR,20201123,1.0,1.0,2.0,4.0,0.0,1.0,2.0,2.0,2.0,2.0,2.0,3.0,0.0,2.0,0.0,56.94,57.55,58.63,50.0
South Korea,KOR,20201124,1.0,1.0,2.0,4.0,0.0,1.0,2.0,2.0,2.0,2.0,2.0,3.0,0.0,2.0,0.0,54.17,55.99,56.85,50.0
South Korea,KOR,20201125,1.0,1.0,2.0,4.0,0.0,1.0,2.0,2.0,2.0,2.0,2.0,3.0,0.0,2.0,0.0,54.17,55.99,56.85,50.0
South Korea,KOR,20201126,2.0,1.0,2.0,4.0,0.0,1.0,2.0,2.0,2.0,2.0,2.0,3.0,0.0,2.0,0.0,57.87,58.07,59.23,50.0
South Korea,KOR,20201127,2.0,1.0,2.0,4.0,0.0,1.0,2.0,2.0,2.0,2.0,2.0,3.0,0.0,2.0,0.0,57.87,58.07,59.23,50.0
South Korea,KOR,20201128,2.0,1.0,2.0,4.0,0.0,1.0,2.0,2.0,2.0,2.0,2.0,3.0,0.0,2.0,0.0,57.87,58.07,59.23,50.0
South Korea,KOR,20201129,2.0,1.0,2.0,4.0,0.0,1.0,2.0,2.0,2.0,2.0,2.0,3.0,0.0,2.0,0.0,57.87,58.07,59.23,50.0
South Korea,KOR,20201130,2.0,1.0,2.0,4.0,0.0,1.0,2.0,2.0,2.0,2.0,2.0,3.0,0.0,2.0,0.0,57.87,58.07,59.23,50.0
South Korea,KOR,20201201,2.0,1.0,2.0,4.0,0.0,1.0,2.0,2.0,2.0,2.0,2.0,3.0,0.0,2.0,0.0,60.65,59.64,61.01,50.0
South Korea,KOR,20201202,2.0,1.0,2.0,4.0,0.0,1.0,2.0,2.0,2.0,2.0,2.0,3.0,0.0,2.0,0.0,60.65,59.64,61.01,50.0
South Korea,KOR,20201203,2.0,1.0,2.0,4.0,0.0,1.0,2.0,2.0,2.0,2.0,2.0,3.0,0.0,2.0,0.0,60.65,59.64,61.01,50.0
South Korea,KOR,20201204,2.0,1.0,2.0,4.0,0.0,1.0,2.0,2.0,2.0,2.0,2.0,3.0,0.0,2.0,0.0,60.65,59.64,61.01,50.0
South Korea,KOR,20201205,2.0,1.0,2.0,4.0,0.0,1.0,2.0,2.0,2.0,2.0,2.0,3.0,0.0,2.0,0.0,60.65,59.64,61.01,50.0
South Korea,KOR,20201206,2.0,1.0,2.0,4.0,0.0,1.0,2.0,2.0,2.0,2.0,2.0,3.0,0.0,2.0,0.0,60.65,59.64,61.01,50.0
South Korea,KOR,20201207,2.0,1.0,2.0,4.0,0.0,1.0,2.0,2.0,2.0,2.0,2.0,3.0,0.0,2.0,0.0,60.65,59.64,61.01,50.0
South Korea,KOR,20201208,2.0,1.0,2.0,3.0,0.0,1.0,2.0,2.0,2.0,2.0,2.0,3.0,0.0,2.0,0.0,57.87,58.07,59.23,50.0
South Korea,KOR,20201209,2.0,1.0,2.0,3.0,0.0,1.0,2.0,2.0,2.0,2.0,2.0,3.0,0.0,2.0,0.0,57.87,58.07,59.23,50.0
South Korea,KOR,20201210,2.0,1.0,2.0,3.0,0.0,1.0,2.0,2.0,2.0,2.0,2.0,3.0,0.0,2.0,0.0,57.87,58.07,59.23,50.0
South Korea,KOR,20201211,2.0,1.0,2.0,3.0,0.0,1.0,2.0,2.0,2.0,2.0,2.0,3.0,0.0,2.0,0.0,57.87,58.07,59.23,50.0
South Korea,KOR,20201212,2.0,1.0,2.0,3.0,0.0,1.0,2.0,2.0,2.0,2.0,2.0,3.0,0.0,2.0,0.0,57.87,58.07,59.23,50.0
South Korea,KOR,20201213,2.0,1.0,2.0,3.0,0.0,1.0,2.0,2.0,2.0,2.0,2.0,3.0,0.0,2.0,0.0,57.87,58.07,59.23,50.0
South Korea,KOR,20201214,2.0,1.0,2.0,3.0,0.0,1.0,2.0,2.0,2.0,2.0,2.0,3.0,0.0,2.0,0.0,57.87,58.07,59.23,50.0
South Korea,KOR,20201215,2.0,1.0,2.0,3.0,0.0,1.0,2.0,2.0,2.0,2.0,2.0,3.0,0.0,2.0,0.0,57.87,58.07,59.23,50.0
South Korea,KOR,20201216,2.0,1.0,2.0,3.0,0.0,1.0,2.0,2.0,2.0,2.0,2.0,3.0,0.0,2.0,0.0,57.87,58.07,59.23,50.0
South Korea,KOR,20201217,2.0,1.0,2.0,3.0,0.0,1.0,2.0,2.0,2.0,2.0,2.0,3.0,0.0,2.0,0.0,57.87,58.07,59.23,50.0
South Korea,KOR,20201218,2.0,1.0,2.0,3.0,0.0,1.0,2.0,2.0,2.0,2.0,2.0,3.0,0.0,2.0,0.0,57.87,58.07,59.23,50.0
South Korea,KOR,20201219,2.0,1.0,2.0,3.0,0.0,1.0,2.0,2.0,2.0,2.0,2.0,3.0,0.0,2.0,0.0,57.87,58.07,59.23,50.0
South Korea,KOR,20201220,2.0,1.0,2.0,3.0,0.0,1.0,2.0,2.0,2.0,2.0,2.0,3.0,0.0,2.0,0.0,57.87,58.07,59.23,50.0
South Korea,KOR,20201221,2.0,1.0,2.0,3.0,0.0,1.0,2.0,2.0,2.0,2.0,2.0,3.0,0.0,2.0,0.0,57.87,58.07,59.23,50.0
South Korea,KOR,20201222,2.0,2.0,2.0,3.0,0.0,1.0,2.0,2.0,2.0,2.0,2.0,3.0,0.0,2.0,0.0,61.57,60.16,61.61,50.0
South Korea,KOR,20201223,2.0,2.0,2.0,4.0,0.0,1.0,2.0,3.0,2.0,2.0,2.0,3.0,0.0,2.0,0.0,67.13,63.28,65.18,50.0
South Korea,KOR,20201224,3.0,2.0,2.0,4.0,0.0,1.0,2.0,3.0,2.0,2.0,2.0,3.0,0.0,2.0,0.0,68.98,64.32,66.37,50.0
South Korea,KOR,20201225,3.0,2.0,2.0,4.0,0.0,1.0,2.0,3.0,2.0,2.0,2.0,3.0,0.0,2.0,0.0,68.98,64.32,66.37,50.0
South Korea,KOR,20201226,3.0,2.0,2.0,4.0,0.0,1.0,2.0,3.0,2.0,2.0,2.0,3.0,0.0,2.0,0.0,68.98,64.32,66.37,50.0
South Korea,KOR,20201227,3.0,2.0,2.0,4.0,0.0,1.0,2.0,3.0,2.0,2.0,2.0,3.0,0.0,2.0,0.0,68.98,64.32,66.37,50.0
South Korea,KOR,20201228,3.0,2.0,2.0,4.0,0.0,1.0,2.0,3.0,2.0,2.0,2.0,3.0,0.0,2.0,0.0,68.98,64.32,66.37,50.0
South Korea,KOR,20201229,3.0,2.0,2.0,4.0,0.0,1.0,2.0,3.0,2.0,2.0,2.0,3.0,0.0,2.0,0.0,68.98,64.32,66.37,50.0
South Korea,KOR,20201230,3.0,2.0,2.0,4.0,0.0,1.0,2.0,3.0,2.0,2.0,2.0,3.0,0.0,2.0,0.0,68.98,64.32,66.37,50.0
South Korea,KOR,20201231,3.0,2.0,2.0,4.0,0.0,1.0,2.0,3.0,2.0,2.0,2.0,3.0,0.0,2.0,0.0,68.98,64.32,66.37,50.0
South Korea,KOR,20210101,3.0,2.0,2.0,4.0,0.0,1.0,0.0,3.0,2.0,2.0,2.0,3.0,0.0,2.0,0.0,60.65,56.51,61.01,25.0
South Korea,KOR,20210102,3.0,2.0,2.0,4.0,0.0,1.0,0.0,3.0,2.0,2.0,2.0,3.0,0.0,2.0,0.0,62.04,57.29,61.9,25.0
South Korea,KOR,20210103,3.0,2.0,2.0,4.0,0.0,1.0,0.0,3.0,2.0,2.0,2.0,3.0,0.0,2.0,0.0,62.04,57.29,61.9,25.0
South Korea,KOR,20210104,3.0,2.0,2.0,4.0,0.0,1.0,0.0,3.0,2.0,2.0,2.0,3.0,0.0,2.0,0.0,62.04,57.29,61.9,25.0
South Korea,KOR,20210105,3.0,2.0,2.0,4.0,0.0,1.0,1.0,3.0,2.0,2.0,2.0,3.0,0.0,2.0,0.0,67.59,60.42,65.48,25.0
South Korea,KOR,20210106,3.0,2.0,2.0,4.0,0.0,1.0,1.0,3.0,2.0,2.0,2.0,3.0,0.0,2.0,0.0,67.59,60.42,65.48,25.0
South Korea,KOR,20210107,3.0,1.0,2.0,4.0,0.0,1.0,1.0,3.0,2.0,2.0,2.0,3.0,0.0,2.0,0.0,63.89,58.33,63.1,25.0
South Korea,KOR,20210108,3.0,1.0,2.0,4.0,0.0,1.0,1.0,3.0,2.0,2.0,2.0,3.0,0.0,2.0,0.0,63.89,58.33,63.1,25.0
South Korea,KOR,20210109,3.0,1.0,2.0,4.0,0.0,1.0,1.0,3.0,2.0,2.0,2.0,3.0,0.0,2.0,0.0,63.89,58.33,63.1,25.0
South Korea,KOR,20210110,3.0,1.0,2.0,4.0,0.0,1.0,1.0,3.0,2.0,2.0,2.0,3.0,0.0,2.0,0.0,63.89,58.33,63.1,25.0
South Korea,KOR,20210111,3.0,1.0,2.0,4.0,0.0,1.0,1.0,3.0,2.0,2.0,2.0,3.0,0.0,2.0,0.0,63.89,58.33,63.1,25.0
South Korea,KOR,20210112,3.0,1.0,2.0,4.0,0.0,1.0,1.0,3.0,2.0,2.0,2.0,3.0,0.0,2.0,0.0,63.89,58.33,63.1,25.0
South Korea,KOR,20210113,3.0,1.0,2.0,4.0,0.0,1.0,1.0,3.0,2.0,2.0,2.0,3.0,0.0,2.0,0.0,63.89,58.33,63.1,25.0
South Korea,KOR,20210114,3.0,1.0,2.0,4.0,0.0,1.0,1.0,3.0,2.0,2.0,2.0,3.0,0.0,2.0,0.0,63.89,58.33,63.1,25.0
South Korea,KOR,20210115,3.0,1.0,2.0,4.0,0.0,1.0,1.0,3.0,2.0,2.0,2.0,3.0,0.0,2.0,0.0,63.89,58.33,63.1,25.0
South Korea,KOR,20210116,3.0,1.0,2.0,4.0,0.0,1.0,1.0,3.0,2.0,2.0,2.0,3.0,0.0,2.0,0.0,63.89,58.33,63.1,25.0
South Korea,KOR,20210117,3.0,1.0,2.0,4.0,0.0,1.0,1.0,3.0,2.0,2.0,2.0,3.0,0.0,2.0,0.0,63.89,58.33,63.1,25.0
South Korea,KOR,20210118,3.0,1.0,2.0,4.0,0.0,1.0,1.0,3.0,2.0,2.0,2.0,3.0,0.0,2.0,0.0,63.89,58.33,63.1,25.0
South Korea,KOR,20210119,3.0,1.0,2.0,4.0,0.0,1.0,1.0,3.0,2.0,2.0,2.0,3.0,0.0,2.0,0.0,63.89,58.33,63.1,25.0
South Korea,KOR,20210120,3.0,1.0,2.0,4.0,0.0,1.0,1.0,3.0,2.0,2.0,2.0,3.0,0.0,2.0,0.0,63.89,58.33,63.1,25.0
South Korea,KOR,20210121,3.0,1.0,2.0,4.0,0.0,1.0,1.0,3.0,2.0,2.0,2.0,3.0,0.0,2.0,0.0,63.89,58.33,63.1,25.0
South Korea,KOR,20210122,3.0,1.0,2.0,4.0,0.0,1.0,1.0,3.0,2.0,2.0,2.0,3.0,0.0,2.0,0.0,63.89,58.33,63.1,25.0
South Korea,KOR,20210123,3.0,1.0,2.0,4.0,0.0,1.0,1.0,3.0,2.0,2.0,2.0,3.0,0.0,2.0,0.0,63.89,58.33,63.1,25.0
South Korea,KOR,20210124,3.0,1.0,2.0,4.0,0.0,1.0,1.0,3.0,2.0,2.0,2.0,3.0,0.0,2.0,0.0,63.89,58.33,63.1,25.0
South Korea,KOR,20210125,3.0,1.0,2.0,4.0,0.0,1.0,1.0,3.0,2.0,2.0,2.0,3.0,0.0,2.0,0.0,63.89,58.33,63.1,25.0
South Korea,KOR,20210126,3.0,1.0,2.0,4.0,0.0,1.0,1.0,3.0,2.0,2.0,2.0,3.0,0.0,2.0,0.0,63.89,58.33,63.1,25.0
South Korea,KOR,20210127,3.0,1.0,2.0,4.0,0.0,1.0,1.0,3.0,2.0,2.0,2.0,3.0,0.0,2.0,0.0,63.89,58.33,63.1,25.0
South Korea,KOR,20210128,3.0,1.0,2.0,4.0,0.0,1.0,1.0,3.0,2.0,2.0,2.0,3.0,0.0,2.0,0.0,63.89,58.33,63.1,25.0
South Korea,KOR,20210129,3.0,1.0,2.0,4.0,0.0,1.0,1.0,3.0,2.0,2.0,2.0,3.0,0.0,2.0,0.0,63.89,58.33,63.1,25.0
South Korea,KOR,20210130,3.0,1.0,2.0,4.0,0.0,1.0,1.0,3.0,2.0,2.0,2.0,3.0,0.0,2.0,0.0,63.89,58.33,63.1,25.0
South Korea,KOR,20210131,3.0,1.0,2.0,4.0,0.0,1.0,1.0,3.0,2.0,2.0,2.0,3.0,0.0,2.0,0.0,63.89,58.33,63.1,25.0
South Korea,KOR,20210201,3.0,1.0,2.0,4.0,0.0,1.0,1.0,3.0,2.0,2.0,2.0,3.0,0.0,2.0,0.0,63.89,58.33,63.1,25.0
South Korea,KOR,20210202,3.0,1.0,2.0,4.0,0.0,1.0,1.0,3.0,2.0,2.0,2.0,3.0,0.0,2.0,0.0,63.89,58.33,63.1,25.0
South Korea,KOR,20210203,3.0,1.0,2.0,4.0,0.0,1.0,1.0,3.0,2.0,2.0,2.0,3.0,0.0,2.0,0.0,63.89,58.33,63.1,25.0
South Korea,KOR,20210204,3.0,1.0,2.0,4.0,0.0,1.0,1.0,3.0,2.0,2.0,2.0,3.0,0.0,2.0,0.0,63.89,58.33,63.1,25.0
South Korea,KOR,20210205,3.0,1.0,2.0,4.0,0.0,1.0,1.0,3.0,2.0,2.0,2.0,3.0,0.0,2.0,0.0,63.89,58.33,63.1,25.0
South Korea,KOR,20210206,3.0,1.0,2.0,4.0,0.0,1.0,1.0,3.0,2.0,2.0,2.0,3.0,0.0,2.0,0.0,63.89,58.33,63.1,25.0
South Korea,KOR,20210207,3.0,1.0,2.0,4.0,0.0,1.0,1.0,3.0,2.0,2.0,2.0,3.0,0.0,2.0,0.0,63.89,58.33,63.1,25.0
South Korea,KOR,20210208,3.0,1.0,2.0,4.0,0.0,1.0,1.0,3.0,2.0,2.0,2.0,3.0,0.0,2.0,0.0,63.89,58.33,63.1,25.0
South Korea,KOR,20210209,3.0,1.0,2.0,4.0,0.0,1.0,1.0,3.0,2.0,2.0,2.0,3.0,0.0,2.0,0.0,63.89,58.33,63.1,25.0
South Korea,KOR,20210210,3.0,1.0,2.0,4.0,0.0,1.0,1.0,3.0,2.0,2.0,2.0,3.0,0.0,2.0,0.0,63.89,58.33,63.1,25.0
South Korea,KOR,20210211,3.0,1.0,2.0,4.0,0.0,1.0,1.0,3.0,2.0,2.0,2.0,3.0,0.0,2.0,0.0,63.89,58.33,63.1,25.0
South Korea,KOR,20210212,3.0,1.0,2.0,4.0,0.0,1.0,1.0,3.0,2.0,2.0,2.0,3.0,0.0,2.0,0.0,63.89,58.33,63.1,25.0
South Korea,KOR,20210213,3.0,1.0,2.0,4.0,0.0,1.0,1.0,3.0,2.0,2.0,2.0,3.0,0.0,2.0,0.0,63.89,58.33,63.1,25.0
South Korea,KOR,20210214,3.0,1.0,2.0,4.0,0.0,1.0,1.0,3.0,2.0,2.0,2.0,3.0,0.0,2.0,0.0,63.89,58.33,63.1,25.0
South Korea,KOR,20210215,3.0,1.0,2.0,4.0,0.0,1.0,1.0,3.0,2.0,2.0,2.0,3.0,0.0,2.0,0.0,63.89,58.33,63.1,25.0
South Korea,KOR,20210216,3.0,1.0,2.0,4.0,0.0,1.0,1.0,3.0,2.0,2.0,2.0,3.0,0.0,2.0,0.0,63.89,58.33,63.1,25.0
South Korea,KOR,20210217,3.0,1.0,2.0,4.0,0.0,1.0,1.0,3.0,2.0,2.0,2.0,3.0,0.0,2.0,0.0,63.89,58.33,63.1,25.0
South Korea,KOR,20210218,3.0,1.0,2.0,4.0,0.0,1.0,1.0,3.0,2.0,2.0,2.0,3.0,0.0,2.0,0.0,63.89,58.33,63.1,25.0
South Korea,KOR,20210219,3.0,1.0,2.0,4.0,0.0,1.0,1.0,3.0,2.0,2.0,2.0,3.0,0.0,2.0,0.0,63.89,58.33,63.1,25.0
South Korea,KOR,20210220,3.0,1.0,2.0,4.0,0.0,1.0,1.0,3.0,2.0,2.0,2.0,3.0,0.0,2.0,0.0,63.89,58.33,63.1,25.0
South Korea,KOR,20210221,3.0,1.0,2.0,4.0,0.0,1.0,1.0,3.0,2.0,2.0,2.0,3.0,0.0,2.0,0.0,63.89,58.33,63.1,25.0
South Korea,KOR,20210222,3.0,1.0,2.0,4.0,0.0,1.0,1.0,3.0,2.0,2.0,2.0,3.0,0.0,2.0,0.0,63.89,58.33,63.1,25.0
South Korea,KOR,20210223,3.0,1.0,2.0,4.0,0.0,1.0,1.0,3.0,2.0,2.0,2.0,3.0,0.0,2.0,0.0,63.89,58.33,63.1,25.0
South Korea,KOR,20210224,3.0,1.0,2.0,4.0,0.0,1.0,1.0,3.0,2.0,2.0,2.0,3.0,0.0,2.0,0.0,63.89,58.33,63.1,25.0
South Korea,KOR,20210225,3.0,1.0,2.0,4.0,0.0,1.0,1.0,3.0,2.0,2.0,2.0,3.0,0.0,2.0,0.0,63.89,58.33,63.1,25.0
South Korea,KOR,20210226,3.0,1.0,2.0,4.0,0.0,1.0,1.0,3.0,2.0,2.0,2.0,3.0,2.0,2.0,0.02,63.89,60.83,65.95,25.0
South Korea,KOR,20210227,3.0,1.0,2.0,4.0,0.0,1.0,1.0,3.0,2.0,2.0,2.0,3.0,2.0,2.0,0.02,63.89,60.83,65.95,25.0
South Korea,KOR,20210228,3.0,1.0,2.0,4.0,0.0,1.0,1.0,3.0,2.0,2.0,2.0,3.0,2.0,2.0,0.02,63.89,60.83,65.95,25.0
South Korea,KOR,20210301,1.0,1.0,2.0,4.0,0.0,1.0,1.0,3.0,2.0,2.0,2.0,3.0,2.0,2.0,0.02,58.33,57.71,62.38,25.0
South Korea,KOR,20210302,1.0,1.0,2.0,4.0,0.0,1.0,1.0,3.0,2.0,2.0,2.0,3.0,2.0,2.0,0.02,58.33,57.71,62.38,25.0
South Korea,KOR,20210303,1.0,1.0,2.0,4.0,0.0,1.0,1.0,3.0,2.0,2.0,2.0,3.0,2.0,2.0,0.02,58.33,57.71,62.38,25.0
South Korea,KOR,20210304,1.0,1.0,2.0,4.0,0.0,1.0,1.0,3.0,2.0,2.0,2.0,3.0,2.0,2.0,0.03,58.33,57.71,62.38,25.0
South Korea,KOR,20210305,1.0,1.0,2.0,4.0,0.0,1.0,1.0,3.0,2.0,2.0,2.0,3.0,2.0,2.0,0.03,58.33,57.71,62.38,25.0
South Korea,KOR,20210306,1.0,1.0,2.0,4.0,0.0,1.0,1.0,3.0,2.0,2.0,2.0,3.0,2.0,2.0,0.03,58.33,57.71,62.38,25.0
South Korea,KOR,20210307,1.0,1.0,2.0,4.0,0.0,1.0,1.0,3.0,2.0,2.0,2.0,3.0,2.0,2.0,0.03,58.33,57.71,62.38,25.0
South Korea,KOR,20210308,1.0,1.0,2.0,4.0,0.0,1.0,1.0,3.0,2.0,2.0,2.0,3.0,2.0,2.0,0.03,58.33,57.71,62.38,25.0
South Korea,KOR,20210309,1.0,1.0,2.0,4.0,0.0,1.0,1.0,3.0,2.0,2.0,2.0,3.0,2.0,2.0,0.03,58.33,57.71,62.38,25.0
South Korea,KOR,20210310,1.0,1.0,2.0,4.0,0.0,1.0,1.0,3.0,2.0,2.0,2.0,3.0,2.0,2.0,0.03,58.33,57.71,62.38,25.0
South Korea,KOR,20210311,1.0,1.0,2.0,4.0,0.0,1.0,1.0,3.0,2.0,2.0,2.0,3.0,2.0,2.0,0.03,58.33,57.71,62.38,25.0
South Korea,KOR,20210312,1.0,1.0,2.0,4.0,0.0,1.0,1.0,3.0,2.0,2.0,2.0,3.0,2.0,2.0,0.03,58.33,57.71,62.38,25.0
South Korea,KOR,20210313,1.0,1.0,2.0,4.0,0.0,1.0,1.0,3.0,2.0,2.0,2.0,3.0,2.0,2.0,0.03,58.33,57.71,62.38,25.0
South Korea,KOR,20210314,1.0,1.0,2.0,4.0,0.0,1.0,1.0,3.0,2.0,2.0,2.0,3.0,2.0,2.0,0.03,58.33,57.71,62.38,25.0
South Korea,KOR,20210315,1.0,1.0,2.0,4.0,0.0,1.0,1.0,3.0,2.0,2.0,2.0,3.0,2.0,2.0,0.03,58.33,57.71,62.38,25.0
South Korea,KOR,20210316,1.0,1.0,2.0,4.0,0.0,1.0,1.0,3.0,2.0,2.0,2.0,3.0,2.0,2.0,0.04,58.33,57.71,62.38,25.0
South Korea,KOR,20210317,1.0,1.0,2.0,4.0,0.0,1.0,1.0,3.0,2.0,2.0,2.0,3.0,2.0,2.0,0.04,58.33,57.71,62.38,25.0
South Korea,KOR,20210318,1.0,1.0,2.0,4.0,0.0,1.0,1.0,3.0,2.0,2.0,2.0,3.0,2.0,2.0,0.04,58.33,57.71,62.38,25.0
South Korea,KOR,20210319,1.0,1.0,2.0,4.0,0.0,1.0,1.0,3.0,2.0,2.0,2.0,3.0,2.0,2.0,0.04,58.33,57.71,62.38,25.0
South Korea,KOR,20210320,1.0,1.0,2.0,4.0,0.0,1.0,1.0,3.0,2.0,2.0,2.0,3.0,2.0,2.0,0.04,58.33,57.71,62.38,25.0
South Korea,KOR,20210321,1.0,1.0,2.0,4.0,0.0,1.0,1.0,3.0,2.0,2.0,2.0,3.0,2.0,2.0,0.04,58.33,57.71,62.38,25.0
South Korea,KOR,20210322,1.0,1.0,2.0,4.0,0.0,1.0,1.0,3.0,2.0,2.0,2.0,3.0,2.0,2.0,0.05,58.33,57.71,62.38,25.0
South Korea,KOR,20210323,1.0,1.0,2.0,4.0,0.0,1.0,1.0,3.0,2.0,2.0,2.0,3.0,3.0,2.0,0.05,58.33,58.96,63.81,25.0
South Korea,KOR,20210324,1.0,1.0,2.0,4.0,0.0,1.0,1.0,3.0,2.0,2.0,2.0,3.0,3.0,2.0,0.05,58.33,58.96,63.81,25.0
South Korea,KOR,20210325,1.0,1.0,2.0,4.0,0.0,1.0,1.0,3.0,2.0,2.0,2.0,3.0,3.0,2.0,0.06,58.33,58.96,63.81,25.0
South Korea,KOR,20210326,1.0,1.0,2.0,4.0,0.0,1.0,1.0,3.0,2.0,2.0,2.0,3.0,3.0,2.0,0.06,58.33,58.96,63.81,25.0
South Korea,KOR,20210327,1.0,1.0,2.0,4.0,0.0,1.0,1.0,3.0,2.0,2.0,2.0,3.0,3.0,2.0,0.06,58.33,58.96,63.81,25.0
South Korea,KOR,20210328,1.0,1.0,2.0,4.0,0.0,1.0,1.0,3.0,2.0,2.0,2.0,3.0,3.0,2.0,0.06,58.33,58.96,63.81,25.0
South Korea,KOR,20210329,1.0,1.0,2.0,4.0,0.0,1.0,1.0,3.0,2.0,2.0,2.0,3.0,3.0,2.0,0.06,58.33,58.96,63.81,25.0
South Korea,KOR,20210330,1.0,1.0,2.0,4.0,0.0,1.0,1.0,3.0,2.0,2.0,2.0,3.0,3.0,2.0,0.07,58.33,58.96,63.81,25.0
South Korea,KOR,20210331,1.0,1.0,2.0,4.0,0.0,1.0,1.0,3.0,2.0,2.0,2.0,3.0,3.0,2.0,0.08,58.33,58.96,63.81,25.0
South Korea,KOR,20210401,1.0,1.0,2.0,4.0,0.0,1.0,1.0,3.0,2.0,2.0,2.0,3.0,3.0,2.0,0.1,58.33,58.96,63.81,25.0
South Korea,KOR,20210402,1.0,1.0,2.0,4.0,0.0,1.0,1.0,3.0,2.0,2.0,2.0,3.0,3.0,2.0,0.11,58.33,58.96,63.81,25.0
South Korea,KOR,20210403,1.0,1.0,2.0,4.0,0.0,1.0,1.0,3.0,2.0,2.0,2.0,3.0,3.0,2.0,0.11,58.33,58.96,63.81,25.0
South Korea,KOR,20210404,1.0,1.0,2.0,4.0,0.0,1.0,1.0,3.0,2.0,2.0,2.0,3.0,3.0,2.0,0.11,58.33,58.96,63.81,25.0
South Korea,KOR,20210405,1.0,1.0,2.0,4.0,0.0,1.0,1.0,3.0,2.0,2.0,2.0,3.0,3.0,2.0,0.12,58.33,58.96,63.81,25.0
South Korea,KOR,20210406,1.0,1.0,2.0,4.0,0.0,1.0,1.0,3.0,2.0,2.0,2.0,3.0,3.0,2.0,0.13,58.33,58.96,63.81,25.0
South Korea,KOR,20210407,1.0,1.0,2.0,4.0,0.0,1.0,1.0,3.0,2.0,2.0,2.0,3.0,3.0,2.0,0.15,58.33,58.96,63.81,25.0
South Korea,KOR,20210408,1.0,1.0,2.0,4.0,0.0,1.0,1.0,3.0,2.0,2.0,2.0,3.0,3.0,2.0,0.18,58.33,58.96,63.81,25.0
South Korea,KOR,20210409,1.0,1.0,2.0,4.0,0.0,1.0,1.0,3.0,2.0,2.0,2.0,3.0,3.0,2.0,0.19,58.33,58.96,63.81,25.0
South Korea,KOR,20210410,1.0,1.0,2.0,4.0,0.0,1.0,1.0,3.0,2.0,2.0,2.0,3.0,3.0,2.0,0.2,58.33,58.96,63.81,25.0
South Korea,KOR,20210411,1.0,1.0,2.0,4.0,0.0,1.0,1.0,3.0,2.0,2.0,2.0,3.0,3.0,2.0,0.2,58.33,58.96,63.81,25.0
South Korea,KOR,20210412,1.0,1.0,2.0,4.0,0.0,1.0,1.0,3.0,2.0,2.0,2.0,3.0,3.0,2.0,0.21,58.33,58.96,63.81,25.0
South Korea,KOR,20210413,1.0,1.0,2.0,4.0,0.0,1.0,1.0,3.0,2.0,2.0,2.0,3.0,3.0,2.0,0.21,58.33,58.96,63.81,25.0
South Korea,KOR,20210414,1.0,1.0,2.0,4.0,0.0,1.0,1.0,3.0,2.0,2.0,2.0,3.0,3.0,2.0,0.21,58.33,58.96,63.81,25.0
South Korea,KOR,20210415,1.0,1.0,2.0,4.0,0.0,1.0,1.0,3.0,2.0,2.0,2.0,3.0,3.0,2.0,0.21,58.33,58.96,63.81,25.0
South Korea,KOR,20210416,1.0,1.0,2.0,4.0,0.0,1.0,1.0,3.0,2.0,2.0,2.0,3.0,3.0,2.0,0.22,58.33,58.96,63.81,25.0
South Korea,KOR,20210417,1.0,1.0,2.0,4.0,0.0,1.0,1.0,3.0,2.0,2.0,2.0,3.0,3.0,2.0,0.22,58.33,58.96,63.81,25.0
South Korea,KOR,20210418,1.0,1.0,2.0,4.0,0.0,1.0,1.0,3.0,2.0,2.0,2.0,3.0,3.0,2.0,0.22,58.33,58.96,63.81,25.0
South Korea,KOR,20210419,1.0,1.0,2.0,4.0,0.0,1.0,1.0,3.0,2.0,2.0,2.0,3.0,3.0,2.0,0.22,58.33,58.96,63.81,25.0
South Korea,KOR,20210420,1.0,1.0,2.0,4.0,0.0,1.0,1.0,3.0,2.0,2.0,2.0,3.0,3.0,2.0,0.22,58.33,58.96,63.81,25.0
South Korea,KOR,20210421,1.0,1.0,2.0,4.0,0.0,1.0,1.0,3.0,2.0,2.0,2.0,3.0,3.0,2.0,0.22,58.33,58.96,63.81,25.0
South Korea,KOR,20210422,1.0,1.0,2.0,4.0,0.0,1.0,1.0,3.0,2.0,2.0,2.0,3.0,3.0,2.0,0.26,58.33,58.96,63.81,25.0
South Korea,KOR,20210423,1.0,1.0,2.0,4.0,0.0,1.0,1.0,3.0,2.0,3.0,2.0,3.0,3.0,2.0,0.3,58.33,61.04,66.19,25.0
South Korea,KOR,20210424,1.0,1.0,2.0,4.0,0.0,1.0,1.0,3.0,2.0,3.0,2.0,3.0,3.0,2.0,0.31,58.33,61.04,66.19,25.0
South Korea,KOR,20210425,1.0,1.0,2.0,4.0,0.0,1.0,1.0,3.0,2.0,3.0,2.0,3.0,3.0,2.0,0.31,58.33,61.04,66.19,25.0
South Korea,KOR,20210426,1.0,1.0,2.0,4.0,0.0,1.0,1.0,3.0,2.0,3.0,2.0,3.0,3.0,2.0,0.35,58.33,61.04,66.19,25.0
South Korea,KOR,20210427,1.0,1.0,2.0,4.0,0.0,1.0,1.0,3.0,2.0,3.0,2.0,3.0,3.0,2.0,0.4,58.33,61.04,66.19,25.0
South Korea,KOR,20210428,1.0,1.0,2.0,4.0,0.0,1.0,1.0,3.0,2.0,3.0,2.0,3.0,3.0,2.0,0.44,58.33,61.04,66.19,25.0
South Korea,KOR,20210429,1.0,1.0,2.0,4.0,0.0,1.0,1.0,3.0,2.0,3.0,2.0,3.0,3.0,2.0,0.49,58.33,61.04,66.19,25.0
South Korea,KOR,20210430,1.0,1.0,2.0,4.0,0.0,1.0,1.0,3.0,2.0,3.0,2.0,3.0,3.0,2.0,0.55,58.33,61.04,66.19,25.0
South Korea,KOR,20210501,1.0,1.0,2.0,4.0,0.0,1.0,1.0,3.0,2.0,3.0,2.0,3.0,3.0,2.0,0.57,58.33,61.04,66.19,25.0
South Korea,KOR,20210502,1.0,1.0,2.0,4.0,0.0,1.0,1.0,3.0,2.0,3.0,2.0,3.0,3.0,2.0,0.57,58.33,61.04,66.19,25.0
South Korea,KOR,20210503,1.0,1.0,1.0,4.0,0.0,1.0,1.0,3.0,2.0,3.0,2.0,3.0,3.0,2.0,0.63,52.78,57.92,62.62,25.0
South Korea,KOR,20210504,1.0,1.0,1.0,4.0,0.0,1.0,1.0,3.0,2.0,3.0,2.0,3.0,3.0,2.0,0.69,52.78,57.92,62.62,25.0
South Korea,KOR,20210505,1.0,1.0,1.0,4.0,0.0,1.0,1.0,3.0,2.0,3.0,2.0,3.0,3.0,2.0,0.74,52.78,57.92,62.62,25.0
South Korea,KOR,20210506,1.0,1.0,1.0,4.0,0.0,1.0,1.0,2.0,2.0,3.0,2.0,3.0,3.0,2.0,0.88,50.0,56.35,60.83,25.0
South Korea,KOR,20210507,1.0,1.0,1.0,4.0,0.0,1.0,1.0,2.0,2.0,3.0,2.0,3.0,3.0,2.0,1.02,50.0,56.35,60.83,25.0
South Korea,KOR,20210508,1.0,1.0,1.0,4.0,0.0,1.0,1.0,2.0,2.0,3.0,2.0,3.0,3.0,2.0,1.07,50.0,56.35,60.83,25.0
South Korea,KOR,20210509,1.0,1.0,1.0,4.0,0.0,1.0,1.0,2.0,2.0,3.0,2.0,3.0,3.0,2.0,1.08,50.0,56.35,60.83,25.0
South Korea,KOR,20210510,1.0,1.0,1.0,4.0,0.0,1.0,1.0,2.0,2.0,3.0,2.0,3.0,3.0,2.0,1.23,50.0,56.35,60.83,25.0
South Korea,KOR,20210511,1.0,1.0,1.0,4.0,0.0,1.0,1.0,2.0,2.0,3.0,2.0,3.0,3.0,2.0,1.38,50.0,56.35,60.83,25.0
South Korea,KOR,20210512,1.0,1.0,1.0,4.0,0.0,1.0,1.0,2.0,2.0,3.0,2.0,3.0,3.0,2.0,1.53,50.0,56.35,60.83,25.0
South Korea,KOR,20210513,1.0,1.0,1.0,4.0,0.0,1.0,1.0,2.0,2.0,3.0,2.0,3.0,3.0,2.0,1.67,50.0,56.35,60.83,25.0
South Korea,KOR,20210514,1.0,1.0,1.0,4.0,0.0,1.0,1.0,2.0,2.0,3.0,2.0,3.0,3.0,2.0,1.82,50.0,56.35,60.83,25.0
South Korea,KOR,20210515,1.0,1.0,1.0,4.0,0.0,1.0,1.0,2.0,2.0,3.0,2.0,3.0,3.0,2.0,1.88,50.0,56.35,60.83,25.0
South Korea,KOR,20210516,1.0,1.0,1.0,4.0,0.0,1.0,1.0,2.0,2.0,3.0,2.0,3.0,3.0,2.0,1.89,50.0,56.35,60.83,25.0
South Korea,KOR,20210517,1.0,1.0,1.0,4.0,0.0,1.0,1.0,2.0,2.0,3.0,2.0,3.0,3.0,2.0,2.08,50.0,56.35,60.83,25.0
South Korea,KOR,20210518,1.0,1.0,1.0,4.0,0.0,1.0,1.0,2.0,2.0,3.0,2.0,3.0,3.0,2.0,2.34,50.0,56.35,60.83,25.0
South Korea,KOR,20210519,1.0,1.0,1.0,4.0,0.0,1.0,1.0,2.0,2.0,3.0,2.0,3.0,3.0,2.0,2.52,50.0,56.35,60.83,25.0
South Korea,KOR,20210520,1.0,1.0,1.0,4.0,0.0,1.0,1.0,2.0,2.0,3.0,2.0,3.0,3.0,2.0,2.91,50.0,56.35,60.83,25.0
South Korea,KOR,20210521,1.0,1.0,1.0,4.0,0.0,1.0,1.0,2.0,2.0,3.0,2.0,3.0,3.0,2.0,3.33,50.0,56.35,60.83,25.0
South Korea,KOR,20210522,1.0,1.0,1.0,4.0,0.0,1.0,1.0,2.0,2.0,3.0,2.0,3.0,3.0,2.0,3.4,50.0,56.35,60.83,25.0
South Korea,KOR,20210523,1.0,1.0,1.0,4.0,0.0,1.0,1.0,2.0,2.0,3.0,2.0,3.0,3.0,2.0,3.41,50.0,56.35,60.83,25.0
South Korea,KOR,20210524,1.0,1.0,1.0,4.0,0.0,1.0,1.0,2.0,2.0,3.0,2.0,3.0,3.0,2.0,3.6,50.0,56.35,60.83,25.0
South Korea,KOR,20210525,1.0,1.0,1.0,4.0,0.0,1.0,1.0,2.0,2.0,3.0,2.0,3.0,3.0,2.0,3.78,50.0,56.35,60.83,25.0
South Korea,KOR,20210526,1.0,1.0,1.0,4.0,0.0,1.0,1.0,2.0,2.0,3.0,2.0,3.0,3.0,2.0,3.91,50.0,56.35,60.83,25.0
South Korea,KOR,20210527,1.0,1.0,1.0,4.0,0.0,1.0,1.0,2.0,2.0,3.0,2.0,3.0,3.0,2.0,4.02,50.0,56.35,60.83,25.0
South Korea,KOR,20210528,1.0,1.0,1.0,4.0,0.0,1.0,1.0,2.0,2.0,3.0,2.0,3.0,3.0,2.0,4.14,50.0,56.35,60.83,25.0
South Korea,KOR,20210529,1.0,1.0,1.0,4.0,0.0,1.0,1.0,2.0,2.0,3.0,2.0,3.0,3.0,2.0,4.16,50.0,56.35,60.83,25.0
South Korea,KOR,20210530,1.0,1.0,1.0,4.0,0.0,1.0,1.0,2.0,2.0,3.0,2.0,3.0,3.0,2.0,4.16,50.0,56.35,60.83,25.0
South Korea,KOR,20210531,1.0,1.0,1.0,4.0,0.0,1.0,1.0,2.0,2.0,3.0,2.0,3.0,3.0,2.0,4.22,50.0,56.35,60.83,25.0
South Korea,KOR,20210601,1.0,1.0,1.0,4.0,0.0,1.0,1.0,2.0,2.0,3.0,2.0,3.0,3.0,2.0,4.27,50.0,56.35,60.83,25.0
South Korea,KOR,20210602,1.0,1.0,1.0,4.0,0.0,1.0,1.0,2.0,2.0,3.0,2.0,3.0,3.0,2.0,4.31,50.0,56.35,60.83,25.0
South Korea,KOR,20210603,1.0,1.0,1.0,4.0,0.0,1.0,1.0,2.0,2.0,3.0,2.0,3.0,3.0,2.0,4.37,50.0,56.35,60.83,25.0
South Korea,KOR,20210604,1.0,1.0,1.0,4.0,0.0,1.0,1.0,2.0,2.0,3.0,2.0,3.0,3.0,2.0,4.43,50.0,56.35,60.83,25.0
South Korea,KOR,20210605,1.0,1.0,1.0,4.0,0.0,1.0,1.0,2.0,2.0,3.0,2.0,3.0,3.0,2.0,4.43,50.0,56.35,60.83,25.0
South Korea,KOR,20210606,1.0,1.0,1.0,4.0,0.0,1.0,1.0,2.0,2.0,3.0,2.0,3.0,3.0,2.0,4.43,50.0,56.35,60.83,25.0
South Korea,KOR,20210607,1.0,1.0,1.0,4.0,0.0,1.0,1.0,2.0,2.0,3.0,2.0,3.0,3.0,2.0,4.47,50.0,56.35,60.83,25.0
South Korea,KOR,20210608,1.0,1.0,1.0,4.0,0.0,1.0,1.0,2.0,2.0,3.0,2.0,3.0,3.0,2.0,4.52,50.0,56.35,60.83,25.0
South Korea,KOR,20210609,1.0,1.0,1.0,4.0,0.0,1.0,1.0,2.0,2.0,3.0,2.0,3.0,3.0,2.0,4.56,50.0,56.35,60.83,25.0
South Korea,KOR,20210610,1.0,1.0,1.0,4.0,0.0,1.0,1.0,2.0,2.0,3.0,2.0,3.0,3.0,2.0,5.12,50.0,56.35,60.83,25.0
South Korea,KOR,20210611,1.0,1.0,1.0,4.0,0.0,1.0,1.0,2.0,2.0,3.0,2.0,3.0,3.0,2.0,5.57,50.0,56.35,60.83,25.0
South Korea,KOR,20210612,1.0,1.0,1.0,4.0,0.0,1.0,1.0,2.0,2.0,3.0,2.0,3.0,3.0,2.0,5.8,50.0,56.35,60.83,25.0
South Korea,KOR,20210613,1.0,1.0,1.0,4.0,0.0,1.0,1.0,2.0,2.0,3.0,2.0,3.0,3.0,2.0,5.83,50.0,56.35,60.83,25.0
South Korea,KOR,20210614,1.0,1.0,1.0,4.0,0.0,1.0,1.0,2.0,2.0,3.0,2.0,3.0,3.0,2.0,6.32,50.0,56.35,60.83,25.0
South Korea,KOR,20210615,1.0,1.0,1.0,4.0,0.0,1.0,1.0,2.0,2.0,3.0,2.0,3.0,3.0,2.0,6.71,50.0,56.35,60.83,25.0
South Korea,KOR,20210616,1.0,1.0,1.0,4.0,0.0,1.0,1.0,2.0,2.0,3.0,2.0,3.0,3.0,2.0,7.24,50.0,56.35,60.83,25.0
South Korea,KOR,20210617,1.0,1.0,1.0,4.0,0.0,1.0,1.0,2.0,2.0,3.0,2.0,3.0,3.0,2.0,7.48,50.0,56.35,60.83,25.0
South Korea,KOR,20210618,1.0,1.0,1.0,4.0,0.0,1.0,1.0,2.0,2.0,3.0,2.0,3.0,3.0,2.0,7.72,50.0,56.35,60.83,25.0
South Korea,KOR,20210619,1.0,1.0,1.0,4.0,0.0,1.0,1.0,2.0,2.0,3.0,2.0,3.0,3.0,2.0,7.79,50.0,56.35,60.83,25.0
South Korea,KOR,20210620,1.0,1.0,1.0,4.0,0.0,1.0,1.0,2.0,2.0,3.0,2.0,3.0,3.0,2.0,7.79,50.0,56.35,60.83,25.0
South Korea,KOR,20210621,1.0,1.0,1.0,4.0,0.0,1.0,1.0,2.0,2.0,3.0,2.0,3.0,3.0,2.0,8.01,50.0,56.35,60.83,25.0
South Korea,KOR,20210622,1.0,1.0,1.0,4.0,0.0,1.0,1.0,2.0,2.0,3.0,2.0,3.0,3.0,2.0,8.24,50.0,56.35,60.83,25.0
South Korea,KOR,20210623,1.0,1.0,1.0,4.0,0.0,1.0,1.0,2.0,2.0,3.0,2.0,3.0,3.0,2.0,8.46,50.0,56.35,60.83,25.0
South Korea,KOR,20210624,1.0,1.0,1.0,4.0,0.0,1.0,1.0,2.0,2.0,3.0,2.0,3.0,3.0,2.0,8.66,50.0,56.35,60.83,25.0
South Korea,KOR,20210625,1.0,1.0,1.0,4.0,0.0,1.0,1.0,2.0,2.0,3.0,2.0,3.0,3.0,2.0,8.84,50.0,56.35,60.83,25.0
South Korea,KOR,20210626,1.0,1.0,1.0,4.0,0.0,1.0,1.0,2.0,2.0,3.0,2.0,3.0,3.0,2.0,8.89,50.0,56.35,60.83,25.0
South Korea,KOR,20210627,1.0,1.0,1.0,4.0,0.0,1.0,1.0,2.0,2.0,3.0,2.0,3.0,3.0,2.0,8.89,50.0,56.35,60.83,25.0
South Korea,KOR,20210628,1.0,1.0,1.0,4.0,0.0,1.0,1.0,2.0,2.0,3.0,2.0,3.0,3.0,2.0,9.16,50.0,56.35,60.83,25.0
South Korea,KOR,20210629,1.0,1.0,1.0,4.0,0.0,1.0,1.0,2.0,2.0,3.0,2.0,3.0,3.0,2.0,9.43,50.0,56.35,60.83,25.0
South Korea,KOR,20210630,1.0,1.0,1.0,4.0,0.0,1.0,1.0,2.0,2.0,3.0,2.0,3.0,3.0,2.0,9.69,50.0,56.35,60.83,25.0
South Korea,KOR,20210701,1.0,1.0,1.0,4.0,0.0,0.0,0.0,2.0,2.0,3.0,2.0,3.0,3.0,2.0,9.92,36.57,48.02,51.31,25.0
South Korea,KOR,20210702,1.0,1.0,1.0,4.0,0.0,0.0,0.0,2.0,2.0,3.0,2.0,3.0,3.0,2.0,10.15,36.57,48.02,51.31,25.0
South Korea,KOR,20210703,1.0,1.0,1.0,4.0,0.0,0.0,0.0,2.0,2.0,3.0,2.0,3.0,3.0,2.0,10.18,36.57,48.02,51.31,25.0
South Korea,KOR,20210704,1.0,1.0,1.0,4.0,0.0,0.0,0.0,2.0,2.0,3.0,2.0,3.0,3.0,2.0,10.18,36.57,48.02,51.31,25.0
South Korea,KOR,20210705,1.0,1.0,1.0,4.0,0.0,0.0,0.0,2.0,2.0,3.0,2.0,3.0,3.0,2.0,10.33,36.57,48.02,51.31,25.0
South Korea,KOR,20210706,1.0,1.0,1.0,4.0,0.0,0.0,0.0,2.0,2.0,3.0,2.0,3.0,3.0,2.0,10.51,36.57,48.02,51.31,25.0
South Korea,KOR,20210707,1.0,1.0,1.0,4.0,0.0,0.0,0.0,2.0,2.0,3.0,2.0,3.0,3.0,2.0,10.68,36.57,48.02,51.31,25.0
South Korea,KOR,20210708,1.0,1.0,1.0,4.0,0.0,0.0,0.0,2.0,2.0,3.0,2.0,3.0,3.0,2.0,10.88,36.57,48.02,51.31,25.0
South Korea,KOR,20210709,1.0,1.0,1.0,4.0,0.0,0.0,0.0,2.0,2.0,3.0,2.0,3.0,3.0,2.0,11.17,36.57,48.02,51.31,25.0
South Korea,KOR,20210710,1.0,1.0,1.0,4.0,0.0,0.0,0.0,2.0,2.0,3.0,2.0,3.0,3.0,2.0,11.25,36.57,48.02,51.31,25.0
South Korea,KOR,20210711,1.0,1.0,1.0,4.0,0.0,0.0,0.0,2.0,2.0,3.0,2.0,3.0,3.0,2.0,11.26,36.57,48.02,51.31,25.0
South Korea,KOR,20210712,2.0,1.0,2.0,4.0,0.0,0.0,0.0,2.0,2.0,3.0,2.0,3.0,3.0,2.0,11.44,45.37,52.97,56.96,25.0
South Korea,KOR,20210713,2.0,1.0,2.0,4.0,0.0,0.0,0.0,2.0,2.0,3.0,2.0,3.0,3.0,2.0,11.65,45.37,52.97,56.96,25.0
South Korea,KOR,20210714,2.0,1.0,2.0,4.0,0.0,0.0,0.0,2.0,2.0,3.0,2.0,3.0,3.0,2.0,11.89,45.37,52.97,56.96,25.0
South Korea,KOR,20210715,3.0,1.0,2.0,4.0,0.0,0.0,0.0,2.0,2.0,3.0,2.0,3.0,3.0,2.0,12.16,49.07,55.05,59.35,25.0
South Korea,KOR,20210716,3.0,1.0,2.0,4.0,0.0,0.0,0.0,2.0,2.0,3.0,2.0,3.0,3.0,2.0,12.52,49.07,55.05,59.35,25.0
South Korea,KOR,20210717,3.0,1.0,2.0,4.0,0.0,0.0,0.0,2.0,2.0,3.0,2.0,3.0,3.0,2.0,12.6,49.07,55.05,59.35,25.0
South Korea,KOR,20210718,3.0,1.0,2.0,4.0,0.0,0.0,0.0,2.0,2.0,3.0,2.0,3.0,3.0,2.0,12.6,49.07,55.05,59.35,25.0
South Korea,KOR,20210719,3.0,1.0,2.0,4.0,0.0,0.0,0.0,2.0,2.0,3.0,2.0,3.0,3.0,2.0,12.74,49.07,55.05,59.35,25.0
South Korea,KOR,20210720,3.0,1.0,2.0,4.0,0.0,0.0,0.0,2.0,2.0,3.0,2.0,3.0,3.0,2.0,12.86,49.07,55.05,59.35,25.0
South Korea,KOR,20210721,3.0,1.0,2.0,4.0,0.0,0.0,0.0,2.0,2.0,3.0,2.0,3.0,3.0,2.0,12.94,49.07,55.05,59.35,25.0
South Korea,KOR,20210722,3.0,1.0,2.0,4.0,0.0,0.0,0.0,2.0,2.0,3.0,2.0,3.0,3.0,2.0,13.06,49.07,55.05,59.35,25.0
South Korea,KOR,20210723,3.0,1.0,2.0,4.0,0.0,0.0,0.0,2.0,2.0,3.0,2.0,3.0,3.0,2.0,13.18,49.07,55.05,59.35,25.0
South Korea,KOR,20210724,3.0,1.0,2.0,4.0,0.0,0.0,0.0,2.0,2.0,3.0,2.0,3.0,3.0,2.0,13.2,49.07,55.05,59.35,25.0
South Korea,KOR,20210725,3.0,1.0,2.0,4.0,0.0,0.0,0.0,2.0,2.0,3.0,2.0,3.0,3.0,2.0,13.2,49.07,55.05,59.35,25.0
South Korea,KOR,20210726,3.0,1.0,2.0,4.0,0.0,0.0,0.0,2.0,2.0,3.0,2.0,3.0,4.0,2.0,13.33,49.07,57.08,61.67,25.0
South Korea,KOR,20210727,3.0,1.0,2.0,4.0,0.0,0.0,0.0,2.0,2.0,3.0,2.0,3.0,4.0,2.0,13.43,49.07,57.08,61.67,25.0
South Korea,KOR,20210728,3.0,1.0,2.0,4.0,0.0,0.0,0.0,2.0,2.0,3.0,2.0,3.0,4.0,2.0,13.52,49.07,57.08,61.67,25.0
South Korea,KOR,20210729,3.0,1.0,2.0,4.0,0.0,0.0,0.0,2.0,2.0,3.0,2.0,3.0,4.0,2.0,13.6,49.07,57.08,61.67,25.0
South Korea,KOR,20210730,3.0,1.0,2.0,4.0,0.0,0.0,0.0,2.0,2.0,3.0,2.0,3.0,4.0,2.0,13.72,49.07,57.08,61.67,25.0
South Korea,KOR,20210731,3.0,1.0,2.0,4.0,0.0,0.0,0.0,2.0,2.0,3.0,2.0,3.0,4.0,2.0,13.75,49.07,57.08,61.67,25.0
South Korea,KOR,20210801,3.0,1.0,2.0,4.0,0.0,0.0,0.0,2.0,2.0,3.0,2.0,3.0,4.0,2.0,13.76,49.07,57.08,61.67,25.0
South Korea,KOR,20210802,3.0,1.0,2.0,4.0,0.0,0.0,0.0,2.0,2.0,3.0,2.0,3.0,4.0,2.0,13.83,49.07,57.08,61.67,25.0
South Korea,KOR,20210803,3.0,1.0,2.0,4.0,0.0,0.0,0.0,2.0,2.0,3.0,2.0,3.0,4.0,2.0,14.04,49.07,57.08,61.67,25.0
South Korea,KOR,20210804,3.0,1.0,2.0,4.0,0.0,0.0,0.0,2.0,2.0,3.0,2.0,3.0,4.0,2.0,14.25,49.07,57.08,61.67,25.0
South Korea,KOR,20210805,3.0,1.0,2.0,4.0,0.0,0.0,0.0,2.0,2.0,3.0,2.0,3.0,4.0,2.0,14.5,49.07,57.08,61.67,25.0
South Korea,KOR,20210806,3.0,2.0,2.0,4.0,0.0,0.0,0.0,2.0,2.0,3.0,2.0,3.0,4.0,2.0,14.81,50.93,58.13,62.86,25.0
South Korea,KOR,20210807,3.0,2.0,2.0,4.0,0.0,0.0,0.0,2.0,2.0,3.0,2.0,3.0,4.0,2.0,14.88,50.93,58.13,62.86,25.0
South Korea,KOR,20210808,3.0,2.0,2.0,4.0,0.0,0.0,0.0,2.0,2.0,3.0,2.0,3.0,4.0,2.0,14.88,50.93,58.13,62.86,25.0
South Korea,KOR,20210809,3.0,2.0,2.0,4.0,0.0,0.0,0.0,2.0,2.0,3.0,2.0,3.0,5.0,2.0,15.22,50.93,59.38,64.29,25.0
South Korea,KOR,20210810,3.0,2.0,2.0,4.0,0.0,0.0,0.0,2.0,2.0,3.0,2.0,3.0,5.0,2.0,15.55,50.93,59.38,64.29,25.0
South Korea,KOR,20210811,3.0,2.0,2.0,4.0,0.0,0.0,0.0,2.0,2.0,3.0,2.0,3.0,5.0,2.0,15.87,50.93,59.38,64.29,25.0
South Korea,KOR,20210812,3.0,2.0,2.0,4.0,0.0,0.0,0.0,2.0,2.0,3.0,2.0,3.0,5.0,2.0,17.22,50.93,59.38,64.29,25.0
South Korea,KOR,20210813,3.0,2.0,2.0,4.0,0.0,0.0,0.0,2.0,2.0,3.0,2.0,3.0,5.0,2.0,18.42,50.93,59.38,64.29,25.0
South Korea,KOR,20210814,3.0,2.0,2.0,4.0,0.0,0.0,0.0,2.0,2.0,3.0,2.0,3.0,5.0,2.0,18.77,50.93,59.38,64.29,25.0
South Korea,KOR,20210815,3.0,2.0,2.0,4.0,0.0,0.0,0.0,2.0,2.0,3.0,2.0,3.0,5.0,2.0,18.78,50.93,59.38,64.29,25.0
South Korea,KOR,20210816,3.0,2.0,2.0,4.0,0.0,0.0,0.0,2.0,2.0,3.0,2.0,3.0,5.0,2.0,19.27,50.93,59.38,64.29,25.0
South Korea,KOR,20210817,3.0,2.0,2.0,4.0,0.0,0.0,0.0,2.0,2.0,3.0,2.0,3.0,5.0,2.0,20.23,50.93,59.38,64.29,25.0
South Korea,KOR,20210818,3.0,2.0,2.0,4.0,0.0,0.0,0.0,2.0,2.0,3.0,2.0,3.0,5.0,2.0,20.84,50.93,59.38,64.29,25.0
South Korea,KOR,20210819,3.0,2.0,2.0,4.0,0.0,0.0,0.0,2.0,2.0,3.0,2.0,3.0,5.0,2.0,21.41,50.93,59.38,64.29,25.0
South Korea,KOR,20210820,3.0,2.0,2.0,4.0,0.0,0.0,0.0,2.0,2.0,3.0,2.0,3.0,5.0,2.0,22.05,50.93,59.38,64.29,25.0
South Korea,KOR,20210821,3.0,2.0,2.0,4.0,0.0,0.0,0.0,2.0,2.0,3.0,2.0,3.0,5.0,2.0,22.29,50.93,59.38,64.29,25.0
South Korea,KOR,20210822,3.0,2.0,2.0,4.0,0.0,0.0,0.0,2.0,2.0,3.0,2.0,3.0,5.0,2.0,22.29,50.93,59.38,64.29,25.0
South Korea,KOR,20210823,3.0,2.0,2.0,4.0,0.0,0.0,0.0,2.0,2.0,3.0,2.0,3.0,5.0,2.0,23.67,49.61,58.64,63.44,25.0
South Korea,KOR,20210824,3.0,2.0,2.0,4.0,0.0,0.0,0.0,2.0,2.0,3.0,2.0,3.0,5.0,2.0,24.83,49.55,58.6,63.4,25.0
South Korea,KOR,20210825,3.0,2.0,2.0,4.0,0.0,0.0,0.0,2.0,2.0,3.0,2.0,3.0,5.0,2.0,25.75,49.5,58.57,63.37,25.0
South Korea,KOR,20210826,3.0,2.0,2.0,4.0,0.0,0.0,0.0,2.0,2.0,3.0,2.0,3.0,5.0,2.0,26.57,49.45,58.55,63.34,25.0
South Korea,KOR,20210827,3.0,2.0,2.0,4.0,0.0,0.0,0.0,2.0,2.0,3.0,2.0,3.0,5.0,2.0,27.63,49.39,58.52,63.3,25.0
South Korea,KOR,20210828,3.0,2.0,2.0,4.0,0.0,0.0,0.0,2.0,2.0,3.0,2.0,3.0,5.0,2.0,28.13,49.37,58.5,63.28,25.0
South Korea,KOR,20210829,3.0,2.0,2.0,4.0,0.0,0.0,0.0,2.0,2.0,3.0,2.0,3.0,5.0,2.0,28.16,49.36,58.5,63.28,25.0
South Korea,KOR,20210830,3.0,2.0,2.0,4.0,0.0,0.0,0.0,2.0,2.0,3.0,2.0,3.0,5.0,2.0,29.31,49.3,58.46,63.24,25.0
South Korea,KOR,20210831,3.0,2.0,2.0,4.0,0.0,0.0,0.0,2.0,2.0,3.0,2.0,3.0,5.0,2.0,30.33,49.24,58.43,63.2,25.0
South Korea,KOR,20210901,3.0,2.0,2.0,4.0,0.0,0.0,0.0,2.0,2.0,3.0,2.0,3.0,5.0,2.0,31.36,49.19,58.4,63.17,25.0
South Korea,KOR,20210902,3.0,2.0,2.0,4.0,0.0,0.0,0.0,2.0,2.0,3.0,2.0,3.0,5.0,2.0,32.32,49.13,58.37,63.13,25.0
South Korea,KOR,20210903,3.0,2.0,2.0,4.0,0.0,0.0,0.0,2.0,2.0,3.0,2.0,3.0,5.0,2.0,33.66,49.06,58.33,63.08,25.0
South Korea,KOR,20210904,3.0,2.0,2.0,4.0,0.0,0.0,0.0,2.0,2.0,3.0,2.0,3.0,5.0,2.0,34.17,49.03,58.31,63.07,25.0
South Korea,KOR,20210905,3.0,2.0,2.0,4.0,0.0,0.0,0.0,2.0,2.0,3.0,2.0,3.0,5.0,2.0,34.18,49.03,58.31,63.07,25.0
South Korea,KOR,20210906,2.0,2.0,2.0,4.0,0.0,0.0,0.0,2.0,2.0,3.0,2.0,3.0,5.0,2.0,35.41,45.25,56.19,60.64,25.0
South Korea,KOR,20210907,2.0,2.0,2.0,4.0,0.0,0.0,0.0,2.0,2.0,3.0,2.0,3.0,5.0,2.0,36.22,45.21,56.16,60.61,25.0
South Korea,KOR,20210908,2.0,2.0,2.0,4.0,0.0,0.0,0.0,2.0,2.0,3.0,2.0,3.0,5.0,2.0,36.81,45.18,56.14,60.59,25.0
South Korea,KOR,20210909,2.0,2.0,2.0,4.0,0.0,0.0,0.0,2.0,2.0,3.0,2.0,3.0,5.0,2.0,37.38,45.15,56.12,60.57,25.0
South Korea,KOR,20210910,2.0,2.0,2.0,4.0,0.0,0.0,0.0,2.0,2.0,3.0,2.0,3.0,5.0,2.0,38.18,45.1,56.1,60.54,25.0
South Korea,KOR,20210911,2.0,2.0,2.0,4.0,0.0,0.0,0.0,2.0,2.0,3.0,2.0,3.0,5.0,2.0,38.59,45.08,56.09,60.52,25.0
South Korea,KOR,20210912,2.0,2.0,2.0,4.0,0.0,0.0,0.0,2.0,2.0,3.0,2.0,3.0,5.0,2.0,38.65,45.07,56.08,60.52,25.0
South Korea,KOR,20210913,2.0,2.0,2.0,4.0,0.0,0.0,0.0,2.0,2.0,3.0,2.0,3.0,5.0,2.0,39.46,45.03,56.06,60.49,25.0
South Korea,KOR,20210914,2.0,2.0,2.0,4.0,0.0,0.0,0.0,2.0,2.0,3.0,2.0,3.0,5.0,2.0,39.89,45.01,56.05,60.48,25.0
South Korea,KOR,20210915,2.0,2.0,2.0,4.0,0.0,0.0,0.0,2.0,2.0,3.0,2.0,3.0,5.0,2.0,40.74,44.96,56.02,60.45,25.0
South Korea,KOR,20210916,2.0,2.0,2.0,4.0,0.0,0.0,0.0,2.0,2.0,3.0,2.0,3.0,5.0,2.0,41.35,44.93,56.0,60.42,25.0
South Korea,KOR,20210917,2.0,2.0,2.0,4.0,0.0,0.0,0.0,2.0,2.0,3.0,2.0,3.0,5.0,2.0,42.21,44.88,55.97,60.39,25.0
South Korea,KOR,20210918,2.0,2.0,2.0,4.0,0.0,0.0,0.0,2.0,2.0,3.0,2.0,3.0,5.0,2.0,42.58,44.86,55.96,60.38,25.0
South Korea,KOR,20210919,2.0,2.0,2.0,4.0,0.0,0.0,0.0,2.0,2.0,3.0,2.0,3.0,5.0,2.0,42.63,44.85,55.96,60.38,25.0
South Korea,KOR,20210920,2.0,2.0,2.0,4.0,0.0,0.0,0.0,2.0,2.0,3.0,2.0,3.0,5.0,2.0,42.66,44.85,55.96,60.38,25.0
South Korea,KOR,20210921,2.0,2.0,2.0,4.0,0.0,0.0,0.0,2.0,2.0,3.0,2.0,3.0,5.0,2.0,42.67,44.85,55.96,60.38,25.0
South Korea,KOR,20210922,2.0,2.0,2.0,4.0,0.0,0.0,0.0,2.0,2.0,3.0,2.0,3.0,5.0,2.0,42.7,44.85,55.96,60.38,25.0
South Korea,KOR,20210923,2.0,2.0,2.0,4.0,0.0,0.0,0.0,2.0,2.0,3.0,2.0,3.0,5.0,2.0,43.43,44.81,55.93,60.35,25.0
South Korea,KOR,20210924,2.0,2.0,2.0,4.0,0.0,0.0,0.0,2.0,2.0,3.0,2.0,3.0,5.0,2.0,44.23,44.77,55.91,60.32,25.0
South Korea,KOR,20210925,2.0,2.0,2.0,4.0,0.0,0.0,0.0,2.0,2.0,3.0,2.0,3.0,5.0,2.0,44.64,44.74,55.9,60.31,25.0
South Korea,KOR,20210926,2.0,2.0,2.0,4.0,0.0,0.0,0.0,2.0,2.0,3.0,2.0,3.0,5.0,2.0,44.69,44.74,55.9,60.3,25.0
South Korea,KOR,20210927,2.0,2.0,2.0,4.0,0.0,0.0,0.0,2.0,2.0,3.0,2.0,3.0,5.0,2.0,46.07,44.66,55.85,60.26,25.0
South Korea,KOR,20210928,2.0,2.0,2.0,4.0,0.0,0.0,0.0,2.0,2.0,3.0,2.0,3.0,5.0,2.0,47.4,44.59,55.81,60.21,25.0
South Korea,KOR,20210929,2.0,2.0,2.0,4.0,0.0,0.0,0.0,2.0,2.0,3.0,2.0,3.0,5.0,2.0,48.41,44.53,55.78,60.17,25.0
South Korea,KOR,20210930,2.0,2.0,2.0,4.0,0.0,0.0,0.0,2.0,2.0,3.0,2.0,3.0,5.0,2.0,49.46,44.47,55.75,60.13,25.0
South Korea,KOR,20211001,2.0,2.0,1.0,4.0,0.0,0.0,0.0,2.0,2.0,3.0,2.0,3.0,5.0,2.0,51.12,44.38,55.7,60.08,25.0
South Korea,KOR,20211002,2.0,2.0,1.0,4.0,0.0,0.0,0.0,2.0,2.0,3.0,2.0,3.0,5.0,2.0,51.91,44.34,55.67,60.05,25.0
South Korea,KOR,20211003,2.0,2.0,1.0,4.0,0.0,0.0,0.0,2.0,2.0,3.0,2.0,3.0,5.0,2.0,51.97,44.34,55.67,60.04,25.0
South Korea,KOR,20211004,2.0,2.0,1.0,4.0,0.0,0.0,0.0,2.0,2.0,3.0,2.0,3.0,5.0,2.0,52.38,44.31,55.66,60.03,25.0
South Korea,KOR,20211005,2.0,2.0,1.0,4.0,0.0,0.0,0.0,2.0,2.0,3.0,2.0,3.0,5.0,2.0,53.85,44.23,55.61,59.98,25.0
South Korea,KOR,20211006,2.0,2.0,1.0,4.0,0.0,0.0,0.0,2.0,2.0,3.0,2.0,3.0,5.0,2.0,54.84,44.18,55.58,59.94,25.0
South Korea,KOR,20211007,2.0,2.0,1.0,4.0,0.0,0.0,0.0,2.0,2.0,3.0,2.0,3.0,5.0,2.0,56.21,44.1,55.54,59.89,25.0
South Korea,KOR,20211008,2.0,2.0,1.0,4.0,0.0,0.0,0.0,2.0,2.0,3.0,2.0,3.0,5.0,2.0,58.33,43.98,55.47,59.82,25.0
South Korea,KOR,20211009,2.0,2.0,1.0,4.0,0.0,0.0,0.0,2.0,2.0,3.0,2.0,3.0,5.0,2.0,58.53,43.97,55.46,59.81,25.0
South Korea,KOR,20211010,2.0,2.0,1.0,4.0,0.0,0.0,0.0,2.0,2.0,3.0,2.0,3.0,5.0,2.0,58.56,43.97,55.46,59.81,25.0
South Korea,KOR,20211011,2.0,2.0,1.0,4.0,0.0,0.0,0.0,2.0,2.0,3.0,2.0,3.0,5.0,2.0,58.89,43.95,55.45,59.8,25.0
South Korea,KOR,20211012,2.0,2.0,1.0,4.0,0.0,0.0,0.0,2.0,2.0,3.0,2.0,3.0,5.0,2.0,60.04,43.89,55.42,59.76,25.0
South Korea,KOR,20211013,2.0,2.0,1.0,4.0,0.0,0.0,0.0,2.0,2.0,3.0,2.0,3.0,5.0,2.0,60.84,43.84,55.39,59.73,25.0
South Korea,KOR,20211014,2.0,2.0,1.0,4.0,0.0,0.0,0.0,2.0,2.0,3.0,2.0,3.0,5.0,2.0,61.72,43.79,55.36,59.7,25.0
South Korea,KOR,20211015,2.0,2.0,1.0,4.0,0.0,0.0,0.0,2.0,2.0,3.0,2.0,3.0,5.0,2.0,63.11,43.72,55.32,59.65,25.0
South Korea,KOR,20211016,2.0,2.0,1.0,4.0,0.0,0.0,0.0,2.0,2.0,3.0,2.0,3.0,5.0,2.0,63.8,43.68,55.3,59.62,25.0
South Korea,KOR,20211017,2.0,2.0,1.0,4.0,0.0,0.0,0.0,2.0,2.0,3.0,2.0,3.0,5.0,2.0,63.84,43.68,55.3,59.62,25.0
South Korea,KOR,20211018,2.0,2.0,1.0,4.0,0.0,0.0,0.0,2.0,2.0,3.0,2.0,3.0,5.0,2.0,65.05,43.61,55.26,59.58,25.0
South Korea,KOR,20211019,2.0,2.0,1.0,4.0,0.0,0.0,0.0,2.0,2.0,3.0,2.0,3.0,5.0,2.0,65.92,43.56,55.23,59.55,25.0
South Korea,KOR,20211020,2.0,2.0,1.0,4.0,0.0,0.0,0.0,2.0,2.0,3.0,2.0,3.0,5.0,2.0,66.54,43.53,55.21,59.52,25.0
South Korea,KOR,20211021,2.0,2.0,1.0,4.0,0.0,0.0,0.0,2.0,2.0,3.0,2.0,3.0,5.0,2.0,67.33,43.48,55.19,59.5,25.0
South Korea,KOR,20211022,2.0,2.0,1.0,4.0,0.0,0.0,0.0,2.0,2.0,3.0,2.0,3.0,5.0,2.0,68.55,43.42,55.15,59.45,25.0
South Korea,KOR,20211023,2.0,2.0,1.0,4.0,0.0,0.0,0.0,2.0,2.0,3.0,2.0,3.0,5.0,2.0,69.2,43.38,55.13,59.43,25.0
South Korea,KOR,20211024,2.0,2.0,1.0,4.0,0.0,0.0,0.0,2.0,2.0,3.0,2.0,3.0,5.0,2.0,69.23,43.38,55.13,59.43,25.0
South Korea,KOR,20211025,2.0,2.0,1.0,4.0,0.0,0.0,0.0,2.0,2.0,3.0,2.0,3.0,5.0,2.0,70.07,43.33,55.1,59.4,25.0
South Korea,KOR,20211026,2.0,2.0,1.0,4.0,0.0,0.0,0.0,2.0,2.0,3.0,2.0,3.0,5.0,2.0,70.61,43.3,55.09,59.38,25.0
South Korea,KOR,20211027,2.0,2.0,1.0,4.0,0.0,0.0,0.0,2.0,2.0,3.0,2.0,3.0,5.0,2.0,71.11,43.27,55.07,59.36,25.0
South Korea,KOR,20211028,2.0,2.0,1.0,4.0,0.0,0.0,0.0,2.0,2.0,3.0,2.0,3.0,5.0,2.0,72.31,43.21,55.03,59.32,25.0
South Korea,KOR,20211029,2.0,2.0,1.0,4.0,0.0,0.0,0.0,2.0,2.0,3.0,2.0,3.0,5.0,2.0,73.67,43.13,54.99,59.27,25.0
South Korea,KOR,20211030,2.0,2.0,1.0,4.0,0.0,0.0,0.0,2.0,2.0,3.0,2.0,3.0,5.0,2.0,74.36,43.09,54.97,59.25,25.0
South Korea,KOR,20211031,2.0,2.0,1.0,4.0,0.0,0.0,0.0,2.0,2.0,3.0,2.0,3.0,5.0,2.0,74.4,43.09,54.97,59.24,25.0
South Korea,KOR,20211101,1.0,2.0,1.0,4.0,0.0,0.0,0.0,2.0,2.0,3.0,2.0,3.0,5.0,2.0,74.63,42.61,54.7,58.95,25.0
South Korea,KOR,20211102,1.0,2.0,1.0,4.0,0.0,0.0,0.0,2.0,2.0,3.0,2.0,3.0,5.0,2.0,74.8,42.6,54.7,58.94,25.0
South Korea,KOR,20211103,1.0,2.0,1.0,4.0,0.0,0.0,0.0,2.0,2.0,3.0,2.0,3.0,5.0,2.0,74.95,42.59,54.69,58.93,25.0
South Korea,KOR,20211104,1.0,2.0,1.0,4.0,0.0,0.0,0.0,2.0,2.0,3.0,2.0,3.0,5.0,2.0,75.19,42.58,54.68,58.93,25.0
South Korea,KOR,20211105,1.0,2.0,1.0,4.0,0.0,0.0,0.0,2.0,2.0,3.0,2.0,3.0,5.0,2.0,75.51,42.56,54.67,58.91,25.0
South Korea,KOR,20211106,1.0,2.0,1.0,4.0,0.0,0.0,0.0,2.0,2.0,3.0,2.0,3.0,5.0,2.0,75.63,42.55,54.67,58.91,25.0
South Korea,KOR,20211107,1.0,2.0,1.0,4.0,0.0,0.0,0.0,2.0,2.0,3.0,2.0,3.0,5.0,2.0,75.64,42.55,54.67,58.91,25.0
South Korea,KOR,20211108,1.0,2.0,1.0,4.0,0.0,0.0,0.0,2.0,2.0,3.0,2.0,3.0,5.0,2.0,75.95,42.54,54.66,58.9,25.0
South Korea,KOR,20211109,1.0,2.0,1.0,4.0,0.0,0.0,0.0,2.0,2.0,3.0,2.0,3.0,5.0,2.0,76.2,42.52,54.65,58.89,25.0
South Korea,KOR,20211110,1.0,2.0,1.0,4.0,0.0,0.0,0.0,2.0,2.0,3.0,2.0,3.0,5.0,2.0,76.4,42.51,54.65,58.88,25.0
South Korea,KOR,20211111,1.0,2.0,1.0,4.0,0.0,0.0,0.0,2.0,2.0,3.0,2.0,3.0,5.0,2.0,76.61,42.5,54.64,58.88,25.0
South Korea,KOR,20211112,1.0,2.0,1.0,4.0,0.0,0.0,0.0,2.0,2.0,3.0,2.0,3.0,5.0,2.0,76.9,42.48,54.63,58.86,25.0
South Korea,KOR,20211113,1.0,2.0,1.0,4.0,0.0,0.0,0.0,2.0,2.0,3.0,2.0,3.0,5.0,2.0,77.1,42.47,54.62,58.86,25.0
South Korea,KOR,20211114,1.0,2.0,1.0,4.0,0.0,0.0,0.0,2.0,2.0,3.0,2.0,3.0,5.0,2.0,77.1,42.47,54.62,58.86,25.0
South Korea,KOR,20211115,1.0,2.0,1.0,4.0,0.0,0.0,0.0,2.0,2.0,3.0,2.0,3.0,5.0,2.0,77.28,42.46,54.62,58.85,25.0
South Korea,KOR,20211116,1.0,2.0,1.0,4.0,0.0,0.0,0.0,2.0,2.0,3.0,2.0,3.0,5.0,2.0,77.37,42.46,54.62,58.85,25.0
South Korea,KOR,20211117,1.0,2.0,1.0,4.0,0.0,0.0,0.0,2.0,2.0,3.0,2.0,3.0,5.0,2.0,77.5,42.45,54.61,58.84,25.0
South Korea,KOR,20211118,1.0,2.0,1.0,4.0,0.0,0.0,0.0,2.0,2.0,3.0,2.0,3.0,5.0,2.0,77.62,42.44,54.61,58.84,25.0
South Korea,KOR,20211119,1.0,2.0,1.0,4.0,0.0,0.0,0.0,2.0,2.0,3.0,2.0,3.0,5.0,2.0,77.77,42.44,54.6,58.83,25.0
South Korea,KOR,20211120,1.0,2.0,1.0,4.0,0.0,0.0,0.0,2.0,2.0,3.0,2.0,3.0,5.0,2.0,77.84,42.43,54.6,58.83,25.0
South Korea,KOR,20211121,1.0,2.0,1.0,4.0,0.0,0.0,0.0,2.0,2.0,3.0,2.0,3.0,5.0,2.0,77.85,42.43,54.6,58.83,25.0
South Korea,KOR,20211122,0.0,2.0,1.0,4.0,0.0,0.0,0.0,2.0,2.0,3.0,2.0,3.0,5.0,2.0,78.02,40.57,53.55,57.63,25.0
South Korea,KOR,20211123,0.0,2.0,1.0,4.0,0.0,0.0,0.0,2.0,2.0,3.0,2.0,3.0,5.0,2.0,78.1,40.57,53.55,57.63,25.0
South Korea,KOR,20211124,0.0,2.0,1.0,4.0,0.0,0.0,0.0,2.0,2.0,3.0,2.0,3.0,5.0,2.0,78.22,40.56,53.54,57.63,25.0
South Korea,KOR,20211125,0.0,2.0,1.0,4.0,0.0,0.0,0.0,2.0,2.0,3.0,2.0,3.0,5.0,2.0,78.35,40.55,53.54,57.62,25.0
South Korea,KOR,20211126,0.0,2.0,1.0,4.0,0.0,0.0,0.0,2.0,2.0,3.0,2.0,3.0,5.0,2.0,78.52,40.54,53.53,57.62,25.0
South Korea,KOR,20211127,0.0,2.0,1.0,4.0,0.0,0.0,0.0,2.0,2.0,3.0,2.0,3.0,5.0,2.0,78.61,40.54,53.53,57.61,25.0
South Korea,KOR,20211128,0.0,2.0,1.0,4.0,0.0,0.0,0.0,3.0,2.0,3.0,2.0,3.0,5.0,2.0,78.61,43.32,55.1,59.39,25.0
South Korea,KOR,20211129,0.0,2.0,1.0,4.0,0.0,0.0,0.0,3.0,2.0,3.0,2.0,3.0,5.0,2.0,78.82,43.31,55.09,59.39,25.0
South Korea,KOR,20211130,0.0,2.0,1.0,4.0,0.0,0.0,0.0,3.0,2.0,3.0,2.0,3.0,5.0,2.0,78.92,43.3,55.09,59.38,25.0
South Korea,KOR,20211201,0.0,2.0,1.0,4.0,0.0,0.0,0.0,3.0,2.0,3.0,2.0,3.0,5.0,2.0,79.04,43.3,55.08,59.38,25.0
South Korea,KOR,20211202,0.0,2.0,1.0,4.0,0.0,0.0,0.0,3.0,2.0,3.0,2.0,3.0,5.0,2.0,79.16,43.29,55.08,59.37,25.0
South Korea,KOR,20211203,0.0,2.0,1.0,4.0,0.0,0.0,0.0,3.0,2.0,3.0,2.0,3.0,5.0,2.0,79.34,43.28,55.07,59.37,25.0
South Korea,KOR,20211204,0.0,2.0,1.0,4.0,0.0,0.0,0.0,3.0,2.0,3.0,2.0,3.0,5.0,2.0,79.44,43.27,55.07,59.36,25.0
South Korea,KOR,20211205,0.0,2.0,1.0,4.0,0.0,0.0,0.0,3.0,2.0,3.0,2.0,3.0,5.0,2.0,79.44,43.27,55.07,59.36,25.0
South Korea,KOR,20211206,0.0,2.0,1.0,4.0,0.0,0.0,0.0,3.0,2.0,3.0,2.0,3.0,5.0,2.0,79.57,44.65,55.85,60.25,25.0
South Korea,KOR,20211207,0.0,2.0,1.0,4.0,0.0,0.0,0.0,3.0,2.0,3.0,2.0,3.0,5.0,2.0,79.66,44.65,55.84,60.25,25.0
South Korea,KOR,20211208,0.0,2.0,1.0,4.0,0.0,0.0,0.0,3.0,2.0,3.0,2.0,3.0,5.0,2.0,79.76,44.64,55.84,60.24,25.0
South Korea,KOR,20211209,0.0,2.0,1.0,4.0,0.0,0.0,0.0,3.0,2.0,3.0,2.0,3.0,5.0,2.0,79.86,44.64,55.84,60.24,25.0
South Korea,KOR,20211210,0.0,2.0,1.0,4.0,0.0,0.0,0.0,3.0,2.0,3.0,2.0,3.0,5.0,2.0,80.01,44.63,55.83,60.24,25.0
South Korea,KOR,20211211,0.0,2.0,1.0,4.0,0.0,0.0,0.0,3.0,2.0,3.0,2.0,3.0,5.0,2.0,80.08,44.63,55.83,60.23,25.0
South Korea,KOR,20211212,0.0,2.0,1.0,4.0,0.0,0.0,0.0,3.0,2.0,3.0,2.0,3.0,5.0,2.0,80.08,44.63,55.83,60.23,25.0
South Korea,KOR,20211213,0.0,2.0,1.0,4.0,0.0,0.0,0.0,3.0,2.0,3.0,2.0,3.0,5.0,2.0,80.2,44.62,55.83,60.23,25.0
South Korea,KOR,20211214,0.0,2.0,1.0,4.0,0.0,0.0,0.0,3.0,2.0,3.0,2.0,3.0,5.0,2.0,80.29,44.61,55.82,60.23,25.0
South Korea,KOR,20211215,0.0,2.0,1.0,4.0,0.0,0.0,0.0,3.0,2.0,3.0,2.0,3.0,5.0,2.0,80.4,44.61,55.82,60.22,25.0
South Korea,KOR,20211216,0.0,2.0,1.0,4.0,0.0,0.0,0.0,3.0,2.0,3.0,2.0,3.0,5.0,2.0,80.52,44.6,55.82,60.22,25.0
South Korea,KOR,20211217,0.0,2.0,1.0,4.0,0.0,0.0,0.0,3.0,2.0,3.0,2.0,3.0,5.0,2.0,80.67,44.59,55.81,60.21,25.0
South Korea,KOR,20211218,0.0,2.0,1.0,4.0,0.0,0.0,0.0,3.0,2.0,3.0,2.0,3.0,5.0,2.0,80.75,44.59,55.81,60.21,25.0
South Korea,KOR,20211219,0.0,2.0,1.0,4.0,0.0,0.0,0.0,3.0,2.0,3.0,2.0,3.0,5.0,2.0,80.76,44.59,55.81,60.21,25.0
South Korea,KOR,20211220,1.0,2.0,1.0,4.0,0.0,0.0,0.0,3.0,2.0,3.0,2.0,3.0,5.0,2.0,80.86,46.43,56.85,61.4,25.0
South Korea,KOR,20211221,1.0,2.0,1.0,4.0,0.0,0.0,0.0,3.0,2.0,3.0,2.0,3.0,5.0,2.0,80.93,46.43,56.85,61.39,25.0
South Korea,KOR,20211222,1.0,2.0,1.0,4.0,0.0,0.0,0.0,3.0,2.0,3.0,2.0,3.0,5.0,2.0,81.01,46.43,56.84,61.39,25.0
South Korea,KOR,20211223,1.0,2.0,1.0,4.0,0.0,0.0,0.0,3.0,2.0,3.0,2.0,3.0,5.0,2.0,81.08,46.42,56.84,61.39,25.0
South Korea,KOR,20211224,1.0,2.0,1.0,4.0,0.0,0.0,0.0,3.0,2.0,3.0,2.0,3.0,5.0,2.0,81.16,46.42,56.84,61.38,25.0
South Korea,KOR,20211225,1.0,2.0,1.0,4.0,0.0,0.0,0.0,3.0,2.0,3.0,2.0,3.0,5.0,2.0,81.17,46.42,56.84,61.38,25.0
South Korea,KOR,20211226,1.0,2.0,1.0,4.0,0.0,0.0,0.0,3.0,2.0,3.0,2.0,3.0,5.0,2.0,81.17,46.42,56.84,61.38,25.0
South Korea,KOR,20211227,1.0,2.0,1.0,4.0,0.0,0.0,0.0,3.0,2.0,3.0,2.0,3.0,5.0,2.0,81.3,46.41,56.84,61.38,25.0
South Korea,KOR,20211228,1.0,2.0,1.0,4.0,0.0,0.0,0.0,3.0,2.0,3.0,2.0,3.0,5.0,2.0,81.38,46.41,56.83,61.38,25.0
South Korea,KOR,20211229,1.0,2.0,1.0,4.0,0.0,0.0,0.0,3.0,2.0,3.0,2.0,3.0,5.0,2.0,81.47,46.4,56.83,61.37,25.0
South Korea,KOR,20211230,1.0,2.0,1.0,4.0,0.0,0.0,0.0,3.0,2.0,3.0,2.0,3.0,5.0,2.0,81.56,46.4,56.83,61.37,25.0
South Korea,KOR,20211231,1.0,2.0,1.0,4.0,0.0,0.0,0.0,3.0,2.0,3.0,2.0,3.0,5.0,2.0,81.67,46.39,56.82,61.37,25.0
South Korea,KOR,20220101,1.0,2.0,1.0,4.0,0.0,0.0,0.0,3.0,2.0,3.0,2.0,3.0,5.0,2.0,81.68,46.39,56.82,61.37,25.0
South Korea,KOR,20220102,1.0,2.0,1.0,4.0,0.0,0.0,0.0,3.0,2.0,3.0,2.0,3.0,5.0,2.0,81.69,46.39,56.82,61.37,25.0
South Korea,KOR,20220103,1.0,2.0,1.0,4.0,0.0,0.0,0.0,3.0,2.0,3.0,2.0,3.0,5.0,2.0,81.84,46.38,56.82,61.36,25.0
South Korea,KOR,20220104,1.0,2.0,1.0,4.0,0.0,0.0,0.0,3.0,2.0,3.0,2.0,3.0,5.0,2.0,81.95,46.37,56.81,61.36,25.0
South Korea,KOR,20220105,1.0,2.0,1.0,4.0,0.0,0.0,0.0,3.0,2.0,3.0,2.0,3.0,5.0,2.0,82.09,46.37,56.81,61.35,25.0
South Korea,KOR,20220106,1.0,2.0,1.0,4.0,0.0,0.0,0.0,3.0,2.0,3.0,2.0,3.0,5.0,2.0,82.26,46.36,56.81,61.35,25.0
South Korea,KOR,20220107,1.0,2.0,1.0,4.0,0.0,0.0,0.0,3.0,2.0,3.0,2.0,3.0,5.0,2.0,82.46,46.35,56.8,61.34,25.0
South Korea,KOR,20220108,1.0,2.0,1.0,4.0,0.0,0.0,0.0,3.0,2.0,3.0,2.0,3.0,5.0,2.0,82.6,46.34,56.79,61.33,25.0
South Korea,KOR,20220109,1.0,2.0,1.0,4.0,0.0,0.0,0.0,3.0,2.0,3.0,2.0,3.0,5.0,2.0,82.61,46.34,56.79,61.33,25.0
South Korea,KOR,20220110,1.0,2.0,1.0,4.0,0.0,0.0,0.0,3.0,2.0,3.0,2.0,3.0,5.0,2.0,82.82,46.33,56.79,61.33,25.0
South Korea,KOR,20220111,1.0,2.0,1.0,4.0,0.0,0.0,0.0,3.0,2.0,3.0,2.0,3.0,5.0,2.0,82.96,46.32,56.78,61.32,25.0
South Korea,KOR,20220112,1.0,2.0,1.0,4.0,0.0,0.0,0.0,3.0,2.0,3.0,2.0,3.0,5.0,2.0,83.11,46.31,56.78,61.31,25.0
South Korea,KOR,20220113,1.0,2.0,1.0,4.0,0.0,0.0,0.0,3.0,2.0,3.0,2.0,3.0,5.0,2.0,83.26,46.3,56.77,61.31,25.0
South Korea,KOR,20220114,1.0,2.0,1.0,4.0,0.0,0.0,0.0,3.0,2.0,3.0,2.0,3.0,5.0,2.0,83.44,46.29,56.77,61.3,25.0
South Korea,KOR,20220115,1.0,2.0,1.0,4.0,0.0,0.0,0.0,3.0,2.0,3.0,2.0,3.0,5.0,2.0,83.49,46.29,56.77,61.3,25.0
South Korea,KOR,20220116,1.0,2.0,1.0,4.0,0.0,0.0,0.0,3.0,2.0,3.0,2.0,3.0,5.0,2.0,83.5,46.29,56.77,61.3,25.0
South Korea,KOR,20220117,1.0,2.0,1.0,4.0,0.0,0.0,0.0,3.0,2.0,3.0,2.0,3.0,5.0,2.0,83.64,46.28,56.76,61.3,25.0
South Korea,KOR,20220118,1.0,2.0,1.0,4.0,0.0,0.0,0.0,3.0,2.0,3.0,2.0,3.0,5.0,2.0,83.73,46.27,56.76,61.29,25.0
South Korea,KOR,20220119,1.0,2.0,1.0,4.0,0.0,0.0,0.0,3.0,2.0,3.0,2.0,3.0,5.0,2.0,83.81,46.27,56.76,61.29,25.0
South Korea,KOR,20220120,1.0,2.0,1.0,4.0,0.0,0.0,0.0,3.0,2.0,3.0,2.0,3.0,5.0,2.0,83.9,46.27,56.75,61.29,25.0
South Korea,KOR,20220121,1.0,2.0,1.0,4.0,0.0,0.0,0.0,3.0,2.0,3.0,2.0,3.0,5.0,2.0,84.01,46.26,56.75,61.28,25.0
South Korea,KOR,20220122,1.0,2.0,1.0,4.0,0.0,0.0,0.0,3.0,2.0,3.0,2.0,3.0,5.0,2.0,84.05,46.26,56.75,61.28,25.0
South Korea,KOR,20220123,1.0,2.0,1.0,4.0,0.0,0.0,0.0,3.0,2.0,3.0,2.0,3.0,5.0,2.0,84.05,46.26,56.75,61.28,25.0
South Korea,KOR,20220124,1.0,2.0,1.0,4.0,0.0,0.0,0.0,3.0,2.0,3.0,2.0,3.0,5.0,2.0,84.13,46.25,56.75,61.28,25.0
South Korea,KOR,20220125,1.0,2.0,1.0,4.0,0.0,0.0,0.0,3.0,2.0,3.0,2.0,3.0,5.0,2.0,84.19,46.25,56.74,61.28,25.0
South Korea,KOR,20220126,1.0,2.0,1.0,4.0,0.0,0.0,0.0,3.0,2.0,3.0,2.0,3.0,5.0,2.0,84.23,46.25,56.74,61.27,25.0
South Korea,KOR,20220127,1.0,2.0,1.0,4.0,0.0,0.0,0.0,3.0,2.0,3.0,2.0,3.0,5.0,2.0,84.28,46.24,56.74,61.27,25.0
South Korea,KOR,20220128,1.0,2.0,1.0,4.0,0.0,0.0,0.0,3.0,2.0,3.0,2.0,3.0,5.0,2.0,84.35,46.24,56.74,61.27,25.0
South Korea,KOR,20220129,1.0,2.0,1.0,4.0,0.0,0.0,0.0,3.0,2.0,3.0,2.0,3.0,5.0,2.0,84.4,46.24,56.74,61.27,25.0
South Korea,KOR,20220130,1.0,2.0,1.0,4.0,0.0,0.0,0.0,3.0,2.0,3.0,2.0,3.0,5.0,2.0,84.4,46.24,56.74,61.27,25.0
South Korea,KOR,20220131,1.0,2.0,1.0,4.0,0.0,0.0,0.0,3.0,2.0,3.0,2.0,3.0,5.0,2.0,84.4,46.24,56.74,61.27,25.0
South Korea,KOR,20220201,1.0,2.0,1.0,4.0,0.0,0.0,0.0,3.0,2.0,3.0,2.0,3.0,5.0,2.0,84.4,46.24,56.74,61.27,25.0
South Korea,KOR,20220202,1.0,2.0,1.0,4.0,0.0,0.0,0.0,3.0,2.0,3.0,2.0,3.0,5.0,2.0,84.4,46.24,56.74,61.27,25.0
South Korea,KOR,20220203,1.0,2.0,1.0,4.0,0.0,0.0,0.0,3.0,2.0,3.0,2.0,3.0,5.0,2.0,84.5,46.23,56.74,61.26,25.0
South Korea,KOR,20220204,1.0,2.0,1.0,4.0,0.0,0.0,0.0,2.0,2.0,3.0,2.0,3.0,5.0,2.0,84.57,43.45,55.17,59.48,25.0
South Korea,KOR,20220205,1.0,2.0,1.0,4.0,0.0,0.0,0.0,2.0,2.0,3.0,2.0,3.0,5.0,2.0,84.61,43.45,55.17,59.48,25.0
South Korea,KOR,20220206,1.0,2.0,1.0,4.0,0.0,0.0,0.0,2.0,2.0,3.0,2.0,3.0,5.0,2.0,84.61,43.45,55.17,59.48,25.0
South Korea,KOR,20220207,0.0,2.0,1.0,4.0,0.0,0.0,0.0,2.0,2.0,3.0,2.0,3.0,5.0,2.0,84.65,41.59,54.13,58.29,25.0
South Korea,KOR,20220208,0.0,2.0,1.0,4.0,0.0,0.0,0.0,2.0,2.0,3.0,2.0,3.0,5.0,2.0,84.68,41.59,54.13,58.29,25.0
South Korea,KOR,20220209,0.0,2.0,1.0,4.0,0.0,0.0,0.0,2.0,2.0,3.0,2.0,3.0,5.0,2.0,84.71,41.59,54.13,58.29,25.0
South Korea,KOR,20220210,0.0,2.0,1.0,4.0,0.0,0.0,0.0,2.0,2.0,3.0,2.0,3.0,5.0,2.0,84.73,41.59,54.13,58.29,25.0
South Korea,KOR,20220211,0.0,2.0,1.0,4.0,0.0,0.0,0.0,2.0,2.0,3.0,2.0,3.0,5.0,2.0,84.77,41.59,54.13,58.28,25.0
South Korea,KOR,20220212,0.0,2.0,1.0,4.0,0.0,0.0,0.0,2.0,2.0,3.0,2.0,3.0,5.0,2.0,84.8,41.59,54.12,58.28,25.0
South Korea,KOR,20220213,0.0,2.0,1.0,4.0,0.0,0.0,0.0,2.0,2.0,3.0,2.0,3.0,5.0,2.0,84.8,41.59,54.12,58.28,25.0
South Korea,KOR,20220214,0.0,2.0,1.0,4.0,0.0,0.0,0.0,2.0,2.0,3.0,2.0,3.0,5.0,2.0,84.82,41.58,54.12,58.28,25.0
South Korea,KOR,20220215,0.0,2.0,1.0,4.0,0.0,0.0,0.0,2.0,2.0,3.0,2.0,3.0,5.0,2.0,84.84,41.58,54.12,58.28,25.0
South Korea,KOR,20220216,0.0,2.0,1.0,4.0,0.0,0.0,0.0,2.0,2.0,3.0,2.0,3.0,5.0,2.0,84.86,41.58,54.12,58.28,25.0
South Korea,KOR,20220217,0.0,2.0,1.0,4.0,0.0,0.0,0.0,2.0,2.0,3.0,2.0,3.0,5.0,2.0,84.88,41.58,54.12,58.28,25.0
South Korea,KOR,20220218,0.0,2.0,1.0,4.0,0.0,0.0,0.0,2.0,2.0,3.0,2.0,3.0,5.0,2.0,84.91,41.58,54.12,58.28,25.0
South Korea,KOR,20220219,0.0,2.0,1.0,4.0,0.0,0.0,0.0,2.0,2.0,3.0,2.0,3.0,5.0,2.0,84.93,41.58,54.12,58.28,25.0
South Korea,KOR,20220220,0.0,2.0,1.0,4.0,0.0,0.0,0.0,2.0,2.0,3.0,2.0,3.0,5.0,2.0,84.93,41.58,54.12,58.28,25.0
South Korea,KOR,20220221,0.0,2.0,1.0,4.0,0.0,0.0,0.0,2.0,2.0,3.0,2.0,3.0,5.0,2.0,84.94,41.58,54.12,58.28,25.0
South Korea,KOR,20220222,0.0,2.0,1.0,4.0,0.0,0.0,0.0,2.0,2.0,3.0,2.0,3.0,5.0,2.0,84.95,41.58,54.12,58.28,25.0
South Korea,KOR,20220223,0.0,2.0,1.0,4.0,0.0,0.0,0.0,2.0,2.0,3.0,2.0,3.0,5.0,2.0,84.96,41.58,54.12,58.28,25.0
South Korea,KOR,20220224,0.0,2.0,1.0,4.0,0.0,0.0,0.0,2.0,2.0,3.0,2.0,3.0,5.0,2.0,84.98,41.58,54.12,58.28,25.0
South Korea,KOR,20220225,0.0,2.0,1.0,4.0,0.0,0.0,0.0,2.0,2.0,3.0,2.0,3.0,5.0,2.0,85.0,41.57,54.12,58.28,25.0
South Korea,KOR,20220226,0.0,2.0,1.0,4.0,0.0,0.0,0.0,2.0,2.0,3.0,2.0,3.0,5.0,2.0,85.02,41.57,54.12,58.27,25.0
South Korea,KOR,20220227,0.0,2.0,1.0,4.0,0.0,0.0,0.0,2.0,2.0,3.0,2.0,3.0,5.0,2.0,85.02,41.57,54.12,58.27,25.0
South Korea,KOR,20220228,0.0,2.0,1.0,4.0,0.0,0.0,0.0,2.0,2.0,3.0,2.0,3.0,5.0,2.0,85.04,41.57,54.12,58.27,25.0
South Korea,KOR,20220301,0.0,2.0,1.0,4.0,0.0,0.0,0.0,2.0,2.0,3.0,2.0,3.0,5.0,2.0,85.04,40.74,53.65,57.74,25.0
South Korea,KOR,20220302,0.0,2.0,1.0,4.0,0.0,0.0,0.0,2.0,2.0,3.0,2.0,3.0,5.0,2.0,85.04,40.74,53.65,57.74,25.0
South Korea,KOR,20220303,0.0,2.0,1.0,4.0,0.0,0.0,0.0,2.0,2.0,3.0,2.0,3.0,5.0,2.0,85.05,40.74,53.65,57.74,25.0
South Korea,KOR,20220304,0.0,2.0,1.0,4.0,0.0,0.0,0.0,2.0,2.0,3.0,2.0,3.0,5.0,2.0,85.07,40.74,53.65,57.74,25.0
South Korea,KOR,20220305,0.0,2.0,1.0,4.0,0.0,0.0,0.0,2.0,2.0,3.0,2.0,3.0,5.0,2.0,85.08,40.74,53.65,57.74,25.0
South Korea,KOR,20220306,0.0,2.0,1.0,4.0,0.0,0.0,0.0,2.0,2.0,3.0,2.0,3.0,5.0,2.0,85.08,40.74,53.65,57.74,25.0
South Korea,KOR,20220307,0.0,2.0,1.0,4.0,0.0,0.0,0.0,2.0,2.0,3.0,2.0,3.0,5.0,2.0,85.09,40.74,53.65,57.74,25.0
South Korea,KOR,20220308,0.0,2.0,1.0,4.0,0.0,0.0,0.0,2.0,2.0,3.0,2.0,3.0,5.0,2.0,85.1,40.74,53.65,57.74,25.0
South Korea,KOR,20220309,0.0,2.0,1.0,4.0,0.0,0.0,0.0,2.0,2.0,3.0,2.0,3.0,5.0,2.0,85.1,40.74,53.65,57.74,25.0
South Korea,KOR,20220310,0.0,2.0,1.0,4.0,0.0,0.0,0.0,2.0,2.0,3.0,2.0,3.0,5.0,2.0,85.11,40.74,53.65,57.74,25.0
South Korea,KOR,20220311,0.0,2.0,1.0,4.0,0.0,0.0,0.0,2.0,2.0,3.0,2.0,3.0,5.0,2.0,85.14,40.74,53.65,57.74,25.0
South Korea,KOR,20220312,0.0,2.0,1.0,4.0,0.0,0.0,0.0,2.0,2.0,3.0,2.0,3.0,5.0,2.0,85.15,40.74,53.65,57.74,25.0
South Korea,KOR,20220313,0.0,2.0,1.0,4.0,0.0,0.0,0.0,2.0,2.0,3.0,2.0,3.0,5.0,2.0,85.15,40.74,53.65,57.74,25.0
South Korea,KOR,20220314,0.0,2.0,1.0,4.0,0.0,0.0,0.0,2.0,2.0,3.0,2.0,3.0,5.0,2.0,85.16,40.74,53.65,57.74,25.0
South Korea,KOR,20220315,0.0,2.0,1.0,4.0,0.0,0.0,0.0,2.0,2.0,3.0,2.0,3.0,5.0,2.0,85.17,40.74,53.65,57.74,25.0
South Korea,KOR,20220316,0.0,2.0,1.0,4.0,0.0,0.0,0.0,2.0,2.0,3.0,2.0,3.0,5.0,2.0,85.17,40.74,53.65,57.74,25.0
South Korea,KOR,20220317,0.0,2.0,1.0,4.0,0.0,0.0,0.0,2.0,2.0,3.0,2.0,3.0,5.0,2.0,85.18,40.74,53.65,57.74,25.0
South Korea,KOR,20220318,0.0,2.0,1.0,4.0,0.0,0.0,0.0,2.0,2.0,3.0,2.0,3.0,5.0,2.0,85.19,40.74,53.65,57.74,25.0
South Korea,KOR,20220319,0.0,2.0,1.0,4.0,0.0,0.0,0.0,2.0,2.0,3.0,2.0,3.0,5.0,2.0,85.19,40.74,53.65,57.74,25.0
South Korea,KOR,20220320,0.0,2.0,1.0,4.0,0.0,0.0,0.0,2.0,2.0,3.0,2.0,3.0,5.0,2.0,85.19,40.74,53.65,57.74,25.0
South Korea,KOR,20220321,0.0,2.0,1.0,4.0,0.0,0.0,0.0,2.0,2.0,3.0,2.0,3.0,5.0,2.0,85.2,40.74,53.65,57.74,25.0
South Korea,KOR,20220322,0.0,2.0,1.0,4.0,0.0,0.0,0.0,2.0,2.0,3.0,2.0,3.0,5.0,2.0,85.2,40.74,53.65,57.74,25.0
South Korea,KOR,20220323,0.0,2.0,1.0,4.0,0.0,0.0,0.0,2.0,2.0,3.0,2.0,3.0,5.0,2.0,85.2,40.74,53.65,57.74,25.0
South Korea,KOR,20220324,0.0,2.0,1.0,4.0,0.0,0.0,0.0,2.0,2.0,3.0,2.0,3.0,5.0,2.0,85.2,40.74,53.65,57.74,25.0
South Korea,KOR,20220325,0.0,2.0,1.0,4.0,0.0,0.0,0.0,2.0,2.0,3.0,2.0,3.0,5.0,2.0,85.21,40.74,53.65,57.74,25.0
South Korea,KOR,20220326,0.0,2.0,1.0,4.0,0.0,0.0,0.0,2.0,2.0,3.0,2.0,3.0,5.0,2.0,85.21,40.74,53.65,57.74,25.0
South Korea,KOR,20220327,0.0,2.0,1.0,4.0,0.0,0.0,0.0,2.0,2.0,3.0,2.0,3.0,5.0,2.0,85.21,40.74,53.65,57.74,25.0
South Korea,KOR,20220328,0.0,2.0,1.0,4.0,0.0,0.0,0.0,2.0,2.0,3.0,2.0,3.0,5.0,2.0,85.22,40.74,53.65,57.74,25.0
South Korea,KOR,20220329,0.0,2.0,1.0,4.0,0.0,0.0,0.0,2.0,2.0,3.0,2.0,3.0,5.0,2.0,85.23,40.74,53.65,57.74,25.0
South Korea,KOR,20220330,0.0,2.0,1.0,4.0,0.0,0.0,0.0,2.0,2.0,3.0,2.0,3.0,5.0,2.0,85.23,40.74,53.65,57.74,25.0
South Korea,KOR,20220331,0.0,2.0,1.0,4.0,0.0,0.0,0.0,2.0,2.0,3.0,2.0,3.0,5.0,2.0,85.24,40.74,53.65,57.74,25.0
South Korea,KOR,20220401,0.0,2.0,1.0,4.0,0.0,0.0,0.0,1.0,2.0,3.0,2.0,3.0,5.0,2.0,85.25,37.96,52.08,55.95,25.0
South Korea,KOR,20220402,0.0,2.0,1.0,4.0,0.0,0.0,0.0,1.0,2.0,3.0,2.0,3.0,5.0,2.0,85.25,37.96,52.08,55.95,25.0
South Korea,KOR,20220403,0.0,2.0,1.0,4.0,0.0,0.0,0.0,1.0,2.0,3.0,2.0,3.0,5.0,2.0,85.25,37.96,52.08,55.95,25.0
South Korea,KOR,20220404,0.0,2.0,1.0,4.0,0.0,0.0,0.0,1.0,2.0,3.0,2.0,3.0,5.0,2.0,85.26,37.96,52.08,55.95,25.0
South Korea,KOR,20220405,0.0,2.0,1.0,4.0,0.0,0.0,0.0,1.0,2.0,3.0,2.0,3.0,5.0,2.0,85.26,37.96,52.08,55.95,25.0
South Korea,KOR,20220406,0.0,2.0,1.0,4.0,0.0,0.0,0.0,1.0,2.0,3.0,2.0,3.0,5.0,2.0,85.27,37.96,52.08,55.95,25.0
South Korea,KOR,20220407,0.0,2.0,1.0,4.0,0.0,0.0,0.0,1.0,2.0,3.0,2.0,3.0,5.0,2.0,85.27,37.96,52.08,55.95,25.0
South Korea,KOR,20220408,0.0,2.0,1.0,4.0,0.0,0.0,0.0,1.0,2.0,3.0,2.0,3.0,5.0,2.0,85.28,37.96,52.08,55.95,25.0
South Korea,KOR,20220409,0.0,2.0,1.0,4.0,0.0,0.0,0.0,1.0,2.0,3.0,2.0,3.0,5.0,2.0,85.28,37.96,52.08,55.95,25.0
South Korea,KOR,20220410,0.0,2.0,1.0,4.0,0.0,0.0,0.0,1.0,2.0,3.0,2.0,3.0,5.0,2.0,85.28,37.96,52.08,55.95,25.0
South Korea,KOR,20220411,0.0,2.0,1.0,4.0,0.0,0.0,0.0,1.0,2.0,3.0,2.0,3.0,5.0,2.0,85.28,37.96,52.08,55.95,25.0
South Korea,KOR,20220412,0.0,2.0,1.0,4.0,0.0,0.0,0.0,1.0,2.0,3.0,2.0,3.0,5.0,2.0,85.29,37.96,52.08,55.95,25.0
South Korea,KOR,20220413,0.0,2.0,1.0,4.0,0.0,0.0,0.0,1.0,2.0,3.0,2.0,3.0,5.0,2.0,85.29,37.96,52.08,55.95,25.0
South Korea,KOR,20220414,0.0,2.0,1.0,4.0,0.0,0.0,0.0,1.0,2.0,3.0,2.0,3.0,5.0,2.0,85.29,37.96,52.08,55.95,25.0
South Korea,KOR,20220415,0.0,2.0,1.0,4.0,0.0,0.0,0.0,1.0,2.0,3.0,2.0,3.0,5.0,2.0,85.3,37.96,52.08,55.95,25.0
South Korea,KOR,20220416,0.0,2.0,1.0,4.0,0.0,0.0,0.0,1.0,2.0,3.0,2.0,3.0,5.0,2.0,85.3,37.96,52.08,55.95,25.0
South Korea,KOR,20220417,0.0,2.0,1.0,4.0,0.0,0.0,0.0,1.0,2.0,3.0,2.0,3.0,5.0,2.0,85.3,37.96,52.08,55.95,25.0
South Korea,KOR,20220418,0.0,0.0,0.0,0.0,0.0,0.0,0.0,1.0,2.0,3.0,2.0,3.0,5.0,2.0,85.3,13.89,38.54,40.48,25.0
South Korea,KOR,20220419,0.0,0.0,0.0,0.0,0.0,0.0,0.0,1.0,2.0,3.0,2.0,3.0,5.0,2.0,85.3,13.89,38.54,40.48,25.0
South Korea,KOR,20220420,0.0,0.0,0.0,0.0,0.0,0.0,0.0,1.0,2.0,3.0,2.0,3.0,5.0,2.0,85.31,13.89,38.54,40.48,25.0
South Korea,KOR,20220421,0.0,0.0,0.0,0.0,0.0,0.0,0.0,1.0,2.0,3.0,2.0,3.0,5.0,2.0,85.31,13.89,38.54,40.48,25.0
South Korea,KOR,20220422,0.0,0.0,0.0,0.0,0.0,0.0,0.0,1.0,2.0,3.0,2.0,3.0,5.0,2.0,85.32,13.89,38.54,40.48,25.0
South Korea,KOR,20220423,0.0,0.0,0.0,0.0,0.0,0.0,0.0,1.0,2.0,3.0,2.0,3.0,5.0,2.0,85.32,13.89,38.54,40.48,25.0
South Korea,KOR,20220424,0.0,0.0,0.0,0.0,0.0,0.0,0.0,1.0,2.0,3.0,2.0,3.0,5.0,2.0,85.32,13.89,38.54,40.48,25.0
South Korea,KOR,20220425,0.0,0.0,0.0,0.0,0.0,0.0,0.0,1.0,2.0,3.0,2.0,3.0,5.0,2.0,85.32,13.89,38.54,40.48,25.0
South Korea,KOR,20220426,0.0,0.0,0.0,0.0,0.0,0.0,0.0,1.0,2.0,3.0,2.0,3.0,5.0,2.0,85.32,13.89,38.54,40.48,25.0
South Korea,KOR,20220427,0.0,0.0,0.0,0.0,0.0,0.0,0.0,1.0,2.0,3.0,2.0,3.0,5.0,2.0,85.32,13.89,38.54,40.48,25.0
South Korea,KOR,20220428,0.0,0.0,0.0,0.0,0.0,0.0,0.0,1.0,2.0,3.0,2.0,3.0,5.0,2.0,85.33,13.89,38.54,40.48,25.0
South Korea,KOR,20220429,0.0,0.0,0.0,0.0,0.0,0.0,0.0,1.0,2.0,3.0,2.0,3.0,5.0,2.0,85.33,13.89,38.54,40.48,25.0
South Korea,KOR,20220430,0.0,0.0,0.0,0.0,0.0,0.0,0.0,1.0,2.0,3.0,2.0,3.0,5.0,1.0,85.34,13.89,36.76,38.45,25.0
South Korea,KOR,20220501,0.0,0.0,0.0,0.0,0.0,0.0,0.0,1.0,2.0,3.0,2.0,3.0,5.0,1.0,85.34,13.89,36.76,38.45,25.0
South Korea,KOR,20220502,0.0,0.0,0.0,0.0,0.0,0.0,0.0,1.0,2.0,3.0,2.0,3.0,5.0,1.0,85.34,13.89,36.76,38.45,25.0
South Korea,KOR,20220503,0.0,0.0,0.0,0.0,0.0,0.0,0.0,1.0,2.0,3.0,2.0,3.0,5.0,1.0,85.34,13.89,36.76,38.45,25.0
South Korea,KOR,20220504,0.0,0.0,0.0,0.0,0.0,0.0,0.0,1.0,2.0,3.0,2.0,3.0,5.0,1.0,85.34,13.89,36.76,38.45,25.0
South Korea,KOR,20220505,0.0,0.0,0.0,0.0,0.0,0.0,0.0,1.0,2.0,3.0,2.0,3.0,5.0,1.0,85.34,13.89,36.76,38.45,25.0
South Korea,KOR,20220506,0.0,0.0,0.0,0.0,0.0,0.0,0.0,1.0,2.0,3.0,2.0,3.0,5.0,1.0,85.35,13.89,36.76,38.45,25.0
South Korea,KOR,20220507,0.0,0.0,0.0,0.0,0.0,0.0,0.0,1.0,2.0,3.0,2.0,3.0,5.0,1.0,85.35,13.89,36.76,38.45,25.0
South Korea,KOR,20220508,0.0,0.0,0.0,0.0,0.0,0.0,0.0,1.0,2.0,3.0,2.0,3.0,5.0,1.0,85.35,13.89,36.76,38.45,25.0
South Korea,KOR,20220509,0.0,0.0,0.0,0.0,0.0,0.0,0.0,1.0,2.0,3.0,2.0,3.0,5.0,1.0,85.35,13.89,36.76,38.45,25.0
South Korea,KOR,20220510,0.0,0.0,0.0,0.0,0.0,0.0,0.0,1.0,2.0,3.0,2.0,3.0,5.0,1.0,85.35,13.89,36.76,38.45,25.0
South Korea,KOR,20220511,0.0,0.0,0.0,0.0,0.0,0.0,0.0,1.0,2.0,3.0,2.0,3.0,5.0,1.0,85.35,13.89,36.76,38.45,25.0
South Korea,KOR,20220512,0.0,0.0,0.0,0.0,0.0,0.0,0.0,1.0,2.0,3.0,2.0,3.0,5.0,1.0,85.35,13.89,36.76,38.45,25.0
South Korea,KOR,20220513,0.0,0.0,0.0,0.0,0.0,0.0,0.0,1.0,2.0,3.0,2.0,3.0,5.0,1.0,85.36,13.89,36.76,38.45,25.0
South Korea,KOR,20220514,0.0,0.0,0.0,0.0,0.0,0.0,0.0,1.0,2.0,3.0,2.0,3.0,5.0,1.0,85.36,13.89,36.76,38.45,25.0
South Korea,KOR,20220515,0.0,0.0,0.0,0.0,0.0,0.0,0.0,1.0,2.0,3.0,2.0,3.0,5.0,1.0,85.36,13.89,36.76,38.45,25.0
South Korea,KOR,20220516,0.0,0.0,0.0,0.0,0.0,0.0,0.0,1.0,2.0,3.0,2.0,3.0,5.0,1.0,85.36,13.89,36.76,38.45,25.0
South Korea,KOR,20220517,0.0,0.0,0.0,0.0,0.0,0.0,0.0,1.0,2.0,3.0,2.0,3.0,5.0,1.0,85.36,13.89,36.76,38.45,25.0
South Korea,KOR,20220518,0.0,0.0,0.0,0.0,0.0,0.0,0.0,1.0,2.0,3.0,2.0,3.0,5.0,1.0,85.36,13.89,36.76,38.45,25.0
South Korea,KOR,20220519,0.0,0.0,0.0,0.0,0.0,0.0,0.0,1.0,2.0,3.0,2.0,3.0,5.0,1.0,85.37,13.89,36.76,38.45,25.0
South Korea,KOR,20220520,0.0,0.0,0.0,0.0,0.0,0.0,0.0,1.0,2.0,3.0,2.0,3.0,5.0,1.0,85.37,13.89,36.76,38.45,25.0
South Korea,KOR,20220521,0.0,0.0,0.0,0.0,0.0,0.0,0.0,1.0,2.0,3.0,2.0,3.0,5.0,1.0,85.37,13.89,36.76,38.45,25.0
South Korea,KOR,20220522,0.0,0.0,0.0,0.0,0.0,0.0,0.0,1.0,2.0,3.0,2.0,3.0,5.0,1.0,85.37,13.89,36.76,38.45,25.0
South Korea,KOR,20220523,0.0,0.0,0.0,0.0,0.0,0.0,0.0,1.0,2.0,3.0,2.0,3.0,5.0,1.0,85.37,13.89,36.76,38.45,25.0
South Korea,KOR,20220524,0.0,0.0,0.0,0.0,0.0,0.0,0.0,1.0,2.0,3.0,2.0,3.0,5.0,1.0,85.37,13.89,36.76,38.45,25.0
South Korea,KOR,20220525,0.0,0.0,0.0,0.0,0.0,0.0,0.0,1.0,2.0,3.0,2.0,3.0,5.0,1.0,85.38,13.89,36.76,38.45,25.0
South Korea,KOR,20220526,0.0,0.0,0.0,0.0,0.0,0.0,0.0,1.0,2.0,3.0,2.0,3.0,5.0,1.0,85.38,13.89,36.76,38.45,25.0
South Korea,KOR,20220527,0.0,0.0,0.0,0.0,0.0,0.0,0.0,1.0,2.0,3.0,2.0,3.0,5.0,1.0,85.39,13.89,36.76,38.45,25.0
South Korea,KOR,20220528,0.0,0.0,0.0,0.0,0.0,0.0,0.0,1.0,2.0,3.0,2.0,3.0,5.0,1.0,85.4,13.89,36.76,38.45,25.0
South Korea,KOR,20220529,0.0,0.0,0.0,0.0,0.0,0.0,0.0,1.0,2.0,3.0,2.0,3.0,5.0,1.0,85.4,13.89,36.76,38.45,25.0
South Korea,KOR,20220530,0.0,0.0,0.0,0.0,0.0,0.0,0.0,1.0,2.0,3.0,2.0,3.0,5.0,1.0,85.4,13.89,36.76,38.45,25.0
South Korea,KOR,20220531,0.0,0.0,0.0,0.0,0.0,0.0,0.0,1.0,2.0,3.0,2.0,3.0,5.0,1.0,85.4,13.89,36.76,38.45,25.0
South Korea,KOR,20220601,0.0,0.0,0.0,0.0,0.0,0.0,0.0,1.0,2.0,3.0,2.0,3.0,5.0,1.0,85.4,13.89,36.76,38.45,25.0
South Korea,KOR,20220602,0.0,0.0,0.0,0.0,0.0,0.0,0.0,1.0,2.0,3.0,2.0,3.0,5.0,1.0,85.41,13.89,36.76,38.45,25.0
South Korea,KOR,20220603,0.0,0.0,0.0,0.0,0.0,0.0,0.0,1.0,2.0,3.0,2.0,3.0,5.0,1.0,85.42,13.89,36.76,38.45,25.0
South Korea,KOR,20220604,0.0,0.0,0.0,0.0,0.0,0.0,0.0,1.0,2.0,3.0,2.0,3.0,5.0,1.0,85.42,13.89,36.76,38.45,25.0
South Korea,KOR,20220605,0.0,0.0,0.0,0.0,0.0,0.0,0.0,1.0,2.0,3.0,2.0,3.0,5.0,1.0,85.42,13.89,36.76,38.45,25.0
South Korea,KOR,20220606,0.0,0.0,0.0,0.0,0.0,0.0,0.0,1.0,2.0,3.0,2.0,3.0,5.0,1.0,85.42,13.89,36.76,38.45,25.0
South Korea,KOR,20220607,0.0,0.0,0.0,0.0,0.0,0.0,0.0,1.0,2.0,3.0,2.0,3.0,5.0,1.0,85.43,13.89,36.76,38.45,25.0
South Korea,KOR,20220608,0.0,0.0,0.0,0.0,0.0,0.0,0.0,1.0,2.0,3.0,2.0,3.0,5.0,1.0,85.43,13.89,36.76,38.45,25.0
South Korea,KOR,20220609,0.0,0.0,0.0,0.0,0.0,0.0,0.0,1.0,2.0,3.0,2.0,3.0,5.0,1.0,85.43,13.89,36.76,38.45,25.0
South Korea,KOR,20220610,0.0,0.0,0.0,0.0,0.0,0.0,0.0,1.0,2.0,3.0,2.0,3.0,5.0,1.0,85.44,13.89,36.76,38.45,25.0
South Korea,KOR,20220611,0.0,0.0,0.0,0.0,0.0,0.0,0.0,1.0,2.0,3.0,2.0,3.0,5.0,1.0,85.44,13.89,36.76,38.45,25.0
South Korea,KOR,20220612,0.0,0.0,0.0,0.0,0.0,0.0,0.0,1.0,2.0,3.0,2.0,3.0,5.0,1.0,85.44,13.89,36.76,38.45,25.0
South Korea,KOR,20220613,0.0,0.0,0.0,0.0,0.0,0.0,0.0,1.0,2.0,3.0,2.0,3.0,5.0,1.0,85.45,13.89,36.76,38.45,25.0
South Korea,KOR,20220614,0.0,0.0,0.0,0.0,0.0,0.0,0.0,1.0,2.0,3.0,2.0,3.0,5.0,1.0,85.45,13.89,36.76,38.45,25.0
South Korea,KOR,20220615,0.0,0.0,0.0,0.0,0.0,0.0,0.0,1.0,2.0,3.0,2.0,3.0,5.0,1.0,85.45,13.89,36.76,38.45,25.0
South Korea,KOR,20220616,0.0,0.0,0.0,0.0,0.0,0.0,0.0,1.0,2.0,3.0,2.0,3.0,5.0,1.0,85.45,13.89,36.76,38.45,25.0
South Korea,KOR,20220617,0.0,0.0,0.0,0.0,0.0,0.0,0.0,1.0,2.0,3.0,2.0,3.0,5.0,1.0,85.46,13.89,36.76,38.45,25.0
South Korea,KOR,20220618,0.0,0.0,0.0,0.0,0.0,0.0,0.0,1.0,2.0,3.0,2.0,3.0,5.0,1.0,85.46,13.89,36.76,38.45,25.0
South Korea,KOR,20220619,0.0,0.0,0.0,0.0,0.0,0.0,0.0,1.0,2.0,3.0,2.0,3.0,5.0,1.0,85.46,13.89,36.76,38.45,25.0
South Korea,KOR,20220620,0.0,0.0,0.0,0.0,0.0,0.0,0.0,1.0,2.0,3.0,2.0,3.0,5.0,1.0,85.46,13.89,36.46,38.1,25.0
South Korea,KOR,20220621,0.0,0.0,0.0,0.0,0.0,0.0,0.0,1.0,2.0,3.0,2.0,3.0,5.0,1.0,85.46,13.89,36.46,38.1,25.0
South Korea,KOR,20220622,0.0,0.0,0.0,0.0,0.0,0.0,0.0,1.0,2.0,3.0,2.0,3.0,5.0,1.0,85.46,13.89,36.46,38.1,25.0
South Korea,KOR,20220623,0.0,0.0,0.0,0.0,0.0,0.0,0.0,1.0,2.0,3.0,2.0,3.0,5.0,1.0,85.46,13.89,36.46,38.1,25.0
South Korea,KOR,20220624,0.0,0.0,0.0,0.0,0.0,0.0,0.0,1.0,2.0,3.0,2.0,3.0,5.0,1.0,85.47,13.89,36.46,38.1,25.0
South Korea,KOR,20220625,0.0,0.0,0.0,0.0,0.0,0.0,0.0,1.0,2.0,3.0,2.0,3.0,5.0,1.0,85.47,13.89,36.46,38.1,25.0
South Korea,KOR,20220626,0.0,0.0,0.0,0.0,0.0,0.0,0.0,1.0,2.0,3.0,2.0,3.0,5.0,1.0,85.47,13.89,36.46,38.1,25.0
South Korea,KOR,20220627,0.0,0.0,0.0,0.0,0.0,0.0,0.0,1.0,2.0,3.0,2.0,3.0,5.0,1.0,85.47,13.89,36.46,38.1,25.0
South Korea,KOR,20220628,0.0,0.0,0.0,0.0,0.0,0.0,0.0,1.0,2.0,3.0,2.0,3.0,5.0,1.0,85.47,13.89,36.46,38.1,25.0
South Korea,KOR,20220629,0.0,0.0,0.0,0.0,0.0,0.0,0.0,1.0,2.0,3.0,2.0,3.0,5.0,1.0,85.47,13.89,36.46,38.1,25.0
South Korea,KOR,20220630,0.0,0.0,0.0,0.0,0.0,0.0,0.0,1.0,2.0,3.0,2.0,3.0,5.0,1.0,85.47,13.89,36.46,38.1,25.0
South Korea,KOR,20220701,0.0,0.0,0.0,0.0,0.0,0.0,0.0,1.0,2.0,3.0,2.0,3.0,5.0,1.0,85.48,13.89,36.46,38.1,25.0
South Korea,KOR,20220702,0.0,0.0,0.0,0.0,0.0,0.0,0.0,1.0,2.0,3.0,2.0,3.0,5.0,1.0,85.48,13.89,36.46,38.1,25.0
South Korea,KOR,20220703,0.0,0.0,0.0,0.0,0.0,0.0,0.0,1.0,2.0,3.0,2.0,3.0,5.0,1.0,85.48,13.89,36.46,38.1,25.0
South Korea,KOR,20220704,0.0,0.0,0.0,0.0,0.0,0.0,0.0,1.0,2.0,3.0,2.0,3.0,5.0,1.0,85.48,13.89,36.46,38.1,25.0
South Korea,KOR,20220705,0.0,0.0,0.0,0.0,0.0,0.0,0.0,1.0,2.0,3.0,2.0,3.0,5.0,1.0,85.48,13.89,36.46,38.1,25.0
South Korea,KOR,20220706,0.0,0.0,0.0,0.0,0.0,0.0,0.0,1.0,2.0,3.0,2.0,3.0,5.0,1.0,85.48,13.89,36.46,38.1,25.0
South Korea,KOR,20220707,0.0,0.0,0.0,0.0,0.0,0.0,0.0,1.0,2.0,3.0,2.0,3.0,5.0,1.0,85.48,13.89,36.46,38.1,25.0
South Korea,KOR,20220708,0.0,0.0,0.0,0.0,0.0,0.0,0.0,1.0,2.0,3.0,2.0,3.0,5.0,1.0,85.49,13.89,36.46,38.1,25.0
South Korea,KOR,20220709,0.0,0.0,0.0,0.0,0.0,0.0,0.0,1.0,2.0,3.0,2.0,3.0,5.0,1.0,85.49,13.89,36.46,38.1,25.0
South Korea,KOR,20220710,0.0,0.0,0.0,0.0,0.0,0.0,0.0,1.0,2.0,3.0,2.0,3.0,5.0,1.0,85.49,13.89,36.46,38.1,25.0
South Korea,KOR,20220711,0.0,0.0,0.0,0.0,0.0,0.0,0.0,1.0,2.0,3.0,2.0,3.0,5.0,1.0,85.49,13.89,36.46,38.1,25.0
South Korea,KOR,20220712,0.0,0.0,0.0,0.0,0.0,0.0,0.0,1.0,2.0,3.0,2.0,3.0,5.0,1.0,85.49,13.89,36.46,38.1,25.0
South Korea,KOR,20220713,0.0,0.0,0.0,0.0,0.0,0.0,0.0,1.0,2.0,3.0,2.0,3.0,5.0,1.0,85.49,13.89,36.46,38.1,25.0
South Korea,KOR,20220714,0.0,0.0,0.0,0.0,0.0,0.0,0.0,1.0,2.0,3.0,2.0,3.0,5.0,1.0,85.49,13.89,36.46,38.1,25.0
South Korea,KOR,20220715,0.0,0.0,0.0,0.0,0.0,0.0,0.0,1.0,2.0,3.0,2.0,3.0,5.0,1.0,85.49,13.89,36.46,38.1,25.0
South Korea,KOR,20220716,0.0,0.0,0.0,0.0,0.0,0.0,0.0,1.0,2.0,3.0,2.0,3.0,5.0,1.0,85.49,13.89,36.46,38.1,25.0
South Korea,KOR,20220717,0.0,0.0,0.0,0.0,0.0,0.0,0.0,1.0,2.0,3.0,2.0,3.0,5.0,1.0,85.49,13.89,36.46,38.1,25.0
South Korea,KOR,20220718,0.0,0.0,0.0,0.0,0.0,0.0,0.0,1.0,2.0,3.0,2.0,3.0,5.0,1.0,85.5,13.89,36.46,38.1,25.0
South Korea,KOR,20220719,0.0,0.0,0.0,0.0,0.0,0.0,0.0,1.0,2.0,3.0,2.0,3.0,5.0,1.0,85.5,13.89,36.46,38.1,25.0
South Korea,KOR,20220720,0.0,0.0,0.0,0.0,0.0,0.0,0.0,1.0,2.0,3.0,2.0,3.0,5.0,1.0,85.5,13.89,36.46,38.1,25.0
South Korea,KOR,20220721,0.0,0.0,0.0,0.0,0.0,0.0,0.0,1.0,2.0,3.0,2.0,3.0,5.0,1.0,85.5,13.89,36.46,38.1,25.0
South Korea,KOR,20220722,0.0,0.0,0.0,0.0,0.0,0.0,0.0,1.0,2.0,3.0,2.0,3.0,5.0,1.0,85.5,13.89,36.46,38.1,25.0
South Korea,KOR,20220723,0.0,0.0,0.0,0.0,0.0,0.0,0.0,1.0,2.0,3.0,2.0,3.0,5.0,1.0,85.5,13.89,36.46,38.1,25.0
South Korea,KOR,20220724,0.0,0.0,0.0,0.0,0.0,0.0,0.0,1.0,2.0,3.0,2.0,3.0,5.0,1.0,85.5,13.89,36.46,38.1,25.0
South Korea,KOR,20220725,0.0,0.0,0.0,0.0,0.0,0.0,0.0,1.0,2.0,3.0,2.0,3.0,5.0,2.0,85.5,13.89,41.67,40.48,50.0
South Korea,KOR,20220726,0.0,0.0,0.0,0.0,0.0,0.0,0.0,1.0,2.0,3.0,2.0,3.0,5.0,2.0,85.5,13.89,41.67,40.48,50.0
South Korea,KOR,20220727,0.0,0.0,0.0,0.0,0.0,0.0,0.0,1.0,2.0,3.0,2.0,3.0,5.0,2.0,85.5,13.89,41.67,40.48,50.0
South Korea,KOR,20220728,0.0,0.0,0.0,0.0,0.0,0.0,0.0,1.0,2.0,3.0,2.0,3.0,5.0,2.0,85.51,13.89,41.67,40.48,50.0
South Korea,KOR,20220729,0.0,0.0,0.0,0.0,0.0,0.0,0.0,1.0,2.0,3.0,2.0,3.0,5.0,2.0,85.51,13.89,41.67,40.48,50.0
South Korea,KOR,20220730,0.0,0.0,0.0,0.0,0.0,0.0,0.0,1.0,2.0,3.0,2.0,3.0,5.0,2.0,85.51,13.89,41.67,40.48,50.0
South Korea,KOR,20220731,0.0,0.0,0.0,0.0,0.0,0.0,0.0,1.0,2.0,3.0,2.0,3.0,5.0,2.0,85.51,13.89,41.67,40.48,50.0
South Korea,KOR,20220801,0.0,0.0,0.0,0.0,0.0,0.0,0.0,1.0,2.0,3.0,2.0,3.0,5.0,2.0,85.51,13.89,41.67,40.48,50.0
South Korea,KOR,20220802,0.0,0.0,0.0,0.0,0.0,0.0,0.0,1.0,2.0,3.0,2.0,3.0,5.0,2.0,85.51,13.89,41.67,40.48,50.0
South Korea,KOR,20220803,0.0,0.0,0.0,0.0,0.0,0.0,0.0,1.0,2.0,3.0,2.0,3.0,5.0,2.0,85.51,13.89,41.67,40.48,50.0
South Korea,KOR,20220804,0.0,0.0,0.0,0.0,0.0,0.0,0.0,1.0,2.0,3.0,2.0,3.0,5.0,2.0,85.51,13.89,41.67,40.48,50.0
South Korea,KOR,20220805,0.0,0.0,0.0,0.0,0.0,0.0,0.0,1.0,2.0,3.0,2.0,3.0,5.0,2.0,85.51,13.89,41.67,40.48,50.0
South Korea,KOR,20220806,0.0,0.0,0.0,0.0,0.0,0.0,0.0,1.0,2.0,3.0,2.0,3.0,5.0,2.0,85.51,13.89,41.67,40.48,50.0
South Korea,KOR,20220807,0.0,0.0,0.0,0.0,0.0,0.0,0.0,1.0,2.0,3.0,2.0,3.0,5.0,2.0,85.51,13.89,41.67,40.48,50.0
South Korea,KOR,20220808,0.0,0.0,0.0,0.0,0.0,0.0,0.0,1.0,2.0,3.0,2.0,3.0,5.0,2.0,85.51,13.89,41.67,40.48,50.0
South Korea,KOR,20220809,0.0,0.0,0.0,0.0,0.0,0.0,0.0,1.0,2.0,3.0,2.0,3.0,5.0,2.0,85.52,13.89,41.67,40.48,50.0
South Korea,KOR,20220810,0.0,0.0,0.0,0.0,0.0,0.0,0.0,1.0,2.0,3.0,2.0,3.0,5.0,2.0,85.52,13.89,41.67,40.48,50.0
South Korea,KOR,20220811,0.0,0.0,0.0,0.0,0.0,0.0,0.0,1.0,2.0,3.0,2.0,3.0,5.0,2.0,85.52,13.89,41.67,40.48,50.0
South Korea,KOR,20220812,0.0,0.0,0.0,0.0,0.0,0.0,0.0,1.0,2.0,3.0,2.0,3.0,5.0,2.0,85.52,13.89,41.67,40.48,50.0
South Korea,KOR,20220813,0.0,0.0,0.0,0.0,0.0,0.0,0.0,1.0,2.0,3.0,2.0,3.0,5.0,2.0,85.52,13.89,41.67,40.48,50.0
South Korea,KOR,20220814,0.0,0.0,0.0,0.0,0.0,0.0,0.0,1.0,2.0,3.0,2.0,3.0,5.0,2.0,85.52,13.89,41.67,40.48,50.0
South Korea,KOR,20220815,0.0,0.0,0.0,0.0,0.0,0.0,0.0,1.0,2.0,3.0,2.0,3.0,5.0,2.0,85.52,13.89,41.67,40.48,50.0
South Korea,KOR,20220816,0.0,0.0,0.0,0.0,0.0,0.0,0.0,1.0,2.0,3.0,2.0,3.0,5.0,2.0,85.52,13.89,41.67,40.48,50.0
South Korea,KOR,20220817,0.0,0.0,0.0,0.0,0.0,0.0,0.0,1.0,2.0,3.0,2.0,3.0,5.0,2.0,85.52,13.89,41.67,40.48,50.0
South Korea,KOR,20220818,0.0,0.0,0.0,0.0,0.0,0.0,0.0,1.0,2.0,3.0,2.0,3.0,5.0,2.0,85.52,13.89,41.67,40.48,50.0
South Korea,KOR,20220819,0.0,0.0,0.0,0.0,0.0,0.0,0.0,1.0,2.0,3.0,2.0,3.0,5.0,2.0,85.52,13.89,41.67,40.48,50.0
South Korea,KOR,20220820,0.0,0.0,0.0,0.0,0.0,0.0,0.0,1.0,2.0,3.0,2.0,3.0,5.0,2.0,85.52,13.89,41.67,40.48,50.0
South Korea,KOR,20220821,0.0,0.0,0.0,0.0,0.0,0.0,0.0,1.0,2.0,3.0,2.0,3.0,5.0,2.0,85.52,13.89,41.67,40.48,50.0
South Korea,KOR,20220822,0.0,0.0,0.0,0.0,0.0,0.0,0.0,1.0,2.0,3.0,2.0,3.0,5.0,2.0,85.52,13.89,41.67,40.48,50.0
South Korea,KOR,20220823,0.0,0.0,0.0,0.0,0.0,0.0,0.0,1.0,2.0,3.0,2.0,3.0,5.0,2.0,85.53,13.89,41.67,40.48,50.0
South Korea,KOR,20220824,0.0,0.0,0.0,0.0,0.0,0.0,0.0,1.0,2.0,3.0,2.0,3.0,5.0,2.0,85.53,13.89,41.67,40.48,50.0
South Korea,KOR,20220825,0.0,0.0,0.0,0.0,0.0,0.0,0.0,1.0,2.0,3.0,2.0,3.0,5.0,2.0,85.53,13.89,41.67,40.48,50.0
South Korea,KOR,20220826,0.0,0.0,0.0,0.0,0.0,0.0,0.0,1.0,2.0,3.0,2.0,3.0,5.0,2.0,85.53,13.89,41.67,40.48,50.0
South Korea,KOR,20220827,0.0,0.0,0.0,0.0,0.0,0.0,0.0,1.0,2.0,3.0,2.0,3.0,5.0,2.0,85.53,13.89,41.67,40.48,50.0
South Korea,KOR,20220828,0.0,0.0,0.0,0.0,0.0,0.0,0.0,1.0,2.0,3.0,2.0,3.0,5.0,2.0,85.53,13.89,41.67,40.48,50.0
South Korea,KOR,20220829,0.0,0.0,0.0,0.0,0.0,0.0,0.0,1.0,2.0,3.0,2.0,3.0,5.0,2.0,85.53,13.89,41.67,40.48,50.0
South Korea,KOR,20220830,0.0,0.0,0.0,0.0,0.0,0.0,0.0,1.0,2.0,3.0,2.0,3.0,5.0,2.0,85.53,13.89,41.67,40.48,50.0
South Korea,KOR,20220831,0.0,0.0,0.0,0.0,0.0,0.0,0.0,1.0,2.0,3.0,2.0,3.0,5.0,2.0,85.53,13.89,41.67,40.48,50.0
South Korea,KOR,20220901,0.0,0.0,0.0,0.0,0.0,0.0,0.0,1.0,2.0,3.0,2.0,3.0,5.0,2.0,85.53,13.89,41.67,40.48,50.0
South Korea,KOR,20220902,0.0,0.0,0.0,0.0,0.0,0.0,0.0,1.0,2.0,3.0,2.0,3.0,5.0,2.0,85.53,13.89,41.67,40.48,50.0
South Korea,KOR,20220903,0.0,0.0,0.0,0.0,0.0,0.0,0.0,1.0,2.0,3.0,2.0,3.0,5.0,2.0,85.53,13.89,41.67,40.48,50.0
South Korea,KOR,20220904,0.0,0.0,0.0,0.0,0.0,0.0,0.0,1.0,2.0,3.0,2.0,3.0,5.0,2.0,85.53,13.89,41.67,40.48,50.0
South Korea,KOR,20220905,0.0,0.0,0.0,0.0,0.0,0.0,0.0,1.0,2.0,3.0,2.0,3.0,5.0,2.0,85.53,13.89,41.67,40.48,50.0
South Korea,KOR,20220906,0.0,0.0,0.0,0.0,0.0,0.0,0.0,1.0,2.0,3.0,2.0,3.0,5.0,2.0,85.53,13.89,41.67,40.48,50.0
South Korea,KOR,20220907,0.0,0.0,0.0,0.0,0.0,0.0,0.0,1.0,2.0,3.0,2.0,3.0,5.0,2.0,85.53,13.89,41.67,40.48,50.0
South Korea,KOR,20220908,0.0,0.0,0.0,0.0,0.0,0.0,0.0,1.0,2.0,3.0,2.0,3.0,5.0,2.0,85.54,13.89,41.67,40.48,50.0
South Korea,KOR,20220909,0.0,0.0,0.0,0.0,0.0,0.0,0.0,1.0,2.0,3.0,2.0,3.0,5.0,2.0,85.54,13.89,41.67,40.48,50.0
South Korea,KOR,20220910,0.0,0.0,0.0,0.0,0.0,0.0,0.0,1.0,2.0,3.0,2.0,3.0,5.0,2.0,85.54,13.89,41.67,40.48,50.0
South Korea,KOR,20220911,0.0,0.0,0.0,0.0,0.0,0.0,0.0,1.0,2.0,3.0,2.0,3.0,5.0,2.0,85.54,13.89,41.67,40.48,50.0
South Korea,KOR,20220912,0.0,0.0,0.0,0.0,0.0,0.0,0.0,1.0,2.0,3.0,2.0,3.0,5.0,2.0,85.54,13.89,41.67,40.48,50.0
South Korea,KOR,20220913,0.0,0.0,0.0,0.0,0.0,0.0,0.0,1.0,2.0,3.0,2.0,3.0,5.0,2.0,85.54,13.89,41.67,40.48,50.0
South Korea,KOR,20220914,0.0,0.0,0.0,0.0,0.0,0.0,0.0,1.0,2.0,3.0,2.0,3.0,5.0,2.0,85.54,13.89,41.67,40.48,50.0
South Korea,KOR,20220915,0.0,0.0,0.0,0.0,0.0,0.0,0.0,1.0,2.0,3.0,2.0,3.0,5.0,2.0,85.54,13.89,41.67,40.48,50.0
South Korea,KOR,20220916,0.0,0.0,0.0,0.0,0.0,0.0,0.0,1.0,2.0,3.0,2.0,3.0,5.0,2.0,85.54,13.89,41.67,40.48,50.0
South Korea,KOR,20220917,0.0,0.0,0.0,0.0,0.0,0.0,0.0,1.0,2.0,3.0,2.0,3.0,5.0,2.0,85.54,13.89,41.67,40.48,50.0
South Korea,KOR,20220918,0.0,0.0,0.0,0.0,0.0,0.0,0.0,1.0,2.0,3.0,2.0,3.0,5.0,2.0,85.54,13.89,41.67,40.48,50.0
South Korea,KOR,20220919,0.0,0.0,0.0,0.0,0.0,0.0,0.0,1.0,2.0,3.0,2.0,3.0,5.0,2.0,85.54,13.89,41.67,40.48,50.0
South Korea,KOR,20220920,0.0,0.0,0.0,0.0,0.0,0.0,0.0,1.0,2.0,3.0,2.0,3.0,5.0,2.0,85.54,13.89,41.67,40.48,50.0
South Korea,KOR,20220921,0.0,0.0,0.0,0.0,0.0,0.0,0.0,1.0,2.0,3.0,2.0,3.0,5.0,2.0,85.54,13.89,41.67,40.48,50.0
South Korea,KOR,20220922,0.0,0.0,0.0,0.0,0.0,0.0,0.0,1.0,2.0,3.0,2.0,3.0,5.0,2.0,85.54,13.89,41.67,40.48,50.0
South Korea,KOR,20220923,0.0,0.0,0.0,0.0,0.0,0.0,0.0,1.0,2.0,3.0,2.0,3.0,5.0,2.0,85.55,13.89,41.67,40.48,50.0
South Korea,KOR,20220924,0.0,0.0,0.0,0.0,0.0,0.0,0.0,1.0,2.0,3.0,2.0,3.0,5.0,2.0,85.55,13.89,41.67,40.48,50.0
South Korea,KOR,20220925,0.0,0.0,0.0,0.0,0.0,0.0,0.0,1.0,2.0,3.0,2.0,3.0,5.0,2.0,85.55,13.89,41.67,40.48,50.0
South Korea,KOR,20220926,0.0,0.0,0.0,0.0,0.0,0.0,0.0,1.0,2.0,3.0,2.0,2.0,5.0,2.0,85.55,13.89,40.1,38.69,50.0
South Korea,KOR,20220927,0.0,0.0,0.0,0.0,0.0,0.0,0.0,1.0,2.0,3.0,2.0,2.0,5.0,2.0,85.55,13.89,40.1,38.69,50.0
South Korea,KOR,20220928,0.0,0.0,0.0,0.0,0.0,0.0,0.0,1.0,2.0,3.0,2.0,2.0,5.0,2.0,85.55,13.89,40.1,38.69,50.0
South Korea,KOR,20220929,0.0,0.0,0.0,0.0,0.0,0.0,0.0,1.0,2.0,3.0,2.0,2.0,5.0,2.0,85.55,13.89,40.1,38.69,50.0
South Korea,KOR,20220930,0.0,0.0,0.0,0.0,0.0,0.0,0.0,1.0,2.0,3.0,2.0,2.0,5.0,2.0,85.55,13.89,40.1,38.69,50.0
South Korea,KOR,20221001,0.0,0.0,0.0,0.0,0.0,0.0,0.0,0.0,2.0,3.0,2.0,2.0,5.0,2.0,85.55,11.11,38.54,36.9,50.0
South Korea,KOR,20221002,0.0,0.0,0.0,0.0,0.0,0.0,0.0,0.0,2.0,3.0,2.0,2.0,5.0,2.0,85.55,11.11,38.54,36.9,50.0
South Korea,KOR,20221003,0.0,0.0,0.0,0.0,0.0,0.0,0.0,0.0,2.0,3.0,2.0,2.0,5.0,2.0,85.55,11.11,38.54,36.9,50.0
South Korea,KOR,20221004,0.0,0.0,0.0,0.0,0.0,0.0,0.0,0.0,2.0,3.0,2.0,2.0,5.0,1.0,85.55,11.11,36.46,34.52,50.0
South Korea,KOR,20221005,0.0,0.0,0.0,0.0,0.0,0.0,0.0,0.0,2.0,3.0,2.0,2.0,5.0,1.0,85.55,11.11,36.46,34.52,50.0
South Korea,KOR,20221006,0.0,0.0,0.0,0.0,0.0,0.0,0.0,0.0,2.0,3.0,2.0,2.0,5.0,1.0,85.55,11.11,36.46,34.52,50.0
South Korea,KOR,20221007,0.0,0.0,0.0,0.0,0.0,0.0,0.0,0.0,2.0,3.0,2.0,2.0,5.0,1.0,85.55,11.11,36.46,34.52,50.0
South Korea,KOR,20221008,0.0,0.0,0.0,0.0,0.0,0.0,0.0,0.0,2.0,3.0,2.0,2.0,5.0,1.0,85.56,11.11,36.46,34.52,50.0
South Korea,KOR,20221009,0.0,0.0,0.0,0.0,0.0,0.0,0.0,0.0,2.0,3.0,2.0,2.0,5.0,1.0,85.56,11.11,36.46,34.52,50.0
South Korea,KOR,20221010,0.0,0.0,0.0,0.0,0.0,0.0,0.0,0.0,2.0,3.0,2.0,2.0,5.0,1.0,85.56,11.11,36.46,34.52,50.0
South Korea,KOR,20221011,0.0,0.0,0.0,0.0,0.0,0.0,0.0,0.0,2.0,3.0,2.0,2.0,5.0,1.0,85.56,11.11,36.46,34.52,50.0
South Korea,KOR,20221012,0.0,0.0,0.0,0.0,0.0,0.0,0.0,0.0,2.0,3.0,2.0,2.0,5.0,1.0,85.56,11.11,36.46,34.52,50.0
South Korea,KOR,20221013,0.0,0.0,0.0,0.0,0.0,0.0,0.0,0.0,2.0,3.0,2.0,2.0,5.0,1.0,85.56,11.11,36.46,34.52,50.0
South Korea,KOR,20221014,0.0,0.0,0.0,0.0,0.0,0.0,0.0,0.0,2.0,3.0,2.0,2.0,5.0,1.0,85.56,11.11,36.46,34.52,50.0
South Korea,KOR,20221015,0.0,0.0,0.0,0.0,0.0,0.0,0.0,0.0,2.0,3.0,2.0,2.0,5.0,1.0,85.56,11.11,36.46,34.52,50.0
South Korea,KOR,20221016,0.0,0.0,0.0,0.0,0.0,0.0,0.0,0.0,2.0,3.0,2.0,2.0,5.0,1.0,85.56,11.11,36.46,34.52,50.0
South Korea,KOR,20221017,0.0,0.0,0.0,0.0,0.0,0.0,0.0,0.0,2.0,3.0,2.0,2.0,5.0,1.0,85.56,11.11,36.46,34.52,50.0
South Korea,KOR,20221018,0.0,0.0,0.0,0.0,0.0,0.0,0.0,0.0,2.0,3.0,2.0,2.0,5.0,1.0,85.56,11.11,36.46,34.52,50.0
South Korea,KOR,20221019,0.0,0.0,0.0,0.0,0.0,0.0,0.0,0.0,2.0,3.0,2.0,2.0,5.0,1.0,85.56,11.11,36.46,34.52,50.0
South Korea,KOR,20221020,0.0,0.0,0.0,0.0,0.0,0.0,0.0,0.0,2.0,3.0,2.0,2.0,5.0,1.0,85.56,11.11,36.46,34.52,50.0
South Korea,KOR,20221021,0.0,0.0,0.0,0.0,0.0,0.0,0.0,0.0,2.0,3.0,2.0,2.0,5.0,1.0,85.56,11.11,36.46,34.52,50.0
South Korea,KOR,20221022,0.0,0.0,0.0,0.0,0.0,0.0,0.0,0.0,2.0,3.0,2.0,2.0,5.0,1.0,85.56,11.11,36.46,34.52,50.0
South Korea,KOR,20221023,0.0,0.0,0.0,0.0,0.0,0.0,0.0,0.0,2.0,3.0,2.0,2.0,5.0,1.0,85.56,11.11,36.46,34.52,50.0
South Korea,KOR,20221024,0.0,0.0,0.0,0.0,0.0,0.0,0.0,0.0,2.0,3.0,2.0,2.0,5.0,1.0,85.56,11.11,36.46,34.52,50.0
South Korea,KOR,20221025,0.0,0.0,0.0,0.0,0.0,0.0,0.0,0.0,2.0,3.0,2.0,2.0,5.0,1.0,85.57,11.11,36.46,34.52,50.0
South Korea,KOR,20221026,0.0,0.0,0.0,0.0,0.0,0.0,0.0,0.0,2.0,3.0,2.0,2.0,5.0,1.0,85.57,11.11,36.46,34.52,50.0
South Korea,KOR,20221027,0.0,0.0,0.0,0.0,0.0,0.0,0.0,0.0,2.0,3.0,2.0,2.0,5.0,1.0,85.57,11.11,36.46,34.52,50.0
South Korea,KOR,20221028,0.0,0.0,0.0,0.0,0.0,0.0,0.0,0.0,2.0,3.0,2.0,2.0,5.0,1.0,85.57,11.11,36.46,34.52,50.0
South Korea,KOR,20221029,0.0,0.0,0.0,0.0,0.0,0.0,0.0,0.0,2.0,3.0,2.0,2.0,5.0,1.0,85.57,11.11,36.46,34.52,50.0
South Korea,KOR,20221030,0.0,0.0,0.0,0.0,0.0,0.0,0.0,0.0,2.0,3.0,2.0,2.0,5.0,1.0,85.57,11.11,36.46,34.52,50.0
South Korea,KOR,20221031,0.0,0.0,0.0,0.0,0.0,0.0,0.0,0.0,2.0,3.0,2.0,2.0,5.0,1.0,85.57,11.11,36.46,34.52,50.0
South Korea,KOR,20221101,0.0,0.0,0.0,0.0,0.0,0.0,0.0,0.0,2.0,3.0,2.0,2.0,5.0,1.0,85.57,11.11,36.46,34.52,50.0
South Korea,KOR,20221102,0.0,0.0,0.0,0.0,0.0,0.0,0.0,0.0,2.0,3.0,2.0,2.0,5.0,1.0,85.57,11.11,36.46,34.52,50.0
South Korea,KOR,20221103,0.0,0.0,0.0,0.0,0.0,0.0,0.0,0.0,2.0,3.0,2.0,2.0,5.0,1.0,85.57,11.11,36.46,34.52,50.0
South Korea,KOR,20221104,0.0,0.0,0.0,0.0,0.0,0.0,0.0,0.0,2.0,3.0,2.0,2.0,5.0,1.0,85.57,11.11,36.46,34.52,50.0
South Korea,KOR,20221105,0.0,0.0,0.0,0.0,0.0,0.0,0.0,0.0,2.0,3.0,2.0,2.0,5.0,1.0,85.57,11.11,36.46,34.52,50.0
South Korea,KOR,20221106,0.0,0.0,0.0,0.0,0.0,0.0,0.0,0.0,2.0,3.0,2.0,2.0,5.0,1.0,85.57,11.11,36.46,34.52,50.0
South Korea,KOR,20221107,0.0,0.0,0.0,0.0,0.0,0.0,0.0,0.0,2.0,3.0,2.0,2.0,5.0,1.0,85.57,11.11,36.46,34.52,50.0
South Korea,KOR,20221108,0.0,0.0,0.0,0.0,0.0,0.0,0.0,0.0,2.0,3.0,2.0,2.0,5.0,1.0,85.57,11.11,36.46,34.52,50.0
South Korea,KOR,20221109,0.0,0.0,0.0,0.0,0.0,0.0,0.0,0.0,2.0,3.0,2.0,2.0,5.0,1.0,85.57,11.11,36.46,34.52,50.0
South Korea,KOR,20221110,0.0,0.0,0.0,0.0,0.0,0.0,0.0,0.0,2.0,3.0,2.0,2.0,5.0,1.0,85.57,11.11,36.46,34.52,50.0
South Korea,KOR,20221111,0.0,0.0,0.0,0.0,0.0,0.0,0.0,0.0,2.0,3.0,2.0,2.0,5.0,1.0,85.57,11.11,36.46,34.52,50.0
South Korea,KOR,20221112,0.0,0.0,0.0,0.0,0.0,0.0,0.0,0.0,2.0,3.0,2.0,2.0,5.0,1.0,85.57,11.11,36.46,34.52,50.0
South Korea,KOR,20221113,0.0,0.0,0.0,0.0,0.0,0.0,0.0,0.0,2.0,3.0,2.0,2.0,5.0,1.0,85.57,11.11,36.46,34.52,50.0
South Korea,KOR,20221114,0.0,0.0,0.0,0.0,0.0,0.0,0.0,0.0,2.0,3.0,2.0,2.0,5.0,1.0,85.57,11.11,36.46,34.52,50.0
South Korea,KOR,20221115,0.0,0.0,0.0,0.0,0.0,0.0,0.0,0.0,2.0,3.0,2.0,2.0,5.0,1.0,85.57,11.11,36.46,34.52,50.0
South Korea,KOR,20221116,0.0,0.0,0.0,0.0,0.0,0.0,0.0,0.0,2.0,3.0,2.0,2.0,5.0,1.0,85.58,11.11,36.46,34.52,50.0
South Korea,KOR,20221117,0.0,0.0,0.0,0.0,0.0,0.0,0.0,0.0,2.0,3.0,2.0,2.0,5.0,1.0,85.58,11.11,36.46,34.52,50.0
South Korea,KOR,20221118,0.0,0.0,0.0,0.0,0.0,0.0,0.0,0.0,2.0,3.0,2.0,2.0,5.0,1.0,85.58,11.11,36.46,34.52,50.0
South Korea,KOR,20221119,0.0,0.0,0.0,0.0,0.0,0.0,0.0,0.0,2.0,3.0,2.0,2.0,5.0,1.0,85.58,11.11,36.46,34.52,50.0
South Korea,KOR,20221120,0.0,0.0,0.0,0.0,0.0,0.0,0.0,0.0,2.0,3.0,2.0,2.0,5.0,1.0,85.58,11.11,36.46,34.52,50.0
South Korea,KOR,20221121,0.0,0.0,0.0,0.0,0.0,0.0,0.0,0.0,2.0,3.0,2.0,2.0,5.0,1.0,85.58,11.11,36.46,34.52,50.0
South Korea,KOR,20221122,0.0,0.0,0.0,0.0,0.0,0.0,0.0,0.0,2.0,3.0,2.0,2.0,5.0,1.0,85.58,11.11,36.46,34.52,50.0
South Korea,KOR,20221123,0.0,0.0,0.0,0.0,0.0,0.0,0.0,0.0,2.0,3.0,2.0,2.0,5.0,1.0,85.58,11.11,36.46,34.52,50.0
South Korea,KOR,20221124,0.0,0.0,0.0,0.0,0.0,0.0,0.0,0.0,2.0,3.0,2.0,2.0,5.0,1.0,85.58,11.11,36.46,34.52,50.0
South Korea,KOR,20221125,0.0,0.0,0.0,0.0,0.0,0.0,0.0,0.0,2.0,3.0,2.0,2.0,5.0,1.0,85.58,11.11,36.46,34.52,50.0
South Korea,KOR,20221126,0.0,0.0,0.0,0.0,0.0,0.0,0.0,0.0,2.0,3.0,2.0,2.0,5.0,1.0,85.58,11.11,36.46,34.52,50.0
South Korea,KOR,20221127,0.0,0.0,0.0,0.0,0.0,0.0,0.0,0.0,2.0,3.0,2.0,2.0,5.0,1.0,85.58,11.11,36.46,34.52,50.0
South Korea,KOR,20221128,0.0,0.0,0.0,0.0,0.0,0.0,0.0,0.0,2.0,3.0,2.0,2.0,5.0,1.0,85.58,11.11,36.46,34.52,50.0
South Korea,KOR,20221129,0.0,0.0,0.0,0.0,0.0,0.0,0.0,0.0,2.0,3.0,2.0,2.0,5.0,1.0,85.58,11.11,36.46,34.52,50.0
South Korea,KOR,20221130,0.0,0.0,0.0,0.0,0.0,0.0,0.0,0.0,2.0,3.0,2.0,2.0,5.0,1.0,85.58,11.11,36.46,34.52,50.0
South Korea,KOR,20221201,0.0,0.0,0.0,0.0,0.0,0.0,0.0,0.0,2.0,3.0,2.0,2.0,5.0,1.0,85.58,11.11,36.46,34.52,50.0
South Korea,KOR,20221202,0.0,0.0,0.0,0.0,0.0,0.0,0.0,0.0,2.0,3.0,2.0,2.0,5.0,1.0,85.58,11.11,36.46,34.52,50.0
South Korea,KOR,20221203,0.0,0.0,0.0,0.0,0.0,0.0,0.0,0.0,2.0,3.0,2.0,2.0,5.0,1.0,85.58,11.11,36.46,34.52,50.0
South Korea,KOR,20221204,0.0,0.0,0.0,0.0,0.0,0.0,0.0,0.0,2.0,3.0,2.0,2.0,5.0,1.0,85.58,11.11,36.46,34.52,50.0
South Korea,KOR,20221205,0.0,0.0,0.0,0.0,0.0,0.0,0.0,0.0,2.0,3.0,2.0,2.0,5.0,1.0,85.58,11.11,36.46,34.52,50.0
South Korea,KOR,20221206,0.0,0.0,0.0,0.0,0.0,0.0,0.0,0.0,2.0,3.0,2.0,2.0,5.0,1.0,85.58,11.11,36.46,34.52,50.0
South Korea,KOR,20221207,0.0,0.0,0.0,0.0,0.0,0.0,0.0,0.0,2.0,3.0,2.0,2.0,5.0,1.0,85.58,11.11,36.46,34.52,50.0
South Korea,KOR,20221208,0.0,0.0,0.0,0.0,0.0,0.0,0.0,0.0,2.0,3.0,2.0,2.0,5.0,1.0,85.59,11.11,36.46,34.52,50.0
South Korea,KOR,20221209,0.0,0.0,0.0,0.0,0.0,0.0,0.0,0.0,2.0,3.0,2.0,2.0,5.0,1.0,85.59,11.11,36.46,34.52,50.0
South Korea,KOR,20221210,0.0,0.0,0.0,0.0,0.0,0.0,0.0,0.0,2.0,3.0,2.0,2.0,5.0,1.0,85.59,11.11,36.46,34.52,50.0
South Korea,KOR,20221211,0.0,0.0,0.0,0.0,0.0,0.0,0.0,0.0,2.0,3.0,2.0,2.0,5.0,1.0,85.59,11.11,36.46,34.52,50.0
South Korea,KOR,20221212,0.0,0.0,0.0,0.0,0.0,0.0,0.0,0.0,2.0,3.0,2.0,2.0,5.0,1.0,85.59,11.11,36.46,34.52,50.0
South Korea,KOR,20221213,0.0,0.0,0.0,0.0,0.0,0.0,0.0,0.0,2.0,3.0,2.0,2.0,5.0,1.0,85.59,11.11,36.46,34.52,50.0
South Korea,KOR,20221214,0.0,0.0,0.0,0.0,0.0,0.0,0.0,0.0,2.0,3.0,2.0,2.0,5.0,1.0,85.59,11.11,36.46,34.52,50.0
South Korea,KOR,20221215,0.0,0.0,0.0,0.0,0.0,0.0,0.0,0.0,2.0,3.0,2.0,2.0,5.0,1.0,85.59,11.11,36.46,34.52,50.0
South Korea,KOR,20221216,0.0,0.0,0.0,0.0,0.0,0.0,0.0,0.0,2.0,3.0,2.0,2.0,5.0,1.0,85.59,11.11,36.46,34.52,50.0
South Korea,KOR,20221217,0.0,0.0,0.0,0.0,0.0,0.0,0.0,0.0,2.0,3.0,2.0,2.0,5.0,1.0,85.59,11.11,36.46,34.52,50.0
South Korea,KOR,20221218,0.0,0.0,0.0,0.0,0.0,0.0,0.0,0.0,2.0,3.0,2.0,2.0,5.0,1.0,85.59,11.11,36.46,34.52,50.0
South Korea,KOR,20221219,0.0,0.0,0.0,0.0,0.0,0.0,0.0,0.0,2.0,3.0,2.0,2.0,5.0,1.0,85.59,11.11,36.46,34.52,50.0
South Korea,KOR,20221220,0.0,0.0,0.0,0.0,0.0,0.0,0.0,0.0,2.0,3.0,2.0,2.0,5.0,1.0,85.59,11.11,36.46,34.52,50.0
South Korea,KOR,20221221,0.0,0.0,0.0,0.0,0.0,0.0,0.0,0.0,2.0,3.0,2.0,2.0,5.0,1.0,85.59,11.11,36.46,34.52,50.0
South Korea,KOR,20221222,0.0,0.0,0.0,0.0,0.0,0.0,0.0,0.0,2.0,3.0,2.0,2.0,5.0,1.0,85.59,11.11,36.46,34.52,50.0
South Korea,KOR,20221223,0.0,0.0,0.0,0.0,0.0,0.0,0.0,0.0,2.0,3.0,2.0,2.0,5.0,1.0,85.59,11.11,36.46,34.52,50.0
South Korea,KOR,20221224,0.0,0.0,0.0,0.0,0.0,0.0,0.0,0.0,2.0,3.0,2.0,2.0,5.0,1.0,85.59,11.11,36.46,34.52,50.0
South Korea,KOR,20221225,0.0,0.0,0.0,0.0,0.0,0.0,0.0,0.0,2.0,3.0,2.0,2.0,5.0,1.0,85.59,11.11,36.46,34.52,50.0
South Korea,KOR,20221226,0.0,0.0,0.0,0.0,0.0,0.0,0.0,0.0,2.0,3.0,2.0,2.0,5.0,1.0,85.59,11.11,36.46,34.52,50.0
South Korea,KOR,20221227,0.0,0.0,0.0,0.0,0.0,0.0,0.0,0.0,2.0,3.0,2.0,2.0,5.0,1.0,85.59,11.11,36.46,34.52,50.0
South Korea,KOR,20221228,0.0,0.0,0.0,0.0,0.0,0.0,0.0,0.0,2.0,3.0,2.0,2.0,5.0,1.0,85.59,11.11,36.46,34.52,50.0
South Korea,KOR,20221229,0.0,0.0,0.0,0.0,0.0,0.0,0.0,0.0,2.0,3.0,2.0,2.0,5.0,1.0,85.59,11.11,36.46,34.52,50.0
South Korea,KOR,20221230,0.0,0.0,0.0,0.0,0.0,0.0,0.0,0.0,2.0,3.0,2.0,2.0,5.0,1.0,85.6,11.11,36.46,34.52,50.0
South Korea,KOR,20221231,0.0,0.0,0.0,0.0,0.0,0.0,0.0,0.0,2.0,3.0,2.0,2.0,5.0,1.0,85.6,11.11,36.46,34.52,50.0
United States,USA,20200101,0.0,0.0,0.0,0.0,0.0,0.0,0.0,0.0,0.0,0.0,0.0,0.0,0.0,0.0,0.0,0.0,0.0,0.0,0.0
United States,USA,20200102,0.0,0.0,0.0,0.0,0.0,0.0,0.0,0.0,0.0,0.0,0.0,0.0,0.0,0.0,0.0,0.0,0.0,0.0,0.0
United States,USA,20200103,0.0,0.0,0.0,0.0,0.0,0.0,0.0,0.0,0.0,0.0,0.0,0.0,0.0,0.0,0.0,0.0,0.0,0.0,0.0
United States,USA,20200104,0.0,0.0,0.0,0.0,0.0,0.0,0.0,0.0,0.0,0.0,0.0,0.0,0.0,0.0,0.0,0.0,0.0,0.0,0.0
United States,USA,20200105,0.0,0.0,0.0,0.0,0.0,0.0,0.0,0.0,0.0,0.0,0.0,0.0,0.0,0.0,0.0,0.0,0.0,0.0,0.0
United States,USA,20200106,0.0,0.0,0.0,0.0,0.0,0.0,0.0,0.0,0.0,0.0,0.0,0.0,0.0,0.0,0.0,0.0,0.0,0.0,0.0
United States,USA,20200107,0.0,0.0,0.0,0.0,0.0,0.0,0.0,0.0,0.0,0.0,0.0,0.0,0.0,0.0,0.0,0.0,0.0,0.0,0.0
United States,USA,20200108,0.0,0.0,0.0,0.0,0.0,0.0,0.0,0.0,0.0,0.0,0.0,0.0,0.0,0.0,0.0,0.0,0.0,0.0,0.0
United States,USA,20200109,0.0,0.0,0.0,0.0,0.0,0.0,0.0,0.0,0.0,0.0,0.0,0.0,0.0,0.0,0.0,0.0,0.0,0.0,0.0
United States,USA,20200110,0.0,0.0,0.0,0.0,0.0,0.0,0.0,0.0,0.0,0.0,0.0,0.0,0.0,0.0,0.0,0.0,0.0,0.0,0.0
United States,USA,20200111,0.0,0.0,0.0,0.0,0.0,0.0,0.0,0.0,0.0,0.0,0.0,0.0,0.0,0.0,0.0,0.0,0.0,0.0,0.0
United States,USA,20200112,0.0,0.0,0.0,0.0,0.0,0.0,0.0,0.0,0.0,0.0,0.0,0.0,0.0,0.0,0.0,0.0,0.0,0.0,0.0
United States,USA,20200113,0.0,0.0,0.0,0.0,0.0,0.0,0.0,0.0,0.0,0.0,0.0,0.0,0.0,0.0,0.0,0.0,0.0,0.0,0.0
United States,USA,20200114,0.0,0.0,0.0,0.0,0.0,0.0,0.0,0.0,0.0,0.0,0.0,0.0,0.0,0.0,0.0,0.0,0.0,0.0,0.0
United States,USA,20200115,0.0,0.0,0.0,0.0,0.0,0.0,0.0,0.0,0.0,0.0,0.0,0.0,0.0,0.0,0.0,0.0,0.0,0.0,0.0
United States,USA,20200116,0.0,0.0,0.0,0.0,0.0,0.0,0.0,0.0,0.0,0.0,0.0,0.0,0.0,0.0,0.0,0.0,0.0,0.0,0.0
United States,USA,20200117,0.0,0.0,0.0,0.0,0.0,0.0,0.0,0.0,0.0,0.0,0.0,0.0,0.0,0.0,0.0,0.0,0.0,0.0,0.0
United States,USA,20200118,0.0,0.0,0.0,0.0,0.0,0.0,0.0,0.0,0.0,0.0,0.0,0.0,0.0,0.0,0.0,0.0,0.0,0.0,0.0
United States,USA,20200119,0.0,0.0,0.0,0.0,0.0,0.0,0.0,0.0,0.0,0.0,0.0,0.0,0.0,0.0,0.0,0.0,0.0,0.0,0.0
United States,USA,20200120,0.0,0.0,0.0,0.0,0.0,0.0,0.0,0.0,0.0,0.0,0.0,0.0,0.0,0.0,0.0,0.0,0.0,0.0,0.0
United States,USA,20200121,0.0,0.0,0.0,0.0,0.0,0.0,0.0,0.0,0.0,1.0,1.0,0.0,0.0,0.0,0.0,0.0,5.21,5.95,0.0
United States,USA,20200122,0.0,0.0,0.0,0.0,0.0,0.0,0.0,0.0,0.0,1.0,1.0,0.0,0.0,0.0,0.0,0.0,5.21,5.95,0.0
United States,USA,20200123,0.0,0.0,0.0,0.0,0.0,0.0,0.0,0.0,0.0,1.0,1.0,0.0,0.0,0.0,0.0,0.0,5.21,5.95,0.0
United States,USA,20200124,0.0,0.0,0.0,0.0,0.0,0.0,0.0,0.0,0.0,1.0,1.0,0.0,0.0,0.0,0.0,0.0,5.21,5.95,0.0
United States,USA,20200125,0.0,0.0,0.0,0.0,0.0,0.0,0.0,0.0,0.0,1.0,1.0,0.0,0.0,0.0,0.0,0.0,5.21,5.95,0.0
United States,USA,20200126,0.0,0.0,0.0,0.0,0.0,0.0,0.0,0.0,0.0,1.0,1.0,0.0,0.0,0.0,0.0,0.0,5.21,5.95,0.0
United States,USA,20200127,0.0,0.0,0.0,0.0,0.0,0.0,0.0,0.0,0.0,1.0,1.0,0.0,0.0,0.0,0.0,0.0,5.21,5.95,0.0
United States,USA,20200128,0.0,0.0,0.0,0.0,0.0,0.0,0.0,0.0,0.0,1.0,1.0,0.0,0.0,0.0,0.0,0.0,5.21,5.95,0.0
United States,USA,20200129,0.0,0.0,0.0,0.0,0.0,0.0,0.0,0.0,0.0,1.0,1.0,0.0,0.0,0.0,0.0,0.0,5.21,5.95,0.0
United States,USA,20200130,0.0,0.0,0.0,0.0,0.0,0.0,0.0,0.0,0.0,1.0,1.0,0.0,0.0,0.0,0.0,0.0,5.21,5.95,0.0
United States,USA,20200131,0.0,0.0,0.0,0.0,0.0,0.0,0.0,0.0,0.0,1.0,1.0,0.0,0.0,0.0,0.0,0.0,5.21,5.95,0.0
United States,USA,20200201,0.0,0.0,0.0,0.0,0.0,0.0,0.0,0.0,0.0,1.0,1.0,0.0,0.0,0.0,0.0,0.0,5.21,5.95,0.0
United States,USA,20200202,0.0,0.0,0.0,0.0,0.0,0.0,0.0,2.0,0.0,1.0,1.0,0.0,0.0,0.0,0.0,5.56,8.33,9.52,0.0
United States,USA,20200203,0.0,0.0,0.0,0.0,0.0,0.0,0.0,2.0,0.0,1.0,1.0,0.0,0.0,0.0,0.0,5.56,8.33,9.52,0.0
United States,USA,20200204,0.0,0.0,0.0,0.0,0.0,0.0,0.0,2.0,0.0,1.0,1.0,0.0,0.0,0.0,0.0,5.56,8.33,9.52,0.0
United States,USA,20200205,0.0,0.0,0.0,0.0,0.0,0.0,0.0,2.0,0.0,1.0,1.0,0.0,0.0,0.0,0.0,5.56,8.33,9.52,0.0
United States,USA,20200206,0.0,0.0,0.0,0.0,0.0,0.0,0.0,2.0,0.0,1.0,1.0,0.0,0.0,3.0,0.0,5.56,13.54,15.48,0.0
United States,USA,20200207,0.0,0.0,0.0,0.0,0.0,0.0,0.0,2.0,0.0,1.0,1.0,0.0,0.0,3.0,0.0,5.56,13.54,15.48,0.0
United States,USA,20200208,0.0,0.0,0.0,0.0,0.0,0.0,0.0,2.0,0.0,1.0,1.0,0.0,0.0,3.0,0.0,5.56,13.54,15.48,0.0
United States,USA,20200209,0.0,0.0,0.0,0.0,0.0,0.0,0.0,2.0,0.0,1.0,1.0,0.0,0.0,3.0,0.0,5.56,13.54,15.48,0.0
United States,USA,20200210,0.0,0.0,0.0,0.0,0.0,0.0,0.0,2.0,0.0,1.0,1.0,0.0,0.0,3.0,0.0,5.56,13.54,15.48,0.0
United States,USA,20200211,0.0,0.0,0.0,0.0,0.0,0.0,0.0,3.0,0.0,1.0,1.0,0.0,0.0,3.0,0.0,8.33,15.1,17.26,0.0
United States,USA,20200212,0.0,0.0,0.0,0.0,0.0,0.0,0.0,3.0,0.0,1.0,1.0,0.0,0.0,3.0,0.0,8.33,15.1,17.26,0.0
United States,USA,20200213,0.0,0.0,0.0,0.0,0.0,0.0,0.0,3.0,0.0,1.0,1.0,0.0,0.0,3.0,0.0,8.33,15.1,17.26,0.0
United States,USA,20200214,0.0,0.0,0.0,0.0,0.0,0.0,0.0,3.0,0.0,1.0,1.0,0.0,0.0,3.0,0.0,8.33,15.1,17.26,0.0
United States,USA,20200215,0.0,0.0,0.0,0.0,0.0,0.0,0.0,3.0,0.0,1.0,1.0,0.0,0.0,3.0,0.0,8.33,15.1,17.26,0.0
United States,USA,20200216,0.0,0.0,0.0,0.0,0.0,0.0,0.0,3.0,0.0,1.0,1.0,0.0,0.0,3.0,0.0,8.33,15.1,17.26,0.0
United States,USA,20200217,0.0,0.0,0.0,0.0,0.0,0.0,0.0,3.0,0.0,1.0,1.0,0.0,0.0,3.0,0.0,8.33,15.1,17.26,0.0
United States,USA,20200218,0.0,0.0,0.0,0.0,0.0,0.0,0.0,3.0,0.0,1.0,1.0,0.0,0.0,3.0,0.0,8.33,15.1,17.26,0.0
United States,USA,20200219,0.0,0.0,0.0,0.0,0.0,0.0,0.0,3.0,0.0,1.0,1.0,0.0,0.0,3.0,0.0,8.33,15.1,17.26,0.0
United States,USA,20200220,0.0,0.0,0.0,0.0,0.0,0.0,0.0,3.0,0.0,1.0,1.0,0.0,0.0,3.0,0.0,8.33,15.1,17.26,0.0
United States,USA,20200221,0.0,0.0,0.0,0.0,0.0,0.0,0.0,3.0,0.0,1.0,1.0,0.0,0.0,3.0,0.0,8.33,15.1,17.26,0.0
United States,USA,20200222,0.0,0.0,0.0,0.0,0.0,0.0,0.0,3.0,0.0,1.0,1.0,0.0,0.0,3.0,0.0,8.33,15.1,17.26,0.0
United States,USA,20200223,0.0,0.0,0.0,0.0,0.0,0.0,0.0,3.0,0.0,1.0,1.0,0.0,0.0,3.0,0.0,8.33,15.1,17.26,0.0
United States,USA,20200224,0.0,0.0,0.0,0.0,0.0,0.0,0.0,3.0,0.0,1.0,1.0,0.0,0.0,3.0,0.0,8.33,15.1,17.26,0.0
United States,USA,20200225,0.0,0.0,0.0,0.0,0.0,0.0,0.0,3.0,0.0,1.0,1.0,0.0,0.0,3.0,0.0,8.33,15.1,17.26,0.0
United States,USA,20200226,0.0,0.0,0.0,0.0,0.0,0.0,0.0,3.0,0.0,1.0,1.0,0.0,0.0,3.0,0.0,8.33,15.1,17.26,0.0
United States,USA,20200227,0.0,0.0,0.0,0.0,0.0,0.0,0.0,3.0,0.0,1.0,1.0,0.0,0.0,3.0,0.0,8.33,15.1,17.26,0.0
United States,USA,20200228,0.0,0.0,0.0,0.0,0.0,0.0,0.0,3.0,0.0,1.0,1.0,0.0,0.0,3.0,0.0,8.33,15.1,17.26,0.0
United States,USA,20200229,0.0,0.0,0.0,0.0,0.0,0.0,0.0,3.0,0.0,1.0,1.0,0.0,0.0,3.0,0.0,8.33,15.1,17.26,0.0
United States,USA,20200301,0.0,0.0,1.0,0.0,0.0,0.0,0.0,3.0,0.0,1.0,1.0,0.0,0.0,3.0,0.0,11.11,16.67,19.05,0.0
United States,USA,20200302,0.0,0.0,1.0,0.0,0.0,0.0,0.0,3.0,0.0,1.0,1.0,0.0,0.0,3.0,0.0,11.11,16.67,19.05,0.0
United States,USA,20200303,0.0,0.0,1.0,0.0,0.0,0.0,0.0,3.0,0.0,1.0,1.0,0.0,0.0,3.0,0.0,11.11,16.67,19.05,0.0
United States,USA,20200304,0.0,0.0,1.0,0.0,0.0,0.0,0.0,3.0,0.0,1.0,1.0,0.0,0.0,3.0,0.0,11.11,16.67,19.05,0.0
United States,USA,20200305,3.0,0.0,1.0,0.0,0.0,0.0,0.0,3.0,0.0,1.0,1.0,0.0,0.0,3.0,0.0,20.37,21.88,25.0,0.0
United States,USA,20200306,3.0,0.0,1.0,0.0,0.0,0.0,0.0,3.0,0.0,1.0,1.0,0.0,0.0,3.0,0.0,20.37,21.88,25.0,0.0
United States,USA,20200307,3.0,0.0,1.0,0.0,0.0,0.0,0.0,3.0,0.0,1.0,1.0,0.0,0.0,3.0,0.0,20.37,21.88,25.0,0.0
United States,USA,20200308,3.0,0.0,1.0,0.0,0.0,0.0,0.0,3.0,0.0,1.0,1.0,0.0,0.0,3.0,0.0,20.37,21.88,25.0,0.0
United States,USA,20200309,3.0,0.0,1.0,0.0,0.0,0.0,0.0,3.0,0.0,1.0,1.0,0.0,0.0,3.0,0.0,20.37,21.88,25.0,0.0
United States,USA,20200310,3.0,0.0,1.0,0.0,0.0,0.0,0.0,3.0,0.0,1.0,1.0,1.0,0.0,3.0,0.0,20.37,22.66,25.89,0.0
United States,USA,20200311,3.0,0.0,1.0,1.0,0.0,0.0,0.0,3.0,0.0,1.0,1.0,1.0,0.0,3.0,0.0,21.76,23.44,26.79,0.0
United States,USA,20200312,3.0,0.0,2.0,2.0,0.0,0.0,0.0,3.0,0.0,1.0,1.0,1.0,0.0,3.0,0.0,30.09,28.13,32.14,0.0
United States,USA,20200313,3.0,0.0,2.0,2.0,0.0,0.0,0.0,3.0,0.0,1.0,1.0,1.0,0.0,3.0,0.0,30.09,28.13,32.14,0.0
United States,USA,20200314,3.0,0.0,2.0,2.0,0.0,0.0,1.0,3.0,0.0,1.0,1.0,1.0,0.0,3.0,0.0,35.65,31.25,35.71,0.0
United States,USA,20200315,3.0,0.0,2.0,2.0,0.0,2.0,1.0,3.0,0.0,1.0,1.0,1.0,0.0,3.0,0.0,41.2,34.38,39.29,0.0
United States,USA,20200316,3.0,0.0,2.0,2.0,0.0,2.0,1.0,3.0,2.0,1.0,1.0,1.0,0.0,3.0,0.0,52.31,40.62,46.43,0.0
United States,USA,20200317,3.0,0.0,2.0,2.0,1.0,2.0,1.0,3.0,2.0,1.0,1.0,1.0,0.0,3.0,0.0,55.09,42.19,48.21,0.0
United States,USA,20200318,3.0,0.0,2.0,2.0,1.0,2.0,1.0,3.0,2.0,1.0,1.0,1.0,0.0,3.0,0.0,55.09,42.19,48.21,0.0
United States,USA,20200319,3.0,3.0,2.0,2.0,1.0,2.0,2.0,3.0,2.0,1.0,1.0,1.0,0.0,3.0,0.0,67.13,48.96,55.95,0.0
United States,USA,20200320,3.0,3.0,2.0,2.0,1.0,2.0,2.0,3.0,2.0,1.0,1.0,1.0,0.0,3.0,0.0,67.13,48.96,55.95,0.0
United States,USA,20200321,3.0,3.0,2.0,4.0,1.0,2.0,2.0,3.0,2.0,1.0,1.0,1.0,0.0,3.0,0.0,72.69,52.08,59.52,0.0
United States,USA,20200322,3.0,3.0,2.0,4.0,1.0,2.0,2.0,3.0,2.0,1.0,1.0,1.0,0.0,3.0,0.0,72.69,52.08,59.52,0.0
United States,USA,20200323,3.0,3.0,2.0,4.0,1.0,2.0,2.0,3.0,2.0,1.0,1.0,1.0,0.0,3.0,0.0,72.69,52.08,59.52,0.0
United States,USA,20200324,3.0,3.0,2.0,4.0,1.0,2.0,2.0,3.0,2.0,1.0,1.0,1.0,0.0,3.0,0.0,72.69,52.08,59.52,0.0
United States,USA,20200325,3.0,3.0,2.0,4.0,1.0,2.0,2.0,3.0,2.0,1.0,1.0,1.0,0.0,3.0,0.0,72.69,52.08,59.52,0.0
United States,USA,20200326,3.0,3.0,2.0,4.0,1.0,2.0,2.0,3.0,2.0,1.0,1.0,1.0,0.0,3.0,0.0,72.69,52.08,59.52,0.0
United States,USA,20200327,3.0,3.0,2.0,4.0,1.0,2.0,2.0,3.0,2.0,1.0,1.0,1.0,0.0,3.0,0.0,72.69,59.9,59.52,62.5
United States,USA,20200328,3.0,3.0,2.0,4.0,1.0,2.0,2.0,3.0,2.0,1.0,1.0,1.0,0.0,3.0,0.0,72.69,59.9,59.52,62.5
United States,USA,20200329,3.0,3.0,2.0,4.0,1.0,2.0,2.0,3.0,2.0,1.0,1.0,1.0,0.0,3.0,0.0,72.69,59.9,59.52,62.5
United States,USA,20200330,3.0,3.0,2.0,4.0,1.0,2.0,2.0,3.0,2.0,1.0,1.0,1.0,0.0,3.0,0.0,72.69,59.9,59.52,62.5
United States,USA,20200331,3.0,3.0,2.0,4.0,1.0,2.0,2.0,3.0,2.0,1.0,1.0,1.0,0.0,3.0,0.0,72.69,59.9,59.52,62.5
United States,USA,20200401,3.0,3.0,2.0,4.0,1.0,2.0,2.0,3.0,2.0,1.0,1.0,1.0,0.0,3.0,0.0,72.69,59.9,59.52,62.5
United States,USA,20200402,3.0,3.0,2.0,4.0,1.0,2.0,2.0,3.0,2.0,1.0,1.0,1.0,0.0,3.0,0.0,72.69,59.9,59.52,62.5
United States,USA,20200403,3.0,3.0,2.0,4.0,1.0,2.0,2.0,3.0,2.0,1.0,1.0,1.0,0.0,3.0,0.0,72.69,59.9,59.52,62.5
United States,USA,20200404,3.0,3.0,2.0,4.0,1.0,2.0,2.0,3.0,2.0,1.0,1.0,4.0,0.0,3.0,0.0,72.69,64.58,64.88,62.5
United States,USA,20200405,3.0,3.0,2.0,4.0,1.0,2.0,2.0,3.0,2.0,1.0,1.0,4.0,0.0,3.0,0.0,72.69,64.58,64.88,62.5
United States,USA,20200406,3.0,3.0,2.0,4.0,1.0,2.0,2.0,3.0,2.0,1.0,1.0,4.0,0.0,3.0,0.0,72.69,64.58,64.88,62.5
United States,USA,20200407,3.0,3.0,2.0,4.0,1.0,2.0,2.0,3.0,2.0,1.0,1.0,4.0,0.0,3.0,0.0,72.69,64.58,64.88,62.5
United States,USA,20200408,3.0,3.0,2.0,4.0,1.0,2.0,2.0,3.0,2.0,1.0,1.0,4.0,0.0,3.0,0.0,72.69,64.58,64.88,62.5
United States,USA,20200409,3.0,3.0,2.0,4.0,1.0,2.0,2.0,3.0,2.0,1.0,1.0,4.0,0.0,3.0,0.0,72.69,64.58,64.88,62.5
United States,USA,20200410,3.0,3.0,2.0,4.0,1.0,2.0,2.0,3.0,2.0,1.0,1.0,4.0,0.0,3.0,0.0,72.69,64.58,64.88,62.5
United States,USA,20200411,3.0,3.0,2.0,4.0,1.0,2.0,2.0,3.0,2.0,1.0,1.0,4.0,0.0,3.0,0.0,72.69,64.58,64.88,62.5
United States,USA,20200412,3.0,3.0,2.0,4.0,1.0,2.0,2.0,3.0,2.0,1.0,1.0,4.0,0.0,3.0,0.0,72.69,64.58,64.88,62.5
United States,USA,20200413,3.0,3.0,2.0,4.0,1.0,2.0,2.0,3.0,2.0,1.0,1.0,4.0,0.0,3.0,0.0,72.69,64.58,64.88,62.5
United States,USA,20200414,3.0,3.0,2.0,4.0,1.0,2.0,2.0,3.0,2.0,1.0,1.0,4.0,0.0,3.0,0.0,72.69,64.58,64.88,62.5
United States,USA,20200415,3.0,3.0,2.0,4.0,1.0,2.0,2.0,3.0,2.0,1.0,1.0,4.0,0.0,3.0,0.0,72.69,64.58,64.88,62.5
United States,USA,20200416,3.0,3.0,2.0,4.0,1.0,2.0,2.0,3.0,2.0,1.0,1.0,4.0,0.0,3.0,0.0,72.69,64.58,64.88,62.5
United States,USA,20200417,3.0,3.0,2.0,4.0,1.0,2.0,2.0,3.0,2.0,1.0,1.0,4.0,0.0,3.0,0.0,72.69,64.58,64.88,62.5
United States,USA,20200418,3.0,3.0,2.0,4.0,1.0,2.0,2.0,3.0,2.0,1.0,1.0,4.0,0.0,3.0,0.0,72.69,64.58,64.88,62.5
United States,USA,20200419,3.0,3.0,2.0,4.0,1.0,2.0,2.0,3.0,2.0,1.0,1.0,4.0,0.0,3.0,0.0,72.69,64.58,64.88,62.5
United States,USA,20200420,3.0,3.0,2.0,4.0,1.0,2.0,2.0,3.0,2.0,1.0,1.0,4.0,0.0,3.0,0.0,72.69,64.58,64.88,62.5
United States,USA,20200421,3.0,3.0,2.0,4.0,1.0,2.0,2.0,3.0,2.0,1.0,1.0,4.0,0.0,3.0,0.0,72.69,64.58,64.88,62.5
United States,USA,20200422,3.0,3.0,2.0,4.0,1.0,2.0,2.0,3.0,2.0,1.0,1.0,4.0,0.0,3.0,0.0,72.69,64.58,64.88,62.5
United States,USA,20200423,3.0,3.0,2.0,4.0,1.0,2.0,2.0,3.0,2.0,1.0,1.0,4.0,0.0,3.0,0.0,72.69,64.58,64.88,62.5
United States,USA,20200424,3.0,3.0,2.0,4.0,1.0,2.0,2.0,3.0,2.0,1.0,1.0,4.0,0.0,3.0,0.0,72.69,64.58,64.88,62.5
United States,USA,20200425,3.0,3.0,2.0,4.0,1.0,2.0,2.0,3.0,2.0,1.0,1.0,4.0,0.0,3.0,0.0,72.69,64.58,64.88,62.5
United States,USA,20200426,3.0,3.0,2.0,4.0,1.0,2.0,2.0,3.0,2.0,1.0,1.0,4.0,0.0,3.0,0.0,72.69,64.58,64.88,62.5
United States,USA,20200427,3.0,3.0,2.0,4.0,1.0,2.0,2.0,3.0,2.0,1.0,1.0,4.0,0.0,3.0,0.0,72.69,64.58,64.88,62.5
United States,USA,20200428,3.0,3.0,2.0,4.0,1.0,2.0,2.0,3.0,2.0,1.0,1.0,4.0,0.0,3.0,0.0,72.69,64.58,64.88,62.5
United States,USA,20200429,3.0,3.0,2.0,4.0,1.0,2.0,2.0,3.0,2.0,1.0,1.0,4.0,0.0,3.0,0.0,72.69,64.58,64.88,62.5
United States,USA,20200430,3.0,3.0,2.0,4.0,1.0,2.0,2.0,3.0,2.0,1.0,1.0,4.0,0.0,3.0,0.0,72.69,64.58,64.88,62.5
United States,USA,20200501,3.0,3.0,2.0,4.0,1.0,2.0,2.0,3.0,2.0,1.0,1.0,4.0,0.0,3.0,0.0,72.69,64.58,64.88,62.5
United States,USA,20200502,3.0,3.0,2.0,4.0,1.0,2.0,2.0,3.0,2.0,1.0,1.0,4.0,0.0,3.0,0.0,72.69,64.58,64.88,62.5
United States,USA,20200503,3.0,3.0,2.0,4.0,1.0,2.0,2.0,3.0,2.0,1.0,1.0,4.0,0.0,3.0,0.0,72.69,64.58,64.88,62.5
United States,USA,20200504,3.0,3.0,2.0,4.0,1.0,2.0,2.0,3.0,2.0,1.0,1.0,4.0,0.0,3.0,0.0,72.69,64.58,64.88,62.5
United States,USA,20200505,3.0,3.0,2.0,4.0,1.0,2.0,2.0,3.0,2.0,1.0,1.0,4.0,0.0,3.0,0.0,72.69,64.58,64.88,62.5
United States,USA,20200506,3.0,3.0,2.0,4.0,1.0,2.0,2.0,3.0,2.0,1.0,1.0,4.0,0.0,3.0,0.0,72.69,64.58,64.88,62.5
United States,USA,20200507,3.0,3.0,2.0,4.0,1.0,2.0,2.0,3.0,2.0,1.0,1.0,4.0,0.0,3.0,0.0,72.69,64.58,64.88,62.5
United States,USA,20200508,3.0,3.0,2.0,4.0,1.0,2.0,2.0,3.0,2.0,1.0,1.0,4.0,0.0,3.0,0.0,72.69,64.58,64.88,62.5
United States,USA,20200509,3.0,3.0,2.0,4.0,1.0,2.0,2.0,3.0,2.0,1.0,1.0,4.0,0.0,3.0,0.0,72.69,64.58,64.88,62.5
United States,USA,20200510,3.0,3.0,2.0,4.0,1.0,2.0,2.0,3.0,2.0,1.0,1.0,4.0,0.0,3.0,0.0,72.69,64.58,64.88,62.5
United States,USA,20200511,3.0,3.0,2.0,4.0,1.0,2.0,2.0,3.0,2.0,1.0,1.0,4.0,0.0,3.0,0.0,72.69,64.58,64.88,62.5
United States,USA,20200512,3.0,3.0,2.0,4.0,1.0,2.0,2.0,3.0,2.0,1.0,1.0,4.0,0.0,3.0,0.0,72.69,64.58,64.88,62.5
United States,USA,20200513,3.0,3.0,2.0,4.0,1.0,2.0,2.0,3.0,2.0,1.0,1.0,4.0,0.0,3.0,0.0,72.69,64.58,64.88,62.5
United States,USA,20200514,3.0,3.0,2.0,4.0,1.0,2.0,2.0,3.0,2.0,1.0,1.0,4.0,0.0,3.0,0.0,72.69,64.58,64.88,62.5
United States,USA,20200515,3.0,3.0,2.0,4.0,1.0,2.0,2.0,3.0,2.0,1.0,1.0,4.0,0.0,3.0,0.0,72.69,64.58,64.88,62.5
United States,USA,20200516,3.0,3.0,2.0,4.0,1.0,2.0,2.0,3.0,2.0,1.0,1.0,4.0,0.0,3.0,0.0,72.69,64.58,64.88,62.5
United States,USA,20200517,3.0,3.0,2.0,4.0,1.0,2.0,2.0,3.0,2.0,1.0,1.0,4.0,0.0,3.0,0.0,72.69,64.58,64.88,62.5
United States,USA,20200518,3.0,3.0,2.0,4.0,1.0,2.0,2.0,3.0,2.0,1.0,1.0,4.0,0.0,3.0,0.0,72.69,64.58,64.88,62.5
United States,USA,20200519,3.0,3.0,2.0,4.0,1.0,2.0,2.0,3.0,2.0,1.0,1.0,4.0,0.0,3.0,0.0,72.69,64.58,64.88,62.5
United States,USA,20200520,3.0,3.0,2.0,4.0,1.0,2.0,2.0,3.0,2.0,1.0,1.0,4.0,0.0,3.0,0.0,72.69,64.58,64.88,62.5
United States,USA,20200521,3.0,3.0,2.0,4.0,1.0,2.0,2.0,3.0,2.0,1.0,1.0,4.0,0.0,3.0,0.0,72.69,64.58,64.88,62.5
United States,USA,20200522,3.0,3.0,2.0,4.0,1.0,2.0,2.0,3.0,2.0,1.0,1.0,4.0,0.0,3.0,0.0,72.69,64.58,64.88,62.5
United States,USA,20200523,3.0,3.0,2.0,4.0,1.0,2.0,2.0,3.0,2.0,1.0,1.0,4.0,0.0,3.0,0.0,72.69,64.58,64.88,62.5
United States,USA,20200524,3.0,3.0,2.0,4.0,1.0,2.0,2.0,3.0,2.0,1.0,1.0,4.0,0.0,3.0,0.0,72.69,64.58,64.88,62.5
United States,USA,20200525,3.0,3.0,2.0,4.0,1.0,2.0,2.0,3.0,2.0,1.0,1.0,4.0,0.0,3.0,0.0,72.69,64.58,64.88,62.5
United States,USA,20200526,3.0,3.0,2.0,4.0,1.0,2.0,2.0,3.0,2.0,1.0,1.0,4.0,0.0,3.0,0.0,72.69,64.58,64.88,62.5
United States,USA,20200527,3.0,3.0,2.0,4.0,1.0,2.0,2.0,3.0,2.0,1.0,1.0,4.0,0.0,3.0,0.0,72.69,64.58,64.88,62.5
United States,USA,20200528,3.0,3.0,2.0,4.0,1.0,2.0,2.0,3.0,2.0,1.0,1.0,4.0,0.0,3.0,0.0,72.69,64.58,64.88,62.5
United States,USA,20200529,3.0,3.0,2.0,4.0,1.0,2.0,2.0,3.0,2.0,1.0,1.0,4.0,0.0,3.0,0.0,72.69,64.58,64.88,62.5
United States,USA,20200530,3.0,3.0,2.0,4.0,1.0,2.0,2.0,3.0,2.0,1.0,1.0,4.0,0.0,3.0,0.0,72.69,64.58,64.88,62.5
United States,USA,20200531,3.0,3.0,2.0,4.0,1.0,2.0,2.0,3.0,2.0,1.0,1.0,4.0,0.0,3.0,0.0,72.69,64.58,64.88,62.5
United States,USA,20200601,3.0,3.0,2.0,4.0,1.0,2.0,2.0,3.0,2.0,1.0,1.0,4.0,0.0,3.0,0.0,72.69,64.58,64.88,62.5
United States,USA,20200602,3.0,3.0,2.0,4.0,1.0,2.0,2.0,3.0,2.0,1.0,1.0,4.0,0.0,3.0,0.0,72.69,64.58,64.88,62.5
United States,USA,20200603,3.0,3.0,2.0,4.0,1.0,2.0,2.0,3.0,2.0,1.0,1.0,4.0,0.0,3.0,0.0,72.69,64.58,64.88,62.5
United States,USA,20200604,3.0,3.0,2.0,4.0,1.0,2.0,2.0,3.0,2.0,1.0,1.0,4.0,0.0,3.0,0.0,72.69,64.58,64.88,62.5
United States,USA,20200605,3.0,3.0,2.0,4.0,1.0,2.0,2.0,3.0,2.0,1.0,1.0,4.0,0.0,3.0,0.0,72.69,64.58,64.88,62.5
United States,USA,20200606,3.0,3.0,2.0,4.0,1.0,2.0,2.0,3.0,2.0,1.0,1.0,4.0,0.0,3.0,0.0,72.69,64.58,64.88,62.5
United States,USA,20200607,3.0,3.0,2.0,4.0,1.0,2.0,2.0,3.0,2.0,1.0,1.0,4.0,0.0,3.0,0.0,72.69,64.58,64.88,62.5
United States,USA,20200608,3.0,3.0,2.0,4.0,1.0,2.0,2.0,3.0,2.0,1.0,1.0,4.0,0.0,3.0,0.0,72.69,64.58,64.88,62.5
United States,USA,20200609,3.0,3.0,2.0,4.0,1.0,2.0,2.0,3.0,2.0,1.0,1.0,4.0,0.0,3.0,0.0,72.69,64.58,64.88,62.5
United States,USA,20200610,3.0,3.0,2.0,4.0,1.0,2.0,2.0,3.0,2.0,1.0,1.0,4.0,0.0,3.0,0.0,72.69,64.58,64.88,62.5
United States,USA,20200611,3.0,3.0,2.0,4.0,1.0,2.0,2.0,3.0,2.0,1.0,1.0,4.0,0.0,3.0,0.0,72.69,64.58,64.88,62.5
United States,USA,20200612,3.0,3.0,2.0,4.0,1.0,2.0,2.0,3.0,2.0,1.0,1.0,4.0,0.0,3.0,0.0,72.69,64.58,64.88,62.5
United States,USA,20200613,3.0,3.0,2.0,4.0,1.0,2.0,2.0,3.0,2.0,1.0,1.0,4.0,0.0,3.0,0.0,72.69,64.58,64.88,62.5
United States,USA,20200614,3.0,3.0,2.0,4.0,1.0,2.0,2.0,3.0,2.0,1.0,1.0,4.0,0.0,3.0,0.0,72.69,64.58,64.88,62.5
United States,USA,20200615,3.0,2.0,2.0,4.0,1.0,2.0,2.0,3.0,2.0,1.0,1.0,4.0,0.0,3.0,0.0,68.98,62.5,62.5,62.5
United States,USA,20200616,3.0,2.0,2.0,4.0,1.0,2.0,2.0,3.0,2.0,1.0,1.0,4.0,0.0,3.0,0.0,68.98,62.5,62.5,62.5
United States,USA,20200617,3.0,2.0,2.0,4.0,1.0,2.0,2.0,3.0,2.0,1.0,1.0,4.0,0.0,3.0,0.0,68.98,62.5,62.5,62.5
United States,USA,20200618,3.0,2.0,2.0,4.0,1.0,2.0,2.0,3.0,2.0,1.0,1.0,4.0,0.0,3.0,0.0,68.98,62.5,62.5,62.5
United States,USA,20200619,3.0,2.0,2.0,4.0,1.0,2.0,2.0,3.0,2.0,1.0,1.0,4.0,0.0,3.0,0.0,68.98,62.5,62.5,62.5
United States,USA,20200620,3.0,2.0,2.0,4.0,1.0,2.0,2.0,3.0,2.0,1.0,1.0,4.0,0.0,3.0,0.0,68.98,62.5,62.5,62.5
United States,USA,20200621,3.0,2.0,2.0,4.0,1.0,2.0,2.0,3.0,2.0,1.0,1.0,4.0,0.0,3.0,0.0,68.98,62.5,62.5,62.5
United States,USA,20200622,3.0,2.0,2.0,4.0,1.0,2.0,2.0,3.0,2.0,1.0,1.0,4.0,0.0,3.0,0.0,68.98,62.5,62.5,62.5
United States,USA,20200623,3.0,2.0,2.0,4.0,1.0,2.0,2.0,3.0,2.0,1.0,1.0,4.0,0.0,3.0,0.0,68.98,62.5,62.5,62.5
United States,USA,20200624,3.0,2.0,2.0,4.0,1.0,2.0,2.0,3.0,2.0,2.0,1.0,4.0,0.0,3.0,0.0,68.98,64.58,64.88,62.5
United States,USA,20200625,3.0,2.0,2.0,4.0,1.0,2.0,2.0,3.0,2.0,2.0,1.0,4.0,0.0,3.0,0.0,68.98,64.58,64.88,62.5
United States,USA,20200626,3.0,2.0,2.0,4.0,1.0,2.0,2.0,3.0,2.0,2.0,1.0,4.0,0.0,3.0,0.0,68.98,64.58,64.88,62.5
United States,USA,20200627,3.0,2.0,2.0,4.0,1.0,2.0,2.0,3.0,2.0,2.0,1.0,4.0,0.0,3.0,0.0,68.98,64.58,64.88,62.5
United States,USA,20200628,3.0,2.0,2.0,4.0,1.0,2.0,2.0,3.0,2.0,2.0,1.0,4.0,0.0,3.0,0.0,68.98,64.58,64.88,62.5
United States,USA,20200629,3.0,2.0,2.0,4.0,1.0,2.0,2.0,3.0,2.0,2.0,1.0,4.0,0.0,3.0,0.0,68.98,64.58,64.88,62.5
United States,USA,20200630,3.0,2.0,2.0,4.0,1.0,2.0,2.0,3.0,2.0,2.0,1.0,4.0,0.0,3.0,0.0,68.98,64.58,64.88,62.5
United States,USA,20200701,3.0,2.0,2.0,4.0,1.0,2.0,2.0,3.0,2.0,2.0,1.0,4.0,0.0,3.0,0.0,68.98,64.58,64.88,62.5
United States,USA,20200702,3.0,2.0,2.0,4.0,1.0,2.0,2.0,3.0,2.0,2.0,1.0,4.0,0.0,3.0,0.0,68.98,64.58,64.88,62.5
United States,USA,20200703,3.0,2.0,2.0,4.0,1.0,2.0,2.0,3.0,2.0,2.0,1.0,4.0,0.0,3.0,0.0,68.98,64.58,64.88,62.5
United States,USA,20200704,3.0,2.0,2.0,4.0,1.0,2.0,2.0,3.0,2.0,2.0,1.0,4.0,0.0,3.0,0.0,68.98,64.58,64.88,62.5
United States,USA,20200705,3.0,2.0,2.0,4.0,1.0,2.0,2.0,3.0,2.0,2.0,1.0,4.0,0.0,3.0,0.0,68.98,64.58,64.88,62.5
United States,USA,20200706,3.0,2.0,2.0,4.0,1.0,2.0,2.0,3.0,2.0,2.0,1.0,4.0,0.0,3.0,0.0,68.98,64.58,64.88,62.5
United States,USA,20200707,3.0,2.0,2.0,4.0,1.0,2.0,2.0,3.0,2.0,2.0,1.0,4.0,0.0,3.0,0.0,68.98,64.58,64.88,62.5
United States,USA,20200708,3.0,2.0,2.0,4.0,1.0,2.0,2.0,3.0,2.0,2.0,1.0,4.0,0.0,3.0,0.0,68.98,64.58,64.88,62.5
United States,USA,20200709,3.0,2.0,2.0,4.0,1.0,2.0,2.0,3.0,2.0,2.0,1.0,4.0,0.0,3.0,0.0,68.98,64.58,64.88,62.5
United States,USA,20200710,3.0,2.0,2.0,4.0,1.0,2.0,2.0,3.0,2.0,2.0,1.0,4.0,0.0,3.0,0.0,68.98,64.58,64.88,62.5
United States,USA,20200711,3.0,2.0,2.0,4.0,1.0,2.0,2.0,3.0,2.0,2.0,1.0,4.0,0.0,3.0,0.0,68.98,64.58,64.88,62.5
United States,USA,20200712,3.0,2.0,2.0,4.0,1.0,2.0,2.0,3.0,2.0,2.0,1.0,4.0,0.0,3.0,0.0,68.98,64.58,64.88,62.5
United States,USA,20200713,3.0,2.0,2.0,4.0,1.0,2.0,2.0,3.0,2.0,2.0,1.0,4.0,0.0,3.0,0.0,68.98,64.58,64.88,62.5
United States,USA,20200714,3.0,2.0,2.0,4.0,1.0,2.0,2.0,3.0,2.0,2.0,1.0,4.0,0.0,3.0,0.0,68.98,64.58,64.88,62.5
United States,USA,20200715,3.0,2.0,2.0,4.0,1.0,2.0,2.0,3.0,2.0,2.0,1.0,4.0,0.0,3.0,0.0,68.98,64.58,64.88,62.5
United States,USA,20200716,3.0,2.0,2.0,4.0,1.0,2.0,2.0,3.0,2.0,2.0,1.0,4.0,0.0,3.0,0.0,68.98,64.58,64.88,62.5
United States,USA,20200717,3.0,2.0,2.0,4.0,1.0,2.0,2.0,3.0,2.0,2.0,1.0,4.0,0.0,3.0,0.0,68.98,64.58,64.88,62.5
United States,USA,20200718,3.0,2.0,2.0,4.0,1.0,2.0,2.0,3.0,2.0,2.0,1.0,4.0,0.0,3.0,0.0,68.98,64.58,64.88,62.5
United States,USA,20200719,3.0,2.0,2.0,4.0,1.0,2.0,2.0,3.0,2.0,2.0,1.0,4.0,0.0,3.0,0.0,68.98,64.58,64.88,62.5
United States,USA,20200720,3.0,2.0,2.0,4.0,1.0,2.0,2.0,3.0,2.0,2.0,1.0,4.0,0.0,3.0,0.0,68.98,64.58,64.88,62.5
United States,USA,20200721,3.0,2.0,2.0,4.0,1.0,2.0,2.0,3.0,2.0,2.0,1.0,4.0,0.0,3.0,0.0,68.98,64.58,64.88,62.5
United States,USA,20200722,3.0,2.0,2.0,4.0,1.0,2.0,2.0,3.0,2.0,2.0,1.0,4.0,0.0,3.0,0.0,68.98,64.58,64.88,62.5
United States,USA,20200723,3.0,2.0,2.0,4.0,1.0,2.0,2.0,3.0,2.0,2.0,1.0,4.0,0.0,3.0,0.0,68.98,64.58,64.88,62.5
United States,USA,20200724,3.0,2.0,2.0,4.0,1.0,2.0,2.0,3.0,2.0,2.0,1.0,4.0,0.0,3.0,0.0,68.98,64.58,64.88,62.5
United States,USA,20200725,3.0,2.0,2.0,4.0,1.0,2.0,2.0,3.0,2.0,2.0,1.0,4.0,0.0,3.0,0.0,68.98,64.58,64.88,62.5
United States,USA,20200726,3.0,2.0,2.0,4.0,1.0,2.0,2.0,3.0,2.0,2.0,1.0,4.0,0.0,3.0,0.0,68.98,64.58,64.88,62.5
United States,USA,20200727,3.0,2.0,2.0,4.0,1.0,2.0,2.0,3.0,2.0,2.0,1.0,4.0,0.0,3.0,0.0,68.98,64.58,64.88,62.5
United States,USA,20200728,3.0,2.0,2.0,4.0,1.0,2.0,2.0,3.0,2.0,2.0,1.0,4.0,0.0,3.0,0.0,68.98,64.58,64.88,62.5
United States,USA,20200729,3.0,2.0,2.0,4.0,1.0,2.0,2.0,3.0,2.0,2.0,1.0,4.0,0.0,3.0,0.0,68.98,64.58,64.88,62.5
United States,USA,20200730,3.0,2.0,2.0,4.0,1.0,2.0,2.0,3.0,2.0,2.0,1.0,4.0,0.0,3.0,0.0,68.98,64.58,64.88,62.5
United States,USA,20200731,3.0,2.0,2.0,4.0,1.0,2.0,2.0,3.0,2.0,2.0,1.0,4.0,0.0,3.0,0.0,68.98,64.58,64.88,62.5
United States,USA,20200801,3.0,2.0,2.0,4.0,1.0,2.0,2.0,3.0,2.0,2.0,1.0,4.0,0.0,3.0,0.0,68.98,64.58,64.88,62.5
United States,USA,20200802,3.0,2.0,2.0,4.0,1.0,2.0,2.0,3.0,2.0,2.0,1.0,4.0,0.0,3.0,0.0,68.98,64.58,64.88,62.5
United States,USA,20200803,3.0,2.0,2.0,4.0,1.0,2.0,2.0,3.0,2.0,2.0,1.0,4.0,0.0,3.0,0.0,68.98,64.58,64.88,62.5
United States,USA,20200804,3.0,2.0,2.0,4.0,1.0,2.0,2.0,3.0,2.0,2.0,1.0,4.0,0.0,3.0,0.0,68.98,64.58,64.88,62.5
United States,USA,20200805,3.0,2.0,2.0,4.0,1.0,2.0,2.0,3.0,2.0,2.0,1.0,4.0,0.0,3.0,0.0,68.98,64.58,64.88,62.5
United States,USA,20200806,3.0,2.0,2.0,4.0,1.0,2.0,2.0,3.0,2.0,2.0,1.0,4.0,0.0,3.0,0.0,68.98,64.58,64.88,62.5
United States,USA,20200807,3.0,2.0,2.0,4.0,1.0,2.0,2.0,3.0,2.0,2.0,1.0,4.0,0.0,3.0,0.0,68.98,64.58,64.88,62.5
United States,USA,20200808,3.0,2.0,2.0,4.0,1.0,2.0,2.0,3.0,2.0,2.0,1.0,4.0,0.0,3.0,0.0,68.98,64.58,64.88,62.5
United States,USA,20200809,3.0,2.0,2.0,4.0,1.0,2.0,2.0,3.0,2.0,2.0,1.0,4.0,0.0,3.0,0.0,68.98,64.58,64.88,62.5
United States,USA,20200810,3.0,2.0,2.0,4.0,1.0,2.0,2.0,3.0,2.0,2.0,1.0,4.0,0.0,3.0,0.0,68.98,64.58,64.88,62.5
United States,USA,20200811,3.0,2.0,2.0,4.0,1.0,2.0,2.0,3.0,2.0,2.0,1.0,4.0,0.0,3.0,0.0,68.98,64.58,64.88,62.5
United States,USA,20200812,3.0,2.0,2.0,4.0,1.0,2.0,2.0,3.0,2.0,2.0,1.0,4.0,0.0,3.0,0.0,68.98,64.58,64.88,62.5
United States,USA,20200813,3.0,2.0,2.0,4.0,1.0,2.0,2.0,3.0,2.0,2.0,1.0,4.0,0.0,3.0,0.0,68.98,64.58,64.88,62.5
United States,USA,20200814,3.0,2.0,2.0,4.0,1.0,2.0,2.0,3.0,2.0,2.0,1.0,4.0,0.0,3.0,0.0,68.98,64.58,64.88,62.5
United States,USA,20200815,3.0,2.0,2.0,4.0,1.0,2.0,2.0,3.0,2.0,2.0,1.0,4.0,0.0,3.0,0.0,68.98,64.58,64.88,62.5
United States,USA,20200816,3.0,2.0,2.0,4.0,1.0,2.0,2.0,3.0,2.0,2.0,1.0,4.0,0.0,3.0,0.0,68.98,64.58,64.88,62.5
United States,USA,20200817,3.0,2.0,2.0,4.0,1.0,2.0,2.0,3.0,2.0,2.0,1.0,4.0,0.0,3.0,0.0,68.98,64.58,64.88,62.5
United States,USA,20200818,3.0,2.0,2.0,4.0,1.0,2.0,2.0,3.0,2.0,2.0,1.0,4.0,0.0,3.0,0.0,68.98,64.58,64.88,62.5
United States,USA,20200819,3.0,2.0,2.0,4.0,1.0,2.0,2.0,3.0,2.0,2.0,1.0,4.0,0.0,3.0,0.0,68.98,64.58,64.88,62.5
United States,USA,20200820,3.0,2.0,2.0,4.0,1.0,2.0,2.0,3.0,2.0,2.0,1.0,4.0,0.0,3.0,0.0,68.98,64.58,64.88,62.5
United States,USA,20200821,3.0,2.0,2.0,4.0,1.0,2.0,2.0,3.0,2.0,2.0,1.0,4.0,0.0,3.0,0.0,68.98,64.58,64.88,62.5
United States,USA,20200822,3.0,2.0,2.0,4.0,1.0,2.0,2.0,3.0,2.0,2.0,1.0,4.0,0.0,3.0,0.0,68.98,64.58,64.88,62.5
United States,USA,20200823,3.0,2.0,2.0,4.0,1.0,2.0,2.0,3.0,2.0,2.0,1.0,4.0,0.0,3.0,0.0,68.98,64.58,64.88,62.5
United States,USA,20200824,3.0,2.0,2.0,4.0,1.0,2.0,2.0,3.0,2.0,2.0,1.0,4.0,0.0,3.0,0.0,68.98,64.58,64.88,62.5
United States,USA,20200825,3.0,2.0,2.0,4.0,1.0,2.0,2.0,3.0,2.0,2.0,1.0,4.0,0.0,3.0,0.0,68.98,64.58,64.88,62.5
United States,USA,20200826,3.0,2.0,2.0,4.0,1.0,2.0,2.0,3.0,2.0,2.0,1.0,4.0,0.0,3.0,0.0,68.98,64.58,64.88,62.5
United States,USA,20200827,3.0,2.0,2.0,4.0,1.0,2.0,2.0,3.0,2.0,2.0,1.0,4.0,0.0,3.0,0.0,68.98,64.58,64.88,62.5
United States,USA,20200828,3.0,2.0,2.0,4.0,1.0,2.0,2.0,3.0,2.0,2.0,1.0,4.0,0.0,3.0,0.0,68.98,64.58,64.88,62.5
United States,USA,20200829,3.0,2.0,2.0,4.0,1.0,2.0,2.0,3.0,2.0,2.0,1.0,4.0,0.0,3.0,0.0,68.98,64.58,64.88,62.5
United States,USA,20200830,3.0,2.0,2.0,4.0,1.0,2.0,2.0,3.0,2.0,2.0,1.0,4.0,0.0,3.0,0.0,68.98,64.58,64.88,62.5
United States,USA,20200831,3.0,2.0,2.0,4.0,1.0,2.0,2.0,3.0,2.0,2.0,1.0,4.0,0.0,3.0,0.0,68.98,64.58,64.88,62.5
United States,USA,20200901,3.0,2.0,2.0,4.0,1.0,2.0,2.0,3.0,2.0,2.0,1.0,4.0,0.0,3.0,0.0,68.98,64.58,64.88,62.5
United States,USA,20200902,3.0,2.0,2.0,4.0,1.0,2.0,2.0,3.0,2.0,2.0,1.0,4.0,0.0,3.0,0.0,68.98,64.58,64.88,62.5
United States,USA,20200903,3.0,2.0,2.0,4.0,1.0,2.0,2.0,3.0,2.0,2.0,1.0,4.0,0.0,3.0,0.0,68.98,64.58,64.88,62.5
United States,USA,20200904,3.0,2.0,2.0,4.0,1.0,2.0,2.0,3.0,2.0,2.0,1.0,4.0,0.0,3.0,0.0,68.98,64.58,64.88,62.5
United States,USA,20200905,3.0,2.0,2.0,4.0,1.0,2.0,2.0,3.0,2.0,2.0,1.0,4.0,0.0,3.0,0.0,68.98,64.58,64.88,62.5
United States,USA,20200906,3.0,2.0,2.0,4.0,1.0,2.0,2.0,3.0,2.0,2.0,1.0,4.0,0.0,3.0,0.0,68.98,64.58,64.88,62.5
United States,USA,20200907,3.0,2.0,2.0,4.0,1.0,2.0,2.0,3.0,2.0,2.0,1.0,4.0,0.0,3.0,0.0,68.98,64.58,64.88,62.5
United States,USA,20200908,3.0,2.0,2.0,4.0,1.0,2.0,2.0,3.0,2.0,2.0,1.0,4.0,0.0,3.0,0.0,68.98,64.58,64.88,62.5
United States,USA,20200909,3.0,2.0,2.0,4.0,1.0,2.0,2.0,3.0,2.0,2.0,1.0,4.0,0.0,3.0,0.0,68.98,64.58,64.88,62.5
United States,USA,20200910,3.0,2.0,2.0,4.0,1.0,2.0,2.0,3.0,2.0,2.0,1.0,4.0,0.0,3.0,0.0,68.98,64.58,64.88,62.5
United States,USA,20200911,3.0,2.0,2.0,4.0,1.0,2.0,2.0,3.0,2.0,2.0,1.0,4.0,0.0,3.0,0.0,68.98,64.58,64.88,62.5
United States,USA,20200912,3.0,2.0,2.0,3.0,1.0,2.0,2.0,3.0,2.0,2.0,1.0,4.0,0.0,3.0,0.0,66.2,63.02,63.1,62.5
United States,USA,20200913,3.0,2.0,2.0,3.0,1.0,2.0,2.0,3.0,2.0,2.0,1.0,4.0,0.0,3.0,0.0,66.2,63.02,63.1,62.5
United States,USA,20200914,3.0,2.0,2.0,3.0,1.0,2.0,2.0,3.0,2.0,2.0,1.0,4.0,0.0,3.0,0.0,66.2,63.02,63.1,62.5
United States,USA,20200915,3.0,2.0,2.0,3.0,1.0,2.0,2.0,3.0,2.0,2.0,1.0,4.0,0.0,3.0,0.0,66.2,63.02,63.1,62.5
United States,USA,20200916,3.0,2.0,2.0,3.0,1.0,2.0,2.0,3.0,2.0,2.0,1.0,4.0,0.0,3.0,0.0,66.2,63.02,63.1,62.5
United States,USA,20200917,3.0,2.0,2.0,3.0,1.0,2.0,2.0,3.0,2.0,2.0,1.0,4.0,0.0,2.0,0.0,66.2,61.98,61.9,62.5
United States,USA,20200918,3.0,2.0,2.0,3.0,1.0,2.0,2.0,3.0,2.0,2.0,1.0,4.0,0.0,2.0,0.0,66.2,61.98,61.9,62.5
United States,USA,20200919,3.0,2.0,2.0,3.0,1.0,2.0,2.0,3.0,2.0,2.0,1.0,4.0,0.0,2.0,0.0,66.2,61.98,61.9,62.5
United States,USA,20200920,3.0,2.0,2.0,3.0,1.0,2.0,2.0,3.0,2.0,2.0,1.0,4.0,0.0,2.0,0.0,66.2,61.98,61.9,62.5
United States,USA,20200921,3.0,2.0,2.0,3.0,1.0,2.0,2.0,3.0,2.0,2.0,1.0,4.0,0.0,2.0,0.0,66.2,61.98,61.9,62.5
United States,USA,20200922,3.0,2.0,2.0,3.0,1.0,2.0,2.0,3.0,2.0,2.0,1.0,4.0,0.0,2.0,0.0,66.2,61.98,61.9,62.5
United States,USA,20200923,3.0,2.0,2.0,3.0,1.0,2.0,2.0,3.0,2.0,2.0,1.0,4.0,0.0,2.0,0.0,66.2,61.98,61.9,62.5
United States,USA,20200924,3.0,2.0,2.0,3.0,1.0,2.0,2.0,3.0,2.0,2.0,1.0,4.0,0.0,2.0,0.0,66.2,61.98,61.9,62.5
United States,USA,20200925,3.0,2.0,2.0,3.0,1.0,2.0,2.0,3.0,2.0,2.0,1.0,4.0,0.0,2.0,0.0,66.2,61.98,61.9,62.5
United States,USA,20200926,3.0,2.0,2.0,3.0,1.0,2.0,2.0,3.0,2.0,2.0,1.0,4.0,0.0,2.0,0.0,66.2,61.98,61.9,62.5
United States,USA,20200927,3.0,2.0,2.0,3.0,1.0,2.0,2.0,3.0,2.0,2.0,1.0,4.0,0.0,2.0,0.0,66.2,61.98,61.9,62.5
United States,USA,20200928,3.0,2.0,2.0,3.0,1.0,2.0,2.0,3.0,2.0,2.0,1.0,4.0,0.0,2.0,0.0,66.2,61.98,61.9,62.5
United States,USA,20200929,3.0,2.0,2.0,3.0,1.0,2.0,2.0,3.0,2.0,2.0,1.0,4.0,0.0,2.0,0.0,66.2,61.98,61.9,62.5
United States,USA,20200930,3.0,2.0,2.0,3.0,1.0,2.0,2.0,3.0,2.0,2.0,1.0,4.0,0.0,2.0,0.0,66.2,61.98,61.9,62.5
United States,USA,20201001,3.0,2.0,2.0,3.0,1.0,2.0,2.0,3.0,2.0,2.0,1.0,4.0,0.0,2.0,0.0,66.2,61.98,61.9,62.5
United States,USA,20201002,3.0,2.0,2.0,3.0,1.0,2.0,2.0,3.0,2.0,2.0,1.0,4.0,0.0,2.0,0.0,66.2,61.98,61.9,62.5
United States,USA,20201003,3.0,2.0,2.0,3.0,1.0,2.0,2.0,3.0,2.0,2.0,1.0,4.0,0.0,2.0,0.0,66.2,61.98,61.9,62.5
United States,USA,20201004,3.0,2.0,2.0,3.0,1.0,2.0,2.0,3.0,2.0,2.0,1.0,4.0,0.0,2.0,0.0,66.2,61.98,61.9,62.5
United States,USA,20201005,3.0,2.0,2.0,3.0,1.0,2.0,2.0,3.0,2.0,2.0,1.0,4.0,0.0,2.0,0.0,66.2,61.98,61.9,62.5
United States,USA,20201006,3.0,2.0,2.0,3.0,1.0,2.0,2.0,3.0,2.0,2.0,1.0,4.0,0.0,2.0,0.0,66.2,61.98,61.9,62.5
United States,USA,20201007,3.0,2.0,2.0,3.0,1.0,2.0,2.0,3.0,2.0,2.0,1.0,4.0,0.0,2.0,0.0,66.2,61.98,61.9,62.5
United States,USA,20201008,3.0,2.0,2.0,3.0,1.0,2.0,2.0,3.0,2.0,2.0,1.0,4.0,0.0,2.0,0.0,66.2,61.98,61.9,62.5
United States,USA,20201009,3.0,2.0,2.0,3.0,1.0,2.0,2.0,3.0,2.0,2.0,1.0,4.0,0.0,2.0,0.0,66.2,61.98,61.9,62.5
United States,USA,20201010,3.0,2.0,2.0,3.0,1.0,2.0,2.0,3.0,2.0,2.0,1.0,4.0,0.0,2.0,0.0,66.2,61.98,61.9,62.5
United States,USA,20201011,3.0,2.0,2.0,3.0,1.0,2.0,2.0,3.0,2.0,2.0,1.0,4.0,0.0,2.0,0.0,66.2,61.98,61.9,62.5
United States,USA,20201012,3.0,2.0,2.0,3.0,1.0,2.0,2.0,3.0,2.0,2.0,1.0,4.0,0.0,2.0,0.0,66.2,61.98,61.9,62.5
United States,USA,20201013,3.0,2.0,2.0,3.0,1.0,2.0,2.0,3.0,2.0,2.0,1.0,4.0,0.0,2.0,0.0,66.2,61.98,61.9,62.5
United States,USA,20201014,3.0,2.0,2.0,3.0,1.0,2.0,2.0,3.0,2.0,2.0,1.0,4.0,0.0,2.0,0.0,66.2,61.98,61.9,62.5
United States,USA,20201015,3.0,2.0,2.0,3.0,1.0,2.0,2.0,3.0,2.0,2.0,1.0,4.0,0.0,2.0,0.0,66.2,61.98,61.9,62.5
United States,USA,20201016,3.0,2.0,2.0,3.0,1.0,2.0,2.0,3.0,2.0,2.0,1.0,4.0,0.0,2.0,0.0,66.2,61.98,61.9,62.5
United States,USA,20201017,3.0,2.0,2.0,3.0,1.0,2.0,2.0,3.0,2.0,2.0,1.0,4.0,0.0,2.0,0.0,66.2,61.98,61.9,62.5
United States,USA,20201018,3.0,2.0,2.0,3.0,1.0,2.0,2.0,3.0,2.0,2.0,1.0,4.0,0.0,2.0,0.0,66.2,61.98,61.9,62.5
United States,USA,20201019,3.0,2.0,2.0,3.0,1.0,2.0,2.0,3.0,2.0,2.0,1.0,4.0,0.0,2.0,0.0,66.2,61.98,61.9,62.5
United States,USA,20201020,3.0,2.0,2.0,3.0,1.0,2.0,2.0,3.0,2.0,2.0,1.0,4.0,0.0,2.0,0.0,66.2,61.98,61.9,62.5
United States,USA,20201021,3.0,2.0,2.0,3.0,1.0,2.0,2.0,3.0,2.0,2.0,1.0,4.0,0.0,2.0,0.0,66.2,61.98,61.9,62.5
United States,USA,20201022,3.0,2.0,2.0,3.0,1.0,2.0,2.0,3.0,2.0,2.0,1.0,4.0,0.0,2.0,0.0,66.2,61.98,61.9,62.5
United States,USA,20201023,3.0,2.0,2.0,3.0,1.0,2.0,2.0,3.0,2.0,2.0,1.0,4.0,0.0,2.0,0.0,66.2,61.98,61.9,62.5
United States,USA,20201024,3.0,2.0,2.0,3.0,1.0,2.0,2.0,3.0,2.0,2.0,1.0,4.0,0.0,2.0,0.0,66.2,61.98,61.9,62.5
United States,USA,20201025,3.0,2.0,2.0,3.0,1.0,2.0,2.0,3.0,2.0,2.0,1.0,4.0,0.0,2.0,0.0,66.2,61.98,61.9,62.5
United States,USA,20201026,3.0,2.0,2.0,3.0,1.0,2.0,2.0,3.0,2.0,2.0,1.0,4.0,0.0,2.0,0.0,66.2,61.98,61.9,62.5
United States,USA,20201027,3.0,2.0,2.0,3.0,1.0,2.0,2.0,3.0,2.0,2.0,1.0,4.0,0.0,2.0,0.0,66.2,61.98,61.9,62.5
United States,USA,20201028,3.0,2.0,2.0,3.0,1.0,2.0,2.0,3.0,2.0,2.0,1.0,4.0,0.0,2.0,0.0,66.2,61.98,61.9,62.5
United States,USA,20201029,3.0,2.0,2.0,3.0,1.0,2.0,2.0,3.0,2.0,2.0,1.0,4.0,0.0,2.0,0.0,66.2,61.98,61.9,62.5
United States,USA,20201030,3.0,2.0,2.0,3.0,1.0,2.0,2.0,3.0,2.0,2.0,1.0,4.0,0.0,2.0,0.0,66.2,61.98,61.9,62.5
United States,USA,20201031,3.0,2.0,2.0,3.0,1.0,2.0,2.0,3.0,2.0,2.0,1.0,4.0,0.0,2.0,0.0,66.2,61.98,61.9,62.5
United States,USA,20201101,3.0,2.0,2.0,3.0,1.0,2.0,2.0,3.0,2.0,2.0,1.0,4.0,0.0,2.0,0.0,66.2,61.98,61.9,62.5
United States,USA,20201102,3.0,2.0,2.0,3.0,1.0,2.0,2.0,3.0,2.0,2.0,1.0,4.0,0.0,2.0,0.0,66.2,61.98,61.9,62.5
United States,USA,20201103,3.0,2.0,2.0,3.0,1.0,2.0,2.0,3.0,2.0,2.0,1.0,4.0,0.0,2.0,0.0,66.2,61.98,61.9,62.5
United States,USA,20201104,3.0,2.0,2.0,3.0,1.0,2.0,2.0,3.0,2.0,2.0,1.0,4.0,0.0,2.0,0.0,66.2,61.98,61.9,62.5
United States,USA,20201105,3.0,2.0,2.0,3.0,1.0,2.0,2.0,3.0,2.0,2.0,1.0,4.0,0.0,2.0,0.0,66.2,61.98,61.9,62.5
United States,USA,20201106,3.0,2.0,2.0,3.0,1.0,2.0,2.0,3.0,2.0,2.0,1.0,4.0,0.0,2.0,0.0,66.2,61.98,61.9,62.5
United States,USA,20201107,3.0,2.0,2.0,3.0,1.0,2.0,2.0,3.0,2.0,2.0,1.0,4.0,0.0,2.0,0.0,66.2,61.98,61.9,62.5
United States,USA,20201108,3.0,2.0,2.0,3.0,1.0,2.0,2.0,3.0,2.0,2.0,1.0,4.0,0.0,2.0,0.0,66.2,61.98,61.9,62.5
United States,USA,20201109,3.0,2.0,2.0,3.0,1.0,2.0,2.0,3.0,2.0,2.0,1.0,4.0,0.0,2.0,0.0,68.98,63.54,63.69,62.5
United States,USA,20201110,3.0,2.0,2.0,3.0,1.0,2.0,2.0,3.0,2.0,2.0,1.0,4.0,0.0,2.0,0.0,68.98,63.54,63.69,62.5
United States,USA,20201111,3.0,2.0,2.0,3.0,1.0,2.0,2.0,3.0,2.0,2.0,1.0,4.0,0.0,2.0,0.0,68.98,63.54,63.69,62.5
United States,USA,20201112,3.0,2.0,2.0,3.0,1.0,2.0,2.0,3.0,2.0,2.0,1.0,4.0,0.0,2.0,0.0,68.98,63.54,63.69,62.5
United States,USA,20201113,3.0,2.0,2.0,3.0,1.0,2.0,2.0,3.0,2.0,2.0,1.0,4.0,0.0,2.0,0.0,68.98,63.54,63.69,62.5
United States,USA,20201114,3.0,2.0,2.0,3.0,1.0,2.0,2.0,3.0,2.0,2.0,1.0,4.0,0.0,2.0,0.0,68.98,63.54,63.69,62.5
United States,USA,20201115,3.0,2.0,2.0,3.0,1.0,2.0,2.0,3.0,2.0,2.0,1.0,4.0,0.0,2.0,0.0,68.98,63.54,63.69,62.5
United States,USA,20201116,3.0,3.0,2.0,4.0,1.0,2.0,2.0,3.0,2.0,2.0,1.0,4.0,0.0,2.0,0.0,75.46,67.19,67.86,62.5
United States,USA,20201117,3.0,3.0,2.0,4.0,1.0,2.0,2.0,3.0,2.0,2.0,1.0,4.0,0.0,2.0,0.0,75.46,67.19,67.86,62.5
United States,USA,20201118,3.0,3.0,2.0,4.0,1.0,2.0,2.0,3.0,2.0,2.0,1.0,4.0,0.0,2.0,0.0,75.46,67.19,67.86,62.5
United States,USA,20201119,3.0,3.0,2.0,4.0,1.0,2.0,2.0,3.0,2.0,2.0,1.0,4.0,0.0,2.0,0.0,75.46,67.19,67.86,62.5
United States,USA,20201120,3.0,3.0,2.0,4.0,1.0,2.0,2.0,3.0,2.0,2.0,1.0,4.0,0.0,2.0,0.0,75.46,67.19,67.86,62.5
United States,USA,20201121,3.0,3.0,2.0,4.0,1.0,2.0,2.0,3.0,2.0,2.0,1.0,4.0,0.0,2.0,0.0,75.46,67.19,67.86,62.5
United States,USA,20201122,3.0,3.0,2.0,4.0,1.0,2.0,2.0,3.0,2.0,2.0,1.0,4.0,0.0,2.0,0.0,75.46,67.19,67.86,62.5
United States,USA,20201123,3.0,3.0,2.0,4.0,1.0,2.0,2.0,3.0,2.0,2.0,1.0,4.0,0.0,2.0,0.0,75.46,67.19,67.86,62.5
United States,USA,20201124,3.0,3.0,2.0,4.0,1.0,2.0,2.0,3.0,2.0,2.0,1.0,4.0,0.0,2.0,0.0,75.46,67.19,67.86,62.5
United States,USA,20201125,3.0,3.0,2.0,4.0,1.0,2.0,2.0,3.0,2.0,2.0,1.0,4.0,0.0,2.0,0.0,75.46,67.19,67.86,62.5
United States,USA,20201126,3.0,3.0,2.0,4.0,1.0,2.0,2.0,3.0,2.0,2.0,1.0,4.0,0.0,2.0,0.0,75.46,67.19,67.86,62.5
United States,USA,20201127,3.0,3.0,2.0,4.0,1.0,2.0,2.0,3.0,2.0,2.0,1.0,4.0,0.0,2.0,0.0,75.46,67.19,67.86,62.5
United States,USA,20201128,3.0,3.0,2.0,4.0,1.0,2.0,2.0,3.0,2.0,2.0,1.0,4.0,0.0,2.0,0.0,75.46,67.19,67.86,62.5
United States,USA,20201129,3.0,3.0,2.0,4.0,1.0,2.0,2.0,3.0,2.0,2.0,1.0,4.0,0.0,2.0,0.0,75.46,67.19,67.86,62.5
United States,USA,20201130,3.0,3.0,2.0,4.0,1.0,2.0,2.0,3.0,2.0,2.0,1.0,4.0,0.0,2.0,0.0,75.46,67.19,67.86,62.5
United States,USA,20201201,3.0,3.0,2.0,4.0,1.0,2.0,2.0,3.0,2.0,2.0,1.0,4.0,0.0,2.0,0.0,75.46,67.19,67.86,62.5
United States,USA,20201202,3.0,2.0,2.0,4.0,1.0,2.0,2.0,3.0,2.0,2.0,1.0,4.0,0.0,2.0,0.0,71.76,65.1,65.48,62.5
United States,USA,20201203,3.0,2.0,2.0,4.0,1.0,2.0,2.0,3.0,2.0,2.0,1.0,4.0,0.0,2.0,0.0,71.76,65.1,65.48,62.5
United States,USA,20201204,3.0,2.0,2.0,4.0,1.0,2.0,2.0,3.0,2.0,2.0,1.0,4.0,0.0,2.0,0.0,71.76,65.1,65.48,62.5
United States,USA,20201205,3.0,2.0,2.0,4.0,1.0,2.0,2.0,3.0,2.0,2.0,1.0,4.0,0.0,2.0,0.0,71.76,65.1,65.48,62.5
United States,USA,20201206,3.0,2.0,2.0,4.0,1.0,2.0,2.0,3.0,2.0,2.0,1.0,4.0,0.0,2.0,0.0,71.76,65.1,65.48,62.5
United States,USA,20201207,3.0,2.0,2.0,4.0,1.0,2.0,2.0,3.0,2.0,2.0,1.0,4.0,0.0,2.0,0.0,71.76,65.1,65.48,62.5
United States,USA,20201208,3.0,2.0,2.0,4.0,1.0,2.0,2.0,3.0,2.0,2.0,1.0,4.0,0.0,2.0,0.0,71.76,65.1,65.48,62.5
United States,USA,20201209,3.0,2.0,2.0,4.0,1.0,2.0,2.0,3.0,2.0,2.0,1.0,4.0,0.0,2.0,0.0,71.76,65.1,65.48,62.5
United States,USA,20201210,3.0,2.0,2.0,4.0,1.0,2.0,2.0,3.0,2.0,2.0,1.0,4.0,0.0,2.0,0.0,71.76,65.1,65.48,62.5
United States,USA,20201211,3.0,2.0,2.0,4.0,1.0,2.0,2.0,3.0,2.0,2.0,1.0,4.0,0.0,2.0,0.0,71.76,65.1,65.48,62.5
United States,USA,20201212,3.0,2.0,2.0,4.0,1.0,2.0,2.0,3.0,2.0,2.0,1.0,4.0,0.0,2.0,0.0,71.76,65.1,65.48,62.5
United States,USA,20201213,3.0,2.0,2.0,4.0,1.0,2.0,2.0,3.0,2.0,2.0,1.0,4.0,0.0,2.0,0.0,71.76,65.1,65.48,62.5
United States,USA,20201214,3.0,2.0,2.0,4.0,1.0,2.0,2.0,3.0,2.0,2.0,1.0,4.0,1.0,2.0,0.0,71.76,66.35,66.9,62.5
United States,USA,20201215,3.0,2.0,2.0,4.0,1.0,2.0,2.0,3.0,2.0,3.0,1.0,4.0,1.0,2.0,0.0,71.76,68.44,69.29,62.5
United States,USA,20201216,3.0,2.0,2.0,4.0,1.0,2.0,2.0,3.0,2.0,3.0,1.0,4.0,1.0,2.0,0.0,71.76,68.44,69.29,62.5
United States,USA,20201217,3.0,2.0,2.0,4.0,1.0,2.0,2.0,3.0,2.0,3.0,1.0,4.0,1.0,2.0,0.0,71.76,68.44,69.29,62.5
United States,USA,20201218,3.0,2.0,2.0,4.0,1.0,2.0,2.0,3.0,2.0,3.0,1.0,4.0,1.0,2.0,0.0,71.76,68.44,69.29,62.5
United States,USA,20201219,3.0,2.0,2.0,4.0,1.0,2.0,2.0,3.0,2.0,3.0,1.0,4.0,1.0,2.0,0.0,71.76,68.44,69.29,62.5
United States,USA,20201220,3.0,2.0,2.0,4.0,1.0,2.0,2.0,3.0,2.0,3.0,1.0,4.0,1.0,2.0,0.0,71.76,68.44,69.29,62.5
United States,USA,20201221,3.0,2.0,2.0,4.0,1.0,2.0,2.0,3.0,2.0,3.0,1.0,4.0,1.0,2.0,0.0,71.76,68.44,69.29,62.5
United States,USA,20201222,3.0,2.0,2.0,4.0,1.0,2.0,2.0,3.0,2.0,3.0,1.0,4.0,1.0,2.0,0.01,71.76,68.44,69.29,62.5
United States,USA,20201223,3.0,2.0,2.0,4.0,1.0,2.0,2.0,3.0,2.0,3.0,1.0,4.0,1.0,2.0,0.01,71.76,68.44,69.29,62.5
United States,USA,20201224,3.0,2.0,2.0,4.0,1.0,2.0,2.0,3.0,2.0,3.0,1.0,4.0,1.0,2.0,0.01,71.76,68.44,69.29,62.5
United States,USA,20201225,3.0,2.0,2.0,4.0,1.0,2.0,2.0,3.0,2.0,3.0,1.0,4.0,1.0,2.0,0.01,71.76,68.44,69.29,62.5
United States,USA,20201226,3.0,2.0,2.0,4.0,1.0,2.0,2.0,3.0,2.0,3.0,1.0,4.0,1.0,2.0,0.01,71.76,68.44,69.29,62.5
United States,USA,20201227,3.0,2.0,2.0,4.0,1.0,2.0,2.0,3.0,2.0,3.0,1.0,4.0,1.0,2.0,0.01,71.76,68.44,69.29,62.5
United States,USA,20201228,3.0,2.0,2.0,4.0,1.0,2.0,2.0,3.0,2.0,3.0,1.0,4.0,1.0,2.0,0.01,71.76,68.44,69.29,62.5
United States,USA,20201229,3.0,2.0,2.0,4.0,1.0,2.0,2.0,3.0,2.0,3.0,1.0,4.0,1.0,2.0,0.01,71.76,68.44,69.29,62.5
United States,USA,20201230,3.0,2.0,2.0,4.0,1.0,2.0,2.0,3.0,2.0,3.0,1.0,4.0,1.0,2.0,0.01,71.76,68.44,69.29,62.5
United States,USA,20201231,3.0,2.0,2.0,4.0,1.0,2.0,2.0,3.0,2.0,3.0,1.0,4.0,1.0,2.0,0.01,71.76,68.44,69.29,62.5
United States,USA,20210101,3.0,2.0,2.0,4.0,1.0,2.0,2.0,3.0,2.0,3.0,1.0,4.0,1.0,2.0,0.02,71.76,68.44,69.29,62.5
United States,USA,20210102,3.0,2.0,2.0,4.0,1.0,2.0,2.0,3.0,2.0,3.0,1.0,4.0,1.0,2.0,0.02,71.76,68.44,69.29,62.5
United States,USA,20210103,3.0,2.0,2.0,4.0,1.0,2.0,2.0,3.0,2.0,3.0,1.0,4.0,1.0,2.0,0.02,71.76,68.44,69.29,62.5
United States,USA,20210104,3.0,2.0,2.0,4.0,1.0,2.0,2.0,3.0,2.0,3.0,1.0,4.0,1.0,2.0,0.03,71.76,68.44,69.29,62.5
United States,USA,20210105,3.0,2.0,2.0,4.0,1.0,2.0,2.0,3.0,2.0,3.0,1.0,4.0,1.0,2.0,0.06,71.76,68.44,69.29,62.5
United States,USA,20210106,3.0,2.0,2.0,4.0,1.0,2.0,2.0,3.0,2.0,3.0,1.0,4.0,1.0,2.0,0.11,71.76,68.44,69.29,62.5
United States,USA,20210107,3.0,2.0,2.0,4.0,1.0,2.0,2.0,3.0,2.0,3.0,1.0,4.0,1.0,2.0,0.2,71.76,68.44,69.29,62.5
United States,USA,20210108,3.0,2.0,2.0,4.0,1.0,2.0,2.0,3.0,2.0,3.0,1.0,4.0,1.0,2.0,0.31,71.76,68.44,69.29,62.5
United States,USA,20210109,3.0,2.0,2.0,4.0,1.0,2.0,2.0,3.0,2.0,3.0,1.0,4.0,1.0,2.0,0.35,71.76,68.44,69.29,62.5
United States,USA,20210110,3.0,2.0,2.0,4.0,1.0,2.0,2.0,3.0,2.0,3.0,1.0,4.0,1.0,2.0,0.37,71.76,68.44,69.29,62.5
United States,USA,20210111,3.0,2.0,2.0,4.0,1.0,2.0,2.0,3.0,2.0,3.0,1.0,4.0,1.0,2.0,0.47,71.76,68.44,69.29,62.5
United States,USA,20210112,3.0,2.0,2.0,4.0,1.0,2.0,2.0,3.0,2.0,3.0,1.0,4.0,1.0,2.0,0.56,71.76,68.44,69.29,62.5
United States,USA,20210113,3.0,2.0,2.0,4.0,1.0,2.0,2.0,3.0,2.0,3.0,1.0,4.0,1.0,2.0,0.64,71.76,68.44,69.29,62.5
United States,USA,20210114,3.0,2.0,2.0,4.0,1.0,2.0,2.0,3.0,2.0,3.0,1.0,4.0,1.0,2.0,0.69,71.76,68.44,69.29,62.5
United States,USA,20210115,3.0,2.0,2.0,4.0,1.0,2.0,2.0,3.0,2.0,3.0,1.0,4.0,1.0,2.0,0.72,71.76,68.44,69.29,62.5
United States,USA,20210116,3.0,2.0,2.0,4.0,1.0,2.0,2.0,3.0,2.0,3.0,1.0,4.0,1.0,2.0,0.75,71.76,68.44,69.29,62.5
United States,USA,20210117,3.0,2.0,2.0,4.0,1.0,2.0,2.0,3.0,2.0,3.0,1.0,4.0,1.0,2.0,0.76,71.76,68.44,69.29,62.5
United States,USA,20210118,3.0,2.0,2.0,4.0,1.0,2.0,2.0,3.0,2.0,3.0,1.0,4.0,1.0,2.0,0.83,71.76,68.44,69.29,62.5
United States,USA,20210119,3.0,2.0,2.0,4.0,1.0,2.0,2.0,3.0,2.0,3.0,1.0,4.0,1.0,2.0,0.94,71.76,68.44,69.29,62.5
United States,USA,20210120,3.0,2.0,2.0,4.0,1.0,2.0,2.0,3.0,2.0,3.0,1.0,4.0,1.0,2.0,1.06,71.76,68.44,69.29,62.5
United States,USA,20210121,3.0,2.0,2.0,4.0,1.0,2.0,2.0,3.0,2.0,3.0,1.0,4.0,1.0,2.0,1.15,71.76,68.44,69.29,62.5
United States,USA,20210122,3.0,2.0,2.0,4.0,1.0,2.0,2.0,3.0,2.0,3.0,1.0,4.0,1.0,2.0,1.21,71.76,68.44,69.29,62.5
United States,USA,20210123,3.0,2.0,2.0,4.0,1.0,2.0,2.0,3.0,2.0,3.0,1.0,4.0,1.0,2.0,1.26,71.76,68.44,69.29,62.5
United States,USA,20210124,3.0,2.0,2.0,4.0,1.0,2.0,2.0,3.0,2.0,3.0,1.0,4.0,1.0,2.0,1.29,71.76,68.44,69.29,62.5
United States,USA,20210125,3.0,2.0,2.0,4.0,1.0,2.0,2.0,3.0,2.0,3.0,1.0,4.0,1.0,2.0,1.43,71.76,68.44,69.29,62.5
United States,USA,20210126,3.0,2.0,2.0,4.0,1.0,2.0,2.0,3.0,2.0,3.0,1.0,4.0,1.0,2.0,1.61,71.76,68.44,69.29,62.5
United States,USA,20210127,3.0,2.0,2.0,4.0,1.0,2.0,2.0,3.0,2.0,3.0,1.0,4.0,1.0,2.0,1.81,71.76,68.44,69.29,62.5
United States,USA,20210128,3.0,2.0,2.0,4.0,1.0,2.0,2.0,3.0,2.0,3.0,1.0,4.0,1.0,2.0,1.98,71.76,68.44,69.29,62.5
United States,USA,20210129,3.0,2.0,2.0,4.0,1.0,2.0,2.0,3.0,2.0,3.0,1.0,4.0,1.0,2.0,2.13,71.76,68.44,69.29,62.5
United States,USA,20210130,3.0,2.0,2.0,4.0,1.0,2.0,2.0,3.0,2.0,3.0,1.0,4.0,1.0,2.0,2.2,71.76,68.44,69.29,62.5
United States,USA,20210131,3.0,2.0,2.0,4.0,1.0,2.0,2.0,3.0,2.0,3.0,1.0,4.0,1.0,2.0,2.24,71.76,68.44,69.29,62.5
United States,USA,20210201,3.0,2.0,2.0,4.0,1.0,2.0,2.0,3.0,2.0,3.0,1.0,4.0,1.0,2.0,2.42,71.76,68.44,69.29,62.5
United States,USA,20210202,3.0,2.0,2.0,4.0,1.0,2.0,2.0,3.0,2.0,3.0,1.0,4.0,1.0,2.0,2.63,71.76,68.44,69.29,62.5
United States,USA,20210203,2.0,2.0,2.0,4.0,1.0,2.0,2.0,3.0,2.0,3.0,1.0,4.0,1.0,2.0,2.88,68.06,66.35,66.9,62.5
United States,USA,20210204,2.0,2.0,2.0,4.0,1.0,2.0,2.0,3.0,2.0,3.0,1.0,4.0,1.0,2.0,3.16,68.06,66.35,66.9,62.5
United States,USA,20210205,2.0,2.0,2.0,4.0,1.0,2.0,2.0,3.0,2.0,3.0,1.0,4.0,1.0,2.0,3.45,68.06,66.35,66.9,62.5
United States,USA,20210206,2.0,2.0,2.0,4.0,1.0,2.0,2.0,3.0,2.0,3.0,1.0,4.0,1.0,2.0,3.58,68.06,66.35,66.9,62.5
United States,USA,20210207,2.0,2.0,2.0,4.0,1.0,2.0,2.0,3.0,2.0,3.0,1.0,4.0,1.0,2.0,3.63,68.06,66.35,66.9,62.5
United States,USA,20210208,2.0,2.0,2.0,4.0,1.0,2.0,2.0,3.0,2.0,3.0,1.0,4.0,1.0,2.0,3.84,68.06,66.35,66.9,62.5
United States,USA,20210209,2.0,2.0,2.0,4.0,1.0,2.0,2.0,3.0,2.0,3.0,1.0,4.0,1.0,2.0,4.11,68.06,66.35,66.9,62.5
United States,USA,20210210,2.0,2.0,2.0,4.0,1.0,2.0,2.0,3.0,2.0,3.0,1.0,4.0,1.0,2.0,4.43,68.06,66.35,66.9,62.5
United States,USA,20210211,2.0,2.0,2.0,4.0,1.0,2.0,2.0,3.0,2.0,3.0,1.0,4.0,1.0,2.0,4.76,68.06,66.35,66.9,62.5
United States,USA,20210212,2.0,2.0,2.0,4.0,1.0,2.0,2.0,3.0,2.0,3.0,1.0,4.0,1.0,2.0,5.11,68.06,66.35,66.9,62.5
United States,USA,20210213,2.0,2.0,2.0,4.0,1.0,2.0,2.0,3.0,2.0,3.0,1.0,4.0,1.0,2.0,5.28,68.06,66.35,66.9,62.5
United States,USA,20210214,2.0,2.0,2.0,4.0,1.0,2.0,2.0,3.0,2.0,3.0,1.0,4.0,1.0,2.0,5.35,68.06,66.35,66.9,62.5
United States,USA,20210215,2.0,2.0,2.0,4.0,1.0,2.0,2.0,3.0,2.0,3.0,1.0,4.0,1.0,2.0,5.52,68.06,66.35,66.9,62.5
United States,USA,20210216,2.0,2.0,2.0,4.0,1.0,2.0,2.0,3.0,2.0,3.0,1.0,4.0,1.0,2.0,5.76,68.06,66.35,66.9,62.5
United States,USA,20210217,2.0,2.0,2.0,4.0,1.0,2.0,2.0,3.0,2.0,3.0,1.0,4.0,1.0,2.0,6.06,68.06,66.35,66.9,62.5
United States,USA,20210218,2.0,2.0,2.0,4.0,1.0,2.0,2.0,3.0,2.0,3.0,1.0,4.0,1.0,2.0,6.35,68.06,66.35,66.9,62.5
United States,USA,20210219,2.0,2.0,2.0,4.0,1.0,2.0,2.0,3.0,2.0,3.0,1.0,4.0,1.0,2.0,6.69,68.06,66.35,66.9,62.5
United States,USA,20210220,2.0,2.0,2.0,4.0,1.0,2.0,2.0,3.0,2.0,3.0,1.0,4.0,1.0,2.0,6.89,68.06,66.35,66.9,62.5
United States,USA,20210221,2.0,2.0,2.0,4.0,1.0,2.0,2.0,3.0,2.0,3.0,1.0,4.0,1.0,2.0,6.99,68.06,66.35,66.9,62.5
United States,USA,20210222,2.0,2.0,2.0,4.0,1.0,2.0,2.0,3.0,2.0,3.0,1.0,4.0,1.0,2.0,7.23,68.06,66.35,66.9,62.5
United States,USA,20210223,2.0,2.0,2.0,4.0,1.0,2.0,2.0,3.0,2.0,3.0,1.0,4.0,1.0,2.0,7.55,68.06,66.35,66.9,62.5
United States,USA,20210224,2.0,2.0,2.0,4.0,1.0,2.0,2.0,3.0,2.0,3.0,1.0,4.0,1.0,2.0,7.92,68.06,66.35,66.9,62.5
United States,USA,20210225,2.0,2.0,2.0,4.0,1.0,2.0,2.0,3.0,2.0,3.0,1.0,4.0,1.0,2.0,8.33,68.06,66.35,66.9,62.5
United States,USA,20210226,2.0,2.0,2.0,4.0,1.0,2.0,2.0,3.0,2.0,3.0,1.0,4.0,1.0,2.0,8.75,68.06,66.35,66.9,62.5
United States,USA,20210227,2.0,2.0,2.0,4.0,1.0,2.0,2.0,3.0,2.0,3.0,1.0,4.0,2.0,2.0,8.99,68.06,67.6,68.33,62.5
United States,USA,20210228,2.0,2.0,2.0,4.0,1.0,2.0,2.0,3.0,2.0,3.0,1.0,4.0,2.0,2.0,9.09,68.06,67.6,68.33,62.5
United States,USA,20210301,2.0,2.0,2.0,4.0,1.0,2.0,2.0,3.0,2.0,3.0,1.0,4.0,2.0,2.0,9.33,68.06,67.6,68.33,62.5
United States,USA,20210302,2.0,2.0,2.0,4.0,1.0,2.0,2.0,3.0,2.0,3.0,1.0,4.0,2.0,2.0,9.62,68.06,67.6,68.33,62.5
United States,USA,20210303,2.0,2.0,2.0,4.0,1.0,2.0,2.0,3.0,2.0,3.0,1.0,4.0,2.0,2.0,9.96,68.06,67.6,68.33,62.5
United States,USA,20210304,2.0,2.0,2.0,4.0,1.0,1.0,2.0,3.0,2.0,3.0,1.0,4.0,2.0,2.0,10.34,64.35,65.52,65.95,62.5
United States,USA,20210305,2.0,2.0,2.0,4.0,1.0,1.0,2.0,3.0,2.0,3.0,1.0,4.0,2.0,2.0,10.74,64.35,65.52,65.95,62.5
United States,USA,20210306,2.0,2.0,2.0,4.0,1.0,1.0,2.0,3.0,2.0,3.0,1.0,4.0,2.0,2.0,11.0,64.35,65.52,65.95,62.5
United States,USA,20210307,2.0,2.0,2.0,4.0,1.0,1.0,2.0,3.0,2.0,3.0,1.0,4.0,2.0,2.0,11.11,64.35,65.52,65.95,62.5
United States,USA,20210308,2.0,2.0,2.0,4.0,1.0,1.0,2.0,3.0,2.0,3.0,1.0,4.0,2.0,2.0,11.37,64.35,65.52,65.95,62.5
United States,USA,20210309,2.0,2.0,2.0,4.0,1.0,1.0,2.0,3.0,2.0,3.0,1.0,4.0,2.0,2.0,11.7,64.35,65.52,65.95,62.5
United States,USA,20210310,2.0,2.0,2.0,4.0,1.0,1.0,2.0,3.0,2.0,3.0,1.0,4.0,2.0,2.0,12.09,64.35,64.48,64.76,62.5
United States,USA,20210311,2.0,2.0,2.0,4.0,1.0,1.0,2.0,3.0,2.0,3.0,1.0,4.0,2.0,2.0,12.51,64.35,64.48,64.76,62.5
United States,USA,20210312,2.0,2.0,2.0,4.0,1.0,1.0,2.0,3.0,2.0,3.0,1.0,4.0,2.0,2.0,12.98,64.35,64.48,64.76,62.5
United States,USA,20210313,2.0,2.0,2.0,4.0,1.0,1.0,2.0,3.0,2.0,3.0,1.0,4.0,2.0,2.0,13.29,64.35,64.48,64.76,62.5
United States,USA,20210314,2.0,2.0,2.0,4.0,1.0,1.0,2.0,3.0,2.0,3.0,1.0,4.0,2.0,2.0,13.42,64.35,64.48,64.76,62.5
United States,USA,20210315,2.0,2.0,2.0,4.0,1.0,1.0,2.0,3.0,2.0,3.0,1.0,4.0,2.0,2.0,13.68,64.35,64.48,64.76,62.5
United States,USA,20210316,2.0,2.0,2.0,4.0,1.0,1.0,2.0,3.0,2.0,3.0,1.0,4.0,2.0,2.0,14.0,64.35,64.48,64.76,62.5
United States,USA,20210317,2.0,2.0,2.0,4.0,1.0,1.0,2.0,3.0,2.0,3.0,1.0,4.0,2.0,2.0,14.35,64.35,64.48,64.76,62.5
United States,USA,20210318,2.0,2.0,2.0,4.0,1.0,1.0,2.0,3.0,2.0,3.0,1.0,4.0,2.0,2.0,14.72,64.35,64.48,64.76,62.5
United States,USA,20210319,2.0,2.0,2.0,4.0,1.0,1.0,2.0,3.0,2.0,3.0,1.0,4.0,2.0,2.0,15.09,64.35,64.48,64.76,62.5
United States,USA,20210320,2.0,2.0,2.0,4.0,1.0,1.0,2.0,3.0,2.0,3.0,1.0,4.0,2.0,2.0,15.35,64.35,64.48,64.76,62.5
United States,USA,20210321,2.0,2.0,2.0,4.0,1.0,1.0,2.0,3.0,2.0,3.0,1.0,4.0,2.0,2.0,15.46,64.35,64.48,64.76,62.5
United States,USA,20210322,2.0,2.0,2.0,4.0,1.0,1.0,2.0,3.0,2.0,3.0,1.0,4.0,2.0,2.0,15.71,64.35,64.48,64.76,62.5
United States,USA,20210323,2.0,2.0,1.0,4.0,1.0,1.0,2.0,3.0,2.0,3.0,1.0,4.0,2.0,2.0,16.06,58.8,61.35,61.19,62.5
United States,USA,20210324,2.0,2.0,1.0,4.0,1.0,1.0,2.0,3.0,2.0,3.0,1.0,4.0,2.0,2.0,16.49,58.8,61.35,61.19,62.5
United States,USA,20210325,2.0,2.0,1.0,4.0,1.0,1.0,2.0,3.0,2.0,3.0,1.0,4.0,2.0,2.0,16.99,58.8,61.35,61.19,62.5
United States,USA,20210326,2.0,2.0,1.0,4.0,1.0,1.0,2.0,3.0,2.0,3.0,1.0,4.0,2.0,2.0,17.54,58.8,61.35,61.19,62.5
United States,USA,20210327,2.0,2.0,1.0,4.0,1.0,1.0,2.0,3.0,2.0,3.0,1.0,4.0,2.0,2.0,17.89,58.8,61.35,61.19,62.5
United States,USA,20210328,2.0,2.0,1.0,4.0,1.0,1.0,2.0,3.0,2.0,3.0,1.0,4.0,2.0,2.0,18.06,58.8,61.35,61.19,62.5
United States,USA,20210329,2.0,2.0,1.0,4.0,1.0,1.0,1.0,3.0,2.0,3.0,1.0,4.0,2.0,2.0,18.44,56.02,59.79,59.4,62.5
United States,USA,20210330,2.0,2.0,1.0,4.0,1.0,1.0,1.0,3.0,2.0,3.0,1.0,4.0,3.0,2.0,18.95,56.02,61.04,60.83,62.5
United States,USA,20210331,2.0,2.0,1.0,4.0,1.0,1.0,1.0,3.0,2.0,3.0,1.0,4.0,3.0,2.0,19.53,56.02,61.04,60.83,62.5
United States,USA,20210401,2.0,2.0,1.0,4.0,1.0,1.0,1.0,3.0,2.0,3.0,1.0,4.0,3.0,2.0,20.22,56.02,61.04,60.83,62.5
United States,USA,20210402,2.0,2.0,1.0,4.0,1.0,1.0,1.0,3.0,2.0,3.0,1.0,4.0,3.0,2.0,20.77,54.87,60.39,60.09,62.5
United States,USA,20210403,2.0,2.0,1.0,4.0,1.0,1.0,1.0,3.0,2.0,3.0,1.0,4.0,3.0,2.0,21.12,54.85,60.38,60.08,62.5
United States,USA,20210404,2.0,2.0,1.0,4.0,1.0,1.0,1.0,3.0,2.0,3.0,1.0,4.0,3.0,2.0,21.23,54.84,60.38,60.07,62.5
United States,USA,20210405,2.0,2.0,1.0,4.0,1.0,1.0,1.0,3.0,2.0,3.0,1.0,4.0,3.0,2.0,21.72,54.81,60.36,60.05,62.5
United States,USA,20210406,2.0,2.0,1.0,4.0,1.0,1.0,1.0,3.0,2.0,3.0,1.0,4.0,3.0,2.0,22.35,54.78,60.34,60.03,62.5
United States,USA,20210407,2.0,2.0,1.0,4.0,1.0,1.0,1.0,3.0,2.0,3.0,1.0,4.0,3.0,2.0,23.04,54.74,60.32,60.01,62.5
United States,USA,20210408,2.0,2.0,1.0,4.0,1.0,1.0,1.0,3.0,2.0,3.0,1.0,4.0,3.0,2.0,23.81,54.7,60.3,59.98,62.5
United States,USA,20210409,2.0,2.0,1.0,4.0,1.0,1.0,1.0,3.0,2.0,3.0,1.0,4.0,3.0,2.0,24.55,54.66,60.27,59.95,62.5
United States,USA,20210410,2.0,2.0,1.0,4.0,1.0,1.0,1.0,3.0,2.0,3.0,1.0,4.0,3.0,2.0,25.05,54.63,60.26,59.94,62.5
United States,USA,20210411,2.0,2.0,1.0,4.0,1.0,1.0,1.0,3.0,2.0,3.0,1.0,4.0,3.0,2.0,25.29,54.61,60.25,59.93,62.5
United States,USA,20210412,2.0,2.0,1.0,4.0,1.0,1.0,1.0,3.0,2.0,3.0,1.0,4.0,3.0,2.0,25.81,54.58,60.23,59.91,62.5
United States,USA,20210413,2.0,2.0,1.0,4.0,1.0,1.0,1.0,3.0,2.0,3.0,1.0,4.0,3.0,2.0,26.33,54.56,60.22,59.89,62.5
United States,USA,20210414,2.0,2.0,1.0,4.0,1.0,1.0,1.0,3.0,2.0,3.0,1.0,4.0,3.0,2.0,26.91,54.52,60.2,59.87,62.5
United States,USA,20210415,2.0,2.0,1.0,4.0,1.0,1.0,1.0,3.0,2.0,3.0,1.0,4.0,3.0,2.0,27.5,54.49,60.18,59.85,62.5
United States,USA,20210416,2.0,2.0,1.0,4.0,1.0,1.0,1.0,3.0,2.0,3.0,1.0,4.0,3.0,2.0,28.08,54.46,60.16,59.83,62.5
United States,USA,20210417,2.0,2.0,1.0,4.0,1.0,1.0,1.0,3.0,2.0,3.0,1.0,4.0,3.0,2.0,28.44,54.44,60.15,59.81,62.5
United States,USA,20210418,2.0,2.0,1.0,4.0,1.0,1.0,1.0,3.0,2.0,3.0,1.0,4.0,3.0,2.0,28.61,54.43,60.15,59.81,62.5
United States,USA,20210419,2.0,2.0,1.0,4.0,1.0,1.0,1.0,3.0,2.0,3.0,1.0,4.0,5.0,2.0,29.06,54.4,62.63,62.65,62.5
United States,USA,20210420,2.0,2.0,1.0,4.0,1.0,1.0,1.0,3.0,2.0,3.0,1.0,4.0,5.0,2.0,29.61,54.37,62.62,62.63,62.5
United States,USA,20210421,2.0,2.0,1.0,4.0,1.0,1.0,1.0,3.0,2.0,3.0,1.0,4.0,5.0,2.0,30.23,54.34,62.6,62.61,62.5
United States,USA,20210422,2.0,2.0,1.0,4.0,1.0,1.0,1.0,3.0,2.0,3.0,1.0,4.0,5.0,2.0,30.85,54.3,62.58,62.59,62.5
United States,USA,20210423,2.0,2.0,1.0,4.0,1.0,1.0,1.0,3.0,2.0,3.0,1.0,4.0,5.0,2.0,31.43,54.27,62.56,62.57,62.5
United States,USA,20210424,2.0,2.0,1.0,4.0,1.0,1.0,1.0,3.0,2.0,3.0,1.0,4.0,5.0,2.0,31.79,54.25,62.55,62.56,62.5
United States,USA,20210425,2.0,2.0,1.0,4.0,1.0,1.0,1.0,3.0,2.0,3.0,1.0,4.0,5.0,2.0,31.94,54.24,62.54,62.55,62.5
United States,USA,20210426,2.0,2.0,1.0,4.0,1.0,1.0,1.0,3.0,2.0,3.0,1.0,4.0,5.0,2.0,32.37,54.22,62.53,62.53,62.5
United States,USA,20210427,2.0,2.0,1.0,4.0,1.0,1.0,1.0,3.0,2.0,3.0,1.0,4.0,5.0,2.0,32.91,54.19,62.51,62.52,62.5
United States,USA,20210428,2.0,2.0,1.0,4.0,1.0,1.0,1.0,3.0,2.0,3.0,1.0,4.0,5.0,2.0,33.5,54.16,62.49,62.49,62.5
United States,USA,20210429,2.0,2.0,1.0,4.0,1.0,1.0,1.0,3.0,2.0,3.0,1.0,4.0,5.0,2.0,34.1,54.12,62.48,62.47,62.5
United States,USA,20210430,2.0,2.0,1.0,4.0,1.0,1.0,1.0,3.0,2.0,3.0,1.0,4.0,5.0,2.0,34.66,54.09,62.46,62.45,62.5
United States,USA,20210501,2.0,2.0,1.0,4.0,1.0,1.0,1.0,3.0,2.0,3.0,1.0,4.0,5.0,2.0,35.01,54.07,62.45,62.44,62.5
United States,USA,20210502,2.0,2.0,1.0,4.0,1.0,1.0,1.0,3.0,2.0,3.0,1.0,4.0,5.0,2.0,35.19,54.06,62.44,62.43,62.5
United States,USA,20210503,2.0,2.0,1.0,4.0,1.0,1.0,1.0,3.0,2.0,3.0,1.0,4.0,5.0,2.0,35.61,54.04,62.43,62.42,62.5
United States,USA,20210504,2.0,2.0,1.0,4.0,1.0,1.0,1.0,3.0,2.0,3.0,1.0,4.0,5.0,2.0,36.15,54.01,62.41,62.4,62.5
United States,USA,20210505,2.0,2.0,1.0,4.0,1.0,1.0,1.0,3.0,2.0,3.0,1.0,4.0,5.0,2.0,36.69,53.98,62.4,62.38,62.5
United States,USA,20210506,2.0,2.0,1.0,4.0,1.0,1.0,1.0,3.0,2.0,3.0,1.0,4.0,5.0,2.0,37.24,53.95,62.38,62.36,62.5
United States,USA,20210507,2.0,2.0,1.0,4.0,1.0,1.0,1.0,3.0,2.0,3.0,1.0,4.0,5.0,2.0,37.78,53.92,62.36,62.34,62.5
United States,USA,20210508,2.0,2.0,1.0,4.0,1.0,1.0,1.0,3.0,2.0,3.0,1.0,4.0,5.0,2.0,38.11,53.9,62.35,62.33,62.5
United States,USA,20210509,2.0,2.0,1.0,4.0,1.0,1.0,1.0,3.0,2.0,3.0,1.0,4.0,5.0,2.0,38.25,55.74,61.83,63.51,50.0
United States,USA,20210510,2.0,2.0,1.0,4.0,1.0,1.0,1.0,3.0,2.0,3.0,1.0,4.0,5.0,2.0,38.6,55.72,61.82,63.5,50.0
United States,USA,20210511,2.0,2.0,1.0,4.0,1.0,1.0,2.0,3.0,2.0,3.0,1.0,4.0,5.0,2.0,39.04,60.65,64.58,66.67,50.0
United States,USA,20210512,2.0,2.0,1.0,4.0,1.0,1.0,2.0,3.0,2.0,3.0,1.0,4.0,5.0,2.0,39.48,60.65,64.58,66.67,50.0
United States,USA,20210513,2.0,2.0,1.0,4.0,1.0,1.0,2.0,3.0,2.0,3.0,1.0,4.0,5.0,2.0,39.9,60.65,64.58,66.67,50.0
United States,USA,20210514,2.0,2.0,1.0,4.0,1.0,1.0,2.0,3.0,2.0,3.0,1.0,4.0,5.0,2.0,40.34,60.65,64.58,66.67,50.0
United States,USA,20210515,2.0,2.0,1.0,4.0,1.0,1.0,2.0,3.0,2.0,3.0,1.0,4.0,5.0,2.0,40.64,60.65,64.58,66.67,50.0
United States,USA,20210516,2.0,2.0,1.0,4.0,1.0,1.0,2.0,3.0,2.0,3.0,1.0,3.0,5.0,2.0,40.79,60.65,63.02,64.88,50.0
United States,USA,20210517,2.0,2.0,1.0,4.0,1.0,1.0,2.0,3.0,2.0,3.0,1.0,3.0,5.0,2.0,41.09,60.65,63.02,64.88,50.0
United States,USA,20210518,2.0,2.0,1.0,4.0,1.0,1.0,2.0,3.0,2.0,3.0,1.0,3.0,5.0,2.0,41.45,60.65,63.02,64.88,50.0
United States,USA,20210519,2.0,2.0,1.0,4.0,1.0,1.0,2.0,3.0,2.0,3.0,1.0,3.0,5.0,2.0,41.8,60.65,63.02,64.88,50.0
United States,USA,20210520,2.0,2.0,1.0,4.0,1.0,1.0,2.0,3.0,2.0,3.0,1.0,3.0,5.0,2.0,42.16,60.65,63.02,64.88,50.0
United States,USA,20210521,2.0,2.0,1.0,4.0,1.0,1.0,2.0,3.0,2.0,3.0,1.0,3.0,5.0,2.0,42.53,60.65,63.02,64.88,50.0
United States,USA,20210522,2.0,2.0,1.0,4.0,1.0,1.0,2.0,3.0,2.0,3.0,1.0,3.0,5.0,2.0,42.76,60.65,63.02,64.88,50.0
United States,USA,20210523,2.0,2.0,1.0,4.0,1.0,1.0,2.0,3.0,2.0,3.0,1.0,3.0,5.0,2.0,42.87,56.02,60.42,61.9,50.0
United States,USA,20210524,2.0,2.0,1.0,4.0,1.0,1.0,2.0,3.0,2.0,3.0,1.0,3.0,5.0,2.0,43.09,56.02,60.42,61.9,50.0
United States,USA,20210525,2.0,2.0,1.0,4.0,1.0,1.0,2.0,3.0,2.0,3.0,1.0,3.0,5.0,2.0,43.35,56.02,60.42,61.9,50.0
United States,USA,20210526,2.0,2.0,1.0,4.0,1.0,1.0,2.0,3.0,2.0,3.0,1.0,3.0,5.0,2.0,43.6,56.02,60.42,61.9,50.0
United States,USA,20210527,2.0,2.0,1.0,4.0,1.0,1.0,2.0,3.0,2.0,3.0,1.0,3.0,5.0,2.0,43.85,56.02,60.42,61.9,50.0
United States,USA,20210528,2.0,2.0,1.0,4.0,1.0,1.0,2.0,3.0,2.0,3.0,1.0,3.0,5.0,2.0,44.08,56.02,60.42,61.9,50.0
United States,USA,20210529,2.0,2.0,1.0,4.0,1.0,1.0,2.0,3.0,2.0,3.0,1.0,3.0,5.0,2.0,44.21,56.02,60.42,61.9,50.0
United States,USA,20210530,2.0,2.0,1.0,4.0,1.0,1.0,2.0,3.0,2.0,3.0,1.0,3.0,5.0,2.0,44.27,56.02,60.42,61.9,50.0
United States,USA,20210531,2.0,2.0,1.0,4.0,1.0,1.0,2.0,3.0,2.0,3.0,1.0,3.0,5.0,2.0,44.31,56.02,60.42,61.9,50.0
United States,USA,20210601,2.0,2.0,1.0,4.0,1.0,1.0,2.0,3.0,2.0,3.0,1.0,3.0,5.0,2.0,44.55,56.02,60.42,61.9,50.0
United States,USA,20210602,2.0,2.0,1.0,4.0,1.0,1.0,2.0,3.0,2.0,3.0,1.0,3.0,5.0,2.0,44.76,56.02,60.42,61.9,50.0
United States,USA,20210603,2.0,2.0,1.0,4.0,1.0,1.0,2.0,3.0,2.0,3.0,1.0,3.0,5.0,2.0,45.01,56.02,60.42,61.9,50.0
United States,USA,20210604,2.0,2.0,1.0,4.0,1.0,1.0,2.0,3.0,2.0,3.0,1.0,3.0,5.0,2.0,45.31,56.02,60.42,61.9,50.0
United States,USA,20210605,2.0,2.0,1.0,4.0,1.0,1.0,2.0,3.0,2.0,3.0,1.0,3.0,5.0,2.0,45.53,56.02,60.42,61.9,50.0
United States,USA,20210606,2.0,2.0,1.0,4.0,1.0,1.0,2.0,3.0,2.0,3.0,1.0,3.0,5.0,2.0,45.64,56.02,60.42,61.9,50.0
United States,USA,20210607,2.0,2.0,1.0,4.0,1.0,1.0,2.0,3.0,2.0,3.0,1.0,3.0,5.0,2.0,45.87,56.02,60.42,61.9,50.0
United States,USA,20210608,2.0,2.0,1.0,4.0,1.0,1.0,2.0,3.0,2.0,3.0,1.0,3.0,5.0,2.0,46.12,56.02,60.42,61.9,50.0
United States,USA,20210609,2.0,2.0,1.0,4.0,1.0,1.0,2.0,3.0,2.0,3.0,1.0,3.0,5.0,2.0,46.37,56.02,60.42,61.9,50.0
United States,USA,20210610,2.0,2.0,1.0,4.0,1.0,1.0,1.0,3.0,2.0,3.0,1.0,3.0,5.0,2.0,46.62,50.65,57.4,58.46,50.0
United States,USA,20210611,2.0,2.0,1.0,4.0,1.0,1.0,1.0,3.0,2.0,3.0,1.0,3.0,5.0,2.0,46.88,50.64,57.39,58.45,50.0
United States,USA,20210612,2.0,2.0,1.0,4.0,1.0,1.0,1.0,3.0,2.0,3.0,1.0,3.0,5.0,2.0,47.07,50.63,57.38,58.44,50.0
United States,USA,20210613,2.0,2.0,1.0,4.0,1.0,1.0,1.0,3.0,2.0,3.0,1.0,3.0,5.0,2.0,47.16,50.62,57.38,58.44,50.0
United States,USA,20210614,2.0,2.0,2.0,4.0,1.0,1.0,2.0,3.0,2.0,3.0,1.0,3.0,5.0,2.0,47.35,58.94,62.06,63.78,50.0
United States,USA,20210615,2.0,2.0,2.0,4.0,1.0,1.0,2.0,3.0,2.0,3.0,1.0,3.0,5.0,2.0,47.55,58.93,62.06,63.78,50.0
United States,USA,20210616,2.0,2.0,2.0,4.0,1.0,1.0,2.0,3.0,2.0,3.0,1.0,3.0,5.0,2.0,47.74,58.92,62.05,63.77,50.0
United States,USA,20210617,2.0,2.0,2.0,4.0,1.0,1.0,2.0,3.0,2.0,3.0,1.0,3.0,5.0,2.0,47.92,58.91,62.04,63.76,50.0
United States,USA,20210618,2.0,2.0,2.0,4.0,1.0,1.0,2.0,3.0,2.0,3.0,1.0,3.0,5.0,2.0,48.1,58.9,62.04,63.76,50.0
United States,USA,20210619,2.0,2.0,2.0,4.0,1.0,1.0,2.0,3.0,2.0,3.0,1.0,3.0,5.0,2.0,48.21,58.89,62.04,63.75,50.0
United States,USA,20210620,2.0,2.0,2.0,4.0,1.0,1.0,2.0,3.0,2.0,3.0,1.0,3.0,5.0,2.0,48.27,58.89,62.03,63.75,50.0
United States,USA,20210621,2.0,2.0,2.0,4.0,1.0,1.0,2.0,3.0,2.0,3.0,1.0,3.0,5.0,2.0,48.36,58.89,62.03,63.75,50.0
United States,USA,20210622,2.0,2.0,2.0,4.0,1.0,1.0,2.0,3.0,2.0,3.0,1.0,3.0,5.0,2.0,48.5,58.88,62.03,63.74,50.0
United States,USA,20210623,2.0,2.0,2.0,4.0,1.0,1.0,2.0,3.0,2.0,3.0,1.0,3.0,5.0,2.0,48.63,58.87,62.02,63.74,50.0
United States,USA,20210624,2.0,2.0,2.0,4.0,1.0,1.0,2.0,3.0,2.0,3.0,1.0,3.0,5.0,2.0,48.76,58.86,62.02,63.73,50.0
United States,USA,20210625,2.0,2.0,2.0,4.0,1.0,1.0,2.0,3.0,2.0,3.0,1.0,3.0,5.0,2.0,48.9,58.86,62.01,63.73,50.0
United States,USA,20210626,2.0,2.0,2.0,4.0,1.0,1.0,2.0,3.0,2.0,3.0,1.0,3.0,5.0,2.0,48.99,58.85,62.01,63.73,50.0
United States,USA,20210627,2.0,2.0,2.0,4.0,1.0,1.0,2.0,3.0,2.0,3.0,1.0,3.0,5.0,2.0,49.03,58.85,62.01,63.72,50.0
United States,USA,20210628,2.0,2.0,2.0,4.0,1.0,1.0,2.0,3.0,2.0,3.0,1.0,3.0,5.0,2.0,49.13,58.84,62.01,63.72,50.0
United States,USA,20210629,2.0,2.0,2.0,4.0,1.0,1.0,2.0,3.0,2.0,3.0,1.0,3.0,5.0,2.0,49.24,58.84,62.0,63.72,50.0
United States,USA,20210630,2.0,2.0,2.0,4.0,1.0,1.0,2.0,3.0,2.0,3.0,1.0,3.0,5.0,2.0,49.34,58.83,62.0,63.71,50.0
United States,USA,20210701,2.0,2.0,2.0,4.0,1.0,1.0,2.0,3.0,2.0,3.0,1.0,3.0,5.0,2.0,49.44,58.83,62.0,63.71,50.0
United States,USA,20210702,2.0,2.0,2.0,4.0,1.0,1.0,2.0,3.0,2.0,3.0,1.0,3.0,5.0,2.0,49.55,58.82,61.99,63.71,50.0
United States,USA,20210703,2.0,2.0,2.0,4.0,1.0,1.0,2.0,3.0,2.0,3.0,1.0,3.0,5.0,2.0,49.61,58.82,61.99,63.7,50.0
United States,USA,20210704,2.0,2.0,2.0,4.0,1.0,1.0,2.0,3.0,2.0,3.0,1.0,3.0,5.0,2.0,49.61,58.82,61.99,63.7,50.0
United States,USA,20210705,2.0,2.0,2.0,4.0,1.0,1.0,2.0,3.0,2.0,3.0,1.0,3.0,5.0,2.0,49.68,58.81,61.99,63.7,50.0
United States,USA,20210706,2.0,2.0,2.0,4.0,1.0,1.0,2.0,3.0,2.0,3.0,1.0,3.0,5.0,2.0,49.78,58.81,61.99,63.7,50.0
United States,USA,20210707,2.0,2.0,2.0,4.0,1.0,1.0,2.0,3.0,2.0,3.0,1.0,3.0,5.0,2.0,49.88,58.8,61.98,63.69,50.0
United States,USA,20210708,2.0,1.0,1.0,3.0,1.0,1.0,2.0,3.0,2.0,3.0,1.0,3.0,5.0,2.0,49.97,46.76,55.21,55.96,50.0
United States,USA,20210709,2.0,1.0,1.0,3.0,1.0,1.0,1.0,3.0,2.0,3.0,1.0,3.0,5.0,2.0,50.08,46.76,55.21,55.95,50.0
United States,USA,20210710,2.0,1.0,1.0,3.0,1.0,1.0,1.0,3.0,2.0,3.0,1.0,3.0,5.0,2.0,50.14,46.75,55.21,55.95,50.0
United States,USA,20210711,2.0,1.0,1.0,3.0,1.0,1.0,1.0,3.0,2.0,3.0,1.0,3.0,5.0,2.0,50.17,46.75,55.2,55.95,50.0
United States,USA,20210712,2.0,1.0,1.0,3.0,1.0,1.0,1.0,3.0,2.0,3.0,1.0,3.0,5.0,2.0,50.25,46.75,55.2,55.95,50.0
United States,USA,20210713,2.0,1.0,1.0,3.0,1.0,1.0,1.0,3.0,2.0,3.0,1.0,3.0,5.0,2.0,50.34,46.74,55.2,55.94,50.0
United States,USA,20210714,2.0,1.0,1.0,3.0,1.0,1.0,1.0,3.0,2.0,3.0,1.0,3.0,5.0,2.0,50.42,46.74,55.2,55.94,50.0
United States,USA,20210715,2.0,1.0,1.0,3.0,1.0,1.0,1.0,3.0,2.0,3.0,1.0,3.0,5.0,2.0,50.5,46.73,53.63,55.94,37.5
United States,USA,20210716,2.0,1.0,1.0,3.0,1.0,1.0,1.0,3.0,2.0,3.0,1.0,3.0,5.0,2.0,50.59,46.73,53.63,55.93,37.5
United States,USA,20210717,2.0,1.0,1.0,3.0,1.0,1.0,1.0,3.0,2.0,3.0,1.0,3.0,5.0,2.0,50.65,46.72,53.62,55.93,37.5
United States,USA,20210718,2.0,1.0,1.0,3.0,1.0,1.0,1.0,3.0,2.0,3.0,1.0,3.0,5.0,2.0,50.68,46.72,53.62,55.93,37.5
United States,USA,20210719,2.0,1.0,1.0,3.0,1.0,1.0,1.0,3.0,2.0,3.0,1.0,3.0,5.0,2.0,50.76,46.72,53.62,55.93,37.5
United States,USA,20210720,2.0,1.0,1.0,3.0,1.0,1.0,1.0,3.0,2.0,3.0,1.0,3.0,5.0,2.0,50.84,46.71,53.62,55.93,37.5
United States,USA,20210721,2.0,1.0,1.0,3.0,1.0,1.0,1.0,3.0,2.0,3.0,1.0,3.0,5.0,2.0,50.92,46.71,53.62,55.92,37.5
United States,USA,20210722,2.0,1.0,1.0,3.0,1.0,1.0,1.0,3.0,2.0,3.0,1.0,3.0,5.0,2.0,51.0,46.7,53.61,55.92,37.5
United States,USA,20210723,2.0,1.0,1.0,3.0,1.0,1.0,1.0,3.0,2.0,3.0,1.0,3.0,5.0,2.0,51.08,46.7,53.61,55.92,37.5
United States,USA,20210724,2.0,1.0,1.0,3.0,1.0,1.0,1.0,3.0,2.0,3.0,1.0,3.0,5.0,2.0,51.14,46.7,53.61,55.91,37.5
United States,USA,20210725,2.0,1.0,1.0,3.0,1.0,1.0,1.0,3.0,2.0,3.0,1.0,3.0,5.0,2.0,51.15,46.7,53.61,55.91,37.5
United States,USA,20210726,2.0,1.0,1.0,3.0,1.0,1.0,1.0,3.0,2.0,3.0,1.0,2.0,5.0,2.0,51.22,46.69,52.81,54.99,37.5
United States,USA,20210727,2.0,1.0,1.0,3.0,1.0,1.0,1.0,3.0,2.0,3.0,1.0,2.0,5.0,2.0,51.3,46.69,52.8,54.99,37.5
United States,USA,20210728,2.0,1.0,1.0,3.0,1.0,1.0,1.0,3.0,2.0,3.0,1.0,2.0,5.0,2.0,51.38,46.68,52.8,54.99,37.5
United States,USA,20210729,2.0,1.0,1.0,3.0,1.0,1.0,1.0,3.0,2.0,3.0,1.0,2.0,5.0,2.0,51.45,46.68,52.8,54.98,37.5
United States,USA,20210730,2.0,1.0,1.0,3.0,1.0,1.0,1.0,3.0,2.0,3.0,1.0,2.0,5.0,2.0,51.54,46.67,52.79,54.98,37.5
United States,USA,20210731,2.0,1.0,1.0,3.0,1.0,1.0,1.0,3.0,2.0,3.0,1.0,2.0,5.0,2.0,51.6,46.67,52.79,54.97,37.5
United States,USA,20210801,2.0,1.0,1.0,3.0,1.0,1.0,1.0,3.0,2.0,3.0,1.0,2.0,5.0,2.0,51.63,46.67,49.66,54.97,12.5
United States,USA,20210802,2.0,1.0,1.0,3.0,1.0,1.0,1.0,3.0,2.0,3.0,1.0,2.0,5.0,2.0,51.7,46.67,49.66,54.97,12.5
United States,USA,20210803,2.0,1.0,1.0,3.0,1.0,1.0,1.0,3.0,2.0,3.0,1.0,2.0,5.0,2.0,51.78,46.66,52.78,54.96,37.5
United States,USA,20210804,2.0,1.0,1.0,3.0,1.0,1.0,1.0,3.0,2.0,3.0,1.0,2.0,5.0,2.0,51.85,46.66,52.78,54.96,37.5
United States,USA,20210805,2.0,1.0,1.0,3.0,1.0,1.0,1.0,3.0,2.0,3.0,1.0,2.0,5.0,2.0,51.94,46.65,52.77,54.96,37.5
United States,USA,20210806,2.0,1.0,1.0,3.0,1.0,1.0,1.0,3.0,2.0,3.0,1.0,2.0,5.0,2.0,52.03,46.65,52.77,54.95,37.5
United States,USA,20210807,2.0,1.0,1.0,3.0,1.0,1.0,1.0,3.0,2.0,3.0,1.0,2.0,5.0,2.0,52.09,46.64,52.77,54.95,37.5
United States,USA,20210808,2.0,1.0,1.0,3.0,1.0,1.0,1.0,3.0,2.0,3.0,1.0,2.0,5.0,2.0,52.12,46.64,52.77,54.95,37.5
United States,USA,20210809,2.0,1.0,1.0,3.0,1.0,1.0,1.0,3.0,2.0,3.0,1.0,2.0,5.0,2.0,52.21,46.64,52.76,54.94,37.5
United States,USA,20210810,2.0,1.0,1.0,4.0,1.0,1.0,1.0,3.0,2.0,3.0,1.0,2.0,5.0,2.0,52.3,49.41,54.32,56.72,37.5
United States,USA,20210811,2.0,1.0,1.0,4.0,1.0,1.0,1.0,3.0,2.0,3.0,1.0,2.0,5.0,2.0,52.39,49.4,54.31,56.72,37.5
United States,USA,20210812,2.0,1.0,1.0,4.0,1.0,1.0,1.0,3.0,2.0,3.0,1.0,2.0,5.0,2.0,52.49,49.4,54.31,56.71,37.5
United States,USA,20210813,2.0,1.0,1.0,4.0,1.0,1.0,1.0,3.0,2.0,3.0,1.0,2.0,5.0,2.0,52.6,52.03,55.79,58.4,37.5
United States,USA,20210814,2.0,1.0,1.0,4.0,1.0,1.0,1.0,3.0,2.0,3.0,1.0,2.0,5.0,2.0,52.68,52.02,55.78,58.4,37.5
United States,USA,20210815,2.0,1.0,1.0,4.0,1.0,1.0,1.0,3.0,2.0,3.0,1.0,2.0,5.0,2.0,52.73,52.01,55.78,58.39,37.5
United States,USA,20210816,2.0,1.0,1.0,4.0,1.0,1.0,1.0,3.0,2.0,3.0,1.0,2.0,5.0,2.0,52.83,53.75,56.75,59.5,37.5
United States,USA,20210817,2.0,1.0,1.0,4.0,1.0,1.0,1.0,3.0,2.0,3.0,1.0,2.0,5.0,2.0,52.94,53.73,56.74,59.49,37.5
United States,USA,20210818,2.0,1.0,1.0,4.0,1.0,1.0,1.0,3.0,2.0,3.0,1.0,2.0,5.0,2.0,53.06,53.71,56.73,59.48,37.5
United States,USA,20210819,2.0,1.0,1.0,4.0,1.0,1.0,1.0,3.0,2.0,3.0,1.0,2.0,5.0,2.0,53.17,53.7,56.72,59.47,37.5
United States,USA,20210820,2.0,1.0,1.0,4.0,1.0,1.0,1.0,3.0,2.0,3.0,1.0,2.0,5.0,2.0,53.32,53.67,56.7,59.45,37.5
United States,USA,20210821,2.0,1.0,1.0,4.0,1.0,1.0,1.0,3.0,2.0,3.0,1.0,2.0,5.0,2.0,53.41,53.66,56.69,59.44,37.5
United States,USA,20210822,2.0,1.0,1.0,4.0,1.0,1.0,1.0,3.0,2.0,3.0,1.0,2.0,5.0,2.0,53.46,53.65,56.69,59.43,37.5
United States,USA,20210823,2.0,1.0,1.0,4.0,1.0,1.0,1.0,3.0,2.0,3.0,1.0,2.0,5.0,2.0,53.59,53.63,56.67,59.42,37.5
United States,USA,20210824,2.0,1.0,2.0,4.0,1.0,1.0,1.0,3.0,2.0,3.0,1.0,2.0,5.0,2.0,53.71,56.6,58.34,61.32,37.5
United States,USA,20210825,2.0,1.0,2.0,4.0,1.0,1.0,1.0,3.0,2.0,3.0,1.0,2.0,5.0,2.0,53.84,56.58,58.34,61.31,37.5
United States,USA,20210826,2.0,1.0,2.0,4.0,1.0,1.0,1.0,3.0,2.0,3.0,1.0,2.0,5.0,2.0,53.97,56.57,58.33,61.3,37.5
United States,USA,20210827,2.0,1.0,2.0,4.0,1.0,1.0,1.0,3.0,2.0,3.0,1.0,2.0,5.0,2.0,54.14,56.56,58.31,61.29,37.5
United States,USA,20210828,2.0,1.0,2.0,4.0,1.0,1.0,1.0,3.0,2.0,3.0,1.0,2.0,5.0,2.0,54.24,56.55,58.31,61.28,37.5
United States,USA,20210829,2.0,1.0,2.0,4.0,1.0,1.0,1.0,3.0,2.0,3.0,1.0,2.0,5.0,2.0,54.3,56.54,58.3,61.28,37.5
United States,USA,20210830,2.0,1.0,2.0,4.0,1.0,1.0,1.0,3.0,2.0,3.0,1.0,2.0,5.0,2.0,54.43,56.53,58.3,61.27,37.5
United States,USA,20210831,2.0,1.0,2.0,4.0,1.0,1.0,1.0,3.0,2.0,3.0,1.0,2.0,5.0,2.0,54.56,56.52,58.29,61.26,37.5
United States,USA,20210901,2.0,1.0,2.0,4.0,1.0,1.0,0.0,3.0,2.0,3.0,1.0,2.0,5.0,2.0,54.69,52.48,56.01,58.65,37.5
United States,USA,20210902,2.0,1.0,2.0,4.0,1.0,1.0,0.0,3.0,2.0,3.0,1.0,2.0,5.0,2.0,54.81,52.47,56.0,58.64,37.5
United States,USA,20210903,2.0,1.0,2.0,4.0,1.0,1.0,0.0,3.0,2.0,3.0,1.0,2.0,5.0,2.0,54.96,52.46,55.99,58.63,37.5
United States,USA,20210904,2.0,1.0,2.0,4.0,1.0,1.0,0.0,3.0,2.0,3.0,1.0,2.0,5.0,2.0,55.04,52.45,55.99,58.63,37.5
United States,USA,20210905,2.0,1.0,2.0,4.0,1.0,1.0,0.0,3.0,2.0,3.0,1.0,2.0,5.0,2.0,55.1,52.45,54.42,58.62,25.0
United States,USA,20210906,2.0,1.0,2.0,4.0,1.0,1.0,0.0,3.0,2.0,3.0,1.0,2.0,5.0,2.0,55.12,52.45,54.42,58.62,25.0
United States,USA,20210907,2.0,1.0,2.0,4.0,1.0,1.0,0.0,3.0,2.0,3.0,1.0,2.0,5.0,2.0,55.27,52.44,54.41,58.61,25.0
United States,USA,20210908,2.0,1.0,2.0,4.0,1.0,1.0,0.0,3.0,2.0,3.0,1.0,2.0,5.0,2.0,55.39,52.43,54.4,58.6,25.0
United States,USA,20210909,2.0,1.0,2.0,4.0,1.0,1.0,0.0,3.0,2.0,3.0,1.0,2.0,5.0,2.0,55.51,52.42,54.4,58.6,25.0
United States,USA,20210910,2.0,1.0,2.0,4.0,1.0,1.0,0.0,3.0,2.0,3.0,1.0,2.0,5.0,2.0,55.66,52.41,54.39,58.59,25.0
United States,USA,20210911,2.0,1.0,2.0,4.0,1.0,1.0,0.0,3.0,2.0,3.0,1.0,2.0,5.0,2.0,55.76,52.41,54.38,58.58,25.0
United States,USA,20210912,2.0,1.0,2.0,4.0,1.0,1.0,0.0,3.0,2.0,3.0,1.0,2.0,5.0,2.0,55.81,52.4,54.38,58.58,25.0
United States,USA,20210913,2.0,1.0,2.0,4.0,1.0,1.0,0.0,3.0,2.0,3.0,1.0,2.0,5.0,2.0,55.92,52.4,54.38,58.57,25.0
United States,USA,20210914,2.0,1.0,2.0,4.0,1.0,1.0,0.0,3.0,2.0,3.0,1.0,2.0,5.0,2.0,56.04,52.39,54.37,58.57,25.0
United States,USA,20210915,2.0,1.0,2.0,4.0,1.0,1.0,0.0,3.0,2.0,3.0,1.0,2.0,5.0,2.0,56.16,52.38,54.36,58.56,25.0
United States,USA,20210916,2.0,1.0,2.0,4.0,1.0,1.0,0.0,3.0,2.0,3.0,1.0,2.0,5.0,2.0,56.28,52.37,54.36,58.55,25.0
United States,USA,20210917,2.0,1.0,2.0,4.0,1.0,1.0,0.0,3.0,2.0,3.0,1.0,2.0,5.0,2.0,56.42,52.36,54.35,58.54,25.0
United States,USA,20210918,2.0,1.0,2.0,4.0,1.0,1.0,0.0,3.0,2.0,3.0,1.0,2.0,5.0,2.0,56.51,52.36,54.35,58.54,25.0
United States,USA,20210919,2.0,1.0,2.0,4.0,1.0,1.0,0.0,3.0,2.0,3.0,1.0,2.0,5.0,2.0,56.56,52.35,54.34,58.53,25.0
United States,USA,20210920,2.0,1.0,2.0,4.0,1.0,1.0,0.0,3.0,2.0,3.0,1.0,2.0,5.0,2.0,56.67,52.35,54.34,58.53,25.0
United States,USA,20210921,2.0,1.0,2.0,4.0,1.0,1.0,0.0,3.0,2.0,3.0,1.0,2.0,5.0,2.0,56.77,52.34,54.33,58.52,25.0
United States,USA,20210922,2.0,1.0,2.0,4.0,1.0,1.0,0.0,3.0,2.0,3.0,1.0,2.0,5.0,2.0,56.87,52.33,54.33,58.52,25.0
United States,USA,20210923,2.0,1.0,2.0,4.0,1.0,1.0,0.0,3.0,2.0,3.0,1.0,2.0,5.0,2.0,56.97,52.33,54.32,58.51,25.0
United States,USA,20210924,2.0,1.0,2.0,4.0,1.0,1.0,0.0,3.0,2.0,3.0,1.0,2.0,5.0,2.0,57.1,52.32,54.32,58.5,25.0
United States,USA,20210925,2.0,1.0,2.0,4.0,1.0,1.0,0.0,3.0,2.0,3.0,1.0,2.0,5.0,2.0,57.17,52.32,54.31,58.5,25.0
United States,USA,20210926,2.0,1.0,2.0,4.0,1.0,1.0,0.0,3.0,2.0,3.0,1.0,2.0,5.0,2.0,57.21,52.31,54.31,58.5,25.0
United States,USA,20210927,2.0,1.0,2.0,4.0,1.0,1.0,0.0,3.0,2.0,3.0,1.0,2.0,5.0,2.0,57.28,52.31,54.31,58.49,25.0
United States,USA,20210928,2.0,1.0,2.0,4.0,1.0,1.0,0.0,3.0,2.0,3.0,1.0,2.0,5.0,2.0,57.37,52.3,54.3,58.49,25.0
United States,USA,20210929,2.0,1.0,2.0,4.0,1.0,1.0,0.0,3.0,2.0,3.0,1.0,2.0,5.0,2.0,57.47,52.3,54.3,58.48,25.0
United States,USA,20210930,2.0,1.0,2.0,4.0,1.0,1.0,0.0,3.0,2.0,3.0,1.0,2.0,5.0,2.0,57.56,52.29,54.29,58.48,25.0
United States,USA,20211001,2.0,1.0,2.0,4.0,1.0,1.0,0.0,3.0,2.0,3.0,1.0,2.0,5.0,2.0,57.68,52.28,54.28,58.47,25.0
United States,USA,20211002,2.0,1.0,2.0,4.0,1.0,1.0,0.0,3.0,2.0,3.0,1.0,2.0,5.0,2.0,57.74,52.28,54.28,58.46,25.0
United States,USA,20211003,2.0,1.0,2.0,4.0,1.0,1.0,0.0,3.0,2.0,3.0,1.0,2.0,5.0,2.0,57.78,52.28,54.28,58.46,25.0
United States,USA,20211004,2.0,1.0,2.0,4.0,1.0,1.0,0.0,3.0,2.0,3.0,1.0,2.0,5.0,2.0,57.86,52.27,51.16,58.46,0.0
United States,USA,20211005,2.0,1.0,2.0,4.0,1.0,1.0,0.0,3.0,2.0,3.0,1.0,2.0,5.0,2.0,57.94,52.27,51.15,58.45,0.0
United States,USA,20211006,2.0,1.0,2.0,4.0,1.0,1.0,0.0,3.0,2.0,3.0,1.0,2.0,5.0,2.0,58.02,52.26,51.15,58.45,0.0
United States,USA,20211007,2.0,1.0,2.0,4.0,1.0,1.0,0.0,3.0,2.0,3.0,1.0,2.0,5.0,2.0,58.1,52.26,51.14,58.44,0.0
United States,USA,20211008,2.0,1.0,2.0,4.0,1.0,1.0,0.0,3.0,2.0,3.0,1.0,2.0,5.0,2.0,58.19,52.25,51.14,58.44,0.0
United States,USA,20211009,2.0,1.0,2.0,4.0,1.0,1.0,0.0,3.0,2.0,3.0,1.0,2.0,5.0,2.0,58.24,52.25,51.14,58.43,0.0
United States,USA,20211010,2.0,1.0,2.0,4.0,1.0,1.0,0.0,3.0,2.0,3.0,1.0,2.0,5.0,2.0,58.28,52.24,51.13,58.43,0.0
United States,USA,20211011,2.0,1.0,2.0,4.0,1.0,1.0,0.0,3.0,2.0,3.0,1.0,2.0,5.0,2.0,58.34,52.24,51.13,58.43,0.0
United States,USA,20211012,2.0,1.0,2.0,4.0,1.0,1.0,0.0,3.0,2.0,3.0,1.0,2.0,5.0,2.0,58.42,52.23,51.13,58.42,0.0
United States,USA,20211013,2.0,1.0,2.0,4.0,1.0,1.0,0.0,3.0,2.0,3.0,1.0,2.0,5.0,2.0,58.49,52.23,51.12,58.42,0.0
United States,USA,20211014,2.0,1.0,2.0,4.0,1.0,1.0,0.0,3.0,2.0,3.0,1.0,2.0,5.0,2.0,58.56,52.23,51.12,58.42,0.0
United States,USA,20211015,2.0,1.0,2.0,4.0,1.0,1.0,0.0,3.0,2.0,3.0,1.0,2.0,5.0,2.0,58.64,52.22,51.11,58.41,0.0
United States,USA,20211016,2.0,1.0,2.0,4.0,1.0,1.0,0.0,3.0,2.0,3.0,1.0,2.0,5.0,2.0,58.68,52.22,51.11,58.41,0.0
United States,USA,20211017,2.0,1.0,2.0,4.0,1.0,1.0,0.0,3.0,2.0,3.0,1.0,2.0,5.0,2.0,58.71,52.22,51.11,58.41,0.0
United States,USA,20211018,2.0,1.0,2.0,4.0,1.0,1.0,0.0,3.0,2.0,3.0,1.0,2.0,5.0,2.0,58.78,52.21,51.11,58.4,0.0
United States,USA,20211019,2.0,1.0,2.0,4.0,1.0,1.0,0.0,3.0,2.0,3.0,1.0,2.0,5.0,2.0,58.83,52.21,51.1,58.4,0.0
United States,USA,20211020,2.0,1.0,2.0,4.0,1.0,1.0,0.0,3.0,2.0,3.0,1.0,2.0,5.0,2.0,58.89,52.2,51.1,58.4,0.0
United States,USA,20211021,2.0,1.0,2.0,4.0,1.0,1.0,0.0,3.0,2.0,3.0,1.0,2.0,5.0,2.0,58.95,52.2,51.1,58.39,0.0
United States,USA,20211022,2.0,1.0,2.0,4.0,1.0,1.0,0.0,3.0,2.0,3.0,1.0,2.0,5.0,2.0,59.03,52.19,51.09,58.39,0.0
United States,USA,20211023,2.0,1.0,2.0,4.0,1.0,1.0,0.0,3.0,2.0,3.0,1.0,2.0,5.0,2.0,59.07,52.19,51.09,58.39,0.0
United States,USA,20211024,2.0,1.0,2.0,4.0,1.0,1.0,0.0,3.0,2.0,3.0,1.0,2.0,5.0,2.0,59.09,52.19,51.09,58.38,0.0
United States,USA,20211025,2.0,1.0,2.0,4.0,1.0,1.0,0.0,3.0,2.0,3.0,1.0,2.0,5.0,2.0,59.15,52.19,51.09,58.38,0.0
United States,USA,20211026,2.0,1.0,2.0,4.0,1.0,1.0,0.0,3.0,2.0,3.0,1.0,2.0,5.0,2.0,59.22,52.18,51.08,58.38,0.0
United States,USA,20211027,2.0,1.0,2.0,4.0,1.0,1.0,0.0,3.0,2.0,3.0,1.0,2.0,5.0,2.0,59.28,52.18,51.08,58.37,0.0
United States,USA,20211028,2.0,1.0,2.0,4.0,1.0,1.0,0.0,3.0,2.0,3.0,1.0,2.0,5.0,2.0,59.34,52.17,51.08,58.37,0.0
United States,USA,20211029,2.0,1.0,2.0,4.0,1.0,1.0,0.0,3.0,2.0,3.0,1.0,2.0,5.0,2.0,59.42,52.17,51.07,58.36,0.0
United States,USA,20211030,2.0,1.0,2.0,4.0,1.0,1.0,0.0,3.0,2.0,3.0,1.0,2.0,5.0,2.0,59.45,52.17,51.07,58.36,0.0
United States,USA,20211031,2.0,1.0,2.0,4.0,1.0,1.0,0.0,3.0,2.0,3.0,1.0,2.0,5.0,2.0,59.47,52.17,51.07,58.36,0.0
United States,USA,20211101,2.0,1.0,2.0,4.0,1.0,1.0,0.0,3.0,2.0,3.0,1.0,2.0,5.0,2.0,59.53,52.16,51.07,58.36,0.0
United States,USA,20211102,2.0,1.0,2.0,4.0,1.0,1.0,0.0,3.0,2.0,3.0,1.0,2.0,5.0,2.0,59.59,52.16,51.07,58.35,0.0
United States,USA,20211103,2.0,1.0,2.0,4.0,1.0,1.0,0.0,3.0,2.0,3.0,1.0,2.0,5.0,2.0,59.65,52.15,51.06,58.35,0.0
United States,USA,20211104,2.0,1.0,2.0,4.0,1.0,1.0,0.0,3.0,2.0,3.0,1.0,2.0,5.0,2.0,59.71,52.15,51.06,58.35,0.0
United States,USA,20211105,2.0,1.0,2.0,4.0,1.0,1.0,0.0,3.0,2.0,3.0,1.0,2.0,5.0,2.0,59.78,52.15,51.06,58.34,0.0
United States,USA,20211106,2.0,1.0,2.0,4.0,1.0,1.0,0.0,3.0,2.0,3.0,1.0,2.0,5.0,2.0,59.81,52.14,51.05,58.34,0.0
United States,USA,20211107,2.0,1.0,2.0,4.0,1.0,1.0,0.0,3.0,2.0,3.0,1.0,2.0,5.0,2.0,59.83,52.14,51.05,58.34,0.0
United States,USA,20211108,2.0,1.0,2.0,4.0,1.0,1.0,0.0,1.0,2.0,3.0,1.0,2.0,5.0,2.0,59.89,49.92,49.8,56.92,0.0
United States,USA,20211109,2.0,1.0,2.0,4.0,1.0,1.0,0.0,1.0,2.0,3.0,1.0,2.0,5.0,2.0,59.94,49.92,49.8,56.91,0.0
United States,USA,20211110,2.0,1.0,2.0,4.0,1.0,1.0,0.0,1.0,2.0,3.0,1.0,2.0,5.0,2.0,59.99,49.91,49.79,56.91,0.0
United States,USA,20211111,2.0,1.0,2.0,4.0,1.0,1.0,0.0,1.0,2.0,3.0,1.0,2.0,5.0,2.0,60.04,49.9,49.79,56.9,0.0
United States,USA,20211112,2.0,1.0,2.0,4.0,1.0,1.0,0.0,1.0,2.0,3.0,1.0,2.0,5.0,2.0,60.1,49.89,49.78,56.89,0.0
United States,USA,20211113,2.0,1.0,2.0,4.0,1.0,1.0,0.0,1.0,2.0,3.0,1.0,2.0,5.0,2.0,60.13,49.89,49.78,56.89,0.0
United States,USA,20211114,2.0,1.0,2.0,4.0,1.0,1.0,0.0,1.0,2.0,3.0,1.0,2.0,5.0,2.0,60.15,49.89,49.78,56.89,0.0
United States,USA,20211115,2.0,1.0,2.0,4.0,1.0,1.0,0.0,1.0,2.0,3.0,1.0,2.0,5.0,2.0,60.2,49.88,49.77,56.88,0.0
United States,USA,20211116,2.0,1.0,2.0,4.0,1.0,1.0,1.0,1.0,2.0,3.0,1.0,2.0,5.0,2.0,60.25,51.55,50.71,57.95,0.0
United States,USA,20211117,2.0,1.0,2.0,4.0,1.0,1.0,1.0,1.0,2.0,3.0,1.0,2.0,5.0,2.0,60.3,51.54,50.71,57.95,0.0
United States,USA,20211118,2.0,1.0,2.0,4.0,1.0,1.0,1.0,1.0,2.0,3.0,1.0,2.0,5.0,2.0,60.35,51.53,50.7,57.94,0.0
United States,USA,20211119,2.0,1.0,2.0,4.0,1.0,1.0,1.0,1.0,2.0,3.0,1.0,2.0,5.0,2.0,60.41,51.53,50.7,57.94,0.0
United States,USA,20211120,2.0,1.0,2.0,4.0,1.0,1.0,1.0,1.0,2.0,3.0,1.0,2.0,5.0,2.0,60.44,51.52,50.7,57.94,0.0
United States,USA,20211121,2.0,1.0,2.0,4.0,1.0,1.0,1.0,1.0,2.0,3.0,1.0,2.0,5.0,2.0,60.46,51.52,50.69,57.93,0.0
United States,USA,20211122,2.0,1.0,2.0,4.0,1.0,1.0,1.0,1.0,2.0,3.0,1.0,2.0,5.0,2.0,60.51,51.51,50.69,57.93,0.0
United States,USA,20211123,2.0,1.0,2.0,4.0,1.0,1.0,1.0,1.0,2.0,3.0,1.0,2.0,5.0,2.0,60.56,51.51,50.69,57.92,0.0
United States,USA,20211124,2.0,1.0,2.0,4.0,1.0,1.0,1.0,1.0,2.0,3.0,1.0,2.0,5.0,2.0,60.61,51.5,50.68,57.92,0.0
United States,USA,20211125,2.0,1.0,2.0,4.0,1.0,1.0,1.0,1.0,2.0,3.0,1.0,2.0,5.0,2.0,60.61,51.5,50.68,57.92,0.0
United States,USA,20211126,2.0,1.0,2.0,4.0,1.0,1.0,1.0,1.0,2.0,3.0,1.0,2.0,5.0,2.0,60.66,51.5,50.68,57.92,0.0
United States,USA,20211127,2.0,1.0,2.0,4.0,1.0,1.0,1.0,3.0,2.0,3.0,1.0,2.0,5.0,2.0,60.73,54.86,52.57,60.08,0.0
United States,USA,20211128,2.0,1.0,2.0,4.0,1.0,1.0,1.0,3.0,2.0,3.0,1.0,2.0,5.0,2.0,60.77,54.86,52.56,60.07,0.0
United States,USA,20211129,2.0,1.0,2.0,4.0,1.0,1.0,1.0,3.0,2.0,3.0,1.0,2.0,5.0,2.0,60.88,54.85,52.56,60.07,0.0
United States,USA,20211130,2.0,1.0,1.0,3.0,1.0,1.0,1.0,3.0,2.0,3.0,1.0,2.0,5.0,2.0,61.0,48.68,49.08,56.09,0.0
United States,USA,20211201,2.0,1.0,1.0,3.0,1.0,1.0,1.0,3.0,2.0,3.0,1.0,2.0,5.0,2.0,61.13,48.66,49.07,56.08,0.0
United States,USA,20211202,2.0,1.0,1.0,3.0,1.0,1.0,1.0,3.0,2.0,3.0,1.0,2.0,5.0,2.0,61.25,48.65,49.06,56.07,0.0
United States,USA,20211203,2.0,1.0,1.0,3.0,1.0,1.0,1.0,3.0,2.0,3.0,1.0,2.0,5.0,2.0,61.4,48.63,49.05,56.05,0.0
United States,USA,20211204,2.0,1.0,1.0,3.0,1.0,1.0,1.0,3.0,2.0,3.0,1.0,2.0,5.0,2.0,61.54,48.61,49.04,56.04,0.0
United States,USA,20211205,2.0,1.0,1.0,3.0,1.0,1.0,1.0,3.0,2.0,3.0,1.0,2.0,5.0,2.0,61.6,48.6,49.03,56.04,0.0
United States,USA,20211206,2.0,1.0,1.0,3.0,1.0,1.0,1.0,3.0,2.0,3.0,1.0,2.0,5.0,2.0,61.7,48.59,49.02,56.03,0.0
United States,USA,20211207,2.0,1.0,1.0,3.0,1.0,1.0,1.0,3.0,2.0,3.0,1.0,2.0,5.0,2.0,61.8,48.58,49.02,56.02,0.0
United States,USA,20211208,2.0,1.0,1.0,3.0,1.0,1.0,1.0,3.0,2.0,3.0,1.0,2.0,5.0,2.0,61.91,48.57,49.01,56.01,0.0
United States,USA,20211209,2.0,1.0,1.0,3.0,1.0,1.0,1.0,3.0,2.0,3.0,1.0,2.0,5.0,2.0,62.01,48.55,49.0,56.0,0.0
United States,USA,20211210,2.0,1.0,1.0,3.0,1.0,1.0,1.0,3.0,2.0,3.0,1.0,2.0,5.0,2.0,62.14,48.54,48.99,55.98,0.0
United States,USA,20211211,2.0,1.0,1.0,3.0,1.0,1.0,1.0,3.0,2.0,3.0,1.0,2.0,5.0,2.0,62.24,48.53,48.98,55.97,0.0
United States,USA,20211212,2.0,1.0,1.0,3.0,1.0,1.0,1.0,3.0,2.0,3.0,1.0,2.0,5.0,2.0,62.28,48.52,48.98,55.97,0.0
United States,USA,20211213,2.0,1.0,1.0,3.0,1.0,1.0,1.0,3.0,2.0,3.0,1.0,2.0,5.0,2.0,62.36,48.51,48.97,55.96,0.0
United States,USA,20211214,2.0,1.0,1.0,3.0,1.0,1.0,1.0,3.0,2.0,3.0,1.0,2.0,5.0,2.0,62.45,48.5,48.96,55.95,0.0
United States,USA,20211215,2.0,1.0,1.0,3.0,1.0,1.0,1.0,3.0,2.0,3.0,1.0,2.0,5.0,2.0,62.53,48.49,48.95,55.95,0.0
United States,USA,20211216,2.0,1.0,1.0,3.0,1.0,1.0,1.0,3.0,2.0,3.0,1.0,2.0,5.0,2.0,62.58,48.49,48.95,55.94,0.0
United States,USA,20211217,2.0,1.0,1.0,3.0,1.0,1.0,1.0,3.0,2.0,3.0,1.0,2.0,5.0,2.0,62.66,48.48,48.94,55.93,0.0
United States,USA,20211218,2.0,1.0,1.0,3.0,1.0,1.0,1.0,3.0,2.0,3.0,1.0,2.0,5.0,2.0,62.71,48.47,48.94,55.93,0.0
United States,USA,20211219,2.0,1.0,1.0,3.0,1.0,1.0,1.0,3.0,2.0,3.0,1.0,2.0,5.0,2.0,62.74,48.47,48.94,55.93,0.0
United States,USA,20211220,2.0,1.0,1.0,3.0,1.0,1.0,1.0,3.0,2.0,3.0,1.0,2.0,5.0,2.0,62.8,48.46,48.93,55.92,0.0
United States,USA,20211221,2.0,1.0,1.0,3.0,1.0,1.0,1.0,3.0,2.0,3.0,1.0,2.0,5.0,2.0,62.88,48.45,48.93,55.91,0.0
United States,USA,20211222,2.0,1.0,1.0,3.0,1.0,1.0,1.0,3.0,2.0,3.0,1.0,2.0,5.0,2.0,62.95,48.44,48.92,55.91,0.0
United States,USA,20211223,2.0,1.0,1.0,3.0,1.0,1.0,1.0,3.0,2.0,3.0,1.0,2.0,5.0,2.0,63.01,48.43,48.91,55.9,0.0
United States,USA,20211224,2.0,1.0,1.0,3.0,1.0,1.0,1.0,3.0,2.0,3.0,1.0,2.0,5.0,2.0,63.02,48.43,48.91,55.9,0.0
United States,USA,20211225,2.0,1.0,1.0,3.0,1.0,1.0,1.0,3.0,2.0,3.0,1.0,2.0,5.0,2.0,63.02,48.43,48.91,55.9,0.0
United States,USA,20211226,2.0,1.0,1.0,3.0,1.0,1.0,1.0,3.0,2.0,3.0,1.0,2.0,5.0,2.0,63.05,48.43,48.91,55.9,0.0
United States,USA,20211227,2.0,1.0,1.0,4.0,1.0,1.0,1.0,3.0,2.0,3.0,1.0,2.0,5.0,2.0,63.12,51.2,50.47,57.68,0.0
United States,USA,20211228,2.0,1.0,1.0,4.0,1.0,1.0,1.0,3.0,2.0,3.0,1.0,2.0,5.0,2.0,63.19,51.19,50.47,57.67,0.0
United States,USA,20211229,2.0,1.0,1.0,4.0,1.0,1.0,1.0,3.0,2.0,3.0,1.0,2.0,5.0,2.0,63.27,51.18,50.46,57.67,0.0
United States,USA,20211230,2.0,1.0,1.0,4.0,1.0,1.0,1.0,3.0,2.0,3.0,1.0,2.0,5.0,2.0,63.33,51.18,50.45,57.66,0.0
United States,USA,20211231,2.0,1.0,1.0,4.0,1.0,1.0,1.0,1.0,2.0,3.0,1.0,2.0,5.0,2.0,63.36,47.65,48.47,55.4,0.0
United States,USA,20220101,2.0,1.0,1.0,4.0,1.0,1.0,1.0,1.0,2.0,3.0,1.0,2.0,5.0,2.0,63.37,47.65,48.47,55.39,0.0
United States,USA,20220102,2.0,1.0,1.0,4.0,1.0,1.0,1.0,1.0,2.0,3.0,1.0,2.0,5.0,2.0,63.39,47.64,48.47,55.39,0.0
United States,USA,20220103,2.0,1.0,1.0,4.0,1.0,1.0,1.0,1.0,2.0,3.0,1.0,2.0,5.0,2.0,63.45,47.63,48.46,55.38,0.0
United States,USA,20220104,2.0,1.0,1.0,4.0,1.0,1.0,1.0,1.0,2.0,3.0,1.0,2.0,5.0,2.0,63.52,47.62,48.45,55.38,0.0
United States,USA,20220105,2.0,1.0,1.0,4.0,1.0,1.0,1.0,1.0,2.0,3.0,1.0,2.0,5.0,2.0,63.58,47.61,48.44,55.37,0.0
United States,USA,20220106,2.0,1.0,1.0,4.0,1.0,1.0,1.0,1.0,2.0,3.0,1.0,2.0,5.0,2.0,63.65,47.6,48.44,55.36,0.0
United States,USA,20220107,2.0,1.0,1.0,4.0,1.0,1.0,1.0,1.0,2.0,3.0,1.0,2.0,5.0,2.0,63.72,47.59,48.43,55.35,0.0
United States,USA,20220108,2.0,1.0,1.0,4.0,1.0,1.0,1.0,1.0,2.0,3.0,1.0,2.0,5.0,2.0,63.78,47.57,48.42,55.34,0.0
United States,USA,20220109,2.0,1.0,1.0,4.0,1.0,1.0,1.0,1.0,2.0,3.0,1.0,2.0,5.0,2.0,63.8,47.57,48.42,55.34,0.0
United States,USA,20220110,2.0,1.0,1.0,4.0,1.0,1.0,1.0,1.0,2.0,3.0,1.0,2.0,5.0,2.0,63.86,47.56,48.41,55.33,0.0
United States,USA,20220111,2.0,1.0,1.0,4.0,1.0,1.0,1.0,1.0,2.0,3.0,1.0,2.0,5.0,2.0,63.92,47.55,48.4,55.32,0.0
United States,USA,20220112,2.0,1.0,1.0,4.0,1.0,1.0,1.0,1.0,2.0,3.0,1.0,2.0,5.0,2.0,63.98,47.54,48.4,55.32,0.0
United States,USA,20220113,2.0,1.0,1.0,4.0,1.0,1.0,1.0,1.0,2.0,3.0,1.0,2.0,5.0,2.0,64.04,47.53,48.39,55.31,0.0
United States,USA,20220114,2.0,1.0,1.0,4.0,1.0,1.0,1.0,1.0,2.0,3.0,1.0,2.0,5.0,2.0,64.09,47.52,48.39,55.3,0.0
United States,USA,20220115,2.0,1.0,1.0,4.0,1.0,1.0,1.0,1.0,2.0,3.0,1.0,2.0,5.0,2.0,64.12,47.51,48.38,55.3,0.0
United States,USA,20220116,2.0,1.0,1.0,4.0,1.0,1.0,1.0,1.0,2.0,3.0,1.0,2.0,5.0,2.0,64.14,47.51,48.38,55.29,0.0
United States,USA,20220117,2.0,1.0,1.0,4.0,1.0,1.0,1.0,1.0,2.0,3.0,1.0,2.0,5.0,2.0,64.18,47.5,48.37,55.29,0.0
United States,USA,20220118,2.0,1.0,1.0,4.0,1.0,1.0,1.0,1.0,2.0,3.0,1.0,2.0,5.0,2.0,64.24,47.49,48.37,55.28,0.0
United States,USA,20220119,2.0,1.0,1.0,4.0,1.0,1.0,0.0,1.0,2.0,3.0,1.0,2.0,5.0,2.0,64.3,45.7,47.36,54.12,0.0
United States,USA,20220120,2.0,1.0,1.0,4.0,1.0,1.0,0.0,1.0,2.0,3.0,1.0,2.0,5.0,2.0,64.35,45.69,47.35,54.11,0.0
United States,USA,20220121,2.0,1.0,1.0,4.0,1.0,1.0,0.0,1.0,2.0,3.0,1.0,2.0,5.0,2.0,64.4,45.68,47.35,54.11,0.0
United States,USA,20220122,2.0,1.0,1.0,4.0,1.0,1.0,0.0,1.0,2.0,3.0,1.0,2.0,5.0,2.0,64.42,45.68,47.34,54.1,0.0
United States,USA,20220123,2.0,1.0,1.0,4.0,1.0,1.0,0.0,1.0,2.0,3.0,1.0,2.0,5.0,2.0,64.44,45.67,47.34,54.1,0.0
United States,USA,20220124,2.0,1.0,1.0,4.0,1.0,1.0,0.0,1.0,2.0,3.0,1.0,2.0,5.0,2.0,64.49,45.66,47.33,54.09,0.0
United States,USA,20220125,2.0,1.0,1.0,4.0,1.0,1.0,0.0,1.0,2.0,3.0,1.0,2.0,5.0,2.0,64.55,45.65,47.33,54.08,0.0
United States,USA,20220126,2.0,1.0,1.0,4.0,1.0,1.0,0.0,1.0,2.0,3.0,1.0,2.0,5.0,2.0,64.6,45.64,47.32,54.08,0.0
United States,USA,20220127,2.0,1.0,1.0,4.0,1.0,1.0,0.0,1.0,2.0,3.0,1.0,2.0,5.0,2.0,64.65,45.63,47.31,54.07,0.0
United States,USA,20220128,2.0,1.0,1.0,4.0,1.0,1.0,0.0,1.0,2.0,3.0,1.0,2.0,5.0,2.0,64.72,45.62,47.3,54.06,0.0
United States,USA,20220129,2.0,1.0,1.0,4.0,1.0,1.0,0.0,1.0,2.0,3.0,1.0,2.0,5.0,2.0,64.75,45.61,47.3,54.06,0.0
United States,USA,20220130,2.0,1.0,1.0,4.0,1.0,1.0,0.0,1.0,2.0,3.0,1.0,2.0,5.0,2.0,64.77,45.61,47.3,54.05,0.0
United States,USA,20220131,2.0,1.0,1.0,4.0,1.0,1.0,0.0,1.0,2.0,3.0,1.0,2.0,5.0,2.0,64.82,45.6,47.29,54.04,0.0
United States,USA,20220201,2.0,1.0,1.0,4.0,1.0,1.0,0.0,1.0,2.0,3.0,1.0,2.0,5.0,2.0,64.87,45.59,47.28,54.04,0.0
United States,USA,20220202,2.0,1.0,1.0,4.0,1.0,1.0,0.0,1.0,2.0,3.0,1.0,2.0,5.0,2.0,64.92,45.58,47.28,54.03,0.0
United States,USA,20220203,2.0,1.0,1.0,4.0,1.0,1.0,0.0,1.0,2.0,3.0,1.0,2.0,5.0,2.0,64.96,45.57,47.27,54.02,0.0
United States,USA,20220204,2.0,1.0,1.0,4.0,1.0,1.0,0.0,1.0,2.0,3.0,1.0,2.0,5.0,2.0,65.02,45.56,47.26,54.02,0.0
United States,USA,20220205,2.0,1.0,1.0,4.0,1.0,1.0,0.0,1.0,2.0,3.0,1.0,2.0,5.0,2.0,65.06,45.55,47.26,54.01,0.0
United States,USA,20220206,2.0,1.0,1.0,4.0,1.0,1.0,0.0,1.0,2.0,3.0,1.0,2.0,5.0,2.0,65.08,45.54,47.26,54.01,0.0
United States,USA,20220207,2.0,1.0,1.0,4.0,1.0,1.0,0.0,1.0,2.0,3.0,1.0,2.0,5.0,2.0,65.12,45.54,47.25,54.0,0.0
United States,USA,20220208,2.0,1.0,1.0,4.0,1.0,1.0,0.0,1.0,2.0,3.0,1.0,2.0,5.0,2.0,65.16,45.53,47.25,53.99,0.0
United States,USA,20220209,2.0,1.0,1.0,4.0,1.0,1.0,0.0,1.0,2.0,3.0,1.0,2.0,5.0,2.0,65.21,45.52,47.24,53.99,0.0
United States,USA,20220210,2.0,1.0,1.0,4.0,1.0,1.0,0.0,1.0,2.0,3.0,1.0,2.0,5.0,2.0,65.25,45.51,47.23,53.98,0.0
United States,USA,20220211,2.0,1.0,1.0,4.0,1.0,1.0,0.0,1.0,2.0,3.0,1.0,2.0,5.0,2.0,65.3,45.5,47.23,53.97,0.0
United States,USA,20220212,2.0,1.0,1.0,4.0,1.0,1.0,0.0,1.0,2.0,3.0,1.0,2.0,5.0,2.0,65.33,45.49,47.22,53.97,0.0
United States,USA,20220213,2.0,1.0,1.0,4.0,1.0,1.0,0.0,1.0,2.0,3.0,1.0,2.0,5.0,2.0,65.35,45.49,47.22,53.97,0.0
United States,USA,20220214,2.0,1.0,1.0,4.0,1.0,1.0,0.0,1.0,2.0,3.0,1.0,2.0,5.0,2.0,65.38,45.48,47.22,53.96,0.0
United States,USA,20220215,2.0,1.0,1.0,4.0,1.0,1.0,0.0,1.0,2.0,3.0,1.0,2.0,5.0,2.0,65.41,45.48,47.21,53.96,0.0
United States,USA,20220216,2.0,1.0,1.0,4.0,1.0,1.0,0.0,1.0,2.0,3.0,1.0,2.0,5.0,2.0,65.45,45.47,47.21,53.95,0.0
United States,USA,20220217,2.0,1.0,1.0,4.0,1.0,1.0,0.0,1.0,2.0,3.0,1.0,2.0,5.0,2.0,65.48,45.46,47.2,53.95,0.0
United States,USA,20220218,2.0,1.0,1.0,4.0,1.0,1.0,0.0,1.0,2.0,3.0,1.0,2.0,5.0,2.0,65.53,45.45,47.2,53.94,0.0
United States,USA,20220219,2.0,1.0,1.0,4.0,1.0,1.0,0.0,1.0,2.0,3.0,1.0,2.0,5.0,2.0,65.55,45.45,47.2,53.94,0.0
United States,USA,20220220,2.0,1.0,1.0,4.0,1.0,1.0,0.0,1.0,2.0,3.0,1.0,2.0,5.0,2.0,65.56,45.45,47.19,53.93,0.0
United States,USA,20220221,2.0,1.0,1.0,4.0,1.0,1.0,0.0,1.0,2.0,3.0,1.0,2.0,5.0,2.0,65.59,45.44,47.19,53.93,0.0
United States,USA,20220222,2.0,1.0,1.0,4.0,1.0,1.0,0.0,1.0,2.0,3.0,1.0,2.0,5.0,2.0,65.62,45.43,47.19,53.93,0.0
United States,USA,20220223,2.0,1.0,1.0,4.0,1.0,1.0,0.0,1.0,2.0,3.0,1.0,2.0,5.0,2.0,65.65,45.43,47.18,53.92,0.0
United States,USA,20220224,2.0,1.0,1.0,4.0,1.0,1.0,0.0,1.0,2.0,3.0,1.0,2.0,5.0,2.0,65.67,45.42,47.18,53.92,0.0
United States,USA,20220225,2.0,1.0,1.0,4.0,1.0,1.0,0.0,1.0,2.0,3.0,1.0,2.0,5.0,2.0,65.71,45.41,47.17,53.91,0.0
United States,USA,20220226,2.0,1.0,1.0,4.0,1.0,1.0,0.0,1.0,2.0,3.0,1.0,2.0,5.0,2.0,65.73,45.41,47.17,53.91,0.0
United States,USA,20220227,2.0,1.0,1.0,4.0,1.0,1.0,0.0,1.0,2.0,3.0,1.0,2.0,5.0,2.0,65.74,45.41,47.17,53.91,0.0
United States,USA,20220228,2.0,1.0,1.0,0.0,1.0,1.0,0.0,1.0,2.0,3.0,1.0,2.0,5.0,2.0,65.76,37.1,42.5,48.57,0.0
United States,USA,20220301,2.0,1.0,1.0,0.0,1.0,1.0,0.0,1.0,2.0,3.0,1.0,2.0,5.0,2.0,65.78,37.1,42.5,48.57,0.0
United States,USA,20220302,2.0,1.0,1.0,0.0,1.0,1.0,0.0,1.0,2.0,3.0,1.0,2.0,5.0,2.0,65.8,37.09,42.49,48.57,0.0
United States,USA,20220303,1.0,1.0,1.0,0.0,1.0,1.0,0.0,1.0,2.0,3.0,1.0,2.0,5.0,2.0,65.83,34.65,41.12,46.99,0.0
United States,USA,20220304,1.0,1.0,1.0,0.0,1.0,1.0,0.0,1.0,2.0,3.0,1.0,2.0,5.0,2.0,65.85,34.64,41.12,46.99,0.0
United States,USA,20220305,1.0,1.0,1.0,0.0,1.0,1.0,0.0,1.0,2.0,3.0,1.0,2.0,5.0,2.0,65.87,34.64,41.11,46.99,0.0
United States,USA,20220306,1.0,1.0,1.0,0.0,1.0,1.0,0.0,1.0,2.0,3.0,1.0,2.0,5.0,2.0,65.88,34.64,41.11,46.98,0.0
United States,USA,20220307,1.0,1.0,1.0,0.0,1.0,1.0,0.0,1.0,2.0,3.0,1.0,2.0,5.0,2.0,65.89,34.63,41.11,46.98,0.0
United States,USA,20220308,1.0,1.0,1.0,0.0,1.0,1.0,0.0,1.0,2.0,3.0,1.0,2.0,5.0,2.0,65.91,34.63,41.11,46.98,0.0
United States,USA,20220309,1.0,1.0,1.0,0.0,1.0,1.0,0.0,1.0,2.0,3.0,1.0,2.0,5.0,2.0,65.93,34.62,41.1,46.97,0.0
United States,USA,20220310,1.0,1.0,1.0,0.0,1.0,1.0,0.0,1.0,2.0,3.0,1.0,2.0,5.0,2.0,65.95,34.62,41.1,46.97,0.0
United States,USA,20220311,1.0,1.0,1.0,0.0,1.0,1.0,0.0,1.0,2.0,3.0,1.0,2.0,5.0,2.0,65.97,34.61,41.09,46.97,0.0
United States,USA,20220312,1.0,1.0,1.0,0.0,1.0,1.0,0.0,1.0,2.0,3.0,1.0,2.0,5.0,2.0,65.98,34.61,41.09,46.96,0.0
United States,USA,20220313,1.0,1.0,1.0,0.0,1.0,1.0,0.0,1.0,2.0,3.0,1.0,2.0,5.0,2.0,65.99,34.6,41.09,46.96,0.0
United States,USA,20220314,1.0,1.0,1.0,0.0,1.0,1.0,0.0,1.0,2.0,3.0,1.0,2.0,5.0,2.0,66.0,34.6,41.09,46.96,0.0
United States,USA,20220315,1.0,1.0,1.0,0.0,1.0,1.0,0.0,1.0,2.0,3.0,1.0,2.0,5.0,2.0,66.02,34.6,41.09,46.96,0.0
United States,USA,20220316,1.0,1.0,1.0,0.0,1.0,1.0,1.0,1.0,2.0,3.0,1.0,2.0,5.0,2.0,66.04,38.31,43.18,49.34,0.0
United States,USA,20220317,1.0,1.0,1.0,0.0,1.0,1.0,1.0,1.0,2.0,3.0,1.0,2.0,5.0,2.0,66.05,38.31,43.17,49.34,0.0
United States,USA,20220318,1.0,1.0,1.0,0.0,1.0,1.0,1.0,1.0,2.0,3.0,1.0,2.0,5.0,2.0,66.07,38.31,43.17,49.33,0.0
United States,USA,20220319,1.0,1.0,1.0,0.0,1.0,1.0,1.0,1.0,2.0,3.0,1.0,2.0,5.0,2.0,66.08,38.3,43.17,49.33,0.0
United States,USA,20220320,1.0,1.0,1.0,0.0,1.0,1.0,1.0,1.0,2.0,3.0,1.0,2.0,5.0,2.0,66.09,38.3,43.17,49.33,0.0
United States,USA,20220321,1.0,1.0,1.0,0.0,1.0,1.0,1.0,1.0,2.0,3.0,1.0,2.0,5.0,2.0,66.1,38.3,43.16,49.33,0.0
United States,USA,20220322,1.0,1.0,1.0,0.0,1.0,1.0,1.0,1.0,2.0,3.0,1.0,2.0,5.0,2.0,66.11,38.29,43.16,49.32,0.0
United States,USA,20220323,1.0,1.0,1.0,0.0,1.0,1.0,1.0,1.0,2.0,3.0,1.0,2.0,5.0,2.0,66.13,38.29,43.16,49.32,0.0
United States,USA,20220324,1.0,1.0,1.0,0.0,1.0,1.0,1.0,1.0,2.0,3.0,1.0,2.0,5.0,2.0,66.14,38.28,43.16,49.32,0.0
United States,USA,20220325,1.0,1.0,1.0,0.0,1.0,1.0,1.0,1.0,2.0,3.0,1.0,2.0,5.0,2.0,66.16,38.28,43.15,49.31,0.0
United States,USA,20220326,1.0,1.0,1.0,0.0,1.0,1.0,1.0,1.0,2.0,3.0,1.0,2.0,5.0,2.0,66.17,38.27,43.15,49.31,0.0
United States,USA,20220327,1.0,1.0,1.0,0.0,1.0,1.0,1.0,1.0,2.0,3.0,1.0,2.0,5.0,2.0,66.17,38.27,43.15,49.31,0.0
United States,USA,20220328,1.0,1.0,1.0,0.0,1.0,1.0,1.0,1.0,2.0,3.0,1.0,2.0,5.0,2.0,66.18,38.27,43.15,49.31,0.0
United States,USA,20220329,1.0,1.0,1.0,0.0,1.0,1.0,1.0,1.0,2.0,3.0,1.0,2.0,5.0,2.0,66.2,38.26,43.15,49.3,0.0
United States,USA,20220330,1.0,1.0,1.0,0.0,1.0,0.0,0.0,1.0,2.0,3.0,1.0,2.0,5.0,2.0,66.21,29.88,37.89,43.32,0.0
United States,USA,20220331,1.0,1.0,1.0,0.0,1.0,0.0,0.0,1.0,2.0,3.0,1.0,2.0,5.0,2.0,66.23,29.87,37.89,43.31,0.0
United States,USA,20220401,1.0,1.0,1.0,0.0,1.0,0.0,0.0,1.0,2.0,3.0,1.0,2.0,5.0,2.0,66.26,29.87,37.89,43.31,0.0
United States,USA,20220402,1.0,1.0,1.0,0.0,1.0,0.0,0.0,1.0,2.0,3.0,1.0,2.0,5.0,2.0,66.27,29.87,37.89,43.31,0.0
United States,USA,20220403,1.0,1.0,1.0,0.0,1.0,0.0,0.0,1.0,2.0,3.0,1.0,2.0,5.0,2.0,66.28,29.86,37.89,43.31,0.0
United States,USA,20220404,1.0,1.0,1.0,0.0,1.0,0.0,0.0,1.0,2.0,3.0,1.0,2.0,5.0,2.0,66.3,29.86,37.88,43.3,0.0
United States,USA,20220405,1.0,1.0,1.0,0.0,1.0,0.0,0.0,1.0,2.0,3.0,1.0,2.0,5.0,2.0,66.32,29.86,37.88,43.3,0.0
United States,USA,20220406,1.0,1.0,1.0,0.0,1.0,0.0,0.0,1.0,2.0,3.0,1.0,2.0,5.0,2.0,66.34,29.85,37.88,43.3,0.0
United States,USA,20220407,1.0,1.0,1.0,0.0,1.0,0.0,0.0,1.0,2.0,3.0,1.0,2.0,5.0,2.0,66.35,29.85,37.88,43.3,0.0
United States,USA,20220408,1.0,1.0,1.0,0.0,1.0,0.0,0.0,1.0,2.0,3.0,1.0,2.0,5.0,2.0,66.38,29.84,37.88,43.29,0.0
United States,USA,20220409,1.0,1.0,1.0,0.0,1.0,0.0,0.0,1.0,2.0,3.0,1.0,2.0,5.0,2.0,66.39,29.84,37.87,43.29,0.0
United States,USA,20220410,1.0,1.0,1.0,0.0,1.0,0.0,0.0,1.0,2.0,3.0,1.0,2.0,5.0,2.0,66.4,29.84,37.87,43.29,0.0
United States,USA,20220411,1.0,1.0,1.0,0.0,1.0,0.0,0.0,1.0,2.0,3.0,1.0,2.0,5.0,2.0,66.42,29.84,37.87,43.29,0.0
United States,USA,20220412,1.0,1.0,1.0,0.0,1.0,0.0,0.0,1.0,2.0,3.0,1.0,2.0,5.0,2.0,66.44,29.83,37.87,43.29,0.0
United States,USA,20220413,1.0,1.0,1.0,0.0,1.0,0.0,0.0,1.0,2.0,3.0,1.0,2.0,5.0,2.0,66.45,29.83,37.87,43.28,0.0
United States,USA,20220414,1.0,1.0,1.0,0.0,1.0,0.0,0.0,1.0,2.0,3.0,1.0,2.0,5.0,2.0,66.47,29.83,37.87,43.28,0.0
United States,USA,20220415,1.0,1.0,1.0,0.0,1.0,0.0,0.0,1.0,2.0,3.0,1.0,2.0,5.0,2.0,66.49,29.82,37.86,43.28,0.0
United States,USA,20220416,1.0,1.0,1.0,0.0,1.0,0.0,0.0,1.0,2.0,3.0,1.0,2.0,5.0,2.0,66.5,29.82,37.86,43.28,0.0
United States,USA,20220417,1.0,1.0,1.0,0.0,1.0,0.0,0.0,1.0,2.0,3.0,1.0,2.0,5.0,2.0,66.5,29.82,37.86,43.28,0.0
United States,USA,20220418,1.0,1.0,1.0,0.0,1.0,0.0,0.0,1.0,2.0,3.0,1.0,2.0,5.0,2.0,66.52,29.82,37.86,43.28,0.0
United States,USA,20220419,1.0,1.0,1.0,0.0,1.0,0.0,0.0,1.0,2.0,3.0,1.0,2.0,5.0,2.0,66.54,29.81,37.86,43.27,0.0
United States,USA,20220420,1.0,1.0,1.0,0.0,1.0,0.0,0.0,1.0,2.0,3.0,1.0,2.0,5.0,2.0,66.56,29.81,37.86,43.27,0.0
United States,USA,20220421,1.0,1.0,0.0,0.0,1.0,0.0,0.0,1.0,2.0,3.0,1.0,2.0,5.0,2.0,66.57,27.96,36.82,42.08,0.0
United States,USA,20220422,1.0,1.0,0.0,0.0,1.0,0.0,0.0,1.0,2.0,3.0,1.0,2.0,5.0,2.0,66.59,27.95,36.81,42.07,0.0
United States,USA,20220423,1.0,1.0,0.0,0.0,1.0,0.0,0.0,1.0,2.0,3.0,1.0,2.0,5.0,2.0,66.6,27.95,36.81,42.07,0.0
United States,USA,20220424,1.0,1.0,0.0,0.0,1.0,0.0,0.0,1.0,2.0,3.0,1.0,2.0,5.0,2.0,66.61,27.95,36.81,42.07,0.0
United States,USA,20220425,1.0,1.0,0.0,0.0,1.0,0.0,0.0,1.0,2.0,3.0,1.0,2.0,5.0,2.0,66.62,27.94,36.81,42.07,0.0
United States,USA,20220426,1.0,1.0,0.0,0.0,1.0,0.0,0.0,1.0,2.0,3.0,1.0,2.0,5.0,2.0,66.64,27.94,36.81,42.07,0.0
United States,USA,20220427,1.0,1.0,0.0,0.0,1.0,0.0,0.0,1.0,2.0,3.0,1.0,2.0,5.0,2.0,66.65,27.94,36.81,42.07,0.0
United States,USA,20220428,1.0,1.0,0.0,0.0,1.0,0.0,0.0,1.0,2.0,3.0,1.0,2.0,5.0,2.0,66.67,27.93,36.8,42.06,0.0
United States,USA,20220429,1.0,1.0,0.0,0.0,1.0,0.0,0.0,1.0,2.0,3.0,1.0,2.0,5.0,2.0,66.69,27.93,36.8,42.06,0.0
United States,USA,20220430,1.0,1.0,0.0,0.0,1.0,0.0,0.0,1.0,2.0,3.0,1.0,2.0,5.0,2.0,66.7,27.93,36.8,42.06,0.0
United States,USA,20220501,1.0,1.0,0.0,0.0,1.0,0.0,0.0,1.0,2.0,3.0,1.0,2.0,5.0,2.0,66.7,27.93,36.8,42.06,0.0
United States,USA,20220502,1.0,1.0,0.0,0.0,1.0,0.0,0.0,1.0,2.0,3.0,1.0,2.0,5.0,2.0,66.71,27.92,36.8,42.06,0.0
United States,USA,20220503,1.0,1.0,0.0,0.0,1.0,0.0,0.0,1.0,2.0,3.0,1.0,2.0,5.0,2.0,66.73,27.92,36.8,42.05,0.0
United States,USA,20220504,1.0,1.0,0.0,0.0,1.0,0.0,0.0,1.0,2.0,3.0,1.0,2.0,5.0,2.0,66.74,27.92,36.79,42.05,0.0
United States,USA,20220505,1.0,1.0,0.0,0.0,1.0,0.0,0.0,1.0,2.0,3.0,1.0,2.0,5.0,2.0,66.76,27.91,36.79,42.05,0.0
United States,USA,20220506,1.0,1.0,0.0,0.0,1.0,0.0,0.0,1.0,2.0,3.0,1.0,2.0,5.0,2.0,66.77,27.91,36.79,42.05,0.0
United States,USA,20220507,1.0,1.0,0.0,0.0,1.0,0.0,0.0,1.0,2.0,3.0,1.0,2.0,5.0,2.0,66.78,27.91,36.79,42.05,0.0
United States,USA,20220508,1.0,1.0,0.0,0.0,1.0,0.0,0.0,1.0,2.0,3.0,1.0,2.0,5.0,2.0,66.78,27.91,36.79,42.05,0.0
United States,USA,20220509,1.0,1.0,0.0,0.0,1.0,0.0,0.0,1.0,2.0,3.0,1.0,2.0,5.0,2.0,66.8,27.9,36.79,42.04,0.0
United States,USA,20220510,1.0,1.0,0.0,0.0,1.0,0.0,0.0,1.0,2.0,3.0,1.0,2.0,5.0,2.0,66.81,27.9,36.79,42.04,0.0
United States,USA,20220511,1.0,1.0,0.0,0.0,1.0,0.0,0.0,1.0,2.0,3.0,1.0,2.0,5.0,2.0,66.83,26.51,36.01,41.15,0.0
United States,USA,20220512,1.0,1.0,0.0,0.0,1.0,0.0,0.0,1.0,2.0,3.0,1.0,2.0,5.0,2.0,66.84,26.51,36.01,41.15,0.0
United States,USA,20220513,1.0,1.0,0.0,0.0,1.0,0.0,0.0,1.0,2.0,3.0,1.0,2.0,5.0,2.0,66.86,26.51,36.0,41.15,0.0
United States,USA,20220514,1.0,1.0,0.0,0.0,1.0,0.0,0.0,1.0,2.0,3.0,1.0,2.0,5.0,2.0,66.87,26.51,36.0,41.15,0.0
United States,USA,20220515,1.0,1.0,0.0,0.0,1.0,0.0,0.0,1.0,2.0,3.0,1.0,2.0,5.0,2.0,66.87,26.51,36.0,41.15,0.0
United States,USA,20220516,1.0,1.0,0.0,0.0,1.0,0.0,0.0,1.0,2.0,3.0,1.0,2.0,5.0,2.0,66.88,26.5,36.0,41.14,0.0
United States,USA,20220517,1.0,1.0,0.0,0.0,1.0,0.0,0.0,1.0,2.0,3.0,1.0,2.0,5.0,2.0,66.9,26.5,36.0,41.14,0.0
United States,USA,20220518,1.0,1.0,0.0,0.0,1.0,0.0,0.0,1.0,2.0,3.0,1.0,2.0,5.0,2.0,66.91,26.5,36.0,41.14,0.0
United States,USA,20220519,1.0,1.0,0.0,0.0,1.0,0.0,0.0,1.0,2.0,3.0,1.0,2.0,5.0,2.0,66.93,26.49,36.0,41.14,0.0
United States,USA,20220520,1.0,1.0,0.0,0.0,1.0,0.0,0.0,1.0,2.0,3.0,1.0,2.0,5.0,2.0,66.94,26.49,35.99,41.14,0.0
United States,USA,20220521,1.0,1.0,0.0,0.0,1.0,0.0,0.0,1.0,2.0,3.0,1.0,2.0,5.0,2.0,66.95,26.49,35.99,41.14,0.0
United States,USA,20220522,1.0,1.0,0.0,0.0,1.0,0.0,0.0,1.0,2.0,3.0,1.0,2.0,5.0,2.0,66.96,26.49,35.99,41.14,0.0
United States,USA,20220523,1.0,1.0,0.0,0.0,1.0,0.0,0.0,1.0,2.0,3.0,1.0,2.0,5.0,2.0,66.97,26.49,35.99,41.13,0.0
United States,USA,20220524,1.0,1.0,0.0,0.0,1.0,0.0,0.0,1.0,2.0,3.0,1.0,2.0,5.0,2.0,66.99,26.48,35.99,41.13,0.0
United States,USA,20220525,1.0,1.0,0.0,0.0,1.0,0.0,0.0,1.0,2.0,3.0,1.0,2.0,5.0,2.0,67.0,26.48,35.99,41.13,0.0
United States,USA,20220526,1.0,1.0,0.0,0.0,1.0,0.0,0.0,1.0,2.0,3.0,1.0,2.0,5.0,2.0,67.01,26.48,35.99,41.13,0.0
United States,USA,20220527,1.0,1.0,0.0,0.0,1.0,0.0,0.0,1.0,2.0,3.0,1.0,2.0,5.0,2.0,67.03,26.48,35.99,41.13,0.0
United States,USA,20220528,1.0,1.0,0.0,0.0,1.0,0.0,0.0,1.0,2.0,3.0,1.0,2.0,5.0,2.0,67.03,26.48,35.99,41.13,0.0
United States,USA,20220529,1.0,1.0,0.0,0.0,1.0,0.0,0.0,1.0,2.0,3.0,1.0,2.0,5.0,2.0,67.04,26.47,35.98,41.13,0.0
United States,USA,20220530,1.0,1.0,0.0,0.0,1.0,0.0,0.0,1.0,2.0,3.0,1.0,2.0,5.0,2.0,67.04,26.47,35.98,41.13,0.0
United States,USA,20220531,1.0,1.0,0.0,0.0,1.0,0.0,0.0,1.0,2.0,3.0,1.0,2.0,5.0,2.0,67.05,26.47,35.98,41.12,0.0
United States,USA,20220601,1.0,1.0,0.0,0.0,1.0,0.0,0.0,1.0,2.0,3.0,1.0,2.0,5.0,2.0,67.07,26.47,35.98,41.12,0.0
United States,USA,20220602,1.0,1.0,0.0,0.0,1.0,0.0,0.0,1.0,2.0,3.0,1.0,2.0,5.0,2.0,67.08,26.47,35.98,41.12,0.0
United States,USA,20220603,1.0,1.0,0.0,0.0,1.0,0.0,0.0,1.0,2.0,3.0,1.0,2.0,5.0,2.0,67.09,26.46,35.98,41.12,0.0
United States,USA,20220604,1.0,1.0,0.0,0.0,1.0,0.0,0.0,1.0,2.0,3.0,1.0,2.0,5.0,2.0,67.1,26.46,35.98,41.12,0.0
United States,USA,20220605,1.0,1.0,0.0,0.0,2.0,0.0,0.0,1.0,2.0,3.0,1.0,2.0,5.0,2.0,67.1,32.02,39.1,44.69,0.0
United States,USA,20220606,1.0,1.0,0.0,0.0,2.0,0.0,0.0,1.0,2.0,3.0,1.0,2.0,5.0,2.0,67.11,32.02,39.1,44.69,0.0
United States,USA,20220607,1.0,1.0,0.0,0.0,2.0,0.0,0.0,1.0,2.0,3.0,1.0,2.0,5.0,2.0,67.12,32.02,39.1,44.69,0.0
United States,USA,20220608,1.0,1.0,0.0,0.0,2.0,0.0,0.0,1.0,2.0,3.0,1.0,2.0,5.0,2.0,67.14,32.01,39.1,44.68,0.0
United States,USA,20220609,1.0,1.0,0.0,0.0,2.0,0.0,0.0,1.0,2.0,3.0,1.0,2.0,5.0,2.0,67.15,32.01,39.1,44.68,0.0
United States,USA,20220610,1.0,1.0,0.0,0.0,2.0,0.0,0.0,1.0,2.0,3.0,1.0,2.0,5.0,2.0,67.16,32.01,39.1,44.68,0.0
United States,USA,20220611,1.0,1.0,0.0,0.0,2.0,0.0,0.0,1.0,2.0,3.0,1.0,2.0,5.0,2.0,67.17,32.01,39.1,44.68,0.0
United States,USA,20220612,1.0,1.0,0.0,0.0,2.0,0.0,0.0,1.0,2.0,3.0,1.0,2.0,5.0,2.0,67.17,32.01,39.1,44.68,0.0
United States,USA,20220613,1.0,1.0,0.0,0.0,2.0,0.0,0.0,1.0,2.0,3.0,1.0,2.0,5.0,2.0,67.18,32.0,39.1,44.68,0.0
United States,USA,20220614,1.0,1.0,0.0,0.0,2.0,0.0,0.0,1.0,2.0,3.0,1.0,2.0,5.0,2.0,67.19,32.0,39.1,44.68,0.0
United States,USA,20220615,1.0,1.0,0.0,0.0,2.0,0.0,0.0,1.0,2.0,3.0,1.0,2.0,5.0,2.0,67.2,32.0,39.09,44.68,0.0
United States,USA,20220616,1.0,1.0,0.0,0.0,2.0,0.0,0.0,1.0,2.0,3.0,1.0,2.0,5.0,2.0,67.21,32.0,39.09,44.68,0.0
United States,USA,20220617,1.0,1.0,0.0,0.0,2.0,0.0,0.0,1.0,2.0,3.0,1.0,2.0,5.0,2.0,67.22,32.0,39.09,44.67,0.0
United States,USA,20220618,1.0,1.0,0.0,0.0,2.0,0.0,0.0,1.0,2.0,3.0,1.0,2.0,5.0,2.0,67.23,32.0,39.09,44.67,0.0
United States,USA,20220619,1.0,1.0,0.0,0.0,2.0,0.0,0.0,1.0,2.0,3.0,1.0,2.0,5.0,2.0,67.23,32.0,39.09,44.67,0.0
United States,USA,20220620,1.0,1.0,0.0,0.0,2.0,0.0,0.0,1.0,2.0,3.0,1.0,2.0,5.0,2.0,67.24,31.99,39.09,44.67,0.0
United States,USA,20220621,1.0,1.0,0.0,0.0,2.0,0.0,0.0,1.0,2.0,3.0,1.0,2.0,5.0,2.0,67.25,31.99,39.09,44.67,0.0
United States,USA,20220622,1.0,1.0,0.0,0.0,2.0,0.0,0.0,1.0,2.0,3.0,1.0,2.0,5.0,2.0,67.26,31.99,39.09,44.67,0.0
United States,USA,20220623,1.0,1.0,0.0,0.0,2.0,0.0,0.0,1.0,2.0,3.0,1.0,2.0,5.0,2.0,67.27,31.99,39.09,44.67,0.0
United States,USA,20220624,1.0,1.0,0.0,0.0,2.0,0.0,0.0,1.0,2.0,3.0,1.0,2.0,5.0,2.0,67.28,31.99,39.09,44.67,0.0
United States,USA,20220625,1.0,1.0,0.0,0.0,2.0,0.0,0.0,1.0,2.0,3.0,1.0,2.0,5.0,2.0,67.28,31.99,39.09,44.67,0.0
United States,USA,20220626,1.0,1.0,0.0,0.0,2.0,0.0,0.0,1.0,2.0,3.0,1.0,2.0,5.0,2.0,67.28,31.99,39.09,44.67,0.0
United States,USA,20220627,1.0,1.0,0.0,0.0,2.0,0.0,0.0,1.0,2.0,3.0,1.0,2.0,5.0,2.0,67.29,31.98,39.09,44.67,0.0
United States,USA,20220628,1.0,1.0,0.0,0.0,2.0,0.0,0.0,1.0,2.0,3.0,1.0,2.0,5.0,2.0,67.3,31.98,39.08,44.66,0.0
United States,USA,20220629,1.0,1.0,0.0,0.0,2.0,0.0,0.0,1.0,2.0,3.0,1.0,2.0,5.0,2.0,67.31,31.98,39.08,44.66,0.0
United States,USA,20220630,1.0,1.0,0.0,0.0,2.0,0.0,0.0,1.0,2.0,3.0,1.0,2.0,5.0,2.0,67.32,31.98,39.08,44.66,0.0
United States,USA,20220701,1.0,1.0,0.0,0.0,2.0,0.0,0.0,1.0,2.0,3.0,1.0,2.0,5.0,2.0,67.33,31.98,39.08,44.66,0.0
United States,USA,20220702,1.0,1.0,0.0,0.0,2.0,0.0,0.0,1.0,2.0,3.0,1.0,2.0,5.0,2.0,67.33,31.98,39.08,44.66,0.0
United States,USA,20220703,1.0,1.0,0.0,0.0,2.0,0.0,0.0,1.0,2.0,3.0,1.0,2.0,5.0,2.0,67.34,31.98,39.08,44.66,0.0
United States,USA,20220704,1.0,1.0,0.0,0.0,2.0,0.0,0.0,1.0,2.0,3.0,1.0,2.0,5.0,2.0,67.34,31.98,39.08,44.66,0.0
United States,USA,20220705,1.0,1.0,0.0,0.0,2.0,0.0,0.0,1.0,2.0,3.0,1.0,2.0,5.0,2.0,67.35,31.97,39.08,44.66,0.0
United States,USA,20220706,1.0,1.0,0.0,0.0,2.0,0.0,0.0,1.0,2.0,3.0,1.0,2.0,5.0,2.0,67.36,31.97,39.08,44.66,0.0
United States,USA,20220707,1.0,1.0,0.0,0.0,2.0,0.0,0.0,1.0,2.0,3.0,1.0,2.0,5.0,2.0,67.37,31.97,39.08,44.66,0.0
United States,USA,20220708,1.0,1.0,0.0,0.0,2.0,0.0,0.0,1.0,2.0,3.0,1.0,2.0,5.0,2.0,67.38,30.76,38.4,43.88,0.0
United States,USA,20220709,1.0,1.0,0.0,0.0,2.0,0.0,0.0,1.0,2.0,3.0,1.0,2.0,5.0,2.0,67.38,30.76,38.4,43.88,0.0
United States,USA,20220710,1.0,1.0,0.0,0.0,2.0,0.0,0.0,1.0,2.0,3.0,1.0,2.0,5.0,2.0,67.38,30.76,38.4,43.88,0.0
United States,USA,20220711,1.0,1.0,0.0,0.0,2.0,0.0,0.0,1.0,2.0,3.0,1.0,2.0,5.0,2.0,67.39,30.76,38.4,43.88,0.0
United States,USA,20220712,1.0,1.0,0.0,0.0,2.0,0.0,0.0,1.0,2.0,3.0,1.0,2.0,5.0,2.0,67.4,30.76,38.4,43.88,0.0
United States,USA,20220713,1.0,1.0,0.0,0.0,2.0,0.0,0.0,1.0,2.0,3.0,1.0,2.0,5.0,2.0,67.41,30.76,38.39,43.88,0.0
United States,USA,20220714,1.0,1.0,0.0,0.0,2.0,0.0,0.0,1.0,2.0,3.0,1.0,2.0,5.0,2.0,67.43,30.75,38.39,43.87,0.0
United States,USA,20220715,1.0,1.0,0.0,0.0,2.0,0.0,0.0,1.0,2.0,3.0,1.0,2.0,5.0,2.0,67.44,30.75,38.39,43.87,0.0
United States,USA,20220716,1.0,1.0,0.0,0.0,2.0,0.0,0.0,1.0,2.0,3.0,1.0,2.0,5.0,2.0,67.44,30.75,38.39,43.87,0.0
United States,USA,20220717,1.0,1.0,0.0,0.0,2.0,0.0,0.0,1.0,2.0,3.0,1.0,2.0,5.0,2.0,67.45,30.75,38.39,43.87,0.0
United States,USA,20220718,1.0,1.0,0.0,0.0,2.0,0.0,0.0,1.0,2.0,3.0,1.0,2.0,5.0,2.0,67.46,30.75,38.39,43.87,0.0
United States,USA,20220719,1.0,1.0,0.0,0.0,2.0,0.0,0.0,1.0,2.0,3.0,1.0,2.0,5.0,2.0,67.47,30.75,38.39,43.87,0.0
United States,USA,20220720,1.0,1.0,0.0,0.0,2.0,0.0,0.0,1.0,2.0,3.0,1.0,2.0,5.0,2.0,67.48,30.75,38.39,43.87,0.0
United States,USA,20220721,1.0,1.0,0.0,0.0,2.0,0.0,0.0,1.0,2.0,3.0,1.0,2.0,5.0,2.0,67.5,30.74,38.39,43.87,0.0
United States,USA,20220722,1.0,1.0,0.0,0.0,2.0,0.0,0.0,1.0,2.0,3.0,1.0,2.0,5.0,2.0,67.51,30.74,38.39,43.87,0.0
United States,USA,20220723,1.0,1.0,0.0,0.0,2.0,0.0,0.0,1.0,2.0,3.0,1.0,2.0,5.0,2.0,67.52,30.74,38.39,43.87,0.0
United States,USA,20220724,1.0,1.0,0.0,0.0,2.0,0.0,0.0,1.0,2.0,3.0,1.0,2.0,5.0,2.0,67.53,30.74,38.38,43.86,0.0
United States,USA,20220725,1.0,1.0,0.0,0.0,2.0,0.0,0.0,1.0,2.0,3.0,1.0,2.0,5.0,2.0,67.54,30.74,38.38,43.86,0.0
United States,USA,20220726,1.0,1.0,0.0,0.0,2.0,0.0,0.0,1.0,2.0,3.0,1.0,2.0,5.0,2.0,67.55,30.74,38.38,43.86,0.0
United States,USA,20220727,1.0,1.0,0.0,0.0,2.0,0.0,0.0,1.0,2.0,3.0,1.0,2.0,5.0,2.0,67.56,30.73,38.38,43.86,0.0
United States,USA,20220728,1.0,1.0,0.0,0.0,2.0,0.0,0.0,1.0,2.0,3.0,1.0,2.0,5.0,2.0,67.58,30.73,38.38,43.86,0.0
United States,USA,20220729,1.0,1.0,0.0,0.0,2.0,0.0,0.0,1.0,2.0,3.0,1.0,2.0,5.0,2.0,67.59,30.73,38.38,43.86,0.0
United States,USA,20220730,1.0,1.0,0.0,0.0,2.0,0.0,0.0,1.0,2.0,3.0,1.0,2.0,5.0,2.0,67.6,30.73,38.38,43.86,0.0
United States,USA,20220731,1.0,1.0,0.0,0.0,2.0,0.0,0.0,1.0,2.0,3.0,1.0,2.0,5.0,2.0,67.6,30.73,38.38,43.86,0.0
United States,USA,20220801,1.0,1.0,0.0,0.0,2.0,0.0,0.0,1.0,2.0,3.0,1.0,2.0,5.0,2.0,67.61,30.73,38.38,43.86,0.0
United States,USA,20220802,1.0,1.0,0.0,0.0,2.0,1.0,0.0,1.0,2.0,3.0,1.0,2.0,5.0,2.0,67.62,32.58,39.42,45.05,0.0
United States,USA,20220803,1.0,1.0,0.0,0.0,2.0,1.0,0.0,1.0,2.0,3.0,1.0,2.0,5.0,2.0,67.63,32.57,39.42,45.04,0.0
United States,USA,20220804,1.0,1.0,0.0,0.0,2.0,1.0,0.0,1.0,2.0,3.0,1.0,2.0,5.0,2.0,67.64,32.57,39.42,45.04,0.0
United States,USA,20220805,1.0,1.0,0.0,0.0,2.0,1.0,0.0,1.0,2.0,3.0,1.0,2.0,5.0,2.0,67.65,32.57,39.41,45.04,0.0
United States,USA,20220806,1.0,1.0,0.0,0.0,2.0,1.0,0.0,1.0,2.0,3.0,1.0,2.0,5.0,2.0,67.66,32.57,39.41,45.04,0.0
United States,USA,20220807,1.0,1.0,0.0,0.0,2.0,1.0,0.0,1.0,2.0,3.0,1.0,2.0,5.0,2.0,67.67,32.57,39.41,45.04,0.0
United States,USA,20220808,1.0,1.0,0.0,0.0,2.0,1.0,0.0,1.0,2.0,3.0,1.0,2.0,5.0,2.0,67.68,32.57,39.41,45.04,0.0
United States,USA,20220809,1.0,1.0,0.0,0.0,2.0,1.0,0.0,1.0,2.0,3.0,1.0,2.0,5.0,2.0,67.69,32.57,39.41,45.04,0.0
United States,USA,20220810,1.0,1.0,0.0,0.0,2.0,1.0,0.0,1.0,2.0,3.0,1.0,2.0,5.0,2.0,67.7,32.56,39.41,45.04,0.0
United States,USA,20220811,1.0,1.0,0.0,0.0,2.0,1.0,0.0,1.0,2.0,3.0,1.0,2.0,5.0,2.0,67.71,32.56,39.41,45.04,0.0
United States,USA,20220812,1.0,1.0,0.0,0.0,2.0,1.0,0.0,1.0,2.0,3.0,1.0,2.0,5.0,2.0,67.72,32.56,39.41,45.04,0.0
United States,USA,20220813,1.0,1.0,0.0,0.0,2.0,1.0,0.0,1.0,2.0,3.0,1.0,2.0,5.0,2.0,67.72,32.56,39.41,45.04,0.0
United States,USA,20220814,1.0,1.0,0.0,0.0,2.0,1.0,0.0,1.0,2.0,3.0,1.0,2.0,5.0,2.0,67.73,32.56,39.41,45.04,0.0
United States,USA,20220815,1.0,1.0,0.0,0.0,2.0,1.0,0.0,1.0,2.0,3.0,1.0,2.0,5.0,2.0,67.74,32.56,39.41,45.03,0.0
United States,USA,20220816,1.0,1.0,0.0,0.0,2.0,1.0,0.0,1.0,2.0,3.0,1.0,2.0,5.0,2.0,67.74,32.56,39.41,45.03,0.0
United States,USA,20220817,1.0,1.0,0.0,0.0,0.0,1.0,0.0,1.0,2.0,3.0,1.0,2.0,5.0,2.0,67.75,24.22,34.72,39.68,0.0
United States,USA,20220818,1.0,1.0,0.0,0.0,0.0,1.0,0.0,1.0,2.0,3.0,1.0,2.0,5.0,2.0,67.76,24.22,34.72,39.68,0.0
United States,USA,20220819,1.0,1.0,0.0,0.0,0.0,1.0,0.0,1.0,2.0,3.0,1.0,2.0,5.0,2.0,67.77,24.22,34.71,39.68,0.0
United States,USA,20220820,1.0,1.0,0.0,0.0,0.0,1.0,0.0,1.0,2.0,3.0,1.0,2.0,5.0,2.0,67.78,24.22,34.71,39.68,0.0
United States,USA,20220821,1.0,1.0,0.0,0.0,0.0,1.0,0.0,1.0,2.0,3.0,1.0,2.0,5.0,2.0,67.78,24.22,34.71,39.68,0.0
United States,USA,20220822,1.0,1.0,0.0,0.0,0.0,1.0,0.0,1.0,2.0,3.0,1.0,2.0,5.0,2.0,67.79,24.21,34.71,39.68,0.0
United States,USA,20220823,1.0,1.0,0.0,0.0,0.0,1.0,0.0,1.0,2.0,3.0,1.0,2.0,5.0,2.0,67.8,24.21,34.71,39.68,0.0
United States,USA,20220824,1.0,1.0,0.0,0.0,0.0,1.0,0.0,1.0,2.0,3.0,1.0,2.0,5.0,2.0,67.81,24.21,34.71,39.67,0.0
United States,USA,20220825,1.0,1.0,0.0,0.0,0.0,1.0,0.0,1.0,2.0,3.0,1.0,2.0,5.0,2.0,67.82,24.21,34.71,39.67,0.0
United States,USA,20220826,1.0,1.0,0.0,0.0,0.0,1.0,0.0,1.0,2.0,3.0,1.0,2.0,5.0,2.0,67.83,24.21,34.71,39.67,0.0
United States,USA,20220827,1.0,1.0,0.0,0.0,0.0,1.0,0.0,1.0,2.0,3.0,1.0,2.0,5.0,2.0,67.83,24.21,34.71,39.67,0.0
United States,USA,20220828,1.0,1.0,0.0,0.0,0.0,1.0,0.0,1.0,2.0,3.0,1.0,2.0,5.0,2.0,67.83,24.21,34.71,39.67,0.0
United States,USA,20220829,1.0,1.0,0.0,0.0,0.0,1.0,0.0,1.0,2.0,3.0,1.0,2.0,5.0,2.0,67.84,24.21,34.71,39.67,0.0
United States,USA,20220830,1.0,1.0,0.0,0.0,0.0,1.0,0.0,1.0,2.0,3.0,1.0,2.0,5.0,2.0,67.85,24.2,34.71,39.67,0.0
United States,USA,20220831,1.0,1.0,0.0,0.0,0.0,1.0,0.0,1.0,2.0,3.0,1.0,2.0,5.0,2.0,67.86,24.2,34.71,39.67,0.0
United States,USA,20220901,1.0,1.0,0.0,0.0,0.0,1.0,0.0,1.0,2.0,3.0,1.0,2.0,5.0,2.0,67.86,24.2,34.71,39.67,0.0
United States,USA,20220902,1.0,1.0,0.0,0.0,0.0,1.0,0.0,1.0,2.0,3.0,1.0,2.0,5.0,2.0,67.87,24.2,34.71,39.67,0.0
United States,USA,20220903,1.0,1.0,0.0,0.0,0.0,1.0,0.0,1.0,2.0,3.0,1.0,2.0,5.0,2.0,67.87,24.2,34.71,39.67,0.0
United States,USA,20220904,1.0,1.0,0.0,0.0,0.0,1.0,0.0,1.0,2.0,3.0,1.0,2.0,5.0,2.0,67.87,24.2,34.71,39.67,0.0
United States,USA,20220905,1.0,1.0,0.0,0.0,0.0,1.0,0.0,1.0,2.0,3.0,1.0,2.0,5.0,2.0,67.88,24.2,34.71,39.67,0.0
United States,USA,20220906,1.0,1.0,0.0,0.0,0.0,1.0,0.0,1.0,2.0,3.0,1.0,2.0,5.0,2.0,67.88,24.2,34.71,39.67,0.0
United States,USA,20220907,1.0,1.0,0.0,0.0,0.0,1.0,0.0,1.0,2.0,3.0,1.0,2.0,5.0,2.0,67.9,24.2,34.7,39.67,0.0
United States,USA,20220908,1.0,1.0,0.0,0.0,0.0,1.0,0.0,1.0,2.0,3.0,1.0,2.0,5.0,2.0,67.91,24.2,34.7,39.66,0.0
United States,USA,20220909,1.0,1.0,0.0,0.0,0.0,1.0,0.0,1.0,2.0,3.0,1.0,2.0,5.0,2.0,67.93,24.19,34.7,39.66,0.0
United States,USA,20220910,1.0,1.0,0.0,0.0,0.0,1.0,0.0,1.0,2.0,3.0,1.0,2.0,5.0,2.0,67.94,24.19,34.7,39.66,0.0
United States,USA,20220911,1.0,1.0,0.0,0.0,0.0,1.0,0.0,1.0,2.0,3.0,1.0,2.0,5.0,2.0,67.94,24.19,34.7,39.66,0.0
United States,USA,20220912,1.0,1.0,0.0,0.0,0.0,1.0,0.0,1.0,2.0,3.0,1.0,2.0,5.0,2.0,67.96,24.19,34.7,39.66,0.0
United States,USA,20220913,1.0,1.0,0.0,0.0,0.0,1.0,0.0,1.0,2.0,3.0,1.0,2.0,5.0,2.0,67.97,24.19,34.7,39.66,0.0
United States,USA,20220914,1.0,1.0,0.0,0.0,0.0,1.0,0.0,1.0,2.0,3.0,1.0,2.0,5.0,2.0,67.99,24.18,34.7,39.66,0.0
United States,USA,20220915,1.0,1.0,0.0,0.0,0.0,1.0,0.0,1.0,2.0,3.0,1.0,2.0,5.0,2.0,68.0,24.18,34.7,39.66,0.0
United States,USA,20220916,1.0,1.0,0.0,0.0,0.0,1.0,0.0,1.0,2.0,3.0,1.0,2.0,5.0,2.0,68.02,24.18,34.69,39.65,0.0
United States,USA,20220917,1.0,1.0,0.0,0.0,0.0,1.0,0.0,1.0,2.0,3.0,1.0,2.0,5.0,2.0,68.03,24.18,34.69,39.65,0.0
United States,USA,20220918,1.0,1.0,0.0,0.0,0.0,1.0,0.0,1.0,2.0,3.0,1.0,2.0,5.0,2.0,68.04,24.18,34.69,39.65,0.0
United States,USA,20220919,1.0,1.0,0.0,0.0,0.0,1.0,0.0,1.0,2.0,3.0,1.0,2.0,5.0,2.0,68.05,24.17,34.69,39.65,0.0
United States,USA,20220920,1.0,1.0,0.0,0.0,0.0,1.0,0.0,1.0,2.0,3.0,1.0,2.0,5.0,2.0,68.07,24.17,34.69,39.65,0.0
United States,USA,20220921,1.0,1.0,0.0,0.0,0.0,1.0,0.0,1.0,2.0,3.0,1.0,2.0,5.0,2.0,68.08,24.17,34.69,39.65,0.0
United States,USA,20220922,1.0,1.0,0.0,0.0,0.0,1.0,0.0,1.0,2.0,3.0,1.0,2.0,5.0,2.0,68.1,24.17,34.69,39.65,0.0
United States,USA,20220923,1.0,1.0,0.0,0.0,0.0,1.0,0.0,1.0,2.0,3.0,1.0,2.0,5.0,2.0,68.12,24.16,34.69,39.64,0.0
United States,USA,20220924,1.0,1.0,0.0,0.0,0.0,1.0,0.0,1.0,2.0,3.0,1.0,2.0,5.0,2.0,68.13,24.16,34.68,39.64,0.0
United States,USA,20220925,1.0,1.0,0.0,0.0,0.0,1.0,0.0,1.0,2.0,3.0,1.0,2.0,5.0,2.0,68.14,24.16,34.68,39.64,0.0
United States,USA,20220926,1.0,1.0,0.0,0.0,0.0,1.0,0.0,1.0,2.0,3.0,1.0,2.0,5.0,2.0,68.15,24.16,34.68,39.64,0.0
United States,USA,20220927,1.0,1.0,0.0,0.0,0.0,1.0,0.0,1.0,2.0,3.0,1.0,2.0,5.0,2.0,68.17,24.16,34.68,39.64,0.0
United States,USA,20220928,1.0,1.0,0.0,0.0,0.0,1.0,0.0,1.0,2.0,3.0,1.0,2.0,5.0,2.0,68.19,24.15,34.68,39.64,0.0
United States,USA,20220929,1.0,1.0,0.0,0.0,0.0,1.0,0.0,1.0,2.0,3.0,1.0,2.0,5.0,2.0,68.2,24.15,34.68,39.64,0.0
United States,USA,20220930,1.0,1.0,0.0,0.0,0.0,1.0,0.0,1.0,2.0,3.0,1.0,2.0,5.0,2.0,68.22,24.15,34.68,39.64,0.0
United States,USA,20221001,1.0,1.0,0.0,0.0,0.0,1.0,0.0,1.0,2.0,3.0,1.0,2.0,5.0,2.0,68.23,24.15,34.68,39.63,0.0
United States,USA,20221002,1.0,1.0,0.0,0.0,0.0,1.0,0.0,1.0,2.0,3.0,1.0,2.0,5.0,2.0,68.24,24.15,34.68,39.63,0.0
United States,USA,20221003,1.0,1.0,0.0,0.0,0.0,1.0,0.0,1.0,2.0,3.0,1.0,2.0,5.0,2.0,68.25,24.15,34.67,39.63,0.0
United States,USA,20221004,1.0,1.0,0.0,0.0,0.0,1.0,0.0,1.0,2.0,3.0,1.0,2.0,5.0,2.0,68.27,24.14,34.67,39.63,0.0
United States,USA,20221005,1.0,1.0,0.0,0.0,0.0,1.0,0.0,1.0,2.0,3.0,1.0,2.0,5.0,2.0,68.29,24.14,34.67,39.63,0.0
United States,USA,20221006,1.0,1.0,0.0,0.0,0.0,1.0,0.0,1.0,2.0,3.0,1.0,2.0,5.0,2.0,68.3,24.14,34.67,39.63,0.0
United States,USA,20221007,1.0,1.0,0.0,0.0,0.0,1.0,0.0,1.0,2.0,3.0,1.0,2.0,5.0,2.0,68.32,24.13,34.67,39.63,0.0
United States,USA,20221008,1.0,1.0,0.0,0.0,0.0,1.0,0.0,1.0,2.0,3.0,1.0,2.0,5.0,2.0,68.33,24.13,34.67,39.62,0.0
United States,USA,20221009,1.0,1.0,0.0,0.0,0.0,1.0,0.0,1.0,2.0,3.0,1.0,2.0,5.0,2.0,68.34,24.13,34.67,39.62,0.0
United States,USA,20221010,1.0,1.0,0.0,0.0,0.0,1.0,0.0,1.0,2.0,3.0,1.0,2.0,5.0,2.0,68.35,24.13,34.67,39.62,0.0
United States,USA,20221011,1.0,1.0,0.0,0.0,0.0,1.0,0.0,1.0,2.0,3.0,1.0,2.0,5.0,2.0,68.37,24.13,34.66,39.62,0.0
United States,USA,20221012,1.0,1.0,0.0,0.0,0.0,1.0,0.0,1.0,2.0,3.0,1.0,2.0,5.0,2.0,68.39,24.12,34.66,39.62,0.0
United States,USA,20221013,1.0,1.0,0.0,0.0,0.0,1.0,0.0,1.0,2.0,3.0,1.0,2.0,5.0,2.0,68.41,24.12,34.66,39.62,0.0
United States,USA,20221014,1.0,1.0,0.0,0.0,0.0,1.0,0.0,1.0,2.0,3.0,1.0,2.0,5.0,2.0,68.43,24.12,34.66,39.62,0.0
United States,USA,20221015,1.0,1.0,0.0,0.0,0.0,1.0,0.0,1.0,2.0,3.0,1.0,2.0,5.0,2.0,68.43,24.12,34.66,39.62,0.0
United States,USA,20221016,1.0,1.0,0.0,0.0,0.0,1.0,0.0,1.0,2.0,3.0,1.0,2.0,5.0,2.0,68.44,24.12,34.66,39.61,0.0
United States,USA,20221017,1.0,1.0,0.0,0.0,0.0,1.0,0.0,1.0,2.0,3.0,1.0,2.0,5.0,2.0,68.46,24.11,34.66,39.61,0.0
United States,USA,20221018,1.0,1.0,0.0,0.0,0.0,1.0,0.0,1.0,2.0,3.0,1.0,2.0,5.0,2.0,68.47,24.11,34.66,39.61,0.0
United States,USA,20221019,1.0,1.0,0.0,0.0,0.0,1.0,0.0,1.0,2.0,3.0,1.0,2.0,5.0,2.0,68.49,24.11,34.65,39.61,0.0
United States,USA,20221020,1.0,1.0,0.0,0.0,0.0,1.0,0.0,1.0,2.0,3.0,1.0,2.0,5.0,2.0,68.51,24.11,34.65,39.61,0.0
United States,USA,20221021,1.0,1.0,0.0,0.0,0.0,1.0,0.0,1.0,2.0,3.0,1.0,2.0,5.0,2.0,68.53,24.1,34.65,39.61,0.0
United States,USA,20221022,1.0,1.0,0.0,0.0,0.0,1.0,0.0,1.0,2.0,3.0,1.0,2.0,5.0,2.0,68.53,24.1,34.65,39.61,0.0
United States,USA,20221023,1.0,1.0,0.0,0.0,0.0,1.0,0.0,1.0,2.0,3.0,1.0,2.0,5.0,2.0,68.54,24.1,34.65,39.6,0.0
United States,USA,20221024,1.0,1.0,0.0,0.0,0.0,1.0,0.0,1.0,2.0,3.0,1.0,2.0,5.0,2.0,68.56,24.1,34.65,39.6,0.0
United States,USA,20221025,1.0,1.0,0.0,0.0,0.0,1.0,0.0,1.0,2.0,3.0,1.0,2.0,5.0,2.0,68.57,24.1,34.65,39.6,0.0
United States,USA,20221026,1.0,1.0,0.0,0.0,0.0,1.0,0.0,1.0,2.0,3.0,1.0,2.0,5.0,2.0,68.59,24.09,34.65,39.6,0.0
United States,USA,20221027,1.0,1.0,0.0,0.0,0.0,1.0,0.0,1.0,2.0,3.0,1.0,2.0,5.0,2.0,68.61,24.09,34.64,39.6,0.0
United States,USA,20221028,1.0,1.0,0.0,0.0,0.0,1.0,0.0,1.0,2.0,3.0,1.0,2.0,5.0,2.0,68.63,24.09,34.64,39.6,0.0
United States,USA,20221029,1.0,1.0,0.0,0.0,0.0,1.0,0.0,1.0,2.0,3.0,1.0,2.0,5.0,2.0,68.63,24.09,34.64,39.6,0.0
United States,USA,20221030,1.0,1.0,0.0,0.0,0.0,1.0,0.0,1.0,2.0,3.0,1.0,2.0,5.0,2.0,68.64,24.09,34.64,39.6,0.0
United States,USA,20221031,1.0,1.0,0.0,0.0,0.0,1.0,0.0,1.0,2.0,3.0,1.0,2.0,5.0,2.0,68.65,24.09,34.64,39.59,0.0
United States,USA,20221101,1.0,1.0,0.0,0.0,0.0,1.0,1.0,1.0,2.0,3.0,1.0,2.0,5.0,2.0,68.66,28.77,37.28,42.61,0.0
United States,USA,20221102,1.0,1.0,0.0,0.0,0.0,1.0,1.0,1.0,2.0,3.0,1.0,2.0,5.0,2.0,68.68,28.77,37.28,42.6,0.0
United States,USA,20221103,1.0,1.0,0.0,0.0,0.0,1.0,1.0,1.0,2.0,3.0,1.0,2.0,5.0,2.0,68.69,28.77,37.28,42.6,0.0
United States,USA,20221104,1.0,1.0,0.0,0.0,0.0,1.0,1.0,1.0,2.0,3.0,1.0,2.0,5.0,2.0,68.71,28.77,37.28,42.6,0.0
United States,USA,20221105,1.0,1.0,0.0,0.0,0.0,1.0,1.0,1.0,2.0,3.0,1.0,2.0,5.0,2.0,68.72,28.77,37.28,42.6,0.0
United States,USA,20221106,1.0,1.0,0.0,0.0,0.0,1.0,1.0,1.0,2.0,3.0,1.0,2.0,5.0,2.0,68.72,28.77,37.28,42.6,0.0
United States,USA,20221107,1.0,1.0,0.0,0.0,0.0,1.0,1.0,1.0,2.0,3.0,1.0,2.0,5.0,2.0,68.74,28.76,37.28,42.6,0.0
United States,USA,20221108,1.0,1.0,0.0,0.0,0.0,1.0,1.0,1.0,2.0,3.0,1.0,2.0,5.0,2.0,68.75,28.76,37.28,42.6,0.0
United States,USA,20221109,1.0,1.0,0.0,0.0,0.0,1.0,1.0,1.0,2.0,3.0,1.0,2.0,5.0,2.0,68.76,28.76,37.27,42.6,0.0
United States,USA,20221110,1.0,1.0,0.0,0.0,0.0,1.0,1.0,1.0,2.0,3.0,1.0,2.0,5.0,2.0,68.77,28.76,37.27,42.6,0.0
United States,USA,20221111,1.0,1.0,0.0,0.0,0.0,1.0,1.0,1.0,2.0,3.0,1.0,2.0,5.0,2.0,68.79,28.76,37.27,42.6,0.0
United States,USA,20221112,1.0,1.0,0.0,0.0,0.0,1.0,1.0,1.0,2.0,3.0,1.0,2.0,5.0,2.0,68.79,28.76,37.27,42.6,0.0
United States,USA,20221113,1.0,1.0,0.0,0.0,0.0,1.0,1.0,1.0,2.0,3.0,1.0,2.0,5.0,2.0,68.8,28.76,37.27,42.59,0.0
United States,USA,20221114,1.0,1.0,0.0,0.0,0.0,1.0,1.0,1.0,2.0,3.0,1.0,2.0,5.0,2.0,68.81,28.76,37.27,42.59,0.0
United States,USA,20221115,1.0,1.0,0.0,0.0,0.0,1.0,1.0,1.0,2.0,3.0,1.0,2.0,5.0,2.0,68.82,28.75,37.27,42.59,0.0
United States,USA,20221116,1.0,1.0,0.0,0.0,0.0,1.0,1.0,1.0,2.0,3.0,1.0,2.0,5.0,2.0,68.83,28.75,37.27,42.59,0.0
United States,USA,20221117,1.0,1.0,0.0,0.0,0.0,1.0,1.0,1.0,2.0,3.0,1.0,2.0,5.0,2.0,68.85,28.75,37.27,42.59,0.0
United States,USA,20221118,1.0,1.0,0.0,0.0,0.0,1.0,1.0,1.0,2.0,3.0,1.0,2.0,5.0,2.0,68.86,28.75,37.27,42.59,0.0
United States,USA,20221119,1.0,1.0,0.0,0.0,0.0,1.0,1.0,1.0,2.0,3.0,1.0,2.0,5.0,2.0,68.87,28.75,37.27,42.59,0.0
United States,USA,20221120,1.0,1.0,0.0,0.0,0.0,1.0,1.0,1.0,2.0,3.0,1.0,2.0,5.0,2.0,68.87,28.75,37.27,42.59,0.0
United States,USA,20221121,1.0,1.0,0.0,0.0,0.0,1.0,1.0,1.0,2.0,3.0,1.0,2.0,5.0,2.0,68.88,28.75,37.27,42.59,0.0
United States,USA,20221122,1.0,1.0,0.0,0.0,0.0,1.0,1.0,1.0,2.0,3.0,1.0,2.0,5.0,2.0,68.89,28.75,37.27,42.59,0.0
United States,USA,20221123,1.0,1.0,0.0,0.0,0.0,1.0,1.0,1.0,2.0,3.0,1.0,2.0,5.0,2.0,68.9,28.74,37.27,42.59,0.0
United States,USA,20221124,1.0,1.0,0.0,0.0,0.0,1.0,1.0,1.0,2.0,3.0,1.0,2.0,5.0,2.0,68.9,28.74,37.27,42.59,0.0
United States,USA,20221125,1.0,1.0,0.0,0.0,0.0,1.0,1.0,1.0,2.0,3.0,1.0,2.0,5.0,2.0,68.91,28.74,37.26,42.59,0.0
United States,USA,20221126,1.0,1.0,0.0,0.0,0.0,1.0,1.0,1.0,2.0,3.0,1.0,2.0,5.0,2.0,68.91,28.74,37.26,42.59,0.0
United States,USA,20221127,1.0,1.0,0.0,0.0,0.0,1.0,1.0,1.0,2.0,3.0,1.0,2.0,5.0,2.0,68.92,28.74,37.26,42.59,0.0
United States,USA,20221128,1.0,1.0,0.0,0.0,0.0,1.0,1.0,1.0,2.0,3.0,1.0,2.0,5.0,2.0,68.92,28.74,37.26,42.59,0.0
United States,USA,20221129,1.0,1.0,0.0,0.0,0.0,1.0,1.0,1.0,2.0,3.0,1.0,2.0,5.0,2.0,68.93,28.74,37.26,42.58,0.0
United States,USA,20221130,1.0,1.0,0.0,0.0,0.0,1.0,1.0,1.0,2.0,3.0,1.0,2.0,5.0,2.0,68.94,28.74,37.26,42.58,0.0
United States,USA,20221201,1.0,1.0,0.0,0.0,0.0,1.0,1.0,1.0,2.0,3.0,1.0,2.0,5.0,2.0,68.95,28.74,37.26,42.58,0.0
United States,USA,20221202,1.0,1.0,0.0,0.0,0.0,1.0,1.0,1.0,2.0,3.0,1.0,2.0,5.0,2.0,68.97,28.74,37.26,42.58,0.0
United States,USA,20221203,1.0,1.0,0.0,0.0,0.0,1.0,1.0,1.0,2.0,3.0,1.0,2.0,5.0,2.0,68.97,28.74,37.26,42.58,0.0
United States,USA,20221204,1.0,1.0,0.0,0.0,0.0,1.0,1.0,1.0,2.0,3.0,1.0,2.0,5.0,2.0,68.97,28.74,37.26,42.58,0.0
United States,USA,20221205,1.0,1.0,0.0,0.0,0.0,1.0,1.0,1.0,2.0,3.0,1.0,2.0,5.0,2.0,68.98,28.73,37.26,42.58,0.0
United States,USA,20221206,1.0,1.0,0.0,0.0,0.0,1.0,1.0,1.0,2.0,3.0,1.0,2.0,5.0,2.0,68.99,28.73,37.26,42.58,0.0
United States,USA,20221207,1.0,1.0,0.0,0.0,0.0,1.0,1.0,1.0,2.0,3.0,1.0,2.0,5.0,2.0,69.0,28.73,37.26,42.58,0.0
United States,USA,20221208,1.0,1.0,0.0,0.0,0.0,1.0,1.0,1.0,2.0,3.0,1.0,2.0,5.0,2.0,69.01,28.73,37.26,42.58,0.0
United States,USA,20221209,1.0,1.0,0.0,0.0,0.0,1.0,1.0,1.0,2.0,3.0,1.0,2.0,5.0,2.0,69.02,28.73,37.26,42.58,0.0
United States,USA,20221210,1.0,1.0,0.0,0.0,0.0,1.0,1.0,1.0,2.0,3.0,1.0,2.0,5.0,2.0,69.02,28.73,37.26,42.58,0.0
United States,USA,20221211,1.0,1.0,0.0,0.0,0.0,1.0,1.0,1.0,2.0,3.0,1.0,2.0,5.0,2.0,69.03,28.73,37.26,42.58,0.0
United States,USA,20221212,1.0,1.0,0.0,0.0,0.0,1.0,1.0,1.0,2.0,3.0,1.0,2.0,5.0,2.0,69.04,28.73,37.26,42.58,0.0
United States,USA,20221213,1.0,1.0,0.0,0.0,0.0,1.0,1.0,1.0,2.0,3.0,1.0,2.0,5.0,2.0,69.05,28.73,37.26,42.58,0.0
United States,USA,20221214,1.0,1.0,0.0,0.0,0.0,1.0,1.0,1.0,2.0,3.0,1.0,2.0,5.0,2.0,69.05,28.73,37.26,42.58,0.0
United States,USA,20221215,1.0,1.0,0.0,0.0,0.0,1.0,1.0,1.0,2.0,3.0,1.0,2.0,5.0,2.0,69.06,28.73,37.25,42.57,0.0
United States,USA,20221216,1.0,1.0,0.0,0.0,0.0,1.0,1.0,1.0,2.0,3.0,1.0,2.0,5.0,2.0,69.07,28.72,37.25,42.57,0.0
United States,USA,20221217,1.0,1.0,0.0,0.0,0.0,1.0,1.0,1.0,2.0,3.0,1.0,2.0,5.0,2.0,69.08,28.72,37.25,42.57,0.0
United States,USA,20221218,1.0,1.0,0.0,0.0,0.0,1.0,1.0,1.0,2.0,3.0,1.0,2.0,5.0,2.0,69.08,28.72,37.25,42.57,0.0
United States,USA,20221219,1.0,1.0,0.0,0.0,0.0,1.0,1.0,1.0,2.0,3.0,1.0,2.0,5.0,2.0,69.09,28.72,37.25,42.57,0.0
United States,USA,20221220,1.0,1.0,0.0,0.0,0.0,1.0,1.0,1.0,2.0,3.0,1.0,2.0,5.0,2.0,69.1,28.72,37.25,42.57,0.0
United States,USA,20221221,1.0,1.0,0.0,0.0,0.0,1.0,1.0,1.0,2.0,3.0,1.0,2.0,5.0,2.0,69.1,28.72,37.25,42.57,0.0
United States,USA,20221222,1.0,1.0,0.0,0.0,0.0,1.0,1.0,1.0,2.0,3.0,1.0,2.0,5.0,2.0,69.11,28.72,37.25,42.57,0.0
United States,USA,20221223,1.0,1.0,0.0,0.0,0.0,1.0,1.0,1.0,2.0,3.0,1.0,2.0,5.0,2.0,69.11,28.72,37.25,42.57,0.0
United States,USA,20221224,1.0,1.0,0.0,0.0,0.0,1.0,1.0,1.0,2.0,3.0,1.0,2.0,5.0,2.0,69.12,28.72,37.25,42.57,0.0
United States,USA,20221225,1.0,1.0,0.0,0.0,0.0,1.0,1.0,1.0,2.0,3.0,1.0,2.0,5.0,2.0,69.12,28.72,37.25,42.57,0.0
United States,USA,20221226,1.0,1.0,0.0,0.0,0.0,1.0,1.0,1.0,2.0,3.0,1.0,2.0,5.0,2.0,69.12,28.72,37.25,42.57,0.0
United States,USA,20221227,1.0,1.0,0.0,0.0,0.0,1.0,1.0,1.0,2.0,3.0,1.0,2.0,5.0,2.0,69.13,28.72,37.25,42.57,0.0
United States,USA,20221228,1.0,1.0,0.0,0.0,0.0,1.0,1.0,1.0,2.0,3.0,1.0,2.0,5.0,2.0,69.13,28.72,37.25,42.57,0.0
United States,USA,20221229,1.0,1.0,0.0,0.0,0.0,1.0,1.0,1.0,2.0,3.0,1.0,2.0,5.0,2.0,69.14,28.72,37.25,42.57,0.0
United States,USA,20221230,1.0,1.0,0.0,0.0,0.0,1.0,1.0,1.0,2.0,3.0,1.0,2.0,5.0,2.0,69.15,28.71,37.25,42.57,0.0
United States,USA,20221231,1.0,1.0,0.0,0.0,0.0,1.0,1.0,1.0,2.0,3.0,1.0,2.0,5.0,2.0,69.15,28.71,38.03,43.46,0.0
South Africa,ZAF,20200101,0.0,0.0,0.0,0.0,0.0,0.0,0.0,0.0,0.0,0.0,0.0,0.0,0.0,0.0,0.0,0.0,0.0,0.0,0.0
South Africa,ZAF,20200102,0.0,0.0,0.0,0.0,0.0,0.0,0.0,0.0,0.0,0.0,0.0,0.0,0.0,0.0,0.0,0.0,0.0,0.0,0.0
South Africa,ZAF,20200103,0.0,0.0,0.0,0.0,0.0,0.0,0.0,0.0,0.0,0.0,0.0,0.0,0.0,0.0,0.0,0.0,0.0,0.0,0.0
South Africa,ZAF,20200104,0.0,0.0,0.0,0.0,0.0,0.0,0.0,0.0,0.0,0.0,0.0,0.0,0.0,0.0,0.0,0.0,0.0,0.0,0.0
South Africa,ZAF,20200105,0.0,0.0,0.0,0.0,0.0,0.0,0.0,0.0,0.0,0.0,0.0,0.0,0.0,0.0,0.0,0.0,0.0,0.0,0.0
South Africa,ZAF,20200106,0.0,0.0,0.0,0.0,0.0,0.0,0.0,0.0,0.0,0.0,0.0,0.0,0.0,0.0,0.0,0.0,0.0,0.0,0.0
South Africa,ZAF,20200107,0.0,0.0,0.0,0.0,0.0,0.0,0.0,0.0,0.0,0.0,0.0,0.0,0.0,0.0,0.0,0.0,0.0,0.0,0.0
South Africa,ZAF,20200108,0.0,0.0,0.0,0.0,0.0,0.0,0.0,0.0,0.0,0.0,0.0,0.0,0.0,0.0,0.0,0.0,0.0,0.0,0.0
South Africa,ZAF,20200109,0.0,0.0,0.0,0.0,0.0,0.0,0.0,0.0,0.0,0.0,0.0,0.0,0.0,0.0,0.0,0.0,0.0,0.0,0.0
South Africa,ZAF,20200110,0.0,0.0,0.0,0.0,0.0,0.0,0.0,0.0,0.0,0.0,0.0,0.0,0.0,0.0,0.0,0.0,0.0,0.0,0.0
South Africa,ZAF,20200111,0.0,0.0,0.0,0.0,0.0,0.0,0.0,0.0,0.0,0.0,0.0,0.0,0.0,0.0,0.0,0.0,0.0,0.0,0.0
South Africa,ZAF,20200112,0.0,0.0,0.0,0.0,0.0,0.0,0.0,0.0,0.0,0.0,0.0,0.0,0.0,0.0,0.0,0.0,0.0,0.0,0.0
South Africa,ZAF,20200113,0.0,0.0,0.0,0.0,0.0,0.0,0.0,0.0,0.0,0.0,0.0,0.0,0.0,0.0,0.0,0.0,0.0,0.0,0.0
South Africa,ZAF,20200114,0.0,0.0,0.0,0.0,0.0,0.0,0.0,0.0,0.0,0.0,0.0,0.0,0.0,0.0,0.0,0.0,0.0,0.0,0.0
South Africa,ZAF,20200115,0.0,0.0,0.0,0.0,0.0,0.0,0.0,0.0,0.0,0.0,0.0,0.0,0.0,0.0,0.0,0.0,0.0,0.0,0.0
South Africa,ZAF,20200116,0.0,0.0,0.0,0.0,0.0,0.0,0.0,0.0,0.0,0.0,0.0,0.0,0.0,0.0,0.0,0.0,0.0,0.0,0.0
South Africa,ZAF,20200117,0.0,0.0,0.0,0.0,0.0,0.0,0.0,0.0,0.0,0.0,0.0,0.0,0.0,0.0,0.0,0.0,0.0,0.0,0.0
South Africa,ZAF,20200118,0.0,0.0,0.0,0.0,0.0,0.0,0.0,0.0,0.0,0.0,0.0,0.0,0.0,0.0,0.0,0.0,0.0,0.0,0.0
South Africa,ZAF,20200119,0.0,0.0,0.0,0.0,0.0,0.0,0.0,0.0,0.0,0.0,0.0,0.0,0.0,0.0,0.0,0.0,0.0,0.0,0.0
South Africa,ZAF,20200120,0.0,0.0,0.0,0.0,0.0,0.0,0.0,0.0,0.0,0.0,0.0,0.0,0.0,0.0,0.0,0.0,0.0,0.0,0.0
South Africa,ZAF,20200121,0.0,0.0,0.0,0.0,0.0,0.0,0.0,0.0,0.0,0.0,0.0,0.0,0.0,0.0,0.0,0.0,0.0,0.0,0.0
South Africa,ZAF,20200122,0.0,0.0,0.0,0.0,0.0,0.0,0.0,0.0,0.0,0.0,0.0,0.0,0.0,0.0,0.0,0.0,0.0,0.0,0.0
South Africa,ZAF,20200123,0.0,0.0,0.0,0.0,0.0,0.0,0.0,1.0,0.0,0.0,0.0,0.0,0.0,0.0,0.0,2.78,1.56,1.79,0.0
South Africa,ZAF,20200124,0.0,0.0,0.0,0.0,0.0,0.0,0.0,1.0,0.0,0.0,0.0,0.0,0.0,0.0,0.0,2.78,1.56,1.79,0.0
South Africa,ZAF,20200125,0.0,0.0,0.0,0.0,0.0,0.0,0.0,1.0,0.0,0.0,0.0,0.0,0.0,0.0,0.0,2.78,1.56,1.79,0.0
South Africa,ZAF,20200126,0.0,0.0,0.0,0.0,0.0,0.0,0.0,1.0,0.0,0.0,0.0,0.0,0.0,0.0,0.0,2.78,1.56,1.79,0.0
South Africa,ZAF,20200127,0.0,0.0,0.0,0.0,0.0,0.0,0.0,1.0,0.0,0.0,0.0,0.0,0.0,0.0,0.0,2.78,1.56,1.79,0.0
South Africa,ZAF,20200128,0.0,0.0,0.0,0.0,0.0,0.0,0.0,1.0,0.0,0.0,0.0,0.0,0.0,0.0,0.0,2.78,1.56,1.79,0.0
South Africa,ZAF,20200129,0.0,0.0,0.0,0.0,0.0,0.0,0.0,1.0,0.0,0.0,0.0,0.0,0.0,0.0,0.0,2.78,1.56,1.79,0.0
South Africa,ZAF,20200130,0.0,0.0,0.0,0.0,0.0,0.0,0.0,1.0,0.0,0.0,0.0,0.0,0.0,0.0,0.0,2.78,1.56,1.79,0.0
South Africa,ZAF,20200131,0.0,0.0,0.0,0.0,0.0,0.0,0.0,1.0,0.0,0.0,0.0,0.0,0.0,0.0,0.0,2.78,1.56,1.79,0.0
South Africa,ZAF,20200201,0.0,0.0,0.0,0.0,0.0,0.0,0.0,1.0,0.0,0.0,0.0,0.0,0.0,0.0,0.0,2.78,1.56,1.79,0.0
South Africa,ZAF,20200202,0.0,0.0,0.0,0.0,0.0,0.0,0.0,1.0,0.0,0.0,0.0,0.0,0.0,0.0,0.0,2.78,1.56,1.79,0.0
South Africa,ZAF,20200203,0.0,0.0,0.0,0.0,0.0,0.0,0.0,1.0,0.0,0.0,0.0,0.0,0.0,0.0,0.0,2.78,1.56,1.79,0.0
South Africa,ZAF,20200204,0.0,0.0,0.0,0.0,0.0,0.0,0.0,1.0,0.0,0.0,0.0,0.0,0.0,0.0,0.0,2.78,1.56,1.79,0.0
South Africa,ZAF,20200205,0.0,0.0,0.0,0.0,0.0,0.0,0.0,1.0,0.0,0.0,0.0,0.0,0.0,0.0,0.0,2.78,1.56,1.79,0.0
South Africa,ZAF,20200206,0.0,0.0,0.0,0.0,0.0,0.0,0.0,1.0,0.0,0.0,0.0,0.0,0.0,0.0,0.0,2.78,1.56,1.79,0.0
South Africa,ZAF,20200207,0.0,0.0,0.0,0.0,0.0,0.0,0.0,1.0,0.0,0.0,0.0,0.0,0.0,0.0,0.0,2.78,1.56,1.79,0.0
South Africa,ZAF,20200208,0.0,0.0,0.0,0.0,0.0,0.0,0.0,1.0,0.0,0.0,0.0,0.0,0.0,0.0,0.0,2.78,1.56,1.79,0.0
South Africa,ZAF,20200209,0.0,0.0,0.0,0.0,0.0,0.0,0.0,1.0,0.0,0.0,0.0,0.0,0.0,0.0,0.0,2.78,1.56,1.79,0.0
South Africa,ZAF,20200210,0.0,0.0,0.0,0.0,0.0,0.0,0.0,1.0,0.0,0.0,0.0,0.0,0.0,0.0,0.0,2.78,1.56,1.79,0.0
South Africa,ZAF,20200211,0.0,0.0,0.0,0.0,0.0,0.0,0.0,1.0,0.0,0.0,0.0,0.0,0.0,0.0,0.0,2.78,1.56,1.79,0.0
South Africa,ZAF,20200212,0.0,0.0,0.0,0.0,0.0,0.0,0.0,1.0,0.0,0.0,0.0,0.0,0.0,0.0,0.0,2.78,1.56,1.79,0.0
South Africa,ZAF,20200213,0.0,0.0,0.0,0.0,0.0,0.0,0.0,1.0,0.0,0.0,0.0,0.0,0.0,0.0,0.0,2.78,1.56,1.79,0.0
South Africa,ZAF,20200214,0.0,0.0,0.0,0.0,0.0,0.0,0.0,1.0,0.0,0.0,0.0,0.0,0.0,0.0,0.0,2.78,1.56,1.79,0.0
South Africa,ZAF,20200215,0.0,0.0,0.0,0.0,0.0,0.0,0.0,1.0,0.0,0.0,0.0,0.0,0.0,0.0,0.0,2.78,1.56,1.79,0.0
South Africa,ZAF,20200216,0.0,0.0,0.0,0.0,0.0,0.0,0.0,1.0,0.0,0.0,0.0,0.0,0.0,0.0,0.0,2.78,1.56,1.79,0.0
South Africa,ZAF,20200217,0.0,0.0,0.0,0.0,0.0,0.0,0.0,1.0,0.0,0.0,0.0,0.0,0.0,0.0,0.0,2.78,1.56,1.79,0.0
South Africa,ZAF,20200218,0.0,0.0,0.0,0.0,0.0,0.0,0.0,1.0,0.0,0.0,0.0,0.0,0.0,0.0,0.0,2.78,1.56,1.79,0.0
South Africa,ZAF,20200219,0.0,0.0,0.0,0.0,0.0,0.0,0.0,1.0,0.0,0.0,0.0,0.0,0.0,0.0,0.0,2.78,1.56,1.79,0.0
South Africa,ZAF,20200220,0.0,0.0,0.0,0.0,0.0,0.0,0.0,1.0,0.0,0.0,0.0,0.0,0.0,0.0,0.0,2.78,1.56,1.79,0.0
South Africa,ZAF,20200221,0.0,0.0,0.0,0.0,0.0,0.0,0.0,1.0,0.0,0.0,0.0,0.0,0.0,0.0,0.0,2.78,1.56,1.79,0.0
South Africa,ZAF,20200222,0.0,0.0,0.0,0.0,0.0,0.0,0.0,1.0,0.0,0.0,0.0,0.0,0.0,0.0,0.0,2.78,1.56,1.79,0.0
South Africa,ZAF,20200223,0.0,0.0,0.0,0.0,0.0,0.0,0.0,1.0,0.0,0.0,0.0,0.0,0.0,0.0,0.0,2.78,1.56,1.79,0.0
South Africa,ZAF,20200224,0.0,0.0,0.0,0.0,0.0,0.0,0.0,1.0,0.0,0.0,0.0,0.0,0.0,0.0,0.0,2.78,1.56,1.79,0.0
South Africa,ZAF,20200225,0.0,0.0,0.0,0.0,0.0,0.0,0.0,1.0,0.0,0.0,0.0,0.0,0.0,0.0,0.0,2.78,1.56,1.79,0.0
South Africa,ZAF,20200226,0.0,0.0,0.0,0.0,0.0,0.0,0.0,1.0,0.0,0.0,0.0,0.0,0.0,0.0,0.0,2.78,1.56,1.79,0.0
South Africa,ZAF,20200227,0.0,0.0,0.0,0.0,0.0,0.0,0.0,1.0,0.0,0.0,0.0,0.0,0.0,0.0,0.0,2.78,1.56,1.79,0.0
South Africa,ZAF,20200228,0.0,0.0,0.0,0.0,0.0,0.0,0.0,1.0,0.0,0.0,0.0,0.0,0.0,0.0,0.0,2.78,1.56,1.79,0.0
South Africa,ZAF,20200229,0.0,0.0,0.0,0.0,0.0,0.0,0.0,1.0,0.0,0.0,0.0,0.0,0.0,0.0,0.0,2.78,1.56,1.79,0.0
South Africa,ZAF,20200301,0.0,0.0,0.0,0.0,0.0,0.0,0.0,1.0,0.0,0.0,0.0,0.0,0.0,0.0,0.0,2.78,1.56,1.79,0.0
South Africa,ZAF,20200302,0.0,0.0,0.0,0.0,0.0,0.0,0.0,1.0,0.0,0.0,0.0,0.0,0.0,0.0,0.0,2.78,1.56,1.79,0.0
South Africa,ZAF,20200303,0.0,0.0,0.0,0.0,0.0,0.0,0.0,1.0,0.0,0.0,0.0,0.0,0.0,0.0,0.0,2.78,1.56,1.79,0.0
South Africa,ZAF,20200304,0.0,0.0,0.0,0.0,0.0,0.0,0.0,1.0,0.0,0.0,0.0,0.0,0.0,0.0,0.0,2.78,1.56,1.79,0.0
South Africa,ZAF,20200305,0.0,0.0,0.0,0.0,0.0,0.0,0.0,1.0,2.0,0.0,0.0,0.0,0.0,0.0,0.0,13.89,7.81,8.93,0.0
South Africa,ZAF,20200306,0.0,0.0,0.0,0.0,0.0,0.0,0.0,1.0,2.0,0.0,0.0,0.0,0.0,0.0,0.0,13.89,7.81,8.93,0.0
South Africa,ZAF,20200307,0.0,0.0,0.0,0.0,0.0,0.0,0.0,1.0,2.0,0.0,2.0,0.0,0.0,0.0,0.0,13.89,14.06,16.07,0.0
South Africa,ZAF,20200308,0.0,0.0,0.0,0.0,0.0,0.0,0.0,1.0,2.0,0.0,2.0,0.0,0.0,0.0,0.0,13.89,14.06,16.07,0.0
South Africa,ZAF,20200309,0.0,0.0,0.0,0.0,0.0,0.0,0.0,1.0,2.0,0.0,2.0,0.0,0.0,0.0,0.0,13.89,14.06,16.07,0.0
South Africa,ZAF,20200310,0.0,0.0,0.0,0.0,0.0,0.0,0.0,1.0,2.0,0.0,2.0,0.0,0.0,0.0,0.0,13.89,14.06,16.07,0.0
South Africa,ZAF,20200311,0.0,0.0,0.0,0.0,0.0,0.0,0.0,1.0,2.0,0.0,2.0,0.0,0.0,0.0,0.0,13.89,14.06,16.07,0.0
South Africa,ZAF,20200312,0.0,0.0,0.0,0.0,0.0,0.0,0.0,1.0,2.0,0.0,2.0,0.0,0.0,0.0,0.0,13.89,14.06,16.07,0.0
South Africa,ZAF,20200313,0.0,0.0,0.0,0.0,0.0,0.0,0.0,1.0,2.0,0.0,2.0,0.0,0.0,0.0,0.0,13.89,14.06,16.07,0.0
South Africa,ZAF,20200314,0.0,0.0,0.0,0.0,0.0,0.0,0.0,1.0,2.0,0.0,2.0,0.0,0.0,0.0,0.0,13.89,14.06,16.07,0.0
South Africa,ZAF,20200315,0.0,0.0,0.0,0.0,0.0,0.0,1.0,1.0,2.0,0.0,2.0,0.0,0.0,0.0,0.0,19.44,17.19,19.64,0.0
South Africa,ZAF,20200316,0.0,0.0,2.0,3.0,0.0,0.0,1.0,1.0,2.0,1.0,2.0,0.0,0.0,0.0,0.0,38.89,30.21,34.52,0.0
South Africa,ZAF,20200317,0.0,0.0,2.0,3.0,0.0,0.0,1.0,1.0,2.0,1.0,2.0,0.0,0.0,0.0,0.0,38.89,30.21,34.52,0.0
South Africa,ZAF,20200318,3.0,0.0,2.0,3.0,0.0,0.0,1.0,3.0,2.0,1.0,2.0,0.0,0.0,1.0,0.0,55.56,41.67,47.62,0.0
South Africa,ZAF,20200319,3.0,0.0,2.0,3.0,0.0,0.0,1.0,3.0,2.0,1.0,2.0,0.0,0.0,1.0,0.0,55.56,41.67,47.62,0.0
South Africa,ZAF,20200320,3.0,0.0,2.0,3.0,0.0,0.0,1.0,3.0,2.0,1.0,2.0,0.0,0.0,1.0,0.0,55.56,41.67,47.62,0.0
South Africa,ZAF,20200321,3.0,0.0,2.0,3.0,0.0,0.0,1.0,3.0,2.0,1.0,2.0,0.0,0.0,1.0,0.0,55.56,41.67,47.62,0.0
South Africa,ZAF,20200322,3.0,0.0,2.0,3.0,0.0,0.0,1.0,3.0,2.0,1.0,2.0,0.0,0.0,1.0,0.0,55.56,41.67,47.62,0.0
South Africa,ZAF,20200323,3.0,0.0,2.0,3.0,0.0,0.0,1.0,3.0,2.0,1.0,2.0,0.0,0.0,1.0,0.0,55.56,41.67,47.62,0.0
South Africa,ZAF,20200324,3.0,0.0,2.0,3.0,0.0,0.0,1.0,3.0,2.0,1.0,2.0,0.0,0.0,1.0,0.0,55.56,41.67,47.62,0.0
South Africa,ZAF,20200325,3.0,0.0,2.0,3.0,0.0,0.0,1.0,3.0,2.0,1.0,2.0,0.0,0.0,1.0,0.0,55.56,41.67,47.62,0.0
South Africa,ZAF,20200326,3.0,3.0,2.0,3.0,1.0,2.0,2.0,4.0,2.0,1.0,2.0,0.0,0.0,3.0,0.0,87.96,64.06,73.21,0.0
South Africa,ZAF,20200327,3.0,3.0,2.0,3.0,1.0,2.0,2.0,4.0,2.0,1.0,2.0,0.0,0.0,3.0,0.0,87.96,64.06,73.21,0.0
South Africa,ZAF,20200328,3.0,3.0,2.0,3.0,1.0,2.0,2.0,4.0,2.0,2.0,2.0,0.0,0.0,3.0,0.0,87.96,66.15,75.6,0.0
South Africa,ZAF,20200329,3.0,3.0,2.0,3.0,1.0,2.0,2.0,4.0,2.0,2.0,2.0,0.0,0.0,3.0,0.0,87.96,66.15,75.6,0.0
South Africa,ZAF,20200330,3.0,3.0,2.0,3.0,1.0,2.0,2.0,4.0,2.0,2.0,2.0,0.0,0.0,3.0,0.0,87.96,66.15,75.6,0.0
South Africa,ZAF,20200331,3.0,3.0,2.0,3.0,1.0,2.0,2.0,4.0,2.0,2.0,2.0,0.0,0.0,3.0,0.0,87.96,66.15,75.6,0.0
South Africa,ZAF,20200401,3.0,3.0,2.0,3.0,1.0,2.0,2.0,4.0,2.0,2.0,2.0,1.0,0.0,3.0,0.0,87.96,67.71,77.38,0.0
South Africa,ZAF,20200402,3.0,3.0,2.0,3.0,1.0,2.0,2.0,4.0,2.0,2.0,2.0,1.0,0.0,3.0,0.0,87.96,67.71,77.38,0.0
South Africa,ZAF,20200403,3.0,3.0,2.0,3.0,1.0,2.0,2.0,4.0,2.0,2.0,2.0,1.0,0.0,3.0,0.0,87.96,67.71,77.38,0.0
South Africa,ZAF,20200404,3.0,3.0,2.0,3.0,1.0,2.0,2.0,4.0,2.0,2.0,2.0,1.0,0.0,3.0,0.0,87.96,67.71,77.38,0.0
South Africa,ZAF,20200405,3.0,3.0,2.0,3.0,1.0,2.0,2.0,4.0,2.0,2.0,2.0,1.0,0.0,3.0,0.0,87.96,67.71,77.38,0.0
South Africa,ZAF,20200406,3.0,3.0,2.0,3.0,1.0,2.0,2.0,4.0,2.0,2.0,2.0,1.0,0.0,3.0,0.0,87.96,67.71,77.38,0.0
South Africa,ZAF,20200407,3.0,3.0,2.0,3.0,1.0,2.0,2.0,4.0,2.0,2.0,2.0,1.0,0.0,3.0,0.0,87.96,67.71,77.38,0.0
South Africa,ZAF,20200408,3.0,3.0,2.0,3.0,1.0,2.0,2.0,4.0,2.0,2.0,2.0,1.0,0.0,3.0,0.0,87.96,67.71,77.38,0.0
South Africa,ZAF,20200409,3.0,3.0,2.0,3.0,1.0,2.0,2.0,4.0,2.0,2.0,2.0,1.0,0.0,3.0,0.0,87.96,67.71,77.38,0.0
South Africa,ZAF,20200410,3.0,3.0,2.0,3.0,1.0,2.0,2.0,4.0,2.0,2.0,2.0,1.0,0.0,3.0,0.0,87.96,67.71,77.38,0.0
South Africa,ZAF,20200411,3.0,3.0,2.0,3.0,1.0,2.0,2.0,4.0,2.0,2.0,2.0,1.0,0.0,3.0,0.0,87.96,67.71,77.38,0.0
South Africa,ZAF,20200412,3.0,3.0,2.0,3.0,1.0,2.0,2.0,4.0,2.0,2.0,2.0,1.0,0.0,3.0,0.0,87.96,67.71,77.38,0.0
South Africa,ZAF,20200413,3.0,3.0,2.0,3.0,1.0,2.0,2.0,4.0,2.0,2.0,2.0,1.0,0.0,3.0,0.0,87.96,67.71,77.38,0.0
South Africa,ZAF,20200414,3.0,3.0,2.0,3.0,1.0,2.0,2.0,4.0,2.0,2.0,2.0,1.0,0.0,3.0,0.0,87.96,67.71,77.38,0.0
South Africa,ZAF,20200415,3.0,3.0,2.0,3.0,1.0,2.0,2.0,4.0,2.0,2.0,2.0,1.0,0.0,3.0,0.0,87.96,67.71,77.38,0.0
South Africa,ZAF,20200416,3.0,3.0,2.0,3.0,1.0,2.0,2.0,4.0,2.0,2.0,2.0,1.0,0.0,3.0,0.0,87.96,67.71,77.38,0.0
South Africa,ZAF,20200417,3.0,3.0,2.0,3.0,1.0,2.0,2.0,4.0,2.0,2.0,2.0,1.0,0.0,3.0,0.0,87.96,67.71,77.38,0.0
South Africa,ZAF,20200418,3.0,3.0,2.0,3.0,1.0,2.0,2.0,4.0,2.0,2.0,2.0,1.0,0.0,3.0,0.0,87.96,67.71,77.38,0.0
South Africa,ZAF,20200419,3.0,3.0,2.0,3.0,1.0,2.0,2.0,4.0,2.0,2.0,2.0,1.0,0.0,3.0,0.0,87.96,67.71,77.38,0.0
South Africa,ZAF,20200420,3.0,3.0,2.0,3.0,1.0,2.0,2.0,4.0,2.0,2.0,2.0,1.0,0.0,3.0,0.0,87.96,67.71,77.38,0.0
South Africa,ZAF,20200421,3.0,3.0,2.0,3.0,1.0,2.0,2.0,4.0,2.0,2.0,2.0,1.0,0.0,3.0,0.0,87.96,70.83,77.38,25.0
South Africa,ZAF,20200422,3.0,3.0,2.0,3.0,1.0,2.0,2.0,4.0,2.0,2.0,2.0,1.0,0.0,3.0,0.0,87.96,70.83,77.38,25.0
South Africa,ZAF,20200423,3.0,3.0,2.0,3.0,1.0,2.0,2.0,4.0,2.0,2.0,2.0,1.0,0.0,3.0,0.0,87.96,70.83,77.38,25.0
South Africa,ZAF,20200424,3.0,3.0,2.0,3.0,1.0,2.0,2.0,4.0,2.0,2.0,2.0,1.0,0.0,3.0,0.0,87.96,70.83,77.38,25.0
South Africa,ZAF,20200425,3.0,3.0,2.0,3.0,1.0,2.0,2.0,4.0,2.0,2.0,2.0,1.0,0.0,3.0,0.0,87.96,70.83,77.38,25.0
South Africa,ZAF,20200426,3.0,3.0,2.0,3.0,1.0,2.0,2.0,4.0,2.0,2.0,2.0,1.0,0.0,3.0,0.0,87.96,70.83,77.38,25.0
South Africa,ZAF,20200427,3.0,3.0,2.0,3.0,1.0,2.0,2.0,4.0,2.0,2.0,2.0,1.0,0.0,3.0,0.0,87.96,70.83,77.38,25.0
South Africa,ZAF,20200428,3.0,3.0,2.0,3.0,1.0,2.0,2.0,4.0,2.0,2.0,2.0,1.0,0.0,3.0,0.0,87.96,70.83,77.38,25.0
South Africa,ZAF,20200429,3.0,3.0,2.0,3.0,1.0,2.0,2.0,4.0,2.0,2.0,2.0,1.0,0.0,3.0,0.0,87.96,70.83,77.38,25.0
South Africa,ZAF,20200430,3.0,3.0,2.0,3.0,1.0,2.0,2.0,4.0,2.0,2.0,2.0,1.0,0.0,3.0,0.0,87.96,70.83,77.38,25.0
South Africa,ZAF,20200501,3.0,2.0,2.0,3.0,1.0,2.0,2.0,4.0,2.0,3.0,2.0,3.0,0.0,3.0,0.0,84.26,73.96,80.95,25.0
South Africa,ZAF,20200502,3.0,2.0,2.0,3.0,1.0,2.0,2.0,4.0,2.0,3.0,2.0,3.0,0.0,3.0,0.0,84.26,73.96,80.95,25.0
South Africa,ZAF,20200503,3.0,2.0,2.0,3.0,1.0,2.0,2.0,4.0,2.0,3.0,2.0,3.0,0.0,3.0,0.0,84.26,73.96,80.95,25.0
South Africa,ZAF,20200504,3.0,2.0,2.0,3.0,1.0,2.0,2.0,4.0,2.0,3.0,2.0,3.0,0.0,3.0,0.0,84.26,73.96,80.95,25.0
South Africa,ZAF,20200505,3.0,2.0,2.0,3.0,1.0,2.0,2.0,4.0,2.0,3.0,2.0,3.0,0.0,3.0,0.0,84.26,73.96,80.95,25.0
South Africa,ZAF,20200506,3.0,2.0,2.0,3.0,1.0,2.0,2.0,4.0,2.0,3.0,2.0,3.0,0.0,3.0,0.0,84.26,73.96,80.95,25.0
South Africa,ZAF,20200507,3.0,2.0,2.0,3.0,1.0,2.0,2.0,4.0,2.0,3.0,2.0,3.0,0.0,3.0,0.0,84.26,73.96,80.95,25.0
South Africa,ZAF,20200508,3.0,2.0,2.0,3.0,1.0,2.0,2.0,4.0,2.0,3.0,2.0,3.0,0.0,3.0,0.0,84.26,73.96,80.95,25.0
South Africa,ZAF,20200509,3.0,2.0,2.0,3.0,1.0,2.0,2.0,4.0,2.0,3.0,2.0,3.0,0.0,3.0,0.0,84.26,73.96,80.95,25.0
South Africa,ZAF,20200510,3.0,2.0,2.0,3.0,1.0,2.0,2.0,4.0,2.0,3.0,2.0,3.0,0.0,3.0,0.0,84.26,73.96,80.95,25.0
South Africa,ZAF,20200511,3.0,2.0,2.0,3.0,1.0,2.0,2.0,4.0,2.0,3.0,2.0,3.0,0.0,3.0,0.0,84.26,73.96,80.95,25.0
South Africa,ZAF,20200512,3.0,2.0,2.0,3.0,1.0,2.0,2.0,4.0,2.0,3.0,2.0,3.0,0.0,3.0,0.0,84.26,73.96,80.95,25.0
South Africa,ZAF,20200513,3.0,2.0,2.0,3.0,1.0,2.0,2.0,4.0,2.0,3.0,2.0,3.0,0.0,3.0,0.0,84.26,73.96,80.95,25.0
South Africa,ZAF,20200514,3.0,2.0,2.0,3.0,1.0,2.0,2.0,4.0,2.0,3.0,2.0,3.0,0.0,3.0,0.0,84.26,73.96,80.95,25.0
South Africa,ZAF,20200515,3.0,2.0,2.0,3.0,1.0,2.0,2.0,4.0,2.0,3.0,2.0,3.0,0.0,3.0,0.0,84.26,73.96,80.95,25.0
South Africa,ZAF,20200516,3.0,2.0,2.0,3.0,1.0,2.0,2.0,4.0,2.0,3.0,2.0,3.0,0.0,3.0,0.0,84.26,73.96,80.95,25.0
South Africa,ZAF,20200517,3.0,2.0,2.0,3.0,1.0,2.0,2.0,4.0,2.0,3.0,2.0,3.0,0.0,3.0,0.0,84.26,73.96,80.95,25.0
South Africa,ZAF,20200518,3.0,2.0,2.0,3.0,1.0,2.0,2.0,4.0,2.0,3.0,2.0,3.0,0.0,3.0,0.0,84.26,73.96,80.95,25.0
South Africa,ZAF,20200519,3.0,2.0,2.0,3.0,1.0,2.0,2.0,4.0,2.0,3.0,2.0,3.0,0.0,3.0,0.0,84.26,73.96,80.95,25.0
South Africa,ZAF,20200520,3.0,2.0,2.0,3.0,1.0,2.0,2.0,4.0,2.0,3.0,2.0,3.0,0.0,3.0,0.0,84.26,73.96,80.95,25.0
South Africa,ZAF,20200521,3.0,2.0,2.0,3.0,1.0,2.0,2.0,4.0,2.0,3.0,2.0,3.0,0.0,3.0,0.0,84.26,73.96,80.95,25.0
South Africa,ZAF,20200522,3.0,2.0,2.0,3.0,1.0,2.0,2.0,4.0,2.0,3.0,2.0,3.0,0.0,3.0,0.0,84.26,73.96,80.95,25.0
South Africa,ZAF,20200523,3.0,2.0,2.0,3.0,1.0,2.0,2.0,4.0,2.0,3.0,2.0,3.0,0.0,3.0,0.0,84.26,73.96,80.95,25.0
South Africa,ZAF,20200524,3.0,2.0,2.0,3.0,1.0,2.0,2.0,4.0,2.0,3.0,2.0,3.0,0.0,3.0,0.0,84.26,73.96,80.95,25.0
South Africa,ZAF,20200525,3.0,2.0,2.0,3.0,1.0,2.0,2.0,4.0,2.0,3.0,2.0,3.0,0.0,3.0,0.0,84.26,73.96,80.95,25.0
South Africa,ZAF,20200526,3.0,2.0,2.0,3.0,1.0,2.0,2.0,4.0,2.0,3.0,2.0,3.0,0.0,3.0,0.0,84.26,73.96,80.95,25.0
South Africa,ZAF,20200527,3.0,2.0,2.0,3.0,1.0,2.0,2.0,4.0,2.0,3.0,2.0,3.0,0.0,3.0,0.0,84.26,73.96,80.95,25.0
South Africa,ZAF,20200528,3.0,2.0,2.0,3.0,1.0,2.0,2.0,4.0,2.0,3.0,2.0,3.0,0.0,3.0,0.0,84.26,73.96,80.95,25.0
South Africa,ZAF,20200529,3.0,2.0,2.0,3.0,1.0,2.0,2.0,4.0,2.0,3.0,2.0,3.0,0.0,3.0,0.0,84.26,80.21,80.95,75.0
South Africa,ZAF,20200530,3.0,2.0,2.0,3.0,1.0,2.0,2.0,4.0,2.0,3.0,2.0,3.0,0.0,3.0,0.0,84.26,80.21,80.95,75.0
South Africa,ZAF,20200531,3.0,2.0,2.0,3.0,1.0,2.0,2.0,4.0,2.0,3.0,2.0,3.0,0.0,3.0,0.0,84.26,80.21,80.95,75.0
South Africa,ZAF,20200601,3.0,2.0,2.0,3.0,1.0,1.0,2.0,4.0,2.0,3.0,2.0,3.0,0.0,3.0,0.0,80.56,78.12,78.57,75.0
South Africa,ZAF,20200602,3.0,2.0,2.0,3.0,1.0,1.0,2.0,4.0,2.0,3.0,2.0,3.0,0.0,3.0,0.0,80.56,78.12,78.57,75.0
South Africa,ZAF,20200603,3.0,2.0,2.0,3.0,1.0,1.0,2.0,4.0,2.0,3.0,2.0,3.0,0.0,3.0,0.0,80.56,78.12,78.57,75.0
South Africa,ZAF,20200604,3.0,2.0,2.0,3.0,1.0,1.0,2.0,4.0,2.0,3.0,2.0,3.0,0.0,3.0,0.0,80.56,78.12,78.57,75.0
South Africa,ZAF,20200605,3.0,2.0,2.0,3.0,1.0,1.0,2.0,4.0,2.0,3.0,2.0,3.0,0.0,3.0,0.0,80.56,78.12,78.57,75.0
South Africa,ZAF,20200606,3.0,2.0,2.0,3.0,1.0,1.0,2.0,4.0,2.0,3.0,2.0,3.0,0.0,3.0,0.0,80.56,78.12,78.57,75.0
South Africa,ZAF,20200607,3.0,2.0,2.0,3.0,1.0,1.0,2.0,4.0,2.0,3.0,2.0,3.0,0.0,3.0,0.0,80.56,78.12,78.57,75.0
South Africa,ZAF,20200608,2.0,2.0,2.0,3.0,1.0,1.0,2.0,4.0,2.0,3.0,2.0,3.0,0.0,3.0,0.0,76.85,76.04,76.19,75.0
South Africa,ZAF,20200609,2.0,2.0,2.0,3.0,1.0,1.0,2.0,4.0,2.0,3.0,2.0,3.0,0.0,3.0,0.0,76.85,76.04,76.19,75.0
South Africa,ZAF,20200610,2.0,2.0,2.0,3.0,1.0,1.0,2.0,4.0,2.0,3.0,2.0,3.0,0.0,3.0,0.0,76.85,76.04,76.19,75.0
South Africa,ZAF,20200611,2.0,2.0,2.0,3.0,1.0,1.0,2.0,4.0,2.0,3.0,2.0,3.0,0.0,3.0,0.0,76.85,76.04,76.19,75.0
South Africa,ZAF,20200612,2.0,2.0,2.0,3.0,1.0,1.0,2.0,4.0,2.0,3.0,2.0,3.0,0.0,3.0,0.0,76.85,76.04,76.19,75.0
South Africa,ZAF,20200613,2.0,2.0,2.0,3.0,1.0,1.0,2.0,4.0,2.0,3.0,2.0,3.0,0.0,3.0,0.0,76.85,76.04,76.19,75.0
South Africa,ZAF,20200614,2.0,2.0,2.0,3.0,1.0,1.0,2.0,4.0,2.0,3.0,2.0,3.0,0.0,3.0,0.0,76.85,76.04,76.19,75.0
South Africa,ZAF,20200615,2.0,2.0,2.0,3.0,1.0,1.0,2.0,4.0,2.0,3.0,2.0,3.0,0.0,3.0,0.0,76.85,76.04,76.19,75.0
South Africa,ZAF,20200616,2.0,2.0,2.0,3.0,1.0,1.0,2.0,4.0,2.0,3.0,2.0,3.0,0.0,3.0,0.0,76.85,76.04,76.19,75.0
South Africa,ZAF,20200617,2.0,2.0,2.0,3.0,1.0,1.0,2.0,4.0,2.0,3.0,2.0,3.0,0.0,3.0,0.0,76.85,76.04,76.19,75.0
South Africa,ZAF,20200618,2.0,2.0,2.0,3.0,1.0,1.0,2.0,4.0,2.0,3.0,2.0,3.0,0.0,3.0,0.0,76.85,76.04,76.19,75.0
South Africa,ZAF,20200619,2.0,2.0,2.0,3.0,1.0,1.0,2.0,4.0,2.0,3.0,2.0,3.0,0.0,3.0,0.0,76.85,76.04,76.19,75.0
South Africa,ZAF,20200620,2.0,2.0,2.0,3.0,1.0,1.0,2.0,4.0,2.0,3.0,2.0,3.0,0.0,3.0,0.0,76.85,76.04,76.19,75.0
South Africa,ZAF,20200621,2.0,2.0,2.0,3.0,1.0,1.0,2.0,4.0,2.0,3.0,2.0,3.0,0.0,3.0,0.0,76.85,76.04,76.19,75.0
South Africa,ZAF,20200622,2.0,2.0,2.0,3.0,1.0,1.0,2.0,4.0,2.0,3.0,2.0,3.0,0.0,3.0,0.0,76.85,76.04,76.19,75.0
South Africa,ZAF,20200623,2.0,2.0,2.0,3.0,1.0,1.0,2.0,4.0,2.0,3.0,2.0,3.0,0.0,3.0,0.0,76.85,76.04,76.19,75.0
South Africa,ZAF,20200624,2.0,2.0,2.0,3.0,1.0,1.0,2.0,4.0,2.0,3.0,2.0,3.0,0.0,3.0,0.0,76.85,76.04,76.19,75.0
South Africa,ZAF,20200625,2.0,2.0,2.0,3.0,1.0,1.0,2.0,4.0,2.0,3.0,2.0,3.0,0.0,3.0,0.0,76.85,76.04,76.19,75.0
South Africa,ZAF,20200626,2.0,2.0,2.0,3.0,1.0,1.0,2.0,4.0,2.0,3.0,2.0,3.0,0.0,3.0,0.0,76.85,76.04,76.19,75.0
South Africa,ZAF,20200627,2.0,2.0,2.0,3.0,1.0,1.0,2.0,4.0,2.0,3.0,2.0,3.0,0.0,3.0,0.0,76.85,76.04,76.19,75.0
South Africa,ZAF,20200628,2.0,2.0,2.0,3.0,1.0,1.0,2.0,4.0,2.0,3.0,2.0,3.0,0.0,3.0,0.0,76.85,76.04,76.19,75.0
South Africa,ZAF,20200629,2.0,2.0,2.0,3.0,1.0,1.0,2.0,4.0,2.0,3.0,2.0,3.0,0.0,3.0,0.0,76.85,76.04,76.19,75.0
South Africa,ZAF,20200630,2.0,2.0,2.0,3.0,1.0,1.0,2.0,4.0,2.0,3.0,2.0,3.0,0.0,3.0,0.0,76.85,76.04,76.19,75.0
South Africa,ZAF,20200701,2.0,2.0,2.0,3.0,1.0,1.0,2.0,4.0,2.0,3.0,2.0,3.0,0.0,3.0,0.0,76.85,76.04,76.19,75.0
South Africa,ZAF,20200702,2.0,2.0,2.0,3.0,1.0,1.0,2.0,4.0,2.0,3.0,2.0,3.0,0.0,3.0,0.0,76.85,76.04,76.19,75.0
South Africa,ZAF,20200703,2.0,2.0,2.0,3.0,1.0,1.0,2.0,4.0,2.0,3.0,2.0,3.0,0.0,3.0,0.0,76.85,76.04,76.19,75.0
South Africa,ZAF,20200704,2.0,2.0,2.0,3.0,1.0,1.0,2.0,4.0,2.0,3.0,2.0,3.0,0.0,3.0,0.0,76.85,76.04,76.19,75.0
South Africa,ZAF,20200705,2.0,2.0,2.0,3.0,1.0,1.0,2.0,4.0,2.0,3.0,2.0,3.0,0.0,3.0,0.0,76.85,76.04,76.19,75.0
South Africa,ZAF,20200706,2.0,2.0,2.0,3.0,1.0,1.0,2.0,4.0,2.0,3.0,2.0,3.0,0.0,3.0,0.0,76.85,76.04,76.19,75.0
South Africa,ZAF,20200707,2.0,2.0,2.0,3.0,1.0,1.0,2.0,4.0,2.0,3.0,2.0,3.0,0.0,3.0,0.0,76.85,76.04,76.19,75.0
South Africa,ZAF,20200708,2.0,2.0,2.0,3.0,1.0,1.0,2.0,4.0,2.0,3.0,2.0,3.0,0.0,3.0,0.0,76.85,76.04,76.19,75.0
South Africa,ZAF,20200709,2.0,2.0,2.0,3.0,1.0,1.0,2.0,4.0,2.0,3.0,2.0,3.0,0.0,3.0,0.0,76.85,76.04,76.19,75.0
South Africa,ZAF,20200710,2.0,2.0,2.0,3.0,1.0,1.0,2.0,4.0,2.0,3.0,2.0,3.0,0.0,3.0,0.0,76.85,76.04,76.19,75.0
South Africa,ZAF,20200711,2.0,2.0,2.0,3.0,1.0,1.0,2.0,4.0,2.0,3.0,2.0,3.0,0.0,3.0,0.0,76.85,76.04,76.19,75.0
South Africa,ZAF,20200712,2.0,2.0,2.0,3.0,1.0,2.0,2.0,4.0,2.0,3.0,2.0,3.0,0.0,3.0,0.0,80.56,78.12,78.57,75.0
South Africa,ZAF,20200713,2.0,2.0,2.0,3.0,1.0,2.0,2.0,4.0,2.0,3.0,2.0,3.0,0.0,3.0,0.0,80.56,78.12,78.57,75.0
South Africa,ZAF,20200714,2.0,2.0,2.0,3.0,1.0,2.0,2.0,4.0,2.0,3.0,2.0,3.0,0.0,3.0,0.0,80.56,78.12,78.57,75.0
South Africa,ZAF,20200715,2.0,2.0,2.0,3.0,1.0,2.0,2.0,4.0,2.0,3.0,2.0,3.0,0.0,3.0,0.0,80.56,78.12,78.57,75.0
South Africa,ZAF,20200716,2.0,2.0,2.0,3.0,1.0,2.0,2.0,4.0,2.0,3.0,2.0,3.0,0.0,3.0,0.0,80.56,78.12,78.57,75.0
South Africa,ZAF,20200717,2.0,2.0,2.0,3.0,1.0,2.0,2.0,4.0,2.0,3.0,2.0,3.0,0.0,3.0,0.0,80.56,78.12,78.57,75.0
South Africa,ZAF,20200718,2.0,2.0,2.0,3.0,1.0,2.0,2.0,4.0,2.0,3.0,2.0,3.0,0.0,3.0,0.0,80.56,78.12,78.57,75.0
South Africa,ZAF,20200719,2.0,2.0,2.0,3.0,1.0,2.0,2.0,4.0,2.0,3.0,2.0,3.0,0.0,3.0,0.0,80.56,78.12,78.57,75.0
South Africa,ZAF,20200720,2.0,2.0,2.0,3.0,1.0,2.0,2.0,4.0,2.0,3.0,2.0,3.0,0.0,3.0,0.0,80.56,78.12,78.57,75.0
South Africa,ZAF,20200721,2.0,2.0,2.0,3.0,1.0,2.0,2.0,4.0,2.0,3.0,2.0,3.0,0.0,3.0,0.0,80.56,78.12,78.57,75.0
South Africa,ZAF,20200722,2.0,2.0,2.0,3.0,1.0,2.0,2.0,4.0,2.0,3.0,2.0,3.0,0.0,3.0,0.0,80.56,78.12,78.57,75.0
South Africa,ZAF,20200723,2.0,2.0,2.0,3.0,1.0,2.0,2.0,4.0,2.0,3.0,2.0,3.0,0.0,3.0,0.0,80.56,78.12,78.57,75.0
South Africa,ZAF,20200724,2.0,2.0,2.0,3.0,1.0,2.0,2.0,4.0,2.0,3.0,2.0,3.0,0.0,3.0,0.0,80.56,78.12,78.57,75.0
South Africa,ZAF,20200725,2.0,2.0,2.0,3.0,1.0,2.0,2.0,4.0,2.0,3.0,2.0,3.0,0.0,3.0,0.0,80.56,78.12,78.57,75.0
South Africa,ZAF,20200726,2.0,2.0,2.0,3.0,1.0,2.0,2.0,4.0,2.0,3.0,2.0,3.0,0.0,3.0,0.0,80.56,78.12,78.57,75.0
South Africa,ZAF,20200727,3.0,2.0,2.0,3.0,1.0,2.0,2.0,4.0,2.0,3.0,2.0,3.0,0.0,3.0,0.0,84.26,80.21,80.95,75.0
South Africa,ZAF,20200728,3.0,2.0,2.0,3.0,1.0,2.0,2.0,4.0,2.0,3.0,2.0,3.0,0.0,3.0,0.0,84.26,80.21,80.95,75.0
South Africa,ZAF,20200729,3.0,2.0,2.0,3.0,1.0,2.0,2.0,4.0,2.0,3.0,2.0,3.0,0.0,3.0,0.0,84.26,80.21,80.95,75.0
South Africa,ZAF,20200730,3.0,2.0,2.0,3.0,0.0,2.0,2.0,4.0,2.0,3.0,2.0,3.0,0.0,3.0,0.0,78.7,77.08,77.38,75.0
South Africa,ZAF,20200731,3.0,2.0,2.0,3.0,0.0,2.0,2.0,4.0,2.0,3.0,2.0,3.0,0.0,3.0,0.0,78.7,77.08,77.38,75.0
South Africa,ZAF,20200801,3.0,2.0,2.0,3.0,0.0,2.0,2.0,4.0,2.0,3.0,2.0,3.0,0.0,3.0,0.0,78.7,77.08,77.38,75.0
South Africa,ZAF,20200802,3.0,2.0,2.0,3.0,0.0,2.0,2.0,4.0,2.0,3.0,2.0,3.0,0.0,3.0,0.0,78.7,77.08,77.38,75.0
South Africa,ZAF,20200803,2.0,2.0,2.0,3.0,0.0,2.0,2.0,4.0,2.0,3.0,2.0,3.0,0.0,3.0,0.0,75.0,75.0,75.0,75.0
South Africa,ZAF,20200804,2.0,2.0,2.0,3.0,0.0,2.0,2.0,4.0,2.0,3.0,2.0,3.0,0.0,3.0,0.0,75.0,75.0,75.0,75.0
South Africa,ZAF,20200805,2.0,2.0,2.0,3.0,0.0,2.0,2.0,4.0,2.0,3.0,2.0,3.0,0.0,3.0,0.0,75.0,75.0,75.0,75.0
South Africa,ZAF,20200806,2.0,2.0,2.0,3.0,0.0,2.0,2.0,4.0,2.0,3.0,2.0,3.0,0.0,3.0,0.0,75.0,75.0,75.0,75.0
South Africa,ZAF,20200807,2.0,2.0,2.0,3.0,0.0,2.0,2.0,4.0,2.0,3.0,2.0,3.0,0.0,3.0,0.0,75.0,75.0,75.0,75.0
South Africa,ZAF,20200808,2.0,2.0,2.0,3.0,0.0,2.0,2.0,4.0,2.0,3.0,2.0,3.0,0.0,3.0,0.0,75.0,75.0,75.0,75.0
South Africa,ZAF,20200809,2.0,2.0,2.0,3.0,0.0,2.0,2.0,4.0,2.0,3.0,2.0,3.0,0.0,3.0,0.0,75.0,75.0,75.0,75.0
South Africa,ZAF,20200810,2.0,2.0,2.0,3.0,0.0,2.0,2.0,4.0,2.0,3.0,2.0,3.0,0.0,3.0,0.0,75.0,75.0,75.0,75.0
South Africa,ZAF,20200811,2.0,2.0,2.0,3.0,0.0,2.0,2.0,4.0,2.0,3.0,2.0,3.0,0.0,3.0,0.0,75.0,75.0,75.0,75.0
South Africa,ZAF,20200812,2.0,2.0,2.0,3.0,0.0,2.0,2.0,4.0,2.0,3.0,2.0,3.0,0.0,3.0,0.0,75.0,75.0,75.0,75.0
South Africa,ZAF,20200813,2.0,2.0,2.0,3.0,0.0,2.0,2.0,4.0,2.0,3.0,2.0,3.0,0.0,3.0,0.0,75.0,75.0,75.0,75.0
South Africa,ZAF,20200814,2.0,2.0,2.0,3.0,0.0,2.0,2.0,4.0,2.0,3.0,2.0,3.0,0.0,3.0,0.0,75.0,75.0,75.0,75.0
South Africa,ZAF,20200815,2.0,2.0,2.0,3.0,0.0,2.0,2.0,4.0,2.0,3.0,2.0,3.0,0.0,3.0,0.0,75.0,75.0,75.0,75.0
South Africa,ZAF,20200816,2.0,2.0,2.0,3.0,0.0,2.0,2.0,4.0,2.0,3.0,2.0,3.0,0.0,3.0,0.0,75.0,75.0,75.0,75.0
South Africa,ZAF,20200817,2.0,2.0,2.0,3.0,0.0,2.0,2.0,4.0,2.0,3.0,2.0,3.0,0.0,3.0,0.0,75.0,75.0,75.0,75.0
South Africa,ZAF,20200818,2.0,2.0,2.0,4.0,0.0,2.0,1.0,4.0,2.0,3.0,2.0,3.0,0.0,3.0,0.0,72.22,73.44,73.21,75.0
South Africa,ZAF,20200819,2.0,2.0,2.0,4.0,0.0,2.0,1.0,4.0,2.0,3.0,2.0,3.0,0.0,3.0,0.0,72.22,73.44,73.21,75.0
South Africa,ZAF,20200820,2.0,2.0,2.0,4.0,0.0,2.0,1.0,4.0,2.0,3.0,2.0,3.0,0.0,3.0,0.0,72.22,73.44,73.21,75.0
South Africa,ZAF,20200821,2.0,2.0,2.0,4.0,0.0,2.0,1.0,4.0,2.0,3.0,2.0,3.0,0.0,3.0,0.0,72.22,73.44,73.21,75.0
South Africa,ZAF,20200822,2.0,2.0,2.0,4.0,0.0,2.0,1.0,4.0,2.0,3.0,2.0,3.0,0.0,3.0,0.0,72.22,73.44,73.21,75.0
South Africa,ZAF,20200823,2.0,2.0,2.0,4.0,0.0,2.0,1.0,4.0,2.0,3.0,2.0,3.0,0.0,3.0,0.0,72.22,73.44,73.21,75.0
South Africa,ZAF,20200824,2.0,2.0,2.0,4.0,0.0,2.0,1.0,4.0,2.0,3.0,2.0,3.0,0.0,3.0,0.0,72.22,73.44,73.21,75.0
South Africa,ZAF,20200825,2.0,2.0,2.0,4.0,0.0,2.0,1.0,4.0,2.0,3.0,2.0,3.0,0.0,3.0,0.0,72.22,73.44,73.21,75.0
South Africa,ZAF,20200826,2.0,2.0,2.0,4.0,0.0,2.0,1.0,4.0,2.0,3.0,2.0,3.0,0.0,3.0,0.0,72.22,73.44,73.21,75.0
South Africa,ZAF,20200827,2.0,2.0,2.0,4.0,0.0,2.0,1.0,4.0,2.0,3.0,2.0,3.0,0.0,3.0,0.0,72.22,73.44,73.21,75.0
South Africa,ZAF,20200828,2.0,2.0,2.0,4.0,0.0,2.0,1.0,4.0,2.0,3.0,2.0,3.0,0.0,3.0,0.0,72.22,73.44,73.21,75.0
South Africa,ZAF,20200829,2.0,2.0,2.0,4.0,0.0,2.0,1.0,4.0,2.0,3.0,2.0,3.0,0.0,3.0,0.0,72.22,73.44,73.21,75.0
South Africa,ZAF,20200830,2.0,2.0,2.0,4.0,0.0,2.0,1.0,4.0,2.0,3.0,2.0,3.0,0.0,3.0,0.0,72.22,73.44,73.21,75.0
South Africa,ZAF,20200831,2.0,2.0,2.0,4.0,0.0,2.0,1.0,4.0,2.0,3.0,2.0,3.0,0.0,3.0,0.0,72.22,73.44,73.21,75.0
South Africa,ZAF,20200901,2.0,2.0,2.0,4.0,0.0,2.0,1.0,4.0,2.0,3.0,2.0,3.0,0.0,3.0,0.0,72.22,73.44,73.21,75.0
South Africa,ZAF,20200902,2.0,2.0,2.0,4.0,0.0,2.0,1.0,4.0,2.0,3.0,2.0,3.0,0.0,3.0,0.0,72.22,73.44,73.21,75.0
South Africa,ZAF,20200903,2.0,2.0,2.0,4.0,0.0,2.0,1.0,4.0,2.0,3.0,2.0,3.0,0.0,3.0,0.0,72.22,73.44,73.21,75.0
South Africa,ZAF,20200904,2.0,2.0,2.0,4.0,0.0,2.0,1.0,4.0,2.0,3.0,2.0,3.0,0.0,3.0,0.0,72.22,73.44,73.21,75.0
South Africa,ZAF,20200905,2.0,2.0,2.0,4.0,0.0,2.0,1.0,4.0,2.0,3.0,2.0,3.0,0.0,3.0,0.0,72.22,73.44,73.21,75.0
South Africa,ZAF,20200906,2.0,2.0,2.0,4.0,0.0,2.0,1.0,4.0,2.0,3.0,2.0,3.0,0.0,3.0,0.0,72.22,73.44,73.21,75.0
South Africa,ZAF,20200907,2.0,2.0,2.0,4.0,0.0,2.0,1.0,4.0,2.0,3.0,2.0,3.0,0.0,3.0,0.0,72.22,73.44,73.21,75.0
South Africa,ZAF,20200908,2.0,2.0,2.0,4.0,0.0,2.0,1.0,4.0,2.0,3.0,2.0,3.0,0.0,3.0,0.0,72.22,73.44,73.21,75.0
South Africa,ZAF,20200909,2.0,2.0,2.0,4.0,0.0,2.0,1.0,4.0,2.0,3.0,2.0,3.0,0.0,3.0,0.0,72.22,73.44,73.21,75.0
South Africa,ZAF,20200910,2.0,2.0,2.0,4.0,0.0,2.0,1.0,4.0,2.0,3.0,2.0,3.0,0.0,3.0,0.0,72.22,73.44,73.21,75.0
South Africa,ZAF,20200911,2.0,2.0,2.0,4.0,0.0,2.0,1.0,4.0,2.0,3.0,2.0,3.0,0.0,3.0,0.0,72.22,73.44,73.21,75.0
South Africa,ZAF,20200912,2.0,2.0,2.0,4.0,0.0,2.0,1.0,4.0,2.0,3.0,2.0,3.0,0.0,3.0,0.0,72.22,73.44,73.21,75.0
South Africa,ZAF,20200913,2.0,2.0,2.0,4.0,0.0,2.0,1.0,4.0,2.0,3.0,2.0,3.0,0.0,3.0,0.0,72.22,73.44,73.21,75.0
South Africa,ZAF,20200914,2.0,2.0,2.0,4.0,0.0,2.0,1.0,4.0,2.0,3.0,2.0,3.0,0.0,3.0,0.0,72.22,73.44,73.21,75.0
South Africa,ZAF,20200915,2.0,2.0,2.0,4.0,0.0,2.0,1.0,4.0,2.0,3.0,2.0,3.0,0.0,3.0,0.0,72.22,73.44,73.21,75.0
South Africa,ZAF,20200916,2.0,2.0,2.0,4.0,0.0,2.0,1.0,4.0,2.0,3.0,2.0,3.0,0.0,3.0,0.0,72.22,73.44,73.21,75.0
South Africa,ZAF,20200917,2.0,2.0,2.0,4.0,0.0,2.0,1.0,4.0,2.0,3.0,2.0,3.0,0.0,3.0,0.0,72.22,73.44,73.21,75.0
South Africa,ZAF,20200918,2.0,2.0,2.0,4.0,0.0,2.0,1.0,4.0,2.0,3.0,2.0,3.0,0.0,3.0,0.0,72.22,73.44,73.21,75.0
South Africa,ZAF,20200919,2.0,2.0,2.0,4.0,0.0,2.0,1.0,4.0,2.0,3.0,2.0,3.0,0.0,3.0,0.0,72.22,73.44,73.21,75.0
South Africa,ZAF,20200920,2.0,1.0,1.0,2.0,0.0,2.0,1.0,4.0,2.0,3.0,2.0,3.0,0.0,3.0,0.0,57.41,65.1,63.69,75.0
South Africa,ZAF,20200921,2.0,1.0,1.0,2.0,0.0,2.0,1.0,4.0,2.0,3.0,2.0,3.0,0.0,3.0,0.0,57.41,65.1,63.69,75.0
South Africa,ZAF,20200922,2.0,1.0,1.0,2.0,0.0,2.0,1.0,4.0,2.0,3.0,2.0,3.0,0.0,3.0,0.0,57.41,65.1,63.69,75.0
South Africa,ZAF,20200923,2.0,1.0,1.0,2.0,0.0,2.0,1.0,4.0,2.0,3.0,2.0,3.0,0.0,3.0,0.0,57.41,65.1,63.69,75.0
South Africa,ZAF,20200924,2.0,1.0,1.0,2.0,0.0,2.0,1.0,4.0,2.0,3.0,2.0,3.0,0.0,3.0,0.0,57.41,65.1,63.69,75.0
South Africa,ZAF,20200925,2.0,1.0,1.0,2.0,0.0,2.0,1.0,4.0,2.0,3.0,2.0,3.0,0.0,3.0,0.0,57.41,65.1,63.69,75.0
South Africa,ZAF,20200926,2.0,1.0,1.0,2.0,0.0,2.0,1.0,4.0,2.0,3.0,2.0,3.0,0.0,3.0,0.0,57.41,65.1,63.69,75.0
South Africa,ZAF,20200927,2.0,1.0,1.0,2.0,0.0,2.0,1.0,4.0,2.0,3.0,2.0,3.0,0.0,3.0,0.0,57.41,65.1,63.69,75.0
South Africa,ZAF,20200928,2.0,1.0,1.0,2.0,0.0,2.0,1.0,4.0,2.0,3.0,2.0,3.0,0.0,3.0,0.0,57.41,65.1,63.69,75.0
South Africa,ZAF,20200929,2.0,1.0,1.0,2.0,0.0,2.0,1.0,4.0,2.0,3.0,2.0,3.0,0.0,3.0,0.0,57.41,65.1,63.69,75.0
South Africa,ZAF,20200930,2.0,1.0,1.0,2.0,0.0,2.0,1.0,4.0,2.0,3.0,2.0,3.0,0.0,3.0,0.0,57.41,65.1,63.69,75.0
South Africa,ZAF,20201001,1.0,1.0,1.0,2.0,0.0,2.0,1.0,3.0,2.0,3.0,2.0,3.0,0.0,3.0,0.0,50.93,61.46,59.52,75.0
South Africa,ZAF,20201002,1.0,1.0,1.0,2.0,0.0,2.0,1.0,3.0,2.0,3.0,2.0,3.0,0.0,3.0,0.0,50.93,61.46,59.52,75.0
South Africa,ZAF,20201003,1.0,1.0,1.0,2.0,0.0,2.0,1.0,3.0,2.0,3.0,2.0,3.0,0.0,3.0,0.0,50.93,61.46,59.52,75.0
South Africa,ZAF,20201004,1.0,1.0,1.0,2.0,0.0,2.0,1.0,3.0,2.0,3.0,2.0,3.0,0.0,3.0,0.0,50.93,61.46,59.52,75.0
South Africa,ZAF,20201005,1.0,1.0,1.0,2.0,0.0,2.0,1.0,3.0,2.0,3.0,2.0,3.0,0.0,3.0,0.0,50.93,61.46,59.52,75.0
South Africa,ZAF,20201006,1.0,1.0,1.0,2.0,0.0,2.0,1.0,3.0,2.0,3.0,2.0,3.0,0.0,3.0,0.0,50.93,61.46,59.52,75.0
South Africa,ZAF,20201007,1.0,1.0,1.0,2.0,0.0,2.0,1.0,3.0,2.0,3.0,2.0,3.0,0.0,3.0,0.0,50.93,61.46,59.52,75.0
South Africa,ZAF,20201008,1.0,1.0,1.0,2.0,0.0,2.0,1.0,3.0,2.0,3.0,2.0,3.0,0.0,3.0,0.0,50.93,61.46,59.52,75.0
South Africa,ZAF,20201009,1.0,1.0,1.0,2.0,0.0,2.0,1.0,3.0,2.0,3.0,2.0,3.0,0.0,3.0,0.0,50.93,61.46,59.52,75.0
South Africa,ZAF,20201010,1.0,1.0,1.0,2.0,0.0,2.0,1.0,3.0,2.0,3.0,2.0,3.0,0.0,3.0,0.0,50.93,61.46,59.52,75.0
South Africa,ZAF,20201011,1.0,1.0,1.0,2.0,0.0,2.0,1.0,3.0,2.0,3.0,2.0,3.0,0.0,3.0,0.0,50.93,61.46,59.52,75.0
South Africa,ZAF,20201012,1.0,1.0,1.0,2.0,0.0,2.0,1.0,3.0,2.0,3.0,2.0,3.0,0.0,3.0,0.0,50.93,61.46,59.52,75.0
South Africa,ZAF,20201013,1.0,1.0,1.0,2.0,0.0,2.0,1.0,3.0,2.0,3.0,2.0,3.0,0.0,3.0,0.0,50.93,61.46,59.52,75.0
South Africa,ZAF,20201014,1.0,1.0,1.0,2.0,0.0,2.0,1.0,3.0,2.0,3.0,2.0,3.0,0.0,3.0,0.0,50.93,61.46,59.52,75.0
South Africa,ZAF,20201015,1.0,1.0,1.0,2.0,0.0,2.0,1.0,3.0,2.0,3.0,2.0,3.0,0.0,3.0,0.0,50.93,61.46,59.52,75.0
South Africa,ZAF,20201016,1.0,1.0,1.0,2.0,0.0,2.0,1.0,3.0,2.0,3.0,2.0,3.0,0.0,3.0,0.0,50.93,61.46,59.52,75.0
South Africa,ZAF,20201017,1.0,1.0,1.0,2.0,0.0,2.0,1.0,3.0,2.0,3.0,2.0,3.0,0.0,3.0,0.0,50.93,61.46,59.52,75.0
South Africa,ZAF,20201018,1.0,1.0,1.0,2.0,0.0,2.0,1.0,3.0,2.0,3.0,2.0,3.0,0.0,3.0,0.0,50.93,61.46,59.52,75.0
South Africa,ZAF,20201019,1.0,1.0,1.0,2.0,0.0,2.0,1.0,3.0,2.0,3.0,2.0,3.0,0.0,3.0,0.0,50.93,61.46,59.52,75.0
South Africa,ZAF,20201020,1.0,1.0,1.0,2.0,0.0,2.0,1.0,2.0,2.0,3.0,2.0,3.0,0.0,3.0,0.0,48.15,59.9,57.74,75.0
South Africa,ZAF,20201021,1.0,1.0,1.0,2.0,0.0,2.0,1.0,2.0,2.0,3.0,2.0,3.0,0.0,3.0,0.0,48.15,59.9,57.74,75.0
South Africa,ZAF,20201022,1.0,1.0,1.0,2.0,0.0,2.0,1.0,2.0,2.0,3.0,2.0,3.0,0.0,3.0,0.0,48.15,59.9,57.74,75.0
South Africa,ZAF,20201023,1.0,1.0,1.0,2.0,0.0,2.0,1.0,2.0,2.0,3.0,2.0,3.0,0.0,3.0,0.0,48.15,59.9,57.74,75.0
South Africa,ZAF,20201024,1.0,1.0,1.0,2.0,0.0,2.0,1.0,2.0,2.0,3.0,2.0,3.0,0.0,3.0,0.0,48.15,59.9,57.74,75.0
South Africa,ZAF,20201025,1.0,1.0,1.0,2.0,0.0,2.0,1.0,2.0,2.0,3.0,2.0,3.0,0.0,3.0,0.0,48.15,59.9,57.74,75.0
South Africa,ZAF,20201026,1.0,1.0,1.0,2.0,0.0,2.0,1.0,2.0,2.0,3.0,2.0,3.0,0.0,3.0,0.0,48.15,59.9,57.74,75.0
South Africa,ZAF,20201027,1.0,1.0,1.0,2.0,0.0,2.0,1.0,2.0,2.0,3.0,2.0,3.0,0.0,3.0,0.0,48.15,59.9,57.74,75.0
South Africa,ZAF,20201028,1.0,1.0,1.0,2.0,0.0,2.0,1.0,2.0,2.0,3.0,2.0,3.0,0.0,3.0,0.0,48.15,59.9,57.74,75.0
South Africa,ZAF,20201029,1.0,1.0,1.0,2.0,0.0,2.0,1.0,2.0,2.0,3.0,2.0,3.0,0.0,3.0,0.0,48.15,59.9,57.74,75.0
South Africa,ZAF,20201030,1.0,1.0,1.0,2.0,0.0,2.0,1.0,2.0,2.0,3.0,2.0,3.0,0.0,3.0,0.0,48.15,59.9,57.74,75.0
South Africa,ZAF,20201031,1.0,1.0,1.0,2.0,0.0,2.0,1.0,2.0,2.0,3.0,2.0,3.0,0.0,3.0,0.0,48.15,59.9,57.74,75.0
South Africa,ZAF,20201101,1.0,1.0,1.0,2.0,0.0,2.0,0.0,2.0,2.0,3.0,2.0,3.0,0.0,3.0,0.0,42.59,56.77,54.17,75.0
South Africa,ZAF,20201102,1.0,1.0,1.0,2.0,0.0,2.0,0.0,2.0,2.0,3.0,2.0,3.0,0.0,3.0,0.0,42.59,56.77,54.17,75.0
South Africa,ZAF,20201103,1.0,1.0,1.0,2.0,0.0,2.0,0.0,2.0,2.0,3.0,2.0,3.0,0.0,3.0,0.0,42.59,56.77,54.17,75.0
South Africa,ZAF,20201104,1.0,1.0,1.0,2.0,0.0,2.0,0.0,2.0,2.0,3.0,2.0,3.0,0.0,3.0,0.0,42.59,56.77,54.17,75.0
South Africa,ZAF,20201105,1.0,1.0,1.0,2.0,0.0,2.0,0.0,2.0,2.0,3.0,2.0,3.0,0.0,3.0,0.0,42.59,56.77,54.17,75.0
South Africa,ZAF,20201106,1.0,1.0,1.0,2.0,0.0,2.0,0.0,2.0,2.0,3.0,2.0,3.0,0.0,3.0,0.0,42.59,56.77,54.17,75.0
South Africa,ZAF,20201107,1.0,1.0,1.0,2.0,0.0,2.0,0.0,2.0,2.0,3.0,2.0,3.0,0.0,3.0,0.0,42.59,56.77,54.17,75.0
South Africa,ZAF,20201108,1.0,1.0,1.0,2.0,0.0,2.0,0.0,2.0,2.0,3.0,2.0,3.0,0.0,3.0,0.0,42.59,56.77,54.17,75.0
South Africa,ZAF,20201109,1.0,1.0,1.0,2.0,0.0,2.0,0.0,2.0,2.0,3.0,2.0,3.0,0.0,3.0,0.0,42.59,56.77,54.17,75.0
South Africa,ZAF,20201110,1.0,1.0,1.0,2.0,0.0,2.0,0.0,2.0,2.0,3.0,2.0,3.0,0.0,3.0,0.0,42.59,56.77,54.17,75.0
South Africa,ZAF,20201111,1.0,1.0,1.0,2.0,0.0,2.0,0.0,1.0,2.0,3.0,2.0,3.0,0.0,3.0,0.0,39.81,55.21,52.38,75.0
South Africa,ZAF,20201112,1.0,1.0,1.0,2.0,0.0,2.0,0.0,1.0,2.0,3.0,2.0,3.0,0.0,3.0,0.0,39.81,55.21,52.38,75.0
South Africa,ZAF,20201113,1.0,1.0,1.0,2.0,0.0,2.0,0.0,1.0,2.0,3.0,2.0,3.0,0.0,3.0,0.0,39.81,55.21,52.38,75.0
South Africa,ZAF,20201114,1.0,1.0,1.0,2.0,0.0,2.0,0.0,1.0,2.0,3.0,2.0,3.0,0.0,3.0,0.0,39.81,55.21,52.38,75.0
South Africa,ZAF,20201115,1.0,1.0,1.0,2.0,0.0,2.0,0.0,1.0,2.0,3.0,2.0,3.0,0.0,3.0,0.0,39.81,55.21,52.38,75.0
South Africa,ZAF,20201116,1.0,1.0,1.0,2.0,0.0,2.0,0.0,1.0,2.0,3.0,2.0,3.0,0.0,3.0,0.0,39.81,55.21,52.38,75.0
South Africa,ZAF,20201117,1.0,1.0,1.0,2.0,1.0,2.0,0.0,1.0,2.0,3.0,2.0,3.0,0.0,3.0,0.0,45.37,58.33,55.95,75.0
South Africa,ZAF,20201118,1.0,1.0,1.0,2.0,1.0,2.0,0.0,1.0,2.0,3.0,2.0,3.0,0.0,3.0,0.0,45.37,58.33,55.95,75.0
South Africa,ZAF,20201119,1.0,1.0,1.0,2.0,1.0,2.0,0.0,1.0,2.0,3.0,2.0,3.0,0.0,3.0,0.0,45.37,58.33,55.95,75.0
South Africa,ZAF,20201120,1.0,1.0,1.0,2.0,1.0,2.0,0.0,1.0,2.0,3.0,2.0,3.0,0.0,3.0,0.0,45.37,58.33,55.95,75.0
South Africa,ZAF,20201121,1.0,1.0,1.0,2.0,1.0,2.0,0.0,1.0,2.0,3.0,2.0,3.0,0.0,3.0,0.0,45.37,58.33,55.95,75.0
South Africa,ZAF,20201122,1.0,1.0,1.0,2.0,1.0,2.0,0.0,1.0,2.0,3.0,2.0,3.0,0.0,3.0,0.0,45.37,58.33,55.95,75.0
South Africa,ZAF,20201123,1.0,1.0,1.0,2.0,1.0,2.0,0.0,1.0,2.0,3.0,2.0,3.0,0.0,3.0,0.0,45.37,58.33,55.95,75.0
South Africa,ZAF,20201124,1.0,1.0,1.0,2.0,1.0,2.0,0.0,1.0,2.0,3.0,2.0,3.0,0.0,3.0,0.0,45.37,58.33,55.95,75.0
South Africa,ZAF,20201125,1.0,1.0,1.0,2.0,1.0,2.0,0.0,1.0,2.0,3.0,2.0,3.0,0.0,3.0,0.0,45.37,58.33,55.95,75.0
South Africa,ZAF,20201126,1.0,1.0,1.0,2.0,1.0,2.0,0.0,1.0,2.0,3.0,2.0,3.0,0.0,3.0,0.0,45.37,58.33,55.95,75.0
South Africa,ZAF,20201127,1.0,1.0,1.0,2.0,1.0,2.0,0.0,1.0,2.0,3.0,2.0,3.0,0.0,3.0,0.0,45.37,58.33,55.95,75.0
South Africa,ZAF,20201128,1.0,1.0,1.0,2.0,1.0,2.0,0.0,1.0,2.0,3.0,2.0,3.0,0.0,3.0,0.0,45.37,58.33,55.95,75.0
South Africa,ZAF,20201129,1.0,1.0,1.0,2.0,1.0,2.0,0.0,1.0,2.0,3.0,2.0,3.0,0.0,3.0,0.0,45.37,58.33,55.95,75.0
South Africa,ZAF,20201130,1.0,1.0,1.0,3.0,1.0,2.0,0.0,1.0,2.0,3.0,2.0,3.0,0.0,3.0,0.0,48.15,59.9,57.74,75.0
South Africa,ZAF,20201201,1.0,1.0,1.0,3.0,1.0,2.0,0.0,1.0,2.0,3.0,2.0,3.0,0.0,3.0,0.0,48.15,59.9,57.74,75.0
South Africa,ZAF,20201202,1.0,1.0,1.0,3.0,1.0,2.0,0.0,1.0,2.0,3.0,2.0,3.0,0.0,3.0,0.0,48.15,59.9,57.74,75.0
South Africa,ZAF,20201203,1.0,1.0,1.0,3.0,1.0,2.0,0.0,1.0,2.0,3.0,2.0,3.0,0.0,3.0,0.0,48.15,59.9,57.74,75.0
South Africa,ZAF,20201204,1.0,1.0,1.0,3.0,1.0,2.0,0.0,1.0,2.0,3.0,2.0,3.0,0.0,3.0,0.0,48.15,59.9,57.74,75.0
South Africa,ZAF,20201205,1.0,1.0,1.0,3.0,1.0,2.0,0.0,1.0,2.0,3.0,2.0,3.0,0.0,3.0,0.0,48.15,59.9,57.74,75.0
South Africa,ZAF,20201206,1.0,1.0,1.0,3.0,1.0,2.0,0.0,1.0,2.0,3.0,2.0,3.0,0.0,3.0,0.0,48.15,59.9,57.74,75.0
South Africa,ZAF,20201207,1.0,1.0,1.0,3.0,1.0,2.0,0.0,1.0,2.0,3.0,2.0,3.0,0.0,3.0,0.0,48.15,59.9,57.74,75.0
South Africa,ZAF,20201208,1.0,1.0,1.0,2.0,1.0,2.0,0.0,1.0,2.0,3.0,2.0,3.0,0.0,3.0,0.0,45.37,58.33,55.95,75.0
South Africa,ZAF,20201209,1.0,1.0,1.0,2.0,1.0,2.0,0.0,1.0,2.0,3.0,2.0,3.0,0.0,3.0,0.0,45.37,58.33,55.95,75.0
South Africa,ZAF,20201210,1.0,1.0,1.0,2.0,1.0,2.0,0.0,1.0,2.0,3.0,2.0,3.0,0.0,3.0,0.0,45.37,58.33,55.95,75.0
South Africa,ZAF,20201211,1.0,1.0,1.0,2.0,1.0,2.0,0.0,1.0,2.0,3.0,2.0,3.0,0.0,3.0,0.0,45.37,58.33,55.95,75.0
South Africa,ZAF,20201212,1.0,1.0,1.0,2.0,1.0,2.0,0.0,1.0,2.0,3.0,2.0,3.0,0.0,3.0,0.0,45.37,58.33,55.95,75.0
South Africa,ZAF,20201213,1.0,1.0,1.0,2.0,1.0,2.0,0.0,1.0,2.0,3.0,2.0,3.0,0.0,3.0,0.0,45.37,58.33,55.95,75.0
South Africa,ZAF,20201214,1.0,1.0,1.0,2.0,1.0,2.0,0.0,1.0,2.0,3.0,2.0,3.0,0.0,3.0,0.0,45.37,58.33,55.95,75.0
South Africa,ZAF,20201215,1.0,1.0,1.0,2.0,1.0,2.0,0.0,1.0,2.0,3.0,2.0,3.0,0.0,3.0,0.0,45.37,58.33,55.95,75.0
South Africa,ZAF,20201216,1.0,1.0,1.0,2.0,1.0,2.0,0.0,1.0,2.0,3.0,2.0,3.0,0.0,3.0,0.0,45.37,58.33,55.95,75.0
South Africa,ZAF,20201217,1.0,1.0,1.0,2.0,1.0,2.0,0.0,1.0,2.0,3.0,2.0,3.0,0.0,3.0,0.0,45.37,58.33,55.95,75.0
South Africa,ZAF,20201218,1.0,1.0,1.0,2.0,1.0,2.0,0.0,1.0,2.0,3.0,2.0,3.0,0.0,3.0,0.0,45.37,58.33,55.95,75.0
South Africa,ZAF,20201219,1.0,1.0,1.0,2.0,1.0,2.0,0.0,1.0,2.0,3.0,2.0,3.0,0.0,3.0,0.0,45.37,58.33,55.95,75.0
South Africa,ZAF,20201220,1.0,1.0,1.0,2.0,1.0,2.0,0.0,1.0,2.0,3.0,2.0,3.0,0.0,3.0,0.0,45.37,58.33,55.95,75.0
South Africa,ZAF,20201221,1.0,1.0,1.0,2.0,1.0,2.0,0.0,1.0,2.0,3.0,2.0,3.0,0.0,3.0,0.0,45.37,58.33,55.95,75.0
South Africa,ZAF,20201222,1.0,1.0,1.0,2.0,1.0,2.0,0.0,1.0,2.0,3.0,2.0,3.0,0.0,3.0,0.0,45.37,58.33,55.95,75.0
South Africa,ZAF,20201223,1.0,1.0,1.0,2.0,1.0,2.0,0.0,1.0,2.0,3.0,2.0,3.0,0.0,3.0,0.0,45.37,58.33,55.95,75.0
South Africa,ZAF,20201224,1.0,1.0,1.0,2.0,1.0,2.0,0.0,1.0,2.0,3.0,2.0,3.0,0.0,3.0,0.0,45.37,58.33,55.95,75.0
South Africa,ZAF,20201225,1.0,1.0,1.0,2.0,1.0,2.0,0.0,1.0,2.0,3.0,2.0,3.0,0.0,3.0,0.0,45.37,58.33,55.95,75.0
South Africa,ZAF,20201226,1.0,1.0,1.0,2.0,1.0,2.0,0.0,1.0,2.0,3.0,2.0,3.0,0.0,3.0,0.0,45.37,58.33,55.95,75.0
South Africa,ZAF,20201227,1.0,1.0,1.0,2.0,1.0,2.0,0.0,1.0,2.0,3.0,2.0,3.0,0.0,3.0,0.0,45.37,58.33,55.95,75.0
South Africa,ZAF,20201228,1.0,1.0,1.0,2.0,1.0,2.0,0.0,1.0,2.0,3.0,2.0,3.0,0.0,3.0,0.0,45.37,58.33,55.95,75.0
South Africa,ZAF,20201229,1.0,1.0,1.0,2.0,1.0,2.0,0.0,1.0,2.0,3.0,2.0,3.0,0.0,3.0,0.0,45.37,58.33,55.95,75.0
South Africa,ZAF,20201230,1.0,1.0,1.0,2.0,1.0,2.0,0.0,1.0,2.0,3.0,2.0,3.0,0.0,3.0,0.0,45.37,58.33,55.95,75.0
South Africa,ZAF,20201231,1.0,1.0,1.0,2.0,1.0,2.0,0.0,1.0,2.0,3.0,2.0,3.0,0.0,3.0,0.0,45.37,58.33,55.95,75.0
South Africa,ZAF,20210101,1.0,1.0,1.0,2.0,1.0,2.0,0.0,1.0,2.0,3.0,2.0,3.0,0.0,3.0,0.0,45.37,58.33,55.95,75.0
South Africa,ZAF,20210102,1.0,1.0,1.0,2.0,1.0,2.0,0.0,1.0,2.0,3.0,2.0,3.0,0.0,3.0,0.0,45.37,58.33,55.95,75.0
South Africa,ZAF,20210103,1.0,1.0,1.0,2.0,1.0,2.0,0.0,1.0,2.0,3.0,2.0,3.0,0.0,3.0,0.0,45.37,58.33,55.95,75.0
South Africa,ZAF,20210104,1.0,1.0,2.0,4.0,1.0,2.0,0.0,1.0,2.0,3.0,2.0,3.0,0.0,3.0,0.0,56.48,64.58,63.1,75.0
South Africa,ZAF,20210105,1.0,1.0,2.0,4.0,1.0,2.0,0.0,1.0,2.0,3.0,2.0,3.0,0.0,3.0,0.0,56.48,64.58,63.1,75.0
South Africa,ZAF,20210106,1.0,1.0,2.0,4.0,1.0,2.0,0.0,1.0,2.0,3.0,2.0,3.0,0.0,3.0,0.0,56.48,64.58,63.1,75.0
South Africa,ZAF,20210107,1.0,1.0,2.0,4.0,1.0,2.0,0.0,1.0,2.0,3.0,2.0,3.0,0.0,3.0,0.0,56.48,64.58,63.1,75.0
South Africa,ZAF,20210108,1.0,1.0,2.0,4.0,1.0,2.0,0.0,1.0,2.0,3.0,2.0,3.0,0.0,3.0,0.0,56.48,64.58,63.1,75.0
South Africa,ZAF,20210109,1.0,1.0,2.0,4.0,1.0,2.0,0.0,1.0,2.0,3.0,2.0,3.0,0.0,3.0,0.0,56.48,64.58,63.1,75.0
South Africa,ZAF,20210110,1.0,1.0,2.0,4.0,1.0,2.0,0.0,1.0,2.0,3.0,2.0,3.0,0.0,3.0,0.0,56.48,64.58,63.1,75.0
South Africa,ZAF,20210111,1.0,1.0,2.0,4.0,1.0,2.0,0.0,1.0,2.0,3.0,2.0,3.0,0.0,3.0,0.0,56.48,64.58,63.1,75.0
South Africa,ZAF,20210112,1.0,1.0,2.0,4.0,1.0,2.0,0.0,1.0,2.0,3.0,2.0,4.0,0.0,3.0,0.0,56.48,66.15,64.88,75.0
South Africa,ZAF,20210113,1.0,1.0,2.0,4.0,1.0,2.0,0.0,1.0,2.0,3.0,2.0,4.0,0.0,3.0,0.0,56.48,66.15,64.88,75.0
South Africa,ZAF,20210114,1.0,1.0,2.0,4.0,1.0,2.0,0.0,1.0,2.0,3.0,2.0,4.0,0.0,3.0,0.0,56.48,66.15,64.88,75.0
South Africa,ZAF,20210115,3.0,1.0,2.0,4.0,1.0,2.0,0.0,1.0,2.0,3.0,2.0,4.0,0.0,3.0,0.0,63.89,70.31,69.64,75.0
South Africa,ZAF,20210116,3.0,1.0,2.0,4.0,1.0,2.0,0.0,1.0,2.0,3.0,2.0,4.0,0.0,3.0,0.0,63.89,70.31,69.64,75.0
South Africa,ZAF,20210117,3.0,1.0,2.0,4.0,1.0,2.0,0.0,1.0,2.0,3.0,2.0,4.0,0.0,3.0,0.0,63.89,70.31,69.64,75.0
South Africa,ZAF,20210118,3.0,1.0,2.0,4.0,1.0,2.0,0.0,1.0,2.0,3.0,2.0,4.0,0.0,3.0,0.0,63.89,70.31,69.64,75.0
South Africa,ZAF,20210119,3.0,1.0,2.0,4.0,1.0,2.0,0.0,4.0,2.0,3.0,2.0,3.0,0.0,3.0,0.0,72.22,73.44,73.21,75.0
South Africa,ZAF,20210120,3.0,1.0,2.0,4.0,1.0,2.0,0.0,4.0,2.0,3.0,2.0,3.0,0.0,3.0,0.0,72.22,73.44,73.21,75.0
South Africa,ZAF,20210121,3.0,1.0,2.0,4.0,1.0,2.0,0.0,4.0,2.0,3.0,2.0,3.0,0.0,3.0,0.0,72.22,73.44,73.21,75.0
South Africa,ZAF,20210122,3.0,1.0,2.0,4.0,1.0,2.0,0.0,4.0,2.0,3.0,2.0,3.0,0.0,3.0,0.0,72.22,73.44,73.21,75.0
South Africa,ZAF,20210123,3.0,1.0,2.0,4.0,1.0,2.0,0.0,4.0,2.0,3.0,2.0,3.0,0.0,3.0,0.0,72.22,73.44,73.21,75.0
South Africa,ZAF,20210124,3.0,1.0,2.0,4.0,1.0,2.0,0.0,4.0,2.0,3.0,2.0,3.0,0.0,3.0,0.0,72.22,73.44,73.21,75.0
South Africa,ZAF,20210125,3.0,1.0,2.0,4.0,1.0,2.0,0.0,4.0,2.0,3.0,2.0,3.0,0.0,3.0,0.0,72.22,73.44,73.21,75.0
South Africa,ZAF,20210126,3.0,1.0,2.0,4.0,1.0,2.0,0.0,4.0,2.0,3.0,2.0,3.0,0.0,3.0,0.0,72.22,73.44,73.21,75.0
South Africa,ZAF,20210127,3.0,1.0,2.0,4.0,1.0,2.0,0.0,4.0,2.0,3.0,2.0,3.0,0.0,3.0,0.0,72.22,73.44,73.21,75.0
South Africa,ZAF,20210128,3.0,1.0,2.0,4.0,1.0,2.0,0.0,4.0,2.0,3.0,2.0,3.0,0.0,3.0,0.0,72.22,73.44,73.21,75.0
South Africa,ZAF,20210129,3.0,1.0,2.0,4.0,1.0,2.0,0.0,4.0,2.0,3.0,2.0,3.0,0.0,3.0,0.0,72.22,73.44,73.21,75.0
South Africa,ZAF,20210130,3.0,1.0,2.0,4.0,1.0,2.0,0.0,4.0,2.0,3.0,2.0,3.0,0.0,3.0,0.0,72.22,73.44,73.21,75.0
South Africa,ZAF,20210131,3.0,1.0,2.0,4.0,1.0,2.0,0.0,4.0,2.0,3.0,2.0,3.0,0.0,3.0,0.0,72.22,73.44,73.21,75.0
South Africa,ZAF,20210201,3.0,1.0,2.0,4.0,1.0,2.0,0.0,4.0,2.0,3.0,2.0,3.0,1.0,3.0,0.0,72.22,74.69,74.64,75.0
South Africa,ZAF,20210202,1.0,1.0,2.0,4.0,1.0,2.0,0.0,4.0,2.0,3.0,2.0,3.0,1.0,3.0,0.0,64.81,70.52,69.88,75.0
South Africa,ZAF,20210203,1.0,1.0,2.0,4.0,1.0,2.0,0.0,4.0,2.0,3.0,2.0,3.0,1.0,3.0,0.0,64.81,70.52,69.88,75.0
South Africa,ZAF,20210204,1.0,1.0,2.0,4.0,1.0,2.0,0.0,4.0,2.0,3.0,2.0,3.0,1.0,3.0,0.0,64.81,70.52,69.88,75.0
South Africa,ZAF,20210205,1.0,1.0,2.0,4.0,1.0,2.0,0.0,4.0,2.0,3.0,2.0,3.0,1.0,3.0,0.0,64.81,70.52,69.88,75.0
South Africa,ZAF,20210206,1.0,1.0,2.0,4.0,1.0,2.0,0.0,4.0,2.0,3.0,2.0,3.0,1.0,3.0,0.0,64.81,70.52,69.88,75.0
South Africa,ZAF,20210207,1.0,1.0,2.0,4.0,1.0,2.0,0.0,4.0,2.0,3.0,2.0,3.0,1.0,3.0,0.0,64.81,70.52,69.88,75.0
South Africa,ZAF,20210208,1.0,1.0,2.0,4.0,1.0,2.0,0.0,4.0,2.0,3.0,2.0,3.0,1.0,3.0,0.0,64.81,70.52,69.88,75.0
South Africa,ZAF,20210209,1.0,1.0,2.0,4.0,1.0,2.0,0.0,4.0,2.0,3.0,2.0,3.0,1.0,3.0,0.0,64.81,70.52,69.88,75.0
South Africa,ZAF,20210210,1.0,1.0,2.0,4.0,1.0,2.0,0.0,4.0,2.0,3.0,2.0,3.0,1.0,3.0,0.0,64.81,70.52,69.88,75.0
South Africa,ZAF,20210211,1.0,1.0,2.0,4.0,1.0,2.0,0.0,4.0,2.0,3.0,2.0,3.0,1.0,3.0,0.0,64.81,70.52,69.88,75.0
South Africa,ZAF,20210212,1.0,1.0,2.0,4.0,1.0,2.0,0.0,4.0,2.0,3.0,2.0,3.0,1.0,3.0,0.0,64.81,70.52,69.88,75.0
South Africa,ZAF,20210213,1.0,1.0,2.0,4.0,1.0,2.0,0.0,4.0,2.0,3.0,2.0,3.0,1.0,3.0,0.0,64.81,70.52,69.88,75.0
South Africa,ZAF,20210214,1.0,1.0,2.0,4.0,1.0,2.0,0.0,4.0,2.0,3.0,2.0,3.0,1.0,3.0,0.0,64.81,70.52,69.88,75.0
South Africa,ZAF,20210215,1.0,1.0,2.0,4.0,1.0,2.0,0.0,1.0,2.0,3.0,2.0,3.0,1.0,3.0,0.0,56.48,65.83,64.52,75.0
South Africa,ZAF,20210216,1.0,1.0,1.0,3.0,1.0,2.0,0.0,1.0,2.0,3.0,2.0,3.0,1.0,3.0,0.0,48.15,61.15,59.17,75.0
South Africa,ZAF,20210217,1.0,1.0,1.0,3.0,1.0,2.0,0.0,1.0,2.0,3.0,2.0,3.0,1.0,3.0,0.0,48.15,61.15,59.17,75.0
South Africa,ZAF,20210218,1.0,1.0,1.0,3.0,1.0,2.0,0.0,1.0,2.0,3.0,2.0,3.0,1.0,3.0,0.0,48.15,61.15,59.17,75.0
South Africa,ZAF,20210219,1.0,1.0,1.0,3.0,1.0,2.0,0.0,1.0,2.0,3.0,2.0,3.0,1.0,3.0,0.01,48.15,61.15,59.17,75.0
South Africa,ZAF,20210220,1.0,1.0,1.0,3.0,1.0,2.0,0.0,1.0,2.0,3.0,2.0,3.0,1.0,3.0,0.02,48.15,61.15,59.17,75.0
South Africa,ZAF,20210221,1.0,1.0,1.0,3.0,1.0,2.0,0.0,1.0,2.0,3.0,2.0,3.0,1.0,3.0,0.03,48.15,61.15,59.17,75.0
South Africa,ZAF,20210222,1.0,1.0,1.0,3.0,1.0,2.0,0.0,1.0,2.0,3.0,2.0,3.0,1.0,3.0,0.04,48.15,61.15,59.17,75.0
South Africa,ZAF,20210223,1.0,1.0,1.0,3.0,1.0,2.0,0.0,1.0,2.0,3.0,2.0,3.0,1.0,3.0,0.05,48.15,61.15,59.17,75.0
South Africa,ZAF,20210224,1.0,1.0,1.0,3.0,1.0,2.0,0.0,1.0,2.0,3.0,2.0,3.0,1.0,3.0,0.07,48.15,61.15,59.17,75.0
South Africa,ZAF,20210225,1.0,1.0,1.0,3.0,1.0,2.0,0.0,1.0,2.0,3.0,2.0,3.0,1.0,3.0,0.09,48.15,61.15,59.17,75.0
South Africa,ZAF,20210226,1.0,1.0,1.0,3.0,1.0,2.0,0.0,1.0,2.0,3.0,2.0,3.0,1.0,3.0,0.11,48.15,61.15,59.17,75.0
South Africa,ZAF,20210227,1.0,1.0,1.0,3.0,1.0,2.0,0.0,1.0,2.0,3.0,2.0,3.0,1.0,3.0,0.11,48.15,61.15,59.17,75.0
South Africa,ZAF,20210228,1.0,1.0,1.0,3.0,1.0,2.0,0.0,1.0,2.0,3.0,2.0,3.0,1.0,3.0,0.12,48.15,61.15,59.17,75.0
South Africa,ZAF,20210301,1.0,1.0,1.0,3.0,1.0,2.0,0.0,1.0,2.0,3.0,2.0,3.0,1.0,3.0,0.12,48.15,61.15,59.17,75.0
South Africa,ZAF,20210302,1.0,1.0,1.0,3.0,1.0,2.0,0.0,1.0,2.0,3.0,2.0,3.0,1.0,3.0,0.13,48.15,61.15,59.17,75.0
South Africa,ZAF,20210303,1.0,1.0,1.0,3.0,1.0,2.0,0.0,1.0,2.0,3.0,2.0,3.0,1.0,3.0,0.14,48.15,61.15,59.17,75.0
South Africa,ZAF,20210304,1.0,1.0,1.0,3.0,1.0,2.0,0.0,1.0,2.0,3.0,2.0,3.0,1.0,3.0,0.15,48.15,61.15,59.17,75.0
South Africa,ZAF,20210305,1.0,1.0,1.0,3.0,1.0,2.0,0.0,1.0,2.0,3.0,2.0,3.0,1.0,3.0,0.17,48.15,61.15,59.17,75.0
South Africa,ZAF,20210306,1.0,1.0,1.0,3.0,1.0,2.0,0.0,1.0,2.0,3.0,2.0,3.0,1.0,3.0,0.17,48.15,61.15,59.17,75.0
South Africa,ZAF,20210307,1.0,1.0,1.0,3.0,1.0,2.0,0.0,1.0,2.0,3.0,2.0,3.0,1.0,3.0,0.17,48.15,61.15,59.17,75.0
South Africa,ZAF,20210308,1.0,1.0,1.0,3.0,1.0,2.0,0.0,1.0,2.0,3.0,2.0,3.0,1.0,3.0,0.17,48.15,61.15,59.17,75.0
South Africa,ZAF,20210309,1.0,1.0,1.0,3.0,1.0,2.0,0.0,1.0,2.0,3.0,2.0,3.0,1.0,3.0,0.18,48.15,61.15,59.17,75.0
South Africa,ZAF,20210310,1.0,1.0,1.0,3.0,1.0,2.0,0.0,1.0,2.0,3.0,2.0,3.0,1.0,3.0,0.22,48.15,61.15,59.17,75.0
South Africa,ZAF,20210311,1.0,1.0,1.0,3.0,1.0,2.0,0.0,1.0,2.0,3.0,2.0,3.0,1.0,3.0,0.23,48.15,61.15,59.17,75.0
South Africa,ZAF,20210312,1.0,1.0,1.0,3.0,1.0,2.0,0.0,1.0,2.0,3.0,2.0,3.0,1.0,3.0,0.24,48.15,61.15,59.17,75.0
South Africa,ZAF,20210313,1.0,1.0,1.0,3.0,1.0,2.0,0.0,1.0,2.0,3.0,2.0,3.0,1.0,3.0,0.24,48.15,61.15,59.17,75.0
South Africa,ZAF,20210314,1.0,1.0,1.0,3.0,1.0,2.0,0.0,1.0,2.0,3.0,2.0,3.0,1.0,3.0,0.24,48.15,61.15,59.17,75.0
South Africa,ZAF,20210315,1.0,1.0,1.0,3.0,1.0,2.0,0.0,1.0,2.0,3.0,2.0,3.0,1.0,3.0,0.25,48.15,61.15,59.17,75.0
South Africa,ZAF,20210316,1.0,1.0,1.0,3.0,1.0,2.0,0.0,1.0,2.0,3.0,2.0,3.0,1.0,3.0,0.26,48.15,61.15,59.17,75.0
South Africa,ZAF,20210317,1.0,1.0,1.0,3.0,1.0,2.0,0.0,1.0,2.0,3.0,2.0,3.0,1.0,3.0,0.28,48.15,61.15,59.17,75.0
South Africa,ZAF,20210318,1.0,1.0,1.0,3.0,1.0,2.0,0.0,1.0,2.0,3.0,2.0,3.0,1.0,3.0,0.3,48.15,61.15,59.17,75.0
South Africa,ZAF,20210319,1.0,1.0,1.0,3.0,1.0,2.0,0.0,1.0,2.0,3.0,2.0,3.0,1.0,3.0,0.31,48.15,61.15,59.17,75.0
South Africa,ZAF,20210320,1.0,1.0,1.0,3.0,1.0,2.0,0.0,1.0,2.0,3.0,2.0,3.0,1.0,3.0,0.31,48.15,61.15,59.17,75.0
South Africa,ZAF,20210321,1.0,1.0,1.0,3.0,1.0,2.0,0.0,1.0,2.0,3.0,2.0,3.0,1.0,3.0,0.31,48.15,61.15,59.17,75.0
South Africa,ZAF,20210322,1.0,1.0,1.0,3.0,1.0,2.0,0.0,1.0,2.0,3.0,2.0,3.0,1.0,3.0,0.31,48.15,61.15,59.17,75.0
South Africa,ZAF,20210323,1.0,1.0,1.0,3.0,1.0,2.0,0.0,1.0,2.0,3.0,2.0,3.0,1.0,3.0,0.32,48.15,61.15,59.17,75.0
South Africa,ZAF,20210324,1.0,1.0,1.0,3.0,1.0,2.0,0.0,1.0,2.0,3.0,2.0,3.0,1.0,3.0,0.35,48.15,61.15,59.17,75.0
South Africa,ZAF,20210325,1.0,1.0,1.0,3.0,1.0,2.0,0.0,1.0,2.0,3.0,2.0,3.0,1.0,3.0,0.37,48.15,61.15,59.17,75.0
South Africa,ZAF,20210326,1.0,1.0,1.0,3.0,1.0,2.0,0.0,1.0,2.0,3.0,2.0,3.0,1.0,3.0,0.39,48.15,61.15,59.17,75.0
South Africa,ZAF,20210327,1.0,1.0,1.0,3.0,1.0,2.0,0.0,1.0,2.0,3.0,2.0,3.0,1.0,3.0,0.39,48.15,61.15,59.17,75.0
South Africa,ZAF,20210328,1.0,1.0,1.0,3.0,1.0,2.0,0.0,1.0,2.0,3.0,2.0,3.0,1.0,3.0,0.39,48.15,61.15,59.17,75.0
South Africa,ZAF,20210329,1.0,1.0,1.0,3.0,1.0,2.0,0.0,1.0,2.0,3.0,2.0,3.0,1.0,3.0,0.4,48.15,61.15,59.17,75.0
South Africa,ZAF,20210330,1.0,1.0,1.0,3.0,1.0,2.0,0.0,1.0,2.0,3.0,2.0,3.0,1.0,3.0,0.42,48.15,61.15,59.17,75.0
South Africa,ZAF,20210331,1.0,1.0,1.0,3.0,1.0,2.0,0.0,1.0,2.0,3.0,2.0,3.0,1.0,3.0,0.44,48.15,61.15,59.17,75.0
South Africa,ZAF,20210401,1.0,1.0,1.0,3.0,1.0,2.0,0.0,1.0,2.0,3.0,2.0,3.0,1.0,3.0,0.45,48.15,61.15,59.17,75.0
South Africa,ZAF,20210402,1.0,1.0,1.0,3.0,1.0,2.0,0.0,1.0,2.0,3.0,2.0,3.0,1.0,3.0,0.45,48.15,61.15,59.17,75.0
South Africa,ZAF,20210403,1.0,1.0,1.0,3.0,1.0,2.0,0.0,1.0,2.0,3.0,2.0,3.0,1.0,3.0,0.45,48.15,61.15,59.17,75.0
South Africa,ZAF,20210404,1.0,1.0,1.0,3.0,1.0,2.0,0.0,1.0,2.0,3.0,2.0,3.0,1.0,3.0,0.45,48.15,61.15,59.17,75.0
South Africa,ZAF,20210405,1.0,1.0,1.0,3.0,1.0,2.0,0.0,1.0,2.0,3.0,2.0,3.0,1.0,3.0,0.45,48.15,61.15,59.17,75.0
South Africa,ZAF,20210406,1.0,1.0,1.0,2.0,1.0,2.0,0.0,1.0,2.0,2.0,2.0,3.0,2.0,1.0,0.45,45.37,54.58,51.67,75.0
South Africa,ZAF,20210407,1.0,1.0,1.0,2.0,1.0,2.0,0.0,1.0,2.0,2.0,2.0,3.0,2.0,1.0,0.47,45.37,54.58,51.67,75.0
South Africa,ZAF,20210408,1.0,1.0,1.0,2.0,1.0,2.0,0.0,1.0,2.0,2.0,2.0,3.0,2.0,1.0,0.47,45.37,54.58,51.67,75.0
South Africa,ZAF,20210409,1.0,1.0,1.0,2.0,1.0,2.0,0.0,1.0,2.0,2.0,2.0,3.0,2.0,1.0,0.48,45.37,54.58,51.67,75.0
South Africa,ZAF,20210410,1.0,1.0,1.0,2.0,1.0,2.0,0.0,1.0,2.0,2.0,2.0,3.0,2.0,1.0,0.48,45.37,54.58,51.67,75.0
South Africa,ZAF,20210411,1.0,1.0,1.0,2.0,1.0,2.0,0.0,1.0,2.0,2.0,2.0,3.0,2.0,1.0,0.48,45.37,54.58,51.67,75.0
South Africa,ZAF,20210412,1.0,1.0,1.0,2.0,1.0,2.0,0.0,1.0,2.0,2.0,2.0,3.0,2.0,1.0,0.48,45.37,54.58,51.67,75.0
South Africa,ZAF,20210413,1.0,1.0,1.0,2.0,1.0,2.0,0.0,1.0,2.0,2.0,2.0,3.0,2.0,1.0,0.49,45.37,54.58,51.67,75.0
South Africa,ZAF,20210414,1.0,1.0,1.0,2.0,1.0,2.0,0.0,1.0,2.0,2.0,2.0,3.0,2.0,1.0,0.49,45.37,54.58,51.67,75.0
South Africa,ZAF,20210415,1.0,1.0,1.0,2.0,1.0,2.0,0.0,1.0,2.0,2.0,2.0,3.0,2.0,1.0,0.49,45.37,54.58,51.67,75.0
South Africa,ZAF,20210416,1.0,1.0,1.0,2.0,1.0,2.0,0.0,1.0,2.0,2.0,2.0,3.0,2.0,1.0,0.49,45.37,54.58,51.67,75.0
South Africa,ZAF,20210417,1.0,1.0,1.0,2.0,1.0,2.0,0.0,1.0,2.0,2.0,2.0,3.0,2.0,1.0,0.49,45.37,54.58,51.67,75.0
South Africa,ZAF,20210418,1.0,1.0,1.0,2.0,1.0,2.0,0.0,1.0,2.0,2.0,2.0,3.0,2.0,1.0,0.49,45.37,54.58,51.67,75.0
South Africa,ZAF,20210419,1.0,1.0,1.0,2.0,1.0,2.0,0.0,1.0,2.0,2.0,2.0,3.0,2.0,1.0,0.49,45.37,54.58,51.67,75.0
South Africa,ZAF,20210420,1.0,1.0,1.0,2.0,1.0,2.0,0.0,1.0,2.0,2.0,2.0,3.0,2.0,1.0,0.49,45.37,54.58,51.67,75.0
South Africa,ZAF,20210421,1.0,1.0,1.0,2.0,1.0,2.0,0.0,1.0,2.0,2.0,2.0,3.0,2.0,1.0,0.49,45.37,54.58,51.67,75.0
South Africa,ZAF,20210422,1.0,1.0,1.0,2.0,1.0,2.0,0.0,1.0,2.0,2.0,2.0,3.0,2.0,1.0,0.49,45.37,54.58,51.67,75.0
South Africa,ZAF,20210423,1.0,1.0,1.0,2.0,1.0,2.0,0.0,1.0,2.0,2.0,2.0,3.0,2.0,1.0,0.49,45.37,54.58,51.67,75.0
South Africa,ZAF,20210424,1.0,1.0,1.0,2.0,1.0,2.0,0.0,1.0,2.0,2.0,2.0,3.0,2.0,1.0,0.49,45.37,54.58,51.67,75.0
South Africa,ZAF,20210425,1.0,1.0,1.0,2.0,1.0,2.0,0.0,1.0,2.0,2.0,2.0,3.0,2.0,1.0,0.49,45.37,54.58,51.67,75.0
South Africa,ZAF,20210426,1.0,1.0,1.0,2.0,1.0,2.0,0.0,1.0,2.0,2.0,2.0,3.0,2.0,1.0,0.49,45.37,54.58,51.67,75.0
South Africa,ZAF,20210427,1.0,1.0,1.0,2.0,1.0,2.0,0.0,1.0,2.0,2.0,2.0,3.0,2.0,1.0,0.49,45.37,54.58,51.67,75.0
South Africa,ZAF,20210428,1.0,1.0,1.0,2.0,1.0,2.0,0.0,1.0,2.0,2.0,2.0,3.0,2.0,1.0,0.5,45.37,54.58,51.67,75.0
South Africa,ZAF,20210429,1.0,1.0,1.0,2.0,1.0,2.0,0.0,1.0,2.0,2.0,2.0,3.0,2.0,1.0,0.51,45.37,54.58,51.67,75.0
South Africa,ZAF,20210430,1.0,1.0,1.0,2.0,1.0,2.0,0.0,1.0,2.0,2.0,2.0,3.0,2.0,1.0,0.53,45.37,54.58,51.67,75.0
South Africa,ZAF,20210501,1.0,1.0,1.0,2.0,1.0,2.0,0.0,1.0,2.0,2.0,2.0,3.0,2.0,1.0,0.53,45.37,54.58,51.67,75.0
South Africa,ZAF,20210502,1.0,1.0,1.0,2.0,1.0,2.0,0.0,1.0,2.0,2.0,2.0,3.0,2.0,1.0,0.53,45.37,54.58,51.67,75.0
South Africa,ZAF,20210503,1.0,1.0,1.0,2.0,1.0,2.0,0.0,1.0,2.0,2.0,2.0,3.0,2.0,1.0,0.55,45.37,54.58,51.67,75.0
South Africa,ZAF,20210504,1.0,1.0,1.0,2.0,1.0,2.0,0.0,1.0,2.0,2.0,2.0,3.0,2.0,1.0,0.59,45.37,54.58,51.67,75.0
South Africa,ZAF,20210505,1.0,1.0,1.0,2.0,1.0,2.0,0.0,1.0,2.0,2.0,2.0,3.0,2.0,1.0,0.61,45.37,54.58,51.67,75.0
South Africa,ZAF,20210506,1.0,1.0,1.0,2.0,1.0,2.0,0.0,1.0,2.0,2.0,2.0,3.0,2.0,1.0,0.61,45.37,54.58,51.67,75.0
South Africa,ZAF,20210507,1.0,1.0,1.0,2.0,1.0,2.0,0.0,1.0,2.0,2.0,2.0,3.0,2.0,1.0,0.64,45.37,54.58,51.67,75.0
South Africa,ZAF,20210508,1.0,1.0,1.0,2.0,1.0,2.0,0.0,1.0,2.0,2.0,2.0,3.0,2.0,1.0,0.64,45.37,54.58,51.67,75.0
South Africa,ZAF,20210509,1.0,1.0,1.0,2.0,1.0,2.0,0.0,1.0,2.0,2.0,2.0,3.0,2.0,1.0,0.64,45.37,54.58,51.67,75.0
South Africa,ZAF,20210510,1.0,1.0,1.0,2.0,1.0,2.0,0.0,1.0,2.0,2.0,2.0,3.0,2.0,1.0,0.66,45.37,54.58,51.67,75.0
South Africa,ZAF,20210511,1.0,1.0,1.0,2.0,1.0,2.0,0.0,1.0,2.0,2.0,2.0,3.0,2.0,1.0,0.69,45.37,54.58,51.67,75.0
South Africa,ZAF,20210512,1.0,1.0,1.0,2.0,1.0,2.0,0.0,1.0,2.0,2.0,2.0,3.0,2.0,1.0,0.72,45.37,54.58,51.67,75.0
South Africa,ZAF,20210513,1.0,1.0,1.0,2.0,1.0,2.0,0.0,1.0,2.0,2.0,2.0,3.0,2.0,1.0,0.76,45.37,54.58,51.67,75.0
South Africa,ZAF,20210514,1.0,1.0,1.0,2.0,1.0,2.0,0.0,1.0,2.0,2.0,2.0,3.0,2.0,1.0,0.79,45.37,54.58,51.67,75.0
South Africa,ZAF,20210515,1.0,1.0,1.0,2.0,1.0,2.0,0.0,1.0,2.0,2.0,2.0,3.0,2.0,1.0,0.8,45.37,54.58,51.67,75.0
South Africa,ZAF,20210516,1.0,1.0,1.0,2.0,1.0,2.0,0.0,1.0,2.0,2.0,2.0,3.0,2.0,1.0,0.8,45.37,54.58,51.67,75.0
South Africa,ZAF,20210517,1.0,1.0,1.0,2.0,1.0,2.0,0.0,1.0,2.0,3.0,2.0,3.0,2.0,2.0,0.8,45.37,58.75,56.43,75.0
South Africa,ZAF,20210518,1.0,1.0,1.0,2.0,1.0,2.0,0.0,1.0,2.0,3.0,2.0,3.0,2.0,2.0,0.8,45.37,58.75,56.43,75.0
South Africa,ZAF,20210519,1.0,1.0,1.0,2.0,1.0,2.0,0.0,1.0,2.0,3.0,2.0,3.0,2.0,2.0,0.8,45.37,58.75,56.43,75.0
South Africa,ZAF,20210520,1.0,1.0,1.0,2.0,1.0,2.0,0.0,1.0,2.0,3.0,2.0,3.0,2.0,2.0,0.8,45.37,58.75,56.43,75.0
South Africa,ZAF,20210521,1.0,1.0,1.0,2.0,1.0,2.0,0.0,1.0,2.0,3.0,2.0,3.0,2.0,2.0,0.8,45.37,58.75,56.43,75.0
South Africa,ZAF,20210522,1.0,1.0,1.0,2.0,1.0,2.0,0.0,1.0,2.0,3.0,2.0,3.0,2.0,2.0,0.8,45.37,58.75,56.43,75.0
South Africa,ZAF,20210523,1.0,1.0,1.0,2.0,1.0,2.0,0.0,1.0,2.0,3.0,2.0,3.0,2.0,2.0,0.8,45.37,58.75,56.43,75.0
South Africa,ZAF,20210524,1.0,1.0,1.0,2.0,1.0,2.0,0.0,1.0,2.0,3.0,2.0,3.0,1.0,1.0,0.8,45.37,55.42,52.62,75.0
South Africa,ZAF,20210525,1.0,1.0,1.0,2.0,1.0,2.0,0.0,1.0,2.0,3.0,2.0,3.0,1.0,1.0,0.8,45.37,55.42,52.62,75.0
South Africa,ZAF,20210526,1.0,1.0,1.0,2.0,1.0,2.0,0.0,1.0,2.0,3.0,2.0,3.0,1.0,1.0,0.8,45.37,55.42,52.62,75.0
South Africa,ZAF,20210527,1.0,1.0,1.0,2.0,1.0,2.0,0.0,1.0,2.0,3.0,2.0,3.0,1.0,1.0,0.8,45.37,55.42,52.62,75.0
South Africa,ZAF,20210528,1.0,1.0,1.0,2.0,1.0,2.0,0.0,1.0,2.0,3.0,2.0,3.0,1.0,1.0,0.8,45.37,55.42,52.62,75.0
South Africa,ZAF,20210529,1.0,1.0,1.0,2.0,1.0,2.0,0.0,1.0,2.0,3.0,2.0,3.0,1.0,1.0,0.8,45.37,55.42,52.62,75.0
South Africa,ZAF,20210530,1.0,1.0,1.0,2.0,1.0,2.0,0.0,1.0,2.0,3.0,2.0,3.0,1.0,1.0,0.8,45.37,55.42,52.62,75.0
South Africa,ZAF,20210531,1.0,1.0,1.0,2.0,1.0,2.0,0.0,1.0,2.0,3.0,2.0,3.0,1.0,1.0,0.8,45.37,55.42,52.62,75.0
South Africa,ZAF,20210601,1.0,1.0,1.0,3.0,1.0,2.0,0.0,1.0,2.0,3.0,2.0,3.0,1.0,3.0,0.8,48.15,54.9,59.17,25.0
South Africa,ZAF,20210602,1.0,1.0,1.0,3.0,1.0,2.0,0.0,1.0,2.0,3.0,2.0,3.0,1.0,3.0,0.8,48.15,54.9,59.17,25.0
South Africa,ZAF,20210603,1.0,1.0,1.0,3.0,1.0,2.0,0.0,1.0,2.0,3.0,2.0,3.0,1.0,3.0,0.8,48.15,54.9,59.17,25.0
South Africa,ZAF,20210604,1.0,1.0,1.0,3.0,1.0,2.0,0.0,1.0,2.0,3.0,2.0,3.0,1.0,3.0,0.8,48.15,54.9,59.17,25.0
South Africa,ZAF,20210605,1.0,1.0,1.0,3.0,1.0,2.0,0.0,1.0,2.0,3.0,2.0,3.0,1.0,3.0,0.8,48.15,54.9,59.17,25.0
South Africa,ZAF,20210606,1.0,1.0,1.0,3.0,1.0,2.0,0.0,1.0,2.0,3.0,2.0,3.0,1.0,3.0,0.8,48.15,54.9,59.17,25.0
South Africa,ZAF,20210607,1.0,1.0,1.0,3.0,1.0,2.0,0.0,1.0,2.0,3.0,2.0,3.0,1.0,3.0,0.8,48.15,54.9,59.17,25.0
South Africa,ZAF,20210608,1.0,1.0,1.0,3.0,1.0,2.0,0.0,1.0,2.0,3.0,2.0,3.0,1.0,3.0,0.8,48.15,54.9,59.17,25.0
South Africa,ZAF,20210609,1.0,1.0,1.0,3.0,1.0,2.0,0.0,1.0,2.0,3.0,2.0,3.0,1.0,3.0,0.8,48.15,54.9,59.17,25.0
South Africa,ZAF,20210610,1.0,1.0,1.0,3.0,1.0,2.0,0.0,1.0,2.0,3.0,2.0,3.0,1.0,3.0,0.8,48.15,54.9,59.17,25.0
South Africa,ZAF,20210611,1.0,1.0,1.0,3.0,1.0,2.0,0.0,1.0,2.0,3.0,2.0,3.0,1.0,3.0,0.8,48.15,54.9,59.17,25.0
South Africa,ZAF,20210612,1.0,1.0,1.0,3.0,1.0,2.0,0.0,1.0,2.0,3.0,2.0,3.0,1.0,3.0,0.8,48.15,54.9,59.17,25.0
South Africa,ZAF,20210613,1.0,1.0,1.0,3.0,1.0,2.0,0.0,1.0,2.0,3.0,2.0,3.0,1.0,3.0,0.8,48.15,54.9,59.17,25.0
South Africa,ZAF,20210614,1.0,1.0,1.0,3.0,1.0,2.0,0.0,1.0,2.0,3.0,2.0,3.0,1.0,3.0,0.8,48.15,54.9,59.17,25.0
South Africa,ZAF,20210615,1.0,1.0,1.0,3.0,1.0,2.0,0.0,1.0,2.0,3.0,2.0,3.0,1.0,3.0,0.8,48.15,54.9,59.17,25.0
South Africa,ZAF,20210616,1.0,1.0,1.0,3.0,1.0,2.0,0.0,1.0,2.0,2.0,2.0,3.0,3.0,3.0,0.8,48.15,58.44,59.64,50.0
South Africa,ZAF,20210617,1.0,1.0,1.0,3.0,1.0,2.0,0.0,1.0,2.0,2.0,2.0,3.0,3.0,3.0,0.8,48.15,58.44,59.64,50.0
South Africa,ZAF,20210618,1.0,1.0,1.0,3.0,1.0,2.0,0.0,1.0,2.0,2.0,2.0,3.0,3.0,3.0,0.8,48.15,58.44,59.64,50.0
South Africa,ZAF,20210619,1.0,1.0,1.0,3.0,1.0,2.0,0.0,1.0,2.0,2.0,2.0,3.0,3.0,3.0,0.8,48.15,58.44,59.64,50.0
South Africa,ZAF,20210620,1.0,1.0,1.0,3.0,1.0,2.0,0.0,1.0,2.0,2.0,2.0,3.0,3.0,3.0,0.8,48.15,58.44,59.64,50.0
South Africa,ZAF,20210621,1.0,1.0,1.0,3.0,1.0,2.0,0.0,1.0,2.0,2.0,2.0,3.0,3.0,3.0,0.8,48.15,58.44,59.64,50.0
South Africa,ZAF,20210622,1.0,2.0,1.0,3.0,1.0,2.0,0.0,1.0,2.0,2.0,2.0,3.0,3.0,3.0,0.8,51.85,60.52,62.02,50.0
South Africa,ZAF,20210623,1.0,2.0,1.0,3.0,1.0,2.0,0.0,1.0,2.0,2.0,2.0,3.0,3.0,3.0,0.8,51.85,60.52,62.02,50.0
South Africa,ZAF,20210624,1.0,2.0,1.0,3.0,1.0,2.0,0.0,1.0,2.0,2.0,2.0,3.0,3.0,3.0,0.8,51.85,60.52,62.02,50.0
South Africa,ZAF,20210625,1.0,2.0,1.0,3.0,1.0,2.0,0.0,1.0,2.0,2.0,2.0,3.0,3.0,3.0,0.8,51.85,60.52,62.02,50.0
South Africa,ZAF,20210626,1.0,2.0,1.0,3.0,1.0,2.0,0.0,1.0,2.0,2.0,2.0,3.0,3.0,3.0,0.8,51.85,60.52,62.02,50.0
South Africa,ZAF,20210627,1.0,2.0,2.0,4.0,1.0,2.0,0.0,1.0,2.0,2.0,2.0,3.0,3.0,3.0,0.8,60.19,65.21,67.38,50.0
South Africa,ZAF,20210628,1.0,2.0,2.0,4.0,1.0,2.0,2.0,1.0,2.0,2.0,2.0,3.0,3.0,3.0,0.8,68.52,69.9,72.74,50.0
South Africa,ZAF,20210629,1.0,2.0,2.0,4.0,1.0,2.0,2.0,1.0,2.0,2.0,2.0,3.0,3.0,3.0,0.8,68.52,69.9,72.74,50.0
South Africa,ZAF,20210630,2.0,2.0,2.0,4.0,1.0,2.0,2.0,1.0,2.0,2.0,2.0,3.0,3.0,3.0,0.8,72.22,71.98,75.12,50.0
South Africa,ZAF,20210701,2.0,2.0,2.0,4.0,1.0,2.0,2.0,1.0,2.0,2.0,2.0,3.0,3.0,3.0,0.8,72.22,71.98,75.12,50.0
South Africa,ZAF,20210702,2.0,2.0,2.0,4.0,1.0,2.0,2.0,1.0,2.0,2.0,2.0,3.0,3.0,3.0,0.8,72.22,71.98,75.12,50.0
South Africa,ZAF,20210703,2.0,2.0,2.0,4.0,1.0,2.0,2.0,1.0,2.0,2.0,2.0,3.0,3.0,3.0,0.8,72.22,71.98,75.12,50.0
South Africa,ZAF,20210704,2.0,2.0,2.0,4.0,1.0,2.0,2.0,1.0,2.0,2.0,2.0,3.0,3.0,3.0,0.8,72.22,71.98,75.12,50.0
South Africa,ZAF,20210705,2.0,2.0,2.0,4.0,1.0,2.0,2.0,1.0,2.0,2.0,2.0,3.0,3.0,3.0,0.8,72.22,71.98,75.12,50.0
South Africa,ZAF,20210706,2.0,2.0,2.0,4.0,1.0,2.0,2.0,1.0,2.0,2.0,2.0,3.0,3.0,3.0,0.8,72.22,68.85,75.12,25.0
South Africa,ZAF,20210707,2.0,2.0,2.0,4.0,1.0,2.0,2.0,1.0,2.0,2.0,2.0,3.0,3.0,3.0,0.8,72.22,68.85,75.12,25.0
South Africa,ZAF,20210708,2.0,2.0,2.0,4.0,1.0,2.0,2.0,1.0,2.0,2.0,2.0,3.0,3.0,3.0,2.09,72.22,68.85,75.12,25.0
South Africa,ZAF,20210709,2.0,2.0,2.0,4.0,1.0,2.0,2.0,1.0,2.0,2.0,2.0,3.0,3.0,3.0,2.25,72.22,68.85,75.12,25.0
South Africa,ZAF,20210710,2.0,2.0,2.0,4.0,1.0,2.0,2.0,1.0,2.0,2.0,2.0,3.0,3.0,3.0,2.26,72.22,68.85,75.12,25.0
South Africa,ZAF,20210711,2.0,2.0,2.0,4.0,1.0,2.0,2.0,1.0,2.0,2.0,2.0,3.0,3.0,3.0,2.26,72.22,68.85,75.12,25.0
South Africa,ZAF,20210712,2.0,2.0,2.0,4.0,1.0,2.0,2.0,1.0,2.0,2.0,2.0,3.0,3.0,3.0,2.34,72.22,68.85,75.12,25.0
South Africa,ZAF,20210713,2.0,2.0,2.0,4.0,1.0,2.0,2.0,1.0,2.0,2.0,2.0,3.0,3.0,3.0,2.44,72.22,68.85,75.12,25.0
South Africa,ZAF,20210714,2.0,2.0,2.0,4.0,1.0,2.0,2.0,1.0,2.0,2.0,2.0,3.0,3.0,3.0,2.44,72.22,68.85,75.12,25.0
South Africa,ZAF,20210715,2.0,2.0,2.0,4.0,1.0,2.0,2.0,1.0,2.0,2.0,2.0,3.0,3.0,3.0,2.8,72.22,68.85,75.12,25.0
South Africa,ZAF,20210716,2.0,2.0,2.0,4.0,1.0,2.0,2.0,1.0,2.0,2.0,2.0,3.0,3.0,3.0,2.8,72.22,68.85,75.12,25.0
South Africa,ZAF,20210717,2.0,2.0,2.0,4.0,1.0,2.0,2.0,1.0,2.0,2.0,2.0,3.0,3.0,3.0,2.8,72.22,68.85,75.12,25.0
South Africa,ZAF,20210718,2.0,2.0,2.0,4.0,1.0,2.0,2.0,1.0,2.0,2.0,2.0,3.0,3.0,3.0,2.8,72.22,68.85,75.12,25.0
South Africa,ZAF,20210719,2.0,2.0,2.0,4.0,1.0,2.0,2.0,1.0,2.0,2.0,2.0,3.0,3.0,3.0,2.82,72.22,71.98,75.12,50.0
South Africa,ZAF,20210720,2.0,2.0,2.0,4.0,1.0,2.0,2.0,1.0,2.0,2.0,2.0,3.0,3.0,3.0,2.98,72.22,71.98,75.12,50.0
South Africa,ZAF,20210721,2.0,2.0,2.0,4.0,1.0,2.0,2.0,1.0,2.0,2.0,2.0,3.0,3.0,3.0,2.98,72.22,71.98,75.12,50.0
South Africa,ZAF,20210722,2.0,2.0,2.0,4.0,1.0,2.0,2.0,1.0,2.0,2.0,2.0,3.0,3.0,3.0,3.6,72.22,71.98,75.12,50.0
South Africa,ZAF,20210723,2.0,2.0,2.0,4.0,1.0,2.0,2.0,1.0,2.0,2.0,2.0,3.0,3.0,3.0,3.8,72.22,71.98,75.12,50.0
South Africa,ZAF,20210724,2.0,2.0,2.0,4.0,1.0,2.0,2.0,1.0,2.0,2.0,2.0,3.0,3.0,3.0,3.8,72.22,71.98,75.12,50.0
South Africa,ZAF,20210725,2.0,2.0,2.0,4.0,1.0,2.0,2.0,1.0,2.0,2.0,2.0,3.0,3.0,3.0,3.86,72.22,71.98,75.12,50.0
South Africa,ZAF,20210726,1.0,2.0,1.0,3.0,1.0,2.0,0.0,1.0,2.0,3.0,2.0,3.0,3.0,3.0,3.86,51.85,62.6,64.4,50.0
South Africa,ZAF,20210727,1.0,2.0,1.0,3.0,1.0,2.0,0.0,1.0,2.0,3.0,2.0,3.0,3.0,3.0,4.31,51.85,62.6,64.4,50.0
South Africa,ZAF,20210728,1.0,2.0,1.0,3.0,1.0,2.0,0.0,1.0,2.0,3.0,2.0,3.0,3.0,3.0,4.31,51.85,62.6,64.4,50.0
South Africa,ZAF,20210729,1.0,2.0,1.0,3.0,1.0,2.0,0.0,1.0,2.0,3.0,2.0,3.0,3.0,3.0,4.73,51.85,62.6,64.4,50.0
South Africa,ZAF,20210730,1.0,2.0,1.0,3.0,1.0,2.0,0.0,1.0,2.0,3.0,2.0,3.0,3.0,3.0,4.73,51.85,62.6,64.4,50.0
South Africa,ZAF,20210731,1.0,2.0,1.0,3.0,1.0,2.0,0.0,1.0,2.0,3.0,2.0,3.0,3.0,3.0,4.73,51.85,62.6,64.4,50.0
South Africa,ZAF,20210801,1.0,2.0,1.0,3.0,1.0,2.0,0.0,1.0,2.0,3.0,2.0,3.0,3.0,3.0,4.73,51.85,62.6,64.4,50.0
South Africa,ZAF,20210802,1.0,2.0,1.0,3.0,1.0,2.0,0.0,1.0,2.0,2.0,2.0,3.0,4.0,2.0,4.98,51.85,59.69,61.07,50.0
South Africa,ZAF,20210803,1.0,2.0,1.0,3.0,1.0,2.0,0.0,1.0,2.0,2.0,2.0,3.0,4.0,2.0,5.36,51.85,59.69,61.07,50.0
South Africa,ZAF,20210804,1.0,2.0,1.0,3.0,1.0,2.0,0.0,1.0,2.0,2.0,2.0,3.0,4.0,2.0,5.36,51.85,59.69,61.07,50.0
South Africa,ZAF,20210805,1.0,2.0,1.0,3.0,1.0,2.0,0.0,1.0,2.0,2.0,2.0,3.0,4.0,2.0,5.56,51.85,59.69,61.07,50.0
South Africa,ZAF,20210806,1.0,2.0,1.0,3.0,1.0,2.0,0.0,1.0,2.0,2.0,2.0,3.0,4.0,2.0,5.56,51.85,59.69,61.07,50.0
South Africa,ZAF,20210807,1.0,2.0,1.0,3.0,1.0,2.0,0.0,1.0,2.0,2.0,2.0,3.0,4.0,2.0,5.56,51.85,59.69,61.07,50.0
South Africa,ZAF,20210808,1.0,2.0,1.0,3.0,1.0,2.0,0.0,1.0,2.0,2.0,2.0,3.0,4.0,2.0,5.97,51.85,59.69,61.07,50.0
South Africa,ZAF,20210809,1.0,2.0,1.0,3.0,1.0,2.0,0.0,1.0,2.0,2.0,2.0,3.0,4.0,2.0,5.97,51.85,59.69,61.07,50.0
South Africa,ZAF,20210810,1.0,2.0,1.0,3.0,1.0,2.0,0.0,1.0,2.0,2.0,2.0,3.0,4.0,2.0,6.21,51.85,59.69,61.07,50.0
South Africa,ZAF,20210811,1.0,2.0,1.0,3.0,1.0,2.0,0.0,1.0,2.0,2.0,2.0,3.0,4.0,2.0,6.21,51.85,59.69,61.07,50.0
South Africa,ZAF,20210812,1.0,2.0,1.0,3.0,1.0,2.0,0.0,1.0,2.0,2.0,2.0,3.0,4.0,2.0,6.61,51.85,59.69,61.07,50.0
South Africa,ZAF,20210813,1.0,2.0,1.0,3.0,1.0,2.0,0.0,1.0,2.0,2.0,2.0,3.0,4.0,2.0,6.61,51.85,59.69,61.07,50.0
South Africa,ZAF,20210814,1.0,2.0,1.0,3.0,1.0,2.0,0.0,1.0,2.0,2.0,2.0,3.0,4.0,2.0,6.61,51.85,59.69,61.07,50.0
South Africa,ZAF,20210815,1.0,2.0,1.0,3.0,1.0,2.0,0.0,1.0,2.0,2.0,2.0,3.0,4.0,2.0,6.82,51.85,59.69,61.07,50.0
South Africa,ZAF,20210816,1.0,2.0,1.0,3.0,1.0,2.0,0.0,1.0,2.0,3.0,2.0,3.0,4.0,2.0,7.01,51.85,61.77,63.45,50.0
South Africa,ZAF,20210817,1.0,2.0,1.0,3.0,1.0,2.0,0.0,1.0,2.0,3.0,2.0,3.0,4.0,2.0,7.01,51.85,61.77,63.45,50.0
South Africa,ZAF,20210818,1.0,2.0,1.0,3.0,1.0,2.0,0.0,1.0,2.0,3.0,2.0,3.0,4.0,2.0,7.48,51.85,61.77,63.45,50.0
South Africa,ZAF,20210819,1.0,2.0,1.0,3.0,1.0,2.0,0.0,1.0,2.0,3.0,2.0,3.0,4.0,2.0,7.73,51.85,61.77,63.45,50.0
South Africa,ZAF,20210820,1.0,2.0,1.0,3.0,1.0,2.0,0.0,1.0,2.0,3.0,2.0,3.0,5.0,2.0,7.98,51.85,63.02,64.88,50.0
South Africa,ZAF,20210821,1.0,2.0,1.0,3.0,1.0,2.0,0.0,1.0,2.0,3.0,2.0,3.0,5.0,2.0,7.98,51.85,63.02,64.88,50.0
South Africa,ZAF,20210822,1.0,2.0,1.0,3.0,1.0,2.0,0.0,1.0,2.0,3.0,2.0,3.0,5.0,2.0,8.07,51.85,63.02,64.88,50.0
South Africa,ZAF,20210823,1.0,2.0,1.0,3.0,1.0,2.0,0.0,1.0,2.0,3.0,2.0,3.0,5.0,2.0,8.32,51.85,63.02,64.88,50.0
South Africa,ZAF,20210824,1.0,2.0,1.0,3.0,1.0,2.0,0.0,1.0,2.0,3.0,2.0,3.0,5.0,2.0,8.58,51.85,63.02,64.88,50.0
South Africa,ZAF,20210825,1.0,2.0,1.0,3.0,1.0,2.0,0.0,1.0,2.0,3.0,2.0,3.0,5.0,2.0,8.58,51.85,63.02,64.88,50.0
South Africa,ZAF,20210826,1.0,2.0,1.0,3.0,1.0,2.0,0.0,1.0,2.0,3.0,2.0,3.0,5.0,2.0,8.58,51.85,63.02,64.88,50.0
South Africa,ZAF,20210827,1.0,2.0,1.0,3.0,1.0,2.0,0.0,1.0,2.0,3.0,2.0,3.0,5.0,2.0,9.35,51.85,63.02,64.88,50.0
South Africa,ZAF,20210828,1.0,2.0,1.0,3.0,1.0,2.0,0.0,1.0,2.0,3.0,2.0,3.0,5.0,2.0,9.35,51.85,63.02,64.88,50.0
South Africa,ZAF,20210829,1.0,2.0,1.0,3.0,1.0,2.0,0.0,1.0,2.0,3.0,2.0,3.0,5.0,2.0,9.35,51.85,63.02,64.88,50.0
South Africa,ZAF,20210830,1.0,2.0,1.0,3.0,1.0,2.0,0.0,1.0,2.0,3.0,2.0,3.0,5.0,2.0,9.71,51.85,63.02,64.88,50.0
South Africa,ZAF,20210831,1.0,2.0,1.0,3.0,1.0,2.0,0.0,1.0,2.0,3.0,2.0,3.0,5.0,2.0,9.99,51.85,63.02,64.88,50.0
South Africa,ZAF,20210901,1.0,2.0,1.0,3.0,1.0,2.0,0.0,1.0,2.0,3.0,2.0,3.0,5.0,2.0,10.26,51.85,63.02,64.88,50.0
South Africa,ZAF,20210902,1.0,2.0,1.0,3.0,1.0,2.0,0.0,1.0,2.0,3.0,2.0,3.0,5.0,2.0,10.52,51.85,63.02,64.88,50.0
South Africa,ZAF,20210903,1.0,2.0,1.0,3.0,1.0,2.0,0.0,1.0,2.0,3.0,2.0,3.0,5.0,2.0,10.52,51.85,63.02,64.88,50.0
South Africa,ZAF,20210904,1.0,2.0,1.0,3.0,1.0,2.0,0.0,1.0,2.0,3.0,2.0,3.0,5.0,2.0,10.52,51.85,63.02,64.88,50.0
South Africa,ZAF,20210905,1.0,2.0,1.0,3.0,1.0,2.0,0.0,1.0,2.0,3.0,2.0,3.0,5.0,2.0,10.84,51.85,63.02,64.88,50.0
South Africa,ZAF,20210906,1.0,2.0,1.0,3.0,1.0,2.0,0.0,1.0,2.0,3.0,2.0,3.0,5.0,2.0,10.84,51.85,63.02,64.88,50.0
South Africa,ZAF,20210907,1.0,2.0,1.0,3.0,1.0,2.0,0.0,1.0,2.0,3.0,2.0,3.0,5.0,2.0,11.27,51.85,63.02,64.88,50.0
South Africa,ZAF,20210908,1.0,2.0,1.0,3.0,1.0,2.0,0.0,1.0,2.0,3.0,2.0,3.0,5.0,2.0,11.27,51.85,63.02,64.88,50.0
South Africa,ZAF,20210909,1.0,2.0,1.0,3.0,1.0,2.0,0.0,1.0,2.0,3.0,2.0,3.0,5.0,2.0,11.5,51.85,63.02,64.88,50.0
South Africa,ZAF,20210910,1.0,2.0,1.0,3.0,1.0,2.0,0.0,1.0,2.0,3.0,2.0,3.0,5.0,2.0,11.94,51.85,63.02,64.88,50.0
South Africa,ZAF,20210911,1.0,2.0,1.0,3.0,1.0,2.0,0.0,1.0,2.0,3.0,2.0,3.0,5.0,2.0,12.0,51.85,63.02,64.88,50.0
South Africa,ZAF,20210912,1.0,1.0,1.0,3.0,1.0,2.0,0.0,1.0,2.0,3.0,2.0,3.0,5.0,2.0,12.02,48.15,60.94,62.5,50.0
South Africa,ZAF,20210913,1.0,1.0,1.0,2.0,1.0,2.0,0.0,1.0,2.0,3.0,2.0,3.0,5.0,2.0,12.24,45.37,59.38,60.71,50.0
South Africa,ZAF,20210914,1.0,1.0,1.0,2.0,1.0,2.0,0.0,1.0,2.0,3.0,2.0,3.0,5.0,2.0,12.48,45.37,59.38,60.71,50.0
South Africa,ZAF,20210915,1.0,1.0,1.0,2.0,1.0,2.0,0.0,1.0,2.0,3.0,2.0,3.0,5.0,2.0,12.7,45.37,59.38,60.71,50.0
South Africa,ZAF,20210916,1.0,1.0,1.0,2.0,1.0,2.0,0.0,1.0,2.0,3.0,2.0,3.0,5.0,2.0,12.91,45.37,59.38,60.71,50.0
South Africa,ZAF,20210917,1.0,1.0,1.0,2.0,1.0,2.0,0.0,1.0,2.0,3.0,2.0,3.0,5.0,2.0,12.91,45.37,59.38,60.71,50.0
South Africa,ZAF,20210918,1.0,1.0,1.0,2.0,1.0,2.0,0.0,1.0,2.0,3.0,2.0,3.0,5.0,2.0,12.91,45.37,59.38,60.71,50.0
South Africa,ZAF,20210919,1.0,1.0,1.0,2.0,1.0,2.0,0.0,1.0,2.0,3.0,2.0,3.0,5.0,2.0,13.21,45.37,59.38,60.71,50.0
South Africa,ZAF,20210920,1.0,1.0,1.0,2.0,1.0,2.0,0.0,1.0,2.0,3.0,2.0,3.0,5.0,2.0,13.21,45.37,59.38,60.71,50.0
South Africa,ZAF,20210921,1.0,1.0,1.0,2.0,1.0,2.0,0.0,1.0,2.0,3.0,2.0,3.0,5.0,2.0,13.54,45.37,59.38,60.71,50.0
South Africa,ZAF,20210922,1.0,1.0,1.0,2.0,1.0,2.0,0.0,1.0,2.0,3.0,2.0,3.0,5.0,2.0,13.74,45.37,59.38,60.71,50.0
South Africa,ZAF,20210923,1.0,1.0,1.0,2.0,1.0,2.0,0.0,1.0,2.0,3.0,2.0,3.0,5.0,2.0,13.93,45.37,59.38,60.71,50.0
South Africa,ZAF,20210924,1.0,1.0,1.0,2.0,1.0,2.0,0.0,1.0,2.0,3.0,2.0,3.0,5.0,2.0,13.96,45.37,59.38,60.71,50.0
South Africa,ZAF,20210925,1.0,1.0,1.0,2.0,1.0,2.0,0.0,1.0,2.0,3.0,2.0,3.0,5.0,2.0,13.96,45.37,59.38,60.71,50.0
South Africa,ZAF,20210926,1.0,1.0,1.0,2.0,1.0,2.0,0.0,1.0,2.0,3.0,2.0,3.0,5.0,2.0,14.01,45.37,59.38,60.71,50.0
South Africa,ZAF,20210927,1.0,1.0,1.0,2.0,1.0,2.0,0.0,1.0,2.0,3.0,2.0,3.0,5.0,2.0,14.19,45.37,59.38,60.71,50.0
South Africa,ZAF,20210928,1.0,1.0,1.0,2.0,1.0,2.0,0.0,1.0,2.0,3.0,2.0,3.0,5.0,2.0,14.19,45.37,59.38,60.71,50.0
South Africa,ZAF,20210929,1.0,1.0,1.0,2.0,1.0,2.0,0.0,1.0,2.0,3.0,2.0,3.0,5.0,2.0,14.19,45.37,59.38,60.71,50.0
South Africa,ZAF,20210930,1.0,1.0,1.0,2.0,1.0,2.0,0.0,1.0,2.0,3.0,2.0,3.0,5.0,2.0,14.72,45.37,59.38,60.71,50.0
South Africa,ZAF,20211001,1.0,1.0,1.0,3.0,1.0,2.0,0.0,1.0,2.0,3.0,2.0,3.0,5.0,2.0,14.72,48.15,60.94,62.5,50.0
South Africa,ZAF,20211002,1.0,1.0,1.0,3.0,1.0,2.0,0.0,1.0,2.0,3.0,2.0,3.0,5.0,2.0,14.72,48.15,60.94,62.5,50.0
South Africa,ZAF,20211003,1.0,1.0,1.0,3.0,1.0,2.0,0.0,1.0,2.0,3.0,2.0,3.0,5.0,2.0,15.15,48.15,60.94,62.5,50.0
South Africa,ZAF,20211004,1.0,1.0,1.0,3.0,1.0,2.0,0.0,1.0,2.0,3.0,2.0,3.0,5.0,2.0,15.15,48.15,60.94,62.5,50.0
South Africa,ZAF,20211005,1.0,1.0,1.0,3.0,1.0,2.0,0.0,1.0,2.0,3.0,2.0,3.0,5.0,2.0,15.64,48.15,60.94,62.5,50.0
South Africa,ZAF,20211006,1.0,1.0,1.0,3.0,1.0,2.0,0.0,1.0,2.0,3.0,2.0,3.0,5.0,2.0,15.91,48.15,60.94,62.5,50.0
South Africa,ZAF,20211007,1.0,1.0,1.0,3.0,1.0,2.0,0.0,1.0,2.0,3.0,2.0,3.0,5.0,2.0,15.91,48.15,60.94,62.5,50.0
South Africa,ZAF,20211008,1.0,1.0,1.0,3.0,1.0,2.0,0.0,1.0,2.0,3.0,2.0,3.0,5.0,2.0,16.17,48.15,60.94,62.5,50.0
South Africa,ZAF,20211009,1.0,1.0,1.0,3.0,1.0,2.0,0.0,1.0,2.0,3.0,2.0,3.0,5.0,2.0,16.17,48.15,60.94,62.5,50.0
South Africa,ZAF,20211010,1.0,1.0,1.0,3.0,1.0,2.0,0.0,1.0,2.0,3.0,2.0,3.0,5.0,2.0,16.17,48.15,60.94,62.5,50.0
South Africa,ZAF,20211011,1.0,1.0,1.0,3.0,1.0,2.0,0.0,1.0,2.0,3.0,2.0,3.0,5.0,2.0,16.55,48.15,60.94,62.5,50.0
South Africa,ZAF,20211012,1.0,1.0,1.0,3.0,1.0,2.0,0.0,1.0,2.0,3.0,2.0,3.0,5.0,2.0,16.55,48.15,60.94,62.5,50.0
South Africa,ZAF,20211013,1.0,1.0,1.0,3.0,1.0,2.0,0.0,1.0,2.0,3.0,2.0,3.0,5.0,2.0,17.06,48.15,60.94,62.5,50.0
South Africa,ZAF,20211014,1.0,1.0,1.0,3.0,1.0,2.0,0.0,1.0,2.0,3.0,2.0,3.0,5.0,2.0,17.06,48.15,60.94,62.5,50.0
South Africa,ZAF,20211015,1.0,1.0,1.0,3.0,1.0,2.0,0.0,1.0,2.0,3.0,2.0,3.0,5.0,2.0,17.6,48.15,60.94,62.5,50.0
South Africa,ZAF,20211016,1.0,1.0,1.0,3.0,1.0,2.0,0.0,1.0,2.0,3.0,2.0,3.0,5.0,2.0,17.6,48.15,60.94,62.5,50.0
South Africa,ZAF,20211017,1.0,1.0,1.0,3.0,1.0,2.0,0.0,1.0,2.0,3.0,2.0,3.0,5.0,2.0,17.96,48.15,60.94,62.5,50.0
South Africa,ZAF,20211018,1.0,1.0,1.0,3.0,1.0,2.0,0.0,1.0,2.0,3.0,2.0,3.0,5.0,2.0,17.96,48.15,60.94,62.5,50.0
South Africa,ZAF,20211019,1.0,1.0,1.0,3.0,1.0,2.0,0.0,1.0,2.0,3.0,2.0,3.0,5.0,2.0,18.43,48.15,60.94,62.5,50.0
South Africa,ZAF,20211020,1.0,1.0,1.0,3.0,1.0,2.0,0.0,1.0,2.0,3.0,2.0,3.0,5.0,2.0,18.43,48.15,60.94,62.5,50.0
South Africa,ZAF,20211021,1.0,1.0,1.0,3.0,1.0,2.0,0.0,1.0,2.0,3.0,2.0,3.0,5.0,2.0,18.43,48.15,60.94,62.5,50.0
South Africa,ZAF,20211022,1.0,1.0,1.0,3.0,1.0,2.0,0.0,1.0,2.0,3.0,2.0,3.0,5.0,2.0,18.43,48.15,60.94,62.5,50.0
South Africa,ZAF,20211023,1.0,1.0,1.0,3.0,1.0,2.0,0.0,1.0,2.0,3.0,2.0,3.0,5.0,2.0,19.28,48.15,60.94,62.5,50.0
South Africa,ZAF,20211024,1.0,1.0,1.0,3.0,1.0,2.0,0.0,1.0,2.0,3.0,2.0,3.0,5.0,2.0,19.28,48.15,60.94,62.5,50.0
South Africa,ZAF,20211025,1.0,1.0,1.0,3.0,1.0,2.0,0.0,1.0,2.0,3.0,2.0,3.0,5.0,2.0,19.53,48.15,60.94,62.5,50.0
South Africa,ZAF,20211026,1.0,1.0,1.0,3.0,1.0,2.0,0.0,1.0,2.0,3.0,2.0,3.0,5.0,2.0,19.53,48.15,60.94,62.5,50.0
South Africa,ZAF,20211027,1.0,1.0,1.0,3.0,1.0,2.0,0.0,1.0,2.0,3.0,2.0,3.0,5.0,2.0,19.53,48.15,60.94,62.5,50.0
South Africa,ZAF,20211028,1.0,1.0,1.0,3.0,1.0,2.0,0.0,1.0,2.0,3.0,2.0,3.0,5.0,2.0,19.53,48.15,60.94,62.5,50.0
South Africa,ZAF,20211029,1.0,1.0,1.0,3.0,1.0,2.0,0.0,1.0,2.0,3.0,2.0,3.0,5.0,2.0,19.53,48.15,60.94,62.5,50.0
South Africa,ZAF,20211030,1.0,1.0,1.0,3.0,1.0,2.0,0.0,1.0,2.0,3.0,2.0,3.0,5.0,2.0,20.55,48.15,60.94,62.5,50.0
South Africa,ZAF,20211031,1.0,1.0,1.0,3.0,1.0,2.0,0.0,1.0,2.0,3.0,2.0,3.0,5.0,2.0,20.57,48.15,60.94,62.5,50.0
South Africa,ZAF,20211101,1.0,1.0,1.0,3.0,1.0,2.0,0.0,1.0,2.0,3.0,2.0,3.0,5.0,2.0,20.57,48.15,60.94,62.5,50.0
South Africa,ZAF,20211102,1.0,1.0,1.0,3.0,1.0,2.0,0.0,1.0,2.0,3.0,2.0,3.0,5.0,2.0,20.93,48.15,60.94,62.5,50.0
South Africa,ZAF,20211103,1.0,1.0,1.0,3.0,1.0,2.0,0.0,1.0,2.0,3.0,2.0,3.0,5.0,2.0,21.07,48.15,60.94,62.5,50.0
South Africa,ZAF,20211104,1.0,1.0,1.0,3.0,1.0,2.0,0.0,1.0,2.0,3.0,2.0,3.0,5.0,2.0,21.27,48.15,60.94,62.5,50.0
South Africa,ZAF,20211105,1.0,1.0,1.0,3.0,1.0,2.0,0.0,1.0,2.0,3.0,2.0,3.0,5.0,2.0,21.27,48.15,60.94,62.5,50.0
South Africa,ZAF,20211106,1.0,1.0,1.0,3.0,1.0,2.0,0.0,1.0,2.0,3.0,2.0,3.0,5.0,2.0,21.38,48.15,60.94,62.5,50.0
South Africa,ZAF,20211107,1.0,1.0,1.0,3.0,1.0,2.0,0.0,1.0,2.0,3.0,2.0,3.0,5.0,2.0,21.39,48.15,60.94,62.5,50.0
South Africa,ZAF,20211108,1.0,1.0,1.0,3.0,1.0,2.0,0.0,1.0,2.0,3.0,2.0,3.0,5.0,2.0,21.6,48.15,60.94,62.5,50.0
South Africa,ZAF,20211109,1.0,1.0,1.0,3.0,1.0,2.0,0.0,1.0,2.0,3.0,2.0,3.0,5.0,2.0,21.76,48.15,60.94,62.5,50.0
South Africa,ZAF,20211110,1.0,1.0,1.0,3.0,1.0,2.0,0.0,1.0,2.0,3.0,2.0,3.0,5.0,2.0,21.91,48.15,60.94,62.5,50.0
South Africa,ZAF,20211111,1.0,1.0,1.0,3.0,1.0,2.0,0.0,1.0,2.0,3.0,2.0,3.0,5.0,2.0,21.91,48.15,60.94,62.5,50.0
South Africa,ZAF,20211112,1.0,1.0,1.0,3.0,1.0,2.0,0.0,1.0,2.0,3.0,2.0,3.0,5.0,2.0,22.25,48.15,60.94,62.5,50.0
South Africa,ZAF,20211113,1.0,1.0,1.0,3.0,1.0,2.0,0.0,1.0,2.0,3.0,2.0,3.0,5.0,2.0,22.33,48.15,60.94,62.5,50.0
South Africa,ZAF,20211114,1.0,1.0,1.0,3.0,1.0,2.0,0.0,1.0,2.0,3.0,2.0,3.0,5.0,2.0,22.38,48.15,60.94,62.5,50.0
South Africa,ZAF,20211115,1.0,1.0,1.0,3.0,1.0,2.0,0.0,1.0,2.0,3.0,2.0,3.0,5.0,2.0,22.53,48.15,60.94,62.5,50.0
South Africa,ZAF,20211116,1.0,1.0,1.0,3.0,1.0,2.0,0.0,1.0,2.0,3.0,2.0,3.0,5.0,2.0,22.68,48.15,60.94,62.5,50.0
South Africa,ZAF,20211117,1.0,1.0,1.0,3.0,1.0,2.0,0.0,1.0,2.0,3.0,2.0,3.0,5.0,2.0,22.83,48.15,60.94,62.5,50.0
South Africa,ZAF,20211118,1.0,1.0,1.0,3.0,1.0,2.0,0.0,1.0,2.0,3.0,2.0,3.0,5.0,2.0,22.97,48.15,60.94,62.5,50.0
South Africa,ZAF,20211119,1.0,1.0,1.0,3.0,1.0,2.0,0.0,1.0,2.0,3.0,2.0,3.0,5.0,2.0,22.97,48.15,60.94,62.5,50.0
South Africa,ZAF,20211120,1.0,1.0,1.0,3.0,1.0,2.0,0.0,1.0,2.0,3.0,2.0,3.0,5.0,2.0,23.16,48.15,60.94,62.5,50.0
South Africa,ZAF,20211121,1.0,1.0,1.0,3.0,1.0,2.0,0.0,1.0,2.0,3.0,2.0,3.0,5.0,2.0,23.17,48.15,60.94,62.5,50.0
South Africa,ZAF,20211122,1.0,1.0,1.0,3.0,1.0,2.0,0.0,1.0,2.0,3.0,2.0,3.0,5.0,2.0,23.29,48.15,60.94,62.5,50.0
South Africa,ZAF,20211123,1.0,1.0,1.0,3.0,1.0,2.0,0.0,1.0,2.0,3.0,2.0,3.0,5.0,2.0,23.43,48.15,60.94,62.5,50.0
South Africa,ZAF,20211124,1.0,1.0,1.0,3.0,1.0,2.0,0.0,1.0,2.0,3.0,2.0,3.0,5.0,2.0,23.57,48.15,60.94,62.5,50.0
South Africa,ZAF,20211125,1.0,1.0,1.0,3.0,1.0,2.0,0.0,1.0,2.0,3.0,2.0,3.0,5.0,2.0,23.57,48.15,60.94,62.5,50.0
South Africa,ZAF,20211126,1.0,1.0,1.0,3.0,1.0,2.0,0.0,1.0,2.0,3.0,2.0,3.0,5.0,2.0,23.82,48.15,60.94,62.5,50.0
South Africa,ZAF,20211127,1.0,1.0,1.0,3.0,1.0,2.0,0.0,1.0,2.0,3.0,2.0,3.0,5.0,2.0,23.86,48.15,60.94,62.5,50.0
South Africa,ZAF,20211128,1.0,2.0,2.0,3.0,1.0,2.0,0.0,1.0,2.0,3.0,2.0,3.0,5.0,2.0,23.86,57.41,66.15,68.45,50.0
South Africa,ZAF,20211129,1.0,2.0,2.0,3.0,1.0,2.0,0.0,1.0,2.0,3.0,2.0,3.0,5.0,2.0,24.02,57.41,66.15,68.45,50.0
South Africa,ZAF,20211130,1.0,2.0,2.0,3.0,1.0,2.0,0.0,1.0,2.0,3.0,2.0,3.0,5.0,2.0,24.17,57.41,66.15,68.45,50.0
South Africa,ZAF,20211201,1.0,2.0,2.0,3.0,1.0,2.0,0.0,1.0,2.0,3.0,2.0,3.0,5.0,2.0,24.31,57.41,66.15,68.45,50.0
South Africa,ZAF,20211202,1.0,2.0,2.0,3.0,1.0,2.0,0.0,1.0,2.0,3.0,2.0,3.0,5.0,2.0,24.74,57.41,66.15,68.45,50.0
South Africa,ZAF,20211203,1.0,2.0,2.0,3.0,1.0,2.0,0.0,1.0,2.0,3.0,2.0,3.0,5.0,2.0,24.74,57.41,66.15,68.45,50.0
South Africa,ZAF,20211204,1.0,2.0,2.0,3.0,1.0,2.0,0.0,1.0,2.0,3.0,2.0,3.0,5.0,2.0,24.93,57.41,66.15,68.45,50.0
South Africa,ZAF,20211205,1.0,2.0,2.0,3.0,1.0,2.0,0.0,1.0,2.0,3.0,2.0,3.0,5.0,2.0,24.96,57.41,66.15,68.45,50.0
South Africa,ZAF,20211206,1.0,2.0,2.0,3.0,1.0,2.0,0.0,1.0,2.0,3.0,2.0,3.0,5.0,2.0,25.08,57.41,66.15,68.45,50.0
South Africa,ZAF,20211207,1.0,2.0,2.0,3.0,1.0,2.0,0.0,1.0,2.0,3.0,2.0,3.0,5.0,2.0,25.22,57.41,66.15,68.45,50.0
South Africa,ZAF,20211208,1.0,2.0,2.0,3.0,1.0,2.0,0.0,1.0,2.0,3.0,2.0,3.0,5.0,2.0,25.35,57.41,66.15,68.45,50.0
South Africa,ZAF,20211209,1.0,2.0,2.0,3.0,1.0,2.0,0.0,1.0,2.0,3.0,2.0,3.0,5.0,2.0,25.35,57.41,66.15,68.45,50.0
South Africa,ZAF,20211210,1.0,2.0,2.0,3.0,1.0,2.0,0.0,1.0,2.0,3.0,2.0,3.0,5.0,2.0,25.6,57.41,66.15,68.45,50.0
South Africa,ZAF,20211211,1.0,2.0,2.0,3.0,1.0,2.0,0.0,1.0,2.0,3.0,2.0,3.0,5.0,2.0,25.6,57.41,66.15,68.45,50.0
South Africa,ZAF,20211212,1.0,2.0,2.0,3.0,1.0,2.0,0.0,1.0,2.0,3.0,2.0,3.0,5.0,2.0,25.64,57.41,66.15,68.45,50.0
South Africa,ZAF,20211213,1.0,2.0,2.0,3.0,1.0,2.0,0.0,1.0,2.0,3.0,2.0,3.0,5.0,2.0,25.73,57.41,66.15,68.45,50.0
South Africa,ZAF,20211214,1.0,2.0,2.0,3.0,1.0,2.0,0.0,1.0,2.0,3.0,2.0,3.0,5.0,2.0,25.83,57.41,66.15,68.45,50.0
South Africa,ZAF,20211215,1.0,2.0,2.0,3.0,1.0,2.0,0.0,1.0,2.0,3.0,2.0,3.0,5.0,2.0,25.93,57.41,66.15,68.45,50.0
South Africa,ZAF,20211216,1.0,2.0,2.0,3.0,1.0,2.0,0.0,1.0,2.0,3.0,2.0,3.0,5.0,2.0,26.02,57.41,66.15,68.45,50.0
South Africa,ZAF,20211217,1.0,2.0,2.0,3.0,1.0,2.0,0.0,1.0,2.0,3.0,2.0,3.0,5.0,2.0,26.02,57.41,66.15,68.45,50.0
South Africa,ZAF,20211218,1.0,2.0,2.0,3.0,1.0,2.0,0.0,1.0,2.0,3.0,2.0,3.0,5.0,2.0,26.02,57.41,66.15,68.45,50.0
South Africa,ZAF,20211219,1.0,2.0,2.0,3.0,1.0,2.0,0.0,1.0,2.0,3.0,2.0,3.0,5.0,2.0,26.04,57.41,66.15,68.45,50.0
South Africa,ZAF,20211220,1.0,2.0,2.0,3.0,1.0,2.0,0.0,1.0,2.0,3.0,2.0,3.0,5.0,2.0,26.04,57.41,66.15,68.45,50.0
South Africa,ZAF,20211221,1.0,2.0,2.0,3.0,1.0,2.0,0.0,1.0,2.0,3.0,2.0,3.0,5.0,0.0,26.19,57.41,61.98,63.69,50.0
South Africa,ZAF,20211222,1.0,2.0,2.0,3.0,1.0,2.0,0.0,1.0,2.0,3.0,2.0,3.0,5.0,0.0,26.19,57.41,61.98,63.69,50.0
South Africa,ZAF,20211223,1.0,2.0,2.0,3.0,1.0,2.0,0.0,1.0,2.0,3.0,2.0,3.0,5.0,0.0,26.19,57.41,61.98,63.69,50.0
South Africa,ZAF,20211224,1.0,2.0,2.0,3.0,1.0,2.0,0.0,1.0,2.0,3.0,2.0,3.0,5.0,0.0,26.32,57.41,61.98,63.69,50.0
South Africa,ZAF,20211225,1.0,2.0,2.0,3.0,1.0,2.0,0.0,1.0,2.0,3.0,2.0,3.0,5.0,0.0,26.32,57.41,61.98,63.69,50.0
South Africa,ZAF,20211226,1.0,2.0,2.0,3.0,1.0,2.0,0.0,1.0,2.0,3.0,2.0,3.0,5.0,0.0,26.32,57.41,61.98,63.69,50.0
South Africa,ZAF,20211227,1.0,2.0,2.0,3.0,1.0,2.0,0.0,1.0,2.0,3.0,2.0,3.0,5.0,0.0,26.32,57.41,61.98,63.69,50.0
South Africa,ZAF,20211228,1.0,2.0,2.0,3.0,1.0,2.0,0.0,1.0,2.0,3.0,2.0,3.0,5.0,0.0,26.38,57.41,61.98,63.69,50.0
South Africa,ZAF,20211229,1.0,2.0,2.0,3.0,1.0,2.0,0.0,1.0,2.0,3.0,2.0,3.0,5.0,0.0,26.44,57.41,61.98,63.69,50.0
South Africa,ZAF,20211230,1.0,2.0,1.0,3.0,1.0,0.0,0.0,1.0,2.0,3.0,2.0,3.0,5.0,0.0,26.44,44.44,54.69,55.36,50.0
South Africa,ZAF,20211231,1.0,2.0,1.0,3.0,1.0,0.0,0.0,1.0,2.0,3.0,2.0,3.0,5.0,0.0,26.44,44.44,54.69,55.36,50.0
South Africa,ZAF,20220101,1.0,2.0,1.0,3.0,1.0,0.0,0.0,1.0,2.0,3.0,2.0,3.0,5.0,0.0,26.5,44.44,54.69,55.36,50.0
South Africa,ZAF,20220102,1.0,2.0,1.0,3.0,1.0,0.0,0.0,1.0,2.0,3.0,2.0,3.0,5.0,0.0,26.5,44.44,54.69,55.36,50.0
South Africa,ZAF,20220103,1.0,2.0,1.0,3.0,1.0,0.0,0.0,1.0,2.0,3.0,2.0,3.0,5.0,0.0,26.55,44.44,54.69,55.36,50.0
South Africa,ZAF,20220104,1.0,2.0,1.0,3.0,1.0,0.0,0.0,1.0,2.0,3.0,2.0,3.0,5.0,0.0,26.68,44.44,54.69,55.36,50.0
South Africa,ZAF,20220105,1.0,2.0,1.0,3.0,1.0,0.0,0.0,1.0,2.0,3.0,2.0,3.0,5.0,0.0,26.68,44.44,54.69,55.36,50.0
South Africa,ZAF,20220106,1.0,2.0,1.0,3.0,1.0,0.0,0.0,1.0,2.0,3.0,2.0,3.0,5.0,0.0,26.68,44.44,54.69,55.36,50.0
South Africa,ZAF,20220107,1.0,2.0,1.0,3.0,1.0,0.0,0.0,1.0,2.0,3.0,2.0,3.0,5.0,0.0,26.81,44.44,54.69,55.36,50.0
South Africa,ZAF,20220108,1.0,2.0,1.0,3.0,1.0,0.0,0.0,1.0,2.0,3.0,2.0,3.0,5.0,0.0,26.81,44.44,54.69,55.36,50.0
South Africa,ZAF,20220109,1.0,2.0,1.0,3.0,1.0,0.0,0.0,1.0,2.0,3.0,2.0,3.0,5.0,0.0,26.84,44.44,54.69,55.36,50.0
South Africa,ZAF,20220110,1.0,2.0,1.0,3.0,1.0,0.0,0.0,1.0,2.0,3.0,2.0,3.0,5.0,0.0,26.84,44.44,54.69,55.36,50.0
South Africa,ZAF,20220111,1.0,2.0,1.0,3.0,1.0,0.0,0.0,1.0,2.0,3.0,2.0,3.0,5.0,0.0,26.84,44.44,54.69,55.36,50.0
South Africa,ZAF,20220112,1.0,2.0,1.0,3.0,1.0,0.0,0.0,1.0,2.0,3.0,2.0,3.0,5.0,0.0,26.84,44.44,54.69,55.36,50.0
South Africa,ZAF,20220113,1.0,2.0,1.0,3.0,1.0,0.0,0.0,1.0,2.0,3.0,2.0,3.0,5.0,0.0,26.84,44.44,54.69,55.36,50.0
South Africa,ZAF,20220114,1.0,2.0,1.0,3.0,1.0,0.0,0.0,1.0,2.0,3.0,2.0,3.0,5.0,0.0,26.84,44.44,54.69,55.36,50.0
South Africa,ZAF,20220115,1.0,2.0,1.0,3.0,1.0,0.0,0.0,1.0,2.0,3.0,2.0,3.0,5.0,0.0,26.84,44.44,54.69,55.36,50.0
South Africa,ZAF,20220116,1.0,2.0,1.0,3.0,1.0,0.0,0.0,1.0,2.0,3.0,2.0,3.0,5.0,0.0,26.84,44.44,54.69,55.36,50.0
South Africa,ZAF,20220117,1.0,2.0,1.0,3.0,1.0,0.0,0.0,1.0,2.0,3.0,2.0,3.0,5.0,0.0,26.99,44.44,54.69,55.36,50.0
South Africa,ZAF,20220118,1.0,2.0,1.0,3.0,1.0,0.0,0.0,1.0,2.0,3.0,2.0,3.0,5.0,0.0,27.07,44.44,54.69,55.36,50.0
South Africa,ZAF,20220119,1.0,2.0,1.0,3.0,1.0,0.0,0.0,1.0,2.0,3.0,2.0,3.0,5.0,0.0,27.15,44.44,54.69,55.36,50.0
South Africa,ZAF,20220120,1.0,2.0,1.0,3.0,1.0,0.0,0.0,1.0,2.0,3.0,2.0,3.0,5.0,0.0,27.22,44.44,54.69,55.36,50.0
South Africa,ZAF,20220121,1.0,2.0,1.0,3.0,1.0,0.0,0.0,1.0,2.0,3.0,2.0,3.0,5.0,0.0,27.3,44.44,54.69,55.36,50.0
South Africa,ZAF,20220122,1.0,2.0,1.0,3.0,1.0,0.0,0.0,1.0,2.0,3.0,2.0,3.0,5.0,0.0,27.32,44.44,54.69,55.36,50.0
South Africa,ZAF,20220123,1.0,2.0,1.0,3.0,1.0,0.0,0.0,1.0,2.0,3.0,2.0,3.0,5.0,0.0,27.32,44.44,54.69,55.36,50.0
South Africa,ZAF,20220124,1.0,2.0,1.0,3.0,1.0,0.0,0.0,1.0,2.0,3.0,2.0,3.0,5.0,0.0,27.4,44.44,54.69,55.36,50.0
South Africa,ZAF,20220125,1.0,2.0,1.0,3.0,1.0,0.0,0.0,1.0,2.0,3.0,2.0,3.0,5.0,0.0,27.4,44.44,54.69,55.36,50.0
South Africa,ZAF,20220126,1.0,2.0,1.0,3.0,1.0,0.0,0.0,1.0,2.0,3.0,2.0,3.0,5.0,0.0,27.55,44.44,54.69,55.36,50.0
South Africa,ZAF,20220127,1.0,2.0,1.0,3.0,1.0,0.0,0.0,1.0,2.0,3.0,2.0,3.0,5.0,0.0,27.61,44.44,54.69,55.36,50.0
South Africa,ZAF,20220128,1.0,2.0,1.0,3.0,1.0,0.0,0.0,1.0,2.0,3.0,2.0,3.0,5.0,0.0,27.67,44.44,54.69,55.36,50.0
South Africa,ZAF,20220129,1.0,2.0,1.0,3.0,1.0,0.0,0.0,1.0,2.0,3.0,2.0,3.0,5.0,0.0,27.67,44.44,54.69,55.36,50.0
South Africa,ZAF,20220130,1.0,2.0,1.0,3.0,1.0,0.0,0.0,1.0,2.0,3.0,2.0,3.0,5.0,0.0,27.7,44.44,54.69,55.36,50.0
South Africa,ZAF,20220131,1.0,2.0,1.0,3.0,1.0,0.0,0.0,1.0,2.0,3.0,2.0,3.0,5.0,0.0,27.76,44.44,54.69,55.36,50.0
South Africa,ZAF,20220201,1.0,2.0,1.0,3.0,1.0,0.0,0.0,1.0,2.0,3.0,2.0,3.0,5.0,0.0,27.76,44.44,54.69,55.36,50.0
South Africa,ZAF,20220202,1.0,2.0,1.0,3.0,1.0,0.0,0.0,1.0,2.0,3.0,2.0,3.0,5.0,0.0,27.87,44.44,54.69,55.36,50.0
South Africa,ZAF,20220203,1.0,2.0,1.0,3.0,1.0,0.0,0.0,1.0,2.0,3.0,2.0,3.0,5.0,0.0,27.92,44.44,54.69,55.36,50.0
South Africa,ZAF,20220204,1.0,2.0,1.0,3.0,1.0,0.0,0.0,1.0,2.0,3.0,2.0,3.0,5.0,0.0,27.92,44.44,54.69,55.36,50.0
South Africa,ZAF,20220205,1.0,2.0,1.0,3.0,1.0,0.0,0.0,1.0,2.0,3.0,2.0,3.0,5.0,0.0,27.92,44.44,54.69,55.36,50.0
South Africa,ZAF,20220206,1.0,2.0,1.0,3.0,1.0,0.0,0.0,1.0,2.0,3.0,2.0,3.0,5.0,0.0,27.99,44.44,54.69,55.36,50.0
South Africa,ZAF,20220207,1.0,2.0,1.0,3.0,1.0,0.0,0.0,1.0,2.0,3.0,2.0,3.0,5.0,0.0,27.99,44.44,54.69,55.36,50.0
South Africa,ZAF,20220208,1.0,2.0,1.0,3.0,1.0,0.0,0.0,1.0,2.0,3.0,2.0,3.0,5.0,0.0,27.99,44.44,54.69,55.36,50.0
South Africa,ZAF,20220209,1.0,2.0,1.0,3.0,1.0,0.0,0.0,1.0,2.0,3.0,2.0,3.0,5.0,0.0,28.13,44.44,54.69,55.36,50.0
South Africa,ZAF,20220210,1.0,2.0,1.0,3.0,1.0,0.0,0.0,1.0,2.0,3.0,2.0,3.0,5.0,0.0,28.13,44.44,54.69,55.36,50.0
South Africa,ZAF,20220211,1.0,2.0,1.0,3.0,1.0,0.0,0.0,1.0,2.0,3.0,2.0,3.0,5.0,0.0,28.22,44.44,54.69,55.36,50.0
South Africa,ZAF,20220212,1.0,2.0,1.0,3.0,1.0,0.0,0.0,1.0,2.0,3.0,2.0,3.0,5.0,0.0,28.23,44.44,54.69,55.36,50.0
South Africa,ZAF,20220213,1.0,2.0,1.0,3.0,1.0,0.0,0.0,1.0,2.0,3.0,2.0,3.0,5.0,0.0,28.25,44.44,54.69,55.36,50.0
South Africa,ZAF,20220214,1.0,2.0,1.0,3.0,1.0,0.0,0.0,1.0,2.0,3.0,2.0,3.0,5.0,0.0,28.28,44.44,54.69,55.36,50.0
South Africa,ZAF,20220215,1.0,2.0,1.0,3.0,1.0,0.0,0.0,1.0,2.0,3.0,2.0,3.0,5.0,0.0,28.28,44.44,54.69,55.36,50.0
South Africa,ZAF,20220216,1.0,2.0,1.0,3.0,1.0,0.0,0.0,1.0,2.0,3.0,2.0,3.0,5.0,0.0,28.37,44.44,54.69,55.36,50.0
South Africa,ZAF,20220217,1.0,2.0,1.0,3.0,1.0,0.0,0.0,1.0,2.0,3.0,2.0,3.0,5.0,0.0,28.42,44.44,54.69,55.36,50.0
South Africa,ZAF,20220218,1.0,2.0,1.0,3.0,1.0,0.0,0.0,1.0,2.0,3.0,2.0,3.0,5.0,0.0,28.42,44.44,54.69,55.36,50.0
South Africa,ZAF,20220219,1.0,2.0,1.0,3.0,1.0,0.0,0.0,1.0,2.0,3.0,2.0,3.0,5.0,0.0,28.49,44.44,54.69,55.36,50.0
South Africa,ZAF,20220220,0.0,2.0,1.0,3.0,1.0,0.0,0.0,1.0,2.0,3.0,2.0,3.0,5.0,0.0,28.5,40.74,52.6,52.98,50.0
South Africa,ZAF,20220221,0.0,2.0,1.0,3.0,1.0,0.0,0.0,1.0,2.0,3.0,2.0,3.0,5.0,0.0,28.5,40.74,52.6,52.98,50.0
South Africa,ZAF,20220222,0.0,2.0,1.0,3.0,1.0,0.0,0.0,1.0,2.0,3.0,2.0,3.0,5.0,0.0,28.6,40.74,52.6,52.98,50.0
South Africa,ZAF,20220223,0.0,2.0,1.0,3.0,1.0,0.0,0.0,1.0,2.0,3.0,2.0,3.0,5.0,0.0,28.65,40.74,52.6,52.98,50.0
South Africa,ZAF,20220224,0.0,2.0,1.0,3.0,1.0,0.0,0.0,1.0,2.0,3.0,2.0,3.0,5.0,0.0,28.65,40.74,52.6,52.98,50.0
South Africa,ZAF,20220225,0.0,2.0,1.0,3.0,1.0,0.0,0.0,1.0,2.0,3.0,2.0,3.0,5.0,0.0,28.77,40.74,52.6,52.98,50.0
South Africa,ZAF,20220226,0.0,2.0,1.0,3.0,1.0,0.0,0.0,1.0,2.0,3.0,2.0,3.0,5.0,0.0,28.77,40.74,52.6,52.98,50.0
South Africa,ZAF,20220227,0.0,2.0,1.0,3.0,1.0,0.0,0.0,1.0,2.0,3.0,2.0,3.0,5.0,0.0,28.79,40.74,52.6,52.98,50.0
South Africa,ZAF,20220228,0.0,2.0,1.0,3.0,1.0,0.0,0.0,1.0,2.0,3.0,2.0,3.0,5.0,0.0,28.79,40.74,52.6,52.98,50.0
South Africa,ZAF,20220301,0.0,2.0,1.0,3.0,1.0,0.0,0.0,1.0,2.0,3.0,2.0,3.0,5.0,0.0,28.89,40.74,52.6,52.98,50.0
South Africa,ZAF,20220302,0.0,2.0,1.0,3.0,1.0,0.0,0.0,1.0,2.0,3.0,2.0,3.0,5.0,0.0,28.89,40.74,52.6,52.98,50.0
South Africa,ZAF,20220303,0.0,2.0,1.0,3.0,1.0,0.0,0.0,1.0,2.0,3.0,2.0,3.0,5.0,0.0,28.89,40.74,52.6,52.98,50.0
South Africa,ZAF,20220304,0.0,2.0,1.0,3.0,1.0,0.0,0.0,1.0,2.0,3.0,2.0,3.0,5.0,0.0,29.03,40.74,52.6,52.98,50.0
South Africa,ZAF,20220305,0.0,2.0,1.0,3.0,1.0,0.0,0.0,1.0,2.0,3.0,2.0,3.0,5.0,0.0,29.04,40.74,52.6,52.98,50.0
South Africa,ZAF,20220306,0.0,2.0,1.0,3.0,1.0,0.0,0.0,1.0,2.0,3.0,2.0,3.0,5.0,0.0,29.05,40.74,52.6,52.98,50.0
South Africa,ZAF,20220307,0.0,2.0,1.0,3.0,1.0,0.0,0.0,1.0,2.0,3.0,2.0,3.0,5.0,0.0,29.09,40.74,52.6,52.98,50.0
South Africa,ZAF,20220308,0.0,2.0,1.0,3.0,1.0,0.0,0.0,1.0,2.0,3.0,2.0,3.0,5.0,0.0,29.09,40.74,52.6,52.98,50.0
South Africa,ZAF,20220309,0.0,2.0,1.0,3.0,1.0,0.0,0.0,1.0,2.0,3.0,2.0,3.0,5.0,0.0,29.13,40.74,52.6,52.98,50.0
South Africa,ZAF,20220310,0.0,2.0,1.0,3.0,1.0,0.0,0.0,1.0,2.0,3.0,2.0,3.0,5.0,0.0,29.17,40.74,52.6,52.98,50.0
South Africa,ZAF,20220311,0.0,2.0,1.0,3.0,1.0,0.0,0.0,1.0,2.0,3.0,2.0,3.0,5.0,0.0,29.26,40.74,52.6,52.98,50.0
South Africa,ZAF,20220312,0.0,2.0,1.0,3.0,1.0,0.0,0.0,1.0,2.0,3.0,2.0,3.0,5.0,0.0,29.26,40.74,52.6,52.98,50.0
South Africa,ZAF,20220313,0.0,2.0,1.0,3.0,1.0,0.0,0.0,1.0,2.0,3.0,2.0,3.0,5.0,0.0,29.27,40.74,52.6,52.98,50.0
South Africa,ZAF,20220314,0.0,2.0,1.0,3.0,1.0,0.0,0.0,1.0,2.0,3.0,2.0,3.0,5.0,0.0,29.27,40.74,52.6,52.98,50.0
South Africa,ZAF,20220315,0.0,2.0,1.0,3.0,1.0,0.0,0.0,1.0,2.0,3.0,2.0,3.0,5.0,0.0,29.31,40.74,52.6,52.98,50.0
South Africa,ZAF,20220316,0.0,2.0,1.0,3.0,1.0,0.0,0.0,1.0,2.0,3.0,2.0,2.0,5.0,0.0,29.35,40.74,51.04,51.19,50.0
South Africa,ZAF,20220317,0.0,2.0,1.0,3.0,1.0,0.0,0.0,1.0,2.0,3.0,2.0,2.0,5.0,0.0,29.39,40.74,51.04,51.19,50.0
South Africa,ZAF,20220318,0.0,2.0,1.0,3.0,1.0,0.0,0.0,1.0,2.0,3.0,2.0,2.0,5.0,0.0,29.43,40.74,51.04,51.19,50.0
South Africa,ZAF,20220319,0.0,2.0,1.0,3.0,1.0,0.0,0.0,1.0,2.0,3.0,2.0,2.0,5.0,0.0,29.48,40.74,51.04,51.19,50.0
South Africa,ZAF,20220320,0.0,2.0,1.0,3.0,1.0,0.0,0.0,1.0,2.0,3.0,2.0,2.0,5.0,0.0,29.49,40.74,51.04,51.19,50.0
South Africa,ZAF,20220321,0.0,2.0,1.0,3.0,1.0,0.0,0.0,1.0,2.0,3.0,2.0,2.0,5.0,0.0,29.49,40.74,51.04,51.19,50.0
South Africa,ZAF,20220322,0.0,2.0,1.0,2.0,1.0,0.0,0.0,1.0,2.0,3.0,2.0,2.0,5.0,0.0,29.49,34.14,47.33,46.94,50.0
South Africa,ZAF,20220323,0.0,2.0,1.0,2.0,1.0,0.0,0.0,1.0,2.0,3.0,2.0,2.0,5.0,0.0,29.54,34.13,47.33,46.94,50.0
South Africa,ZAF,20220324,0.0,2.0,1.0,2.0,1.0,0.0,0.0,1.0,2.0,3.0,2.0,2.0,5.0,0.0,29.6,34.12,47.32,46.93,50.0
South Africa,ZAF,20220325,0.0,2.0,1.0,2.0,1.0,0.0,0.0,1.0,2.0,3.0,2.0,2.0,5.0,0.0,29.66,34.12,47.32,46.93,50.0
South Africa,ZAF,20220326,0.0,2.0,1.0,2.0,1.0,0.0,0.0,1.0,2.0,3.0,2.0,2.0,5.0,0.0,29.71,34.11,47.31,46.93,50.0
South Africa,ZAF,20220327,0.0,2.0,1.0,2.0,1.0,0.0,0.0,1.0,2.0,3.0,2.0,2.0,5.0,0.0,29.72,34.11,47.31,46.92,50.0
South Africa,ZAF,20220328,0.0,2.0,1.0,2.0,1.0,0.0,0.0,1.0,2.0,3.0,2.0,2.0,5.0,0.0,29.72,34.11,47.31,46.92,50.0
South Africa,ZAF,20220329,0.0,2.0,1.0,2.0,1.0,0.0,0.0,1.0,2.0,3.0,2.0,2.0,5.0,0.0,29.78,34.1,47.31,46.92,50.0
South Africa,ZAF,20220330,0.0,2.0,1.0,2.0,1.0,0.0,0.0,1.0,2.0,3.0,2.0,2.0,5.0,0.0,29.83,34.09,47.31,46.92,50.0
South Africa,ZAF,20220331,0.0,2.0,1.0,2.0,1.0,0.0,0.0,1.0,2.0,3.0,2.0,2.0,5.0,0.0,29.88,34.09,47.3,46.91,50.0
South Africa,ZAF,20220401,0.0,2.0,1.0,2.0,1.0,0.0,0.0,1.0,2.0,3.0,2.0,2.0,5.0,0.0,29.94,34.08,47.3,46.91,50.0
South Africa,ZAF,20220402,0.0,2.0,1.0,2.0,1.0,0.0,0.0,1.0,2.0,3.0,2.0,2.0,5.0,0.0,29.94,34.08,47.3,46.91,50.0
South Africa,ZAF,20220403,0.0,2.0,1.0,2.0,1.0,0.0,0.0,1.0,2.0,3.0,2.0,2.0,5.0,0.0,29.94,34.08,47.3,46.91,50.0
South Africa,ZAF,20220404,0.0,2.0,2.0,2.0,1.0,0.0,0.0,1.0,2.0,3.0,2.0,2.0,5.0,0.0,29.99,36.3,48.54,48.34,50.0
South Africa,ZAF,20220405,0.0,2.0,2.0,2.0,1.0,0.0,0.0,1.0,2.0,3.0,2.0,2.0,5.0,0.0,30.02,36.29,48.54,48.33,50.0
South Africa,ZAF,20220406,0.0,2.0,2.0,2.0,1.0,0.0,0.0,1.0,2.0,3.0,2.0,2.0,5.0,0.0,30.05,36.28,48.53,48.33,50.0
South Africa,ZAF,20220407,0.0,2.0,2.0,2.0,1.0,0.0,0.0,1.0,2.0,3.0,2.0,2.0,5.0,0.0,30.09,36.27,48.53,48.32,50.0
South Africa,ZAF,20220408,0.0,2.0,2.0,2.0,1.0,0.0,0.0,1.0,2.0,3.0,2.0,2.0,5.0,0.0,30.13,36.26,48.52,48.32,50.0
South Africa,ZAF,20220409,0.0,2.0,2.0,2.0,1.0,0.0,0.0,1.0,2.0,3.0,2.0,2.0,5.0,0.0,30.16,36.26,48.52,48.31,50.0
South Africa,ZAF,20220410,0.0,2.0,2.0,2.0,1.0,0.0,0.0,1.0,2.0,3.0,2.0,2.0,5.0,0.0,30.18,36.25,48.51,48.31,50.0
South Africa,ZAF,20220411,0.0,2.0,2.0,2.0,1.0,0.0,0.0,1.0,2.0,3.0,2.0,2.0,5.0,0.0,30.18,36.25,48.51,48.31,50.0
South Africa,ZAF,20220412,0.0,2.0,2.0,2.0,1.0,0.0,0.0,1.0,2.0,3.0,2.0,2.0,5.0,0.0,30.21,36.25,48.51,48.3,50.0
South Africa,ZAF,20220413,0.0,2.0,2.0,2.0,1.0,0.0,0.0,1.0,2.0,3.0,2.0,2.0,5.0,0.0,30.25,36.24,48.5,48.3,50.0
South Africa,ZAF,20220414,0.0,2.0,2.0,2.0,1.0,0.0,0.0,1.0,2.0,3.0,2.0,2.0,5.0,0.0,30.28,36.23,48.5,48.29,50.0
South Africa,ZAF,20220415,0.0,2.0,2.0,2.0,1.0,0.0,0.0,1.0,2.0,3.0,2.0,2.0,5.0,0.0,30.31,36.22,48.5,48.29,50.0
South Africa,ZAF,20220416,0.0,2.0,2.0,2.0,1.0,0.0,0.0,1.0,2.0,3.0,2.0,2.0,5.0,0.0,30.31,36.22,48.5,48.29,50.0
South Africa,ZAF,20220417,0.0,2.0,2.0,2.0,1.0,0.0,0.0,1.0,2.0,3.0,2.0,2.0,5.0,0.0,30.31,36.22,48.5,48.29,50.0
South Africa,ZAF,20220418,0.0,2.0,2.0,2.0,1.0,0.0,0.0,1.0,2.0,3.0,2.0,2.0,5.0,0.0,30.31,36.22,48.5,48.29,50.0
South Africa,ZAF,20220419,0.0,2.0,2.0,2.0,1.0,0.0,0.0,1.0,2.0,3.0,2.0,2.0,5.0,0.0,30.32,36.22,48.49,48.29,50.0
South Africa,ZAF,20220420,0.0,2.0,2.0,2.0,1.0,0.0,0.0,1.0,2.0,3.0,2.0,2.0,5.0,0.0,30.35,36.21,48.49,48.28,50.0
South Africa,ZAF,20220421,0.0,2.0,2.0,2.0,1.0,0.0,0.0,1.0,2.0,3.0,2.0,2.0,5.0,0.0,30.38,36.2,48.49,48.28,50.0
South Africa,ZAF,20220422,0.0,2.0,2.0,2.0,1.0,0.0,0.0,1.0,2.0,3.0,2.0,2.0,5.0,0.0,30.42,36.19,48.48,48.27,50.0
South Africa,ZAF,20220423,0.0,2.0,2.0,2.0,1.0,0.0,0.0,1.0,2.0,3.0,2.0,2.0,5.0,0.0,30.46,36.19,48.48,48.26,50.0
South Africa,ZAF,20220424,0.0,2.0,2.0,2.0,1.0,0.0,0.0,1.0,2.0,3.0,2.0,2.0,5.0,0.0,30.46,36.19,48.48,48.26,50.0
South Africa,ZAF,20220425,0.0,2.0,2.0,2.0,1.0,0.0,0.0,1.0,2.0,3.0,2.0,2.0,5.0,0.0,30.46,36.19,48.48,48.26,50.0
South Africa,ZAF,20220426,0.0,2.0,2.0,2.0,1.0,0.0,0.0,1.0,2.0,3.0,2.0,2.0,5.0,0.0,30.5,36.18,48.47,48.26,50.0
South Africa,ZAF,20220427,0.0,2.0,2.0,2.0,1.0,0.0,0.0,1.0,2.0,3.0,2.0,2.0,5.0,0.0,30.54,36.17,48.46,48.25,50.0
South Africa,ZAF,20220428,0.0,2.0,2.0,2.0,1.0,0.0,0.0,1.0,2.0,3.0,2.0,2.0,5.0,0.0,30.55,36.16,48.46,48.25,50.0
South Africa,ZAF,20220429,0.0,2.0,2.0,2.0,1.0,0.0,0.0,1.0,2.0,3.0,2.0,2.0,5.0,0.0,30.59,36.15,48.46,48.24,50.0
South Africa,ZAF,20220430,0.0,2.0,2.0,2.0,1.0,0.0,0.0,1.0,2.0,3.0,2.0,2.0,5.0,0.0,30.62,36.15,48.45,48.24,50.0
South Africa,ZAF,20220501,0.0,2.0,2.0,2.0,1.0,0.0,0.0,1.0,2.0,3.0,2.0,2.0,5.0,0.0,30.63,36.14,48.45,48.24,50.0
South Africa,ZAF,20220502,0.0,2.0,2.0,2.0,1.0,0.0,0.0,1.0,2.0,3.0,2.0,2.0,5.0,0.0,30.63,36.14,48.45,48.24,50.0
South Africa,ZAF,20220503,0.0,2.0,2.0,2.0,1.0,0.0,0.0,1.0,2.0,3.0,2.0,2.0,5.0,0.0,30.63,36.14,48.45,48.24,50.0
South Africa,ZAF,20220504,0.0,2.0,2.0,2.0,1.0,0.0,0.0,1.0,2.0,3.0,2.0,2.0,5.0,0.0,30.67,36.13,48.45,48.23,50.0
South Africa,ZAF,20220505,0.0,2.0,2.0,2.0,1.0,0.0,0.0,1.0,2.0,3.0,2.0,2.0,5.0,0.0,30.7,36.13,48.44,48.23,50.0
South Africa,ZAF,20220506,0.0,2.0,2.0,2.0,1.0,0.0,0.0,1.0,2.0,3.0,2.0,2.0,5.0,0.0,30.74,36.12,48.44,48.22,50.0
South Africa,ZAF,20220507,0.0,2.0,2.0,2.0,1.0,0.0,0.0,1.0,2.0,3.0,2.0,2.0,5.0,0.0,30.77,36.11,48.43,48.22,50.0
South Africa,ZAF,20220508,0.0,2.0,2.0,2.0,1.0,0.0,0.0,1.0,2.0,3.0,2.0,2.0,5.0,0.0,30.77,36.11,48.43,48.22,50.0
South Africa,ZAF,20220509,0.0,2.0,2.0,2.0,1.0,0.0,0.0,1.0,2.0,3.0,2.0,2.0,5.0,0.0,30.77,36.11,48.43,48.22,50.0
South Africa,ZAF,20220510,0.0,2.0,2.0,2.0,1.0,0.0,0.0,1.0,2.0,3.0,2.0,2.0,5.0,0.0,30.81,36.1,48.43,48.21,50.0
South Africa,ZAF,20220511,0.0,2.0,2.0,2.0,1.0,0.0,0.0,1.0,2.0,3.0,2.0,2.0,5.0,0.0,30.84,36.09,48.42,48.21,50.0
South Africa,ZAF,20220512,0.0,2.0,2.0,2.0,1.0,0.0,0.0,1.0,2.0,3.0,2.0,2.0,5.0,0.0,30.88,36.08,48.42,48.2,50.0
South Africa,ZAF,20220513,0.0,2.0,2.0,2.0,1.0,0.0,0.0,1.0,2.0,3.0,2.0,2.0,5.0,0.0,30.92,36.07,48.41,48.19,50.0
South Africa,ZAF,20220514,0.0,2.0,2.0,2.0,1.0,0.0,0.0,1.0,2.0,3.0,2.0,2.0,5.0,0.0,30.95,36.07,48.41,48.19,50.0
South Africa,ZAF,20220515,0.0,2.0,2.0,2.0,1.0,0.0,0.0,1.0,2.0,3.0,2.0,2.0,5.0,0.0,30.96,36.06,48.41,48.19,50.0
South Africa,ZAF,20220516,0.0,2.0,2.0,2.0,1.0,0.0,0.0,1.0,2.0,3.0,2.0,2.0,5.0,0.0,30.96,36.06,48.41,48.19,50.0
South Africa,ZAF,20220517,0.0,2.0,2.0,2.0,1.0,0.0,0.0,1.0,2.0,3.0,2.0,2.0,5.0,0.0,30.99,36.06,48.4,48.18,50.0
South Africa,ZAF,20220518,0.0,2.0,2.0,2.0,1.0,0.0,0.0,1.0,2.0,3.0,2.0,2.0,5.0,0.0,31.03,36.05,48.4,48.18,50.0
South Africa,ZAF,20220519,0.0,2.0,2.0,2.0,1.0,0.0,0.0,1.0,2.0,3.0,2.0,2.0,5.0,0.0,31.06,36.04,48.39,48.17,50.0
South Africa,ZAF,20220520,0.0,2.0,2.0,2.0,1.0,0.0,0.0,1.0,2.0,3.0,2.0,2.0,5.0,0.0,31.1,36.03,48.39,48.17,50.0
South Africa,ZAF,20220521,0.0,2.0,2.0,2.0,1.0,0.0,0.0,1.0,2.0,3.0,2.0,2.0,5.0,0.0,31.13,36.02,48.38,48.16,50.0
South Africa,ZAF,20220522,0.0,2.0,2.0,2.0,1.0,0.0,0.0,1.0,2.0,3.0,2.0,2.0,5.0,0.0,31.14,36.02,48.38,48.16,50.0
South Africa,ZAF,20220523,0.0,2.0,2.0,2.0,1.0,0.0,0.0,1.0,2.0,3.0,2.0,2.0,5.0,0.0,31.14,36.02,48.38,48.16,50.0
South Africa,ZAF,20220524,0.0,2.0,2.0,2.0,1.0,0.0,0.0,1.0,2.0,3.0,2.0,2.0,5.0,0.0,31.17,36.01,48.38,48.15,50.0
South Africa,ZAF,20220525,0.0,2.0,2.0,2.0,1.0,0.0,0.0,1.0,2.0,3.0,2.0,2.0,5.0,0.0,31.2,36.01,48.38,48.15,50.0
South Africa,ZAF,20220526,0.0,2.0,2.0,2.0,1.0,0.0,0.0,1.0,2.0,3.0,2.0,2.0,5.0,0.0,31.24,36.0,48.37,48.14,50.0
South Africa,ZAF,20220527,0.0,2.0,2.0,2.0,1.0,0.0,0.0,1.0,2.0,3.0,2.0,2.0,5.0,0.0,31.27,35.99,48.37,48.14,50.0
South Africa,ZAF,20220528,0.0,2.0,2.0,2.0,1.0,0.0,0.0,1.0,2.0,3.0,2.0,2.0,5.0,0.0,31.3,35.98,48.36,48.13,50.0
South Africa,ZAF,20220529,0.0,2.0,2.0,2.0,1.0,0.0,0.0,1.0,2.0,3.0,2.0,2.0,5.0,0.0,31.31,35.98,48.36,48.13,50.0
South Africa,ZAF,20220530,0.0,2.0,2.0,2.0,1.0,0.0,0.0,1.0,2.0,3.0,2.0,2.0,5.0,0.0,31.31,35.98,48.36,48.13,50.0
South Africa,ZAF,20220531,0.0,2.0,2.0,2.0,1.0,0.0,0.0,1.0,2.0,3.0,2.0,2.0,5.0,0.0,31.33,35.98,48.36,48.13,50.0
South Africa,ZAF,20220601,0.0,2.0,2.0,2.0,1.0,0.0,0.0,1.0,2.0,3.0,2.0,2.0,5.0,0.0,31.36,35.97,48.35,48.13,50.0
South Africa,ZAF,20220602,0.0,2.0,2.0,2.0,1.0,0.0,0.0,1.0,2.0,3.0,2.0,2.0,5.0,0.0,31.39,35.96,48.35,48.12,50.0
South Africa,ZAF,20220603,0.0,2.0,2.0,2.0,1.0,0.0,0.0,1.0,2.0,3.0,2.0,2.0,5.0,0.0,31.42,35.95,48.35,48.12,50.0
South Africa,ZAF,20220604,0.0,2.0,2.0,2.0,1.0,0.0,0.0,1.0,2.0,3.0,2.0,2.0,5.0,0.0,31.44,35.95,48.34,48.11,50.0
South Africa,ZAF,20220605,0.0,2.0,2.0,2.0,1.0,0.0,0.0,1.0,2.0,3.0,2.0,2.0,5.0,0.0,31.44,35.95,48.34,48.11,50.0
South Africa,ZAF,20220606,0.0,2.0,2.0,2.0,1.0,0.0,0.0,1.0,2.0,3.0,2.0,2.0,5.0,0.0,31.45,35.95,48.34,48.11,50.0
South Africa,ZAF,20220607,0.0,2.0,2.0,2.0,1.0,0.0,0.0,1.0,2.0,3.0,2.0,2.0,5.0,0.0,31.47,35.94,48.34,48.11,50.0
South Africa,ZAF,20220608,0.0,2.0,2.0,2.0,1.0,0.0,0.0,1.0,2.0,3.0,2.0,2.0,5.0,0.0,31.5,35.93,48.33,48.1,50.0
South Africa,ZAF,20220609,0.0,2.0,2.0,2.0,1.0,0.0,0.0,1.0,2.0,3.0,2.0,2.0,5.0,0.0,31.52,35.93,48.33,48.1,50.0
South Africa,ZAF,20220610,0.0,2.0,2.0,2.0,1.0,0.0,0.0,1.0,2.0,3.0,2.0,2.0,5.0,0.0,31.55,35.92,48.33,48.1,50.0
South Africa,ZAF,20220611,0.0,2.0,2.0,2.0,1.0,0.0,0.0,1.0,2.0,3.0,2.0,2.0,5.0,0.0,31.57,35.92,48.33,48.09,50.0
South Africa,ZAF,20220612,0.0,2.0,2.0,2.0,1.0,0.0,0.0,1.0,2.0,3.0,2.0,2.0,5.0,0.0,31.58,35.92,48.32,48.09,50.0
South Africa,ZAF,20220613,0.0,2.0,2.0,2.0,1.0,0.0,0.0,1.0,2.0,3.0,2.0,2.0,5.0,0.0,31.58,35.92,48.32,48.09,50.0
South Africa,ZAF,20220614,0.0,2.0,2.0,2.0,1.0,0.0,0.0,1.0,2.0,3.0,2.0,2.0,5.0,0.0,31.6,35.91,48.32,48.09,50.0
South Africa,ZAF,20220615,0.0,2.0,2.0,2.0,1.0,0.0,0.0,1.0,2.0,3.0,2.0,2.0,5.0,0.0,31.63,35.9,48.32,48.08,50.0
South Africa,ZAF,20220616,0.0,2.0,2.0,2.0,1.0,0.0,0.0,1.0,2.0,3.0,2.0,2.0,5.0,0.0,31.65,35.9,48.31,48.08,50.0
South Africa,ZAF,20220617,0.0,2.0,2.0,2.0,1.0,0.0,0.0,1.0,2.0,3.0,2.0,2.0,5.0,0.0,31.65,35.9,48.31,48.08,50.0
South Africa,ZAF,20220618,0.0,2.0,2.0,2.0,1.0,0.0,0.0,1.0,2.0,3.0,2.0,2.0,5.0,0.0,31.67,35.89,48.31,48.08,50.0
South Africa,ZAF,20220619,0.0,2.0,2.0,2.0,1.0,0.0,0.0,1.0,2.0,3.0,2.0,2.0,5.0,0.0,31.67,35.89,48.31,48.08,50.0
South Africa,ZAF,20220620,0.0,2.0,2.0,2.0,1.0,0.0,0.0,1.0,2.0,3.0,2.0,2.0,5.0,0.0,31.68,35.89,48.31,48.08,50.0
South Africa,ZAF,20220621,0.0,2.0,2.0,2.0,1.0,0.0,0.0,1.0,2.0,3.0,2.0,2.0,5.0,0.0,31.7,35.89,48.31,48.07,50.0
South Africa,ZAF,20220622,0.0,0.0,0.0,0.0,0.0,0.0,0.0,0.0,2.0,3.0,2.0,0.0,5.0,0.0,31.72,11.11,31.25,28.57,50.0
South Africa,ZAF,20220623,0.0,0.0,0.0,0.0,0.0,0.0,0.0,0.0,2.0,3.0,2.0,0.0,5.0,0.0,31.74,11.11,31.25,28.57,50.0
South Africa,ZAF,20220624,0.0,0.0,0.0,0.0,0.0,0.0,0.0,0.0,2.0,3.0,2.0,0.0,5.0,0.0,31.76,11.11,31.25,28.57,50.0
South Africa,ZAF,20220625,0.0,0.0,0.0,0.0,0.0,0.0,0.0,0.0,2.0,3.0,2.0,0.0,5.0,0.0,31.78,11.11,31.25,28.57,50.0
South Africa,ZAF,20220626,0.0,0.0,0.0,0.0,0.0,0.0,0.0,0.0,2.0,3.0,2.0,0.0,5.0,0.0,31.78,11.11,31.25,28.57,50.0
South Africa,ZAF,20220627,0.0,0.0,0.0,0.0,0.0,0.0,0.0,0.0,2.0,3.0,2.0,0.0,5.0,0.0,31.78,11.11,31.25,28.57,50.0
South Africa,ZAF,20220628,0.0,0.0,0.0,0.0,0.0,0.0,0.0,0.0,2.0,3.0,2.0,0.0,5.0,0.0,31.79,11.11,31.25,28.57,50.0
South Africa,ZAF,20220629,0.0,0.0,0.0,0.0,0.0,0.0,0.0,0.0,2.0,3.0,2.0,0.0,5.0,0.0,31.81,11.11,31.25,28.57,50.0
South Africa,ZAF,20220630,0.0,0.0,0.0,0.0,0.0,0.0,0.0,0.0,2.0,3.0,2.0,0.0,5.0,0.0,31.82,11.11,31.25,28.57,50.0
South Africa,ZAF,20220701,0.0,0.0,0.0,0.0,0.0,0.0,0.0,0.0,2.0,3.0,2.0,0.0,5.0,0.0,31.83,11.11,31.25,28.57,50.0
South Africa,ZAF,20220702,0.0,0.0,0.0,0.0,0.0,0.0,0.0,0.0,2.0,3.0,2.0,0.0,5.0,0.0,31.84,11.11,31.25,28.57,50.0
South Africa,ZAF,20220703,0.0,0.0,0.0,0.0,0.0,0.0,0.0,0.0,2.0,3.0,2.0,0.0,5.0,0.0,31.84,11.11,31.25,28.57,50.0
South Africa,ZAF,20220704,0.0,0.0,0.0,0.0,0.0,0.0,0.0,0.0,2.0,3.0,2.0,0.0,5.0,0.0,31.84,11.11,31.25,28.57,50.0
South Africa,ZAF,20220705,0.0,0.0,0.0,0.0,0.0,0.0,0.0,0.0,2.0,3.0,2.0,0.0,5.0,0.0,31.85,11.11,31.25,28.57,50.0
South Africa,ZAF,20220706,0.0,0.0,0.0,0.0,0.0,0.0,0.0,0.0,2.0,3.0,2.0,0.0,5.0,0.0,31.87,11.11,31.25,28.57,50.0
South Africa,ZAF,20220707,0.0,0.0,0.0,0.0,0.0,0.0,0.0,0.0,2.0,3.0,2.0,0.0,5.0,0.0,31.88,11.11,31.25,28.57,50.0
South Africa,ZAF,20220708,0.0,0.0,0.0,0.0,0.0,0.0,0.0,0.0,2.0,3.0,2.0,0.0,5.0,0.0,31.89,11.11,31.25,28.57,50.0
South Africa,ZAF,20220709,0.0,0.0,0.0,0.0,0.0,0.0,0.0,0.0,2.0,3.0,2.0,0.0,5.0,0.0,31.9,11.11,31.25,28.57,50.0
South Africa,ZAF,20220710,0.0,0.0,0.0,0.0,0.0,0.0,0.0,0.0,2.0,3.0,2.0,0.0,5.0,0.0,31.9,11.11,31.25,28.57,50.0
South Africa,ZAF,20220711,0.0,0.0,0.0,0.0,0.0,0.0,0.0,0.0,2.0,3.0,2.0,0.0,5.0,0.0,31.9,11.11,31.25,28.57,50.0
South Africa,ZAF,20220712,0.0,0.0,0.0,0.0,0.0,0.0,0.0,0.0,2.0,3.0,2.0,0.0,5.0,0.0,31.91,11.11,31.25,28.57,50.0
South Africa,ZAF,20220713,0.0,0.0,0.0,0.0,0.0,0.0,0.0,0.0,2.0,3.0,2.0,0.0,5.0,0.0,31.92,11.11,31.25,28.57,50.0
South Africa,ZAF,20220714,0.0,0.0,0.0,0.0,0.0,0.0,0.0,0.0,2.0,3.0,2.0,0.0,5.0,0.0,31.93,11.11,31.25,28.57,50.0
South Africa,ZAF,20220715,0.0,0.0,0.0,0.0,0.0,0.0,0.0,0.0,2.0,3.0,2.0,0.0,5.0,0.0,31.94,11.11,31.25,28.57,50.0
South Africa,ZAF,20220716,0.0,0.0,0.0,0.0,0.0,0.0,0.0,0.0,2.0,3.0,2.0,0.0,5.0,0.0,31.95,11.11,31.25,28.57,50.0
South Africa,ZAF,20220717,0.0,0.0,0.0,0.0,0.0,0.0,0.0,0.0,2.0,3.0,2.0,0.0,5.0,0.0,31.95,11.11,31.25,28.57,50.0
South Africa,ZAF,20220718,0.0,0.0,0.0,0.0,0.0,0.0,0.0,0.0,2.0,3.0,2.0,0.0,5.0,0.0,31.95,11.11,31.25,28.57,50.0
South Africa,ZAF,20220719,0.0,0.0,0.0,0.0,0.0,0.0,0.0,0.0,2.0,3.0,2.0,0.0,5.0,0.0,31.96,11.11,31.25,28.57,50.0
South Africa,ZAF,20220720,0.0,0.0,0.0,0.0,0.0,0.0,0.0,0.0,2.0,3.0,2.0,0.0,5.0,0.0,31.97,11.11,31.25,28.57,50.0
South Africa,ZAF,20220721,0.0,0.0,0.0,0.0,0.0,0.0,0.0,0.0,2.0,3.0,2.0,0.0,5.0,0.0,31.98,11.11,31.25,28.57,50.0
South Africa,ZAF,20220722,0.0,0.0,0.0,0.0,0.0,0.0,0.0,0.0,2.0,3.0,2.0,0.0,5.0,0.0,32.0,11.11,31.25,28.57,50.0
South Africa,ZAF,20220723,0.0,0.0,0.0,0.0,0.0,0.0,0.0,0.0,2.0,3.0,2.0,0.0,5.0,0.0,32.01,11.11,31.25,28.57,50.0
South Africa,ZAF,20220724,0.0,0.0,0.0,0.0,0.0,0.0,0.0,0.0,2.0,3.0,2.0,0.0,5.0,0.0,32.01,11.11,31.25,28.57,50.0
South Africa,ZAF,20220725,0.0,0.0,0.0,0.0,0.0,0.0,0.0,0.0,2.0,3.0,2.0,0.0,5.0,0.0,32.01,11.11,31.25,28.57,50.0
South Africa,ZAF,20220726,0.0,0.0,0.0,0.0,0.0,0.0,0.0,0.0,2.0,3.0,0.0,0.0,5.0,0.0,32.02,11.11,21.88,21.43,25.0
South Africa,ZAF,20220727,0.0,0.0,0.0,0.0,0.0,0.0,0.0,0.0,2.0,3.0,0.0,0.0,5.0,0.0,32.03,11.11,21.88,21.43,25.0
South Africa,ZAF,20220728,0.0,0.0,0.0,0.0,0.0,0.0,0.0,0.0,2.0,3.0,0.0,0.0,5.0,0.0,32.05,11.11,21.88,21.43,25.0
South Africa,ZAF,20220729,0.0,0.0,0.0,0.0,0.0,0.0,0.0,0.0,2.0,3.0,0.0,0.0,5.0,0.0,32.06,11.11,21.88,21.43,25.0
South Africa,ZAF,20220730,0.0,0.0,0.0,0.0,0.0,0.0,0.0,0.0,2.0,3.0,0.0,0.0,5.0,0.0,32.07,11.11,21.88,21.43,25.0
South Africa,ZAF,20220731,0.0,0.0,0.0,0.0,0.0,0.0,0.0,0.0,2.0,3.0,0.0,0.0,5.0,0.0,32.07,11.11,21.88,21.43,25.0
South Africa,ZAF,20220801,0.0,0.0,0.0,0.0,0.0,0.0,0.0,0.0,2.0,3.0,0.0,0.0,5.0,0.0,32.07,11.11,21.88,21.43,25.0
South Africa,ZAF,20220802,0.0,0.0,0.0,0.0,0.0,0.0,0.0,0.0,2.0,3.0,0.0,0.0,5.0,0.0,32.08,11.11,21.88,21.43,25.0
South Africa,ZAF,20220803,0.0,0.0,0.0,0.0,0.0,0.0,0.0,0.0,2.0,3.0,0.0,0.0,5.0,0.0,32.09,11.11,21.88,21.43,25.0
South Africa,ZAF,20220804,0.0,0.0,0.0,0.0,0.0,0.0,0.0,0.0,2.0,3.0,0.0,0.0,5.0,0.0,32.1,11.11,21.88,21.43,25.0
South Africa,ZAF,20220805,0.0,0.0,0.0,0.0,0.0,0.0,0.0,0.0,2.0,3.0,0.0,0.0,5.0,0.0,32.11,11.11,21.88,21.43,25.0
South Africa,ZAF,20220806,0.0,0.0,0.0,0.0,0.0,0.0,0.0,0.0,2.0,3.0,0.0,0.0,5.0,0.0,32.12,11.11,21.88,21.43,25.0
South Africa,ZAF,20220807,0.0,0.0,0.0,0.0,0.0,0.0,0.0,0.0,2.0,3.0,0.0,0.0,5.0,0.0,32.12,11.11,21.88,21.43,25.0
South Africa,ZAF,20220808,0.0,0.0,0.0,0.0,0.0,0.0,0.0,0.0,2.0,3.0,0.0,0.0,5.0,0.0,32.12,11.11,21.88,21.43,25.0
South Africa,ZAF,20220809,0.0,0.0,0.0,0.0,0.0,0.0,0.0,0.0,2.0,3.0,0.0,0.0,5.0,0.0,32.13,11.11,21.88,21.43,25.0
South Africa,ZAF,20220810,0.0,0.0,0.0,0.0,0.0,0.0,0.0,0.0,2.0,3.0,0.0,0.0,5.0,0.0,32.13,11.11,21.88,21.43,25.0
South Africa,ZAF,20220811,0.0,0.0,0.0,0.0,0.0,0.0,0.0,0.0,2.0,3.0,0.0,0.0,5.0,0.0,32.14,11.11,21.88,21.43,25.0
South Africa,ZAF,20220812,0.0,0.0,0.0,0.0,0.0,0.0,0.0,0.0,2.0,3.0,0.0,0.0,5.0,0.0,32.15,11.11,21.88,21.43,25.0
South Africa,ZAF,20220813,0.0,0.0,0.0,0.0,0.0,0.0,0.0,0.0,2.0,3.0,0.0,0.0,5.0,0.0,32.16,11.11,21.88,21.43,25.0
South Africa,ZAF,20220814,0.0,0.0,0.0,0.0,0.0,0.0,0.0,0.0,2.0,3.0,0.0,0.0,5.0,0.0,32.16,11.11,21.88,21.43,25.0
South Africa,ZAF,20220815,0.0,0.0,0.0,0.0,0.0,0.0,0.0,0.0,2.0,3.0,0.0,0.0,5.0,0.0,32.16,11.11,21.88,21.43,25.0
South Africa,ZAF,20220816,0.0,0.0,0.0,0.0,0.0,0.0,0.0,0.0,2.0,3.0,0.0,0.0,5.0,0.0,32.17,11.11,21.88,21.43,25.0
South Africa,ZAF,20220817,0.0,0.0,0.0,0.0,0.0,0.0,0.0,0.0,2.0,3.0,0.0,0.0,5.0,0.0,32.18,11.11,21.88,21.43,25.0
South Africa,ZAF,20220818,0.0,0.0,0.0,0.0,0.0,0.0,0.0,0.0,2.0,3.0,0.0,0.0,5.0,0.0,32.19,11.11,21.88,21.43,25.0
South Africa,ZAF,20220819,0.0,0.0,0.0,0.0,0.0,0.0,0.0,0.0,2.0,3.0,0.0,0.0,5.0,0.0,32.2,11.11,21.88,21.43,25.0
South Africa,ZAF,20220820,0.0,0.0,0.0,0.0,0.0,0.0,0.0,0.0,2.0,3.0,0.0,0.0,5.0,0.0,32.2,11.11,21.88,21.43,25.0
South Africa,ZAF,20220821,0.0,0.0,0.0,0.0,0.0,0.0,0.0,0.0,2.0,3.0,0.0,0.0,5.0,0.0,32.2,11.11,21.88,21.43,25.0
South Africa,ZAF,20220822,0.0,0.0,0.0,0.0,0.0,0.0,0.0,0.0,2.0,3.0,0.0,0.0,5.0,0.0,32.2,11.11,21.88,21.43,25.0
South Africa,ZAF,20220823,0.0,0.0,0.0,0.0,0.0,0.0,0.0,0.0,2.0,3.0,0.0,0.0,5.0,0.0,32.21,11.11,21.88,21.43,25.0
South Africa,ZAF,20220824,0.0,0.0,0.0,0.0,0.0,0.0,0.0,0.0,2.0,3.0,0.0,0.0,5.0,0.0,32.22,11.11,21.88,21.43,25.0
South Africa,ZAF,20220825,0.0,0.0,0.0,0.0,0.0,0.0,0.0,0.0,2.0,3.0,0.0,0.0,5.0,0.0,32.23,11.11,21.88,21.43,25.0
South Africa,ZAF,20220826,0.0,0.0,0.0,0.0,0.0,0.0,0.0,0.0,2.0,3.0,0.0,0.0,5.0,0.0,32.24,11.11,21.88,21.43,25.0
South Africa,ZAF,20220827,0.0,0.0,0.0,0.0,0.0,0.0,0.0,0.0,2.0,3.0,0.0,0.0,5.0,0.0,32.24,11.11,21.88,21.43,25.0
South Africa,ZAF,20220828,0.0,0.0,0.0,0.0,0.0,0.0,0.0,0.0,2.0,3.0,0.0,0.0,5.0,0.0,32.24,11.11,21.88,21.43,25.0
South Africa,ZAF,20220829,0.0,0.0,0.0,0.0,0.0,0.0,0.0,0.0,2.0,3.0,0.0,0.0,5.0,0.0,32.24,11.11,21.88,21.43,25.0
South Africa,ZAF,20220830,0.0,0.0,0.0,0.0,0.0,0.0,0.0,0.0,2.0,3.0,0.0,0.0,5.0,0.0,32.25,11.11,21.88,21.43,25.0
South Africa,ZAF,20220831,0.0,0.0,0.0,0.0,0.0,0.0,0.0,0.0,2.0,3.0,0.0,0.0,5.0,0.0,32.26,11.11,21.88,21.43,25.0
South Africa,ZAF,20220901,0.0,0.0,0.0,0.0,0.0,0.0,0.0,0.0,2.0,3.0,0.0,0.0,5.0,0.0,32.27,11.11,21.88,21.43,25.0
South Africa,ZAF,20220902,0.0,0.0,0.0,0.0,0.0,0.0,0.0,0.0,2.0,3.0,0.0,0.0,5.0,0.0,32.27,11.11,21.88,21.43,25.0
South Africa,ZAF,20220903,0.0,0.0,0.0,0.0,0.0,0.0,0.0,0.0,2.0,3.0,0.0,0.0,5.0,0.0,32.28,11.11,21.88,21.43,25.0
South Africa,ZAF,20220904,0.0,0.0,0.0,0.0,0.0,0.0,0.0,0.0,2.0,3.0,0.0,0.0,5.0,0.0,32.28,11.11,21.88,21.43,25.0
South Africa,ZAF,20220905,0.0,0.0,0.0,0.0,0.0,0.0,0.0,0.0,2.0,3.0,0.0,0.0,5.0,0.0,32.28,11.11,21.88,21.43,25.0
South Africa,ZAF,20220906,0.0,0.0,0.0,0.0,0.0,0.0,0.0,0.0,2.0,3.0,0.0,0.0,5.0,0.0,32.29,11.11,21.88,21.43,25.0
South Africa,ZAF,20220907,0.0,0.0,0.0,0.0,0.0,0.0,0.0,0.0,2.0,3.0,0.0,0.0,5.0,0.0,32.29,11.11,21.88,21.43,25.0
South Africa,ZAF,20220908,0.0,0.0,0.0,0.0,0.0,0.0,0.0,0.0,2.0,3.0,0.0,0.0,5.0,0.0,32.3,11.11,21.88,21.43,25.0
South Africa,ZAF,20220909,0.0,0.0,0.0,0.0,0.0,0.0,0.0,0.0,2.0,3.0,0.0,0.0,5.0,0.0,32.31,11.11,21.88,21.43,25.0
South Africa,ZAF,20220910,0.0,0.0,0.0,0.0,0.0,0.0,0.0,0.0,2.0,3.0,0.0,0.0,5.0,0.0,32.32,11.11,21.88,21.43,25.0
South Africa,ZAF,20220911,0.0,0.0,0.0,0.0,0.0,0.0,0.0,0.0,2.0,3.0,0.0,0.0,5.0,0.0,32.32,11.11,21.88,21.43,25.0
South Africa,ZAF,20220912,0.0,0.0,0.0,0.0,0.0,0.0,0.0,0.0,2.0,3.0,0.0,0.0,5.0,0.0,32.32,11.11,21.88,21.43,25.0
South Africa,ZAF,20220913,0.0,0.0,0.0,0.0,0.0,0.0,0.0,0.0,2.0,3.0,0.0,0.0,5.0,0.0,32.32,11.11,21.88,21.43,25.0
South Africa,ZAF,20220914,0.0,0.0,0.0,0.0,0.0,0.0,0.0,0.0,2.0,3.0,0.0,0.0,5.0,0.0,32.33,11.11,21.88,21.43,25.0
South Africa,ZAF,20220915,0.0,0.0,0.0,0.0,0.0,0.0,0.0,0.0,2.0,3.0,0.0,0.0,5.0,0.0,32.34,11.11,21.88,21.43,25.0
South Africa,ZAF,20220916,0.0,0.0,0.0,0.0,0.0,0.0,0.0,0.0,2.0,3.0,0.0,0.0,5.0,0.0,32.34,11.11,21.88,21.43,25.0
South Africa,ZAF,20220917,0.0,0.0,0.0,0.0,0.0,0.0,0.0,0.0,2.0,3.0,0.0,0.0,5.0,0.0,32.34,11.11,21.88,21.43,25.0
South Africa,ZAF,20220918,0.0,0.0,0.0,0.0,0.0,0.0,0.0,0.0,2.0,3.0,0.0,0.0,5.0,0.0,32.35,11.11,21.88,21.43,25.0
South Africa,ZAF,20220919,0.0,0.0,0.0,0.0,0.0,0.0,0.0,0.0,2.0,3.0,0.0,0.0,5.0,0.0,32.35,11.11,21.88,21.43,25.0
South Africa,ZAF,20220920,0.0,0.0,0.0,0.0,0.0,0.0,0.0,0.0,2.0,3.0,0.0,0.0,5.0,0.0,32.35,11.11,21.88,21.43,25.0
South Africa,ZAF,20220921,0.0,0.0,0.0,0.0,0.0,0.0,0.0,0.0,2.0,3.0,0.0,0.0,5.0,0.0,32.36,11.11,21.88,21.43,25.0
South Africa,ZAF,20220922,0.0,0.0,0.0,0.0,0.0,0.0,0.0,0.0,2.0,3.0,0.0,0.0,5.0,0.0,32.36,11.11,21.88,21.43,25.0
South Africa,ZAF,20220923,0.0,0.0,0.0,0.0,0.0,0.0,0.0,0.0,2.0,3.0,0.0,0.0,5.0,0.0,32.37,11.11,21.88,21.43,25.0
South Africa,ZAF,20220924,0.0,0.0,0.0,0.0,0.0,0.0,0.0,0.0,2.0,3.0,0.0,0.0,5.0,0.0,32.37,11.11,21.88,21.43,25.0
South Africa,ZAF,20220925,0.0,0.0,0.0,0.0,0.0,0.0,0.0,0.0,2.0,3.0,0.0,0.0,5.0,0.0,32.37,11.11,21.88,21.43,25.0
South Africa,ZAF,20220926,0.0,0.0,0.0,0.0,0.0,0.0,0.0,0.0,2.0,3.0,0.0,0.0,5.0,0.0,32.37,11.11,21.88,21.43,25.0
South Africa,ZAF,20220927,0.0,0.0,0.0,0.0,0.0,0.0,0.0,0.0,2.0,3.0,0.0,0.0,5.0,0.0,32.38,11.11,21.88,21.43,25.0
South Africa,ZAF,20220928,0.0,0.0,0.0,0.0,0.0,0.0,0.0,0.0,2.0,3.0,0.0,0.0,5.0,0.0,32.38,11.11,21.88,21.43,25.0
South Africa,ZAF,20220929,0.0,0.0,0.0,0.0,0.0,0.0,0.0,0.0,2.0,3.0,0.0,0.0,5.0,0.0,32.39,11.11,21.88,21.43,25.0
South Africa,ZAF,20220930,0.0,0.0,0.0,0.0,0.0,0.0,0.0,0.0,2.0,3.0,0.0,0.0,5.0,0.0,32.39,11.11,21.88,21.43,25.0
South Africa,ZAF,20221001,0.0,0.0,0.0,0.0,0.0,0.0,0.0,0.0,2.0,3.0,0.0,0.0,5.0,0.0,32.39,11.11,21.88,21.43,25.0
South Africa,ZAF,20221002,0.0,0.0,0.0,0.0,0.0,0.0,0.0,0.0,2.0,3.0,0.0,0.0,5.0,0.0,32.39,11.11,21.88,21.43,25.0
South Africa,ZAF,20221003,0.0,0.0,0.0,0.0,0.0,0.0,0.0,0.0,2.0,3.0,0.0,0.0,5.0,0.0,32.39,11.11,21.88,21.43,25.0
South Africa,ZAF,20221004,0.0,0.0,0.0,0.0,0.0,0.0,0.0,0.0,2.0,3.0,0.0,0.0,5.0,0.0,32.4,11.11,21.88,21.43,25.0
South Africa,ZAF,20221005,0.0,0.0,0.0,0.0,0.0,0.0,0.0,0.0,2.0,3.0,0.0,0.0,5.0,0.0,32.4,11.11,21.88,21.43,25.0
South Africa,ZAF,20221006,0.0,0.0,0.0,0.0,0.0,0.0,0.0,0.0,2.0,3.0,0.0,0.0,5.0,0.0,32.41,11.11,21.88,21.43,25.0
South Africa,ZAF,20221007,0.0,0.0,0.0,0.0,0.0,0.0,0.0,0.0,2.0,3.0,0.0,0.0,5.0,0.0,32.41,11.11,21.88,21.43,25.0
South Africa,ZAF,20221008,0.0,0.0,0.0,0.0,0.0,0.0,0.0,0.0,2.0,3.0,0.0,0.0,5.0,0.0,32.42,11.11,21.88,21.43,25.0
South Africa,ZAF,20221009,0.0,0.0,0.0,0.0,0.0,0.0,0.0,0.0,2.0,3.0,0.0,0.0,5.0,0.0,32.42,11.11,21.88,21.43,25.0
South Africa,ZAF,20221010,0.0,0.0,0.0,0.0,0.0,0.0,0.0,0.0,2.0,3.0,0.0,0.0,5.0,0.0,32.42,11.11,21.88,21.43,25.0
South Africa,ZAF,20221011,0.0,0.0,0.0,0.0,0.0,0.0,0.0,0.0,2.0,3.0,0.0,0.0,5.0,0.0,32.42,11.11,21.88,21.43,25.0
South Africa,ZAF,20221012,0.0,0.0,0.0,0.0,0.0,0.0,0.0,0.0,2.0,3.0,0.0,0.0,5.0,0.0,32.43,11.11,21.88,21.43,25.0
South Africa,ZAF,20221013,0.0,0.0,0.0,0.0,0.0,0.0,0.0,0.0,2.0,3.0,0.0,0.0,5.0,0.0,32.43,11.11,21.88,21.43,25.0
South Africa,ZAF,20221014,0.0,0.0,0.0,0.0,0.0,0.0,0.0,0.0,2.0,3.0,0.0,0.0,5.0,0.0,32.44,11.11,21.88,21.43,25.0
South Africa,ZAF,20221015,0.0,0.0,0.0,0.0,0.0,0.0,0.0,0.0,2.0,3.0,0.0,0.0,5.0,0.0,32.44,11.11,21.88,21.43,25.0
South Africa,ZAF,20221016,0.0,0.0,0.0,0.0,0.0,0.0,0.0,0.0,2.0,3.0,0.0,0.0,5.0,0.0,32.44,11.11,21.88,21.43,25.0
South Africa,ZAF,20221017,0.0,0.0,0.0,0.0,0.0,0.0,0.0,0.0,2.0,3.0,0.0,0.0,5.0,0.0,32.44,11.11,21.88,21.43,25.0
South Africa,ZAF,20221018,0.0,0.0,0.0,0.0,0.0,0.0,0.0,0.0,2.0,3.0,0.0,0.0,5.0,0.0,32.45,11.11,21.88,21.43,25.0
South Africa,ZAF,20221019,0.0,0.0,0.0,0.0,0.0,0.0,0.0,0.0,2.0,3.0,0.0,0.0,5.0,0.0,32.46,11.11,21.88,21.43,25.0
South Africa,ZAF,20221020,0.0,0.0,0.0,0.0,0.0,0.0,0.0,0.0,2.0,3.0,0.0,0.0,5.0,0.0,32.46,11.11,21.88,21.43,25.0
South Africa,ZAF,20221021,0.0,0.0,0.0,0.0,0.0,0.0,0.0,0.0,2.0,3.0,0.0,0.0,5.0,0.0,32.47,11.11,21.88,21.43,25.0
South Africa,ZAF,20221022,0.0,0.0,0.0,0.0,0.0,0.0,0.0,0.0,2.0,3.0,0.0,0.0,5.0,0.0,32.47,11.11,21.88,21.43,25.0
South Africa,ZAF,20221023,0.0,0.0,0.0,0.0,0.0,0.0,0.0,0.0,2.0,3.0,0.0,0.0,5.0,0.0,32.48,11.11,21.88,21.43,25.0
South Africa,ZAF,20221024,0.0,0.0,0.0,0.0,0.0,0.0,0.0,0.0,2.0,3.0,0.0,0.0,5.0,0.0,32.48,11.11,21.88,21.43,25.0
South Africa,ZAF,20221025,0.0,0.0,0.0,0.0,0.0,0.0,0.0,0.0,2.0,3.0,0.0,0.0,5.0,0.0,32.48,11.11,21.88,21.43,25.0
South Africa,ZAF,20221026,0.0,0.0,0.0,0.0,0.0,0.0,0.0,0.0,2.0,3.0,0.0,0.0,5.0,0.0,32.49,11.11,21.88,21.43,25.0
South Africa,ZAF,20221027,0.0,0.0,0.0,0.0,0.0,0.0,0.0,0.0,2.0,3.0,0.0,0.0,5.0,0.0,32.49,11.11,21.88,21.43,25.0
South Africa,ZAF,20221028,0.0,0.0,0.0,0.0,0.0,0.0,0.0,0.0,2.0,3.0,0.0,0.0,5.0,0.0,32.5,11.11,21.88,21.43,25.0
South Africa,ZAF,20221029,0.0,0.0,0.0,0.0,0.0,0.0,0.0,0.0,2.0,3.0,0.0,0.0,5.0,0.0,32.5,11.11,21.88,21.43,25.0
South Africa,ZAF,20221030,0.0,0.0,0.0,0.0,0.0,0.0,0.0,0.0,2.0,3.0,0.0,0.0,5.0,0.0,32.5,11.11,21.88,21.43,25.0
South Africa,ZAF,20221031,0.0,0.0,0.0,0.0,0.0,0.0,0.0,0.0,2.0,3.0,0.0,0.0,5.0,0.0,32.5,11.11,21.88,21.43,25.0
South Africa,ZAF,20221101,0.0,0.0,0.0,0.0,0.0,0.0,0.0,0.0,2.0,3.0,0.0,0.0,5.0,0.0,32.51,11.11,21.88,21.43,25.0
South Africa,ZAF,20221102,0.0,0.0,0.0,0.0,0.0,0.0,0.0,0.0,2.0,3.0,0.0,0.0,5.0,0.0,32.51,11.11,21.88,21.43,25.0
South Africa,ZAF,20221103,0.0,0.0,0.0,0.0,0.0,0.0,0.0,0.0,2.0,3.0,0.0,0.0,5.0,0.0,32.52,11.11,21.88,21.43,25.0
South Africa,ZAF,20221104,0.0,0.0,0.0,0.0,0.0,0.0,0.0,0.0,2.0,3.0,0.0,0.0,5.0,0.0,32.52,11.11,21.88,21.43,25.0
South Africa,ZAF,20221105,0.0,0.0,0.0,0.0,0.0,0.0,0.0,0.0,2.0,3.0,0.0,0.0,5.0,0.0,32.53,11.11,21.88,21.43,25.0
South Africa,ZAF,20221106,0.0,0.0,0.0,0.0,0.0,0.0,0.0,0.0,2.0,3.0,0.0,0.0,5.0,0.0,32.53,11.11,21.88,21.43,25.0
South Africa,ZAF,20221107,0.0,0.0,0.0,0.0,0.0,0.0,0.0,0.0,2.0,3.0,0.0,0.0,5.0,0.0,32.53,11.11,21.88,21.43,25.0
South Africa,ZAF,20221108,0.0,0.0,0.0,0.0,0.0,0.0,0.0,0.0,2.0,3.0,0.0,0.0,5.0,0.0,32.53,11.11,21.88,21.43,25.0
South Africa,ZAF,20221109,0.0,0.0,0.0,0.0,0.0,0.0,0.0,0.0,2.0,3.0,0.0,0.0,5.0,0.0,32.54,11.11,21.88,21.43,25.0
South Africa,ZAF,20221110,0.0,0.0,0.0,0.0,0.0,0.0,0.0,0.0,2.0,3.0,0.0,0.0,5.0,0.0,32.54,11.11,21.88,21.43,25.0
South Africa,ZAF,20221111,0.0,0.0,0.0,0.0,0.0,0.0,0.0,0.0,2.0,3.0,0.0,0.0,5.0,0.0,32.55,11.11,21.88,21.43,25.0
South Africa,ZAF,20221112,0.0,0.0,0.0,0.0,0.0,0.0,0.0,0.0,2.0,3.0,0.0,0.0,5.0,0.0,32.56,11.11,21.88,21.43,25.0
South Africa,ZAF,20221113,0.0,0.0,0.0,0.0,0.0,0.0,0.0,0.0,2.0,3.0,0.0,0.0,5.0,0.0,32.56,11.11,21.88,21.43,25.0
South Africa,ZAF,20221114,0.0,0.0,0.0,0.0,0.0,0.0,0.0,0.0,2.0,3.0,0.0,0.0,5.0,0.0,32.56,11.11,21.88,21.43,25.0
South Africa,ZAF,20221115,0.0,0.0,0.0,0.0,0.0,0.0,0.0,0.0,2.0,3.0,0.0,0.0,5.0,0.0,32.56,11.11,21.88,21.43,25.0
South Africa,ZAF,20221116,0.0,0.0,0.0,0.0,0.0,0.0,0.0,0.0,2.0,3.0,0.0,0.0,5.0,0.0,32.57,11.11,21.88,21.43,25.0
South Africa,ZAF,20221117,0.0,0.0,0.0,0.0,0.0,0.0,0.0,0.0,2.0,3.0,0.0,0.0,5.0,0.0,32.57,11.11,21.88,21.43,25.0
South Africa,ZAF,20221118,0.0,0.0,0.0,0.0,0.0,0.0,0.0,0.0,2.0,3.0,0.0,0.0,5.0,0.0,32.58,11.11,21.88,21.43,25.0
South Africa,ZAF,20221119,0.0,0.0,0.0,0.0,0.0,0.0,0.0,0.0,2.0,3.0,0.0,0.0,5.0,0.0,32.58,11.11,21.88,21.43,25.0
South Africa,ZAF,20221120,0.0,0.0,0.0,0.0,0.0,0.0,0.0,0.0,2.0,3.0,0.0,0.0,5.0,0.0,32.59,11.11,21.88,21.43,25.0
South Africa,ZAF,20221121,0.0,0.0,0.0,0.0,0.0,0.0,0.0,0.0,2.0,3.0,0.0,0.0,5.0,0.0,32.59,11.11,21.88,21.43,25.0
South Africa,ZAF,20221122,0.0,0.0,0.0,0.0,0.0,0.0,0.0,0.0,2.0,3.0,0.0,0.0,5.0,0.0,32.59,11.11,21.88,21.43,25.0
South Africa,ZAF,20221123,0.0,0.0,0.0,0.0,0.0,0.0,0.0,0.0,2.0,3.0,0.0,0.0,5.0,0.0,32.59,11.11,21.88,21.43,25.0
South Africa,ZAF,20221124,0.0,0.0,0.0,0.0,0.0,0.0,0.0,0.0,2.0,3.0,0.0,0.0,5.0,0.0,32.6,11.11,21.88,21.43,25.0
South Africa,ZAF,20221125,0.0,0.0,0.0,0.0,0.0,0.0,0.0,0.0,2.0,3.0,0.0,0.0,5.0,0.0,32.61,11.11,21.88,21.43,25.0
South Africa,ZAF,20221126,0.0,0.0,0.0,0.0,0.0,0.0,0.0,0.0,2.0,3.0,0.0,0.0,5.0,0.0,32.61,11.11,21.88,21.43,25.0
South Africa,ZAF,20221127,0.0,0.0,0.0,0.0,0.0,0.0,0.0,0.0,2.0,3.0,0.0,0.0,5.0,0.0,32.61,11.11,21.88,21.43,25.0
South Africa,ZAF,20221128,0.0,0.0,0.0,0.0,0.0,0.0,0.0,0.0,2.0,3.0,0.0,0.0,5.0,0.0,32.61,11.11,21.88,21.43,25.0
South Africa,ZAF,20221129,0.0,0.0,0.0,0.0,0.0,0.0,0.0,0.0,2.0,3.0,0.0,0.0,5.0,0.0,32.61,11.11,21.88,21.43,25.0
South Africa,ZAF,20221130,0.0,0.0,0.0,0.0,0.0,0.0,0.0,0.0,2.0,3.0,0.0,0.0,5.0,0.0,32.62,11.11,21.88,21.43,25.0
South Africa,ZAF,20221201,0.0,0.0,0.0,0.0,0.0,0.0,0.0,0.0,2.0,3.0,0.0,0.0,5.0,0.0,32.63,11.11,21.88,21.43,25.0
South Africa,ZAF,20221202,0.0,0.0,0.0,0.0,0.0,0.0,0.0,0.0,2.0,3.0,0.0,0.0,5.0,0.0,32.63,11.11,21.88,21.43,25.0
South Africa,ZAF,20221203,0.0,0.0,0.0,0.0,0.0,0.0,0.0,0.0,2.0,3.0,0.0,0.0,5.0,0.0,32.63,11.11,21.88,21.43,25.0
South Africa,ZAF,20221204,0.0,0.0,0.0,0.0,0.0,0.0,0.0,0.0,2.0,3.0,0.0,0.0,5.0,0.0,32.64,11.11,21.88,21.43,25.0
South Africa,ZAF,20221205,0.0,0.0,0.0,0.0,0.0,0.0,0.0,0.0,2.0,3.0,0.0,0.0,5.0,0.0,32.64,11.11,21.88,21.43,25.0
South Africa,ZAF,20221206,0.0,0.0,0.0,0.0,0.0,0.0,0.0,0.0,2.0,3.0,0.0,0.0,5.0,0.0,32.64,11.11,21.88,21.43,25.0
South Africa,ZAF,20221207,0.0,0.0,0.0,0.0,0.0,0.0,0.0,0.0,2.0,3.0,0.0,0.0,5.0,0.0,32.64,11.11,21.88,21.43,25.0
South Africa,ZAF,20221208,0.0,0.0,0.0,0.0,0.0,0.0,0.0,0.0,2.0,3.0,0.0,0.0,5.0,0.0,32.65,11.11,21.88,21.43,25.0
South Africa,ZAF,20221209,0.0,0.0,0.0,0.0,0.0,0.0,0.0,0.0,2.0,3.0,0.0,0.0,5.0,0.0,32.65,11.11,21.88,21.43,25.0
South Africa,ZAF,20221210,0.0,0.0,0.0,0.0,0.0,0.0,0.0,0.0,2.0,3.0,0.0,0.0,5.0,0.0,32.65,11.11,21.88,21.43,25.0
South Africa,ZAF,20221211,0.0,0.0,0.0,0.0,0.0,0.0,0.0,0.0,2.0,3.0,0.0,0.0,5.0,0.0,32.65,11.11,21.88,21.43,25.0
South Africa,ZAF,20221212,0.0,0.0,0.0,0.0,0.0,0.0,0.0,0.0,2.0,3.0,0.0,0.0,5.0,0.0,32.65,11.11,21.88,21.43,25.0
South Africa,ZAF,20221213,0.0,0.0,0.0,0.0,0.0,0.0,0.0,0.0,2.0,3.0,0.0,0.0,5.0,0.0,32.65,11.11,21.88,21.43,25.0
South Africa,ZAF,20221214,0.0,0.0,0.0,0.0,0.0,0.0,0.0,0.0,2.0,3.0,0.0,0.0,5.0,0.0,32.66,11.11,21.88,21.43,25.0
South Africa,ZAF,20221215,0.0,0.0,0.0,0.0,0.0,0.0,0.0,0.0,2.0,3.0,0.0,0.0,5.0,0.0,32.66,11.11,21.88,21.43,25.0
South Africa,ZAF,20221216,0.0,0.0,0.0,0.0,0.0,0.0,0.0,0.0,2.0,3.0,0.0,0.0,5.0,0.0,32.66,11.11,21.88,21.43,25.0
South Africa,ZAF,20221217,0.0,0.0,0.0,0.0,0.0,0.0,0.0,0.0,2.0,3.0,0.0,0.0,5.0,0.0,32.66,11.11,21.88,21.43,25.0
South Africa,ZAF,20221218,0.0,0.0,0.0,0.0,0.0,0.0,0.0,0.0,2.0,3.0,0.0,0.0,5.0,0.0,35.11,11.11,21.88,21.43,25.0
South Africa,ZAF,20221219,0.0,0.0,0.0,0.0,0.0,0.0,0.0,0.0,2.0,3.0,0.0,0.0,5.0,0.0,35.11,11.11,21.88,21.43,25.0
South Africa,ZAF,20221220,0.0,0.0,0.0,0.0,0.0,0.0,0.0,0.0,2.0,3.0,0.0,0.0,5.0,0.0,35.11,11.11,21.88,21.43,25.0
South Africa,ZAF,20221221,0.0,0.0,0.0,0.0,0.0,0.0,0.0,0.0,2.0,3.0,0.0,0.0,5.0,0.0,35.11,11.11,21.88,21.43,25.0
South Africa,ZAF,20221222,0.0,0.0,0.0,0.0,0.0,0.0,0.0,0.0,2.0,3.0,0.0,0.0,5.0,0.0,35.11,11.11,21.88,21.43,25.0
South Africa,ZAF,20221223,0.0,0.0,0.0,0.0,0.0,0.0,0.0,0.0,2.0,3.0,0.0,0.0,5.0,0.0,35.11,11.11,21.88,21.43,25.0
South Africa,ZAF,20221224,0.0,0.0,0.0,0.0,0.0,0.0,0.0,0.0,2.0,3.0,0.0,0.0,5.0,0.0,35.11,11.11,21.88,21.43,25.0
South Africa,ZAF,20221225,0.0,0.0,0.0,0.0,0.0,0.0,0.0,0.0,2.0,3.0,0.0,0.0,5.0,0.0,35.13,11.11,21.88,21.43,25.0
South Africa,ZAF,20221226,0.0,0.0,0.0,0.0,0.0,0.0,0.0,0.0,2.0,3.0,0.0,0.0,5.0,0.0,35.13,11.11,21.88,21.43,25.0
South Africa,ZAF,20221227,0.0,0.0,0.0,0.0,0.0,0.0,0.0,0.0,2.0,3.0,0.0,0.0,5.0,0.0,35.13,11.11,21.88,21.43,25.0
South Africa,ZAF,20221228,0.0,0.0,0.0,0.0,0.0,0.0,0.0,0.0,2.0,3.0,0.0,0.0,5.0,0.0,35.13,11.11,21.88,21.43,25.0
South Africa,ZAF,20221229,0.0,0.0,0.0,0.0,0.0,0.0,0.0,0.0,2.0,3.0,0.0,0.0,5.0,0.0,35.13,11.11,21.88,21.43,25.0
South Africa,ZAF,20221230,0.0,0.0,0.0,0.0,0.0,0.0,0.0,0.0,2.0,3.0,0.0,0.0,5.0,0.0,35.13,11.11,21.88,21.43,25.0
South Africa,ZAF,20221231,0.0,0.0,0.0,0.0,0.0,0.0,0.0,0.0,2.0,3.0,0.0,0.0,5.0,0.0,35.13,11.11,21.88,21.43,25.0
