wave_id,province,variant,day,observed,reservoir_pred,classic_pred
W001,Anhui,Alpha,0,1.0,2.4765771494219044,2.012932489949942
W001,Anhui,Alpha,1,8.0,5.18405272396679,3.9720654480924966
W001,Anhui,Alpha,2,6.0,8.171437082616874,6.291786663146603
W001,Anhui,Alpha,3,24.0,11.8316981485747,9.401441521594533
W001,Anhui,Alpha,4,21.0,16.339691669278448,13.639848771991241
W001,Anhui,Alpha,5,10.0,21.793638023247684,19.295363178249495
W001,Anhui,Alpha,6,36.0,28.22619013671656,26.559201655142864
W001,Anhui,Alpha,7,46.0,35.56185696864742,35.41960198051251
W001,Anhui,Alpha,8,48.0,43.55252793290308,45.52748098318443
W001,Anhui,Alpha,9,37.0,51.723983866594395,56.09679150221203
W001,Anhui,Alpha,10,60.0,59.3754399640145,65.9332241801624
W001,Anhui,Alpha,11,43.0,65.66904427467138,73.66197978512011
W001,Anhui,Alpha,12,68.0,69.81058730442611,78.11733441342882
W001,Anhui,Alpha,13,72.0,71.26436053639809,78.7205610751459
W001,Anhui,Alpha,14,50.0,69.90588833089276,75.6404237887659
W001,Anhui,Alpha,15,61.0,66.03880377871882,69.66127185432886
W001,Anhui,Alpha,16,74.0,60.277390942704706,61.86594576682337
W001,Anhui,Alpha,17,68.0,53.36407455344753,53.31552824151076
W001,Anhui,Alpha,18,46.0,46.003567945956796,44.84758109985169
W001,Anhui,Alpha,19,51.0,38.760395830522775,37.01147360038807
W001,Anhui,Alpha,20,30.0,32.02350427583298,30.096624391653258
W001,Anhui,Alpha,21,29.0,26.01750425909673,24.199832937780926
W001,Anhui,Alpha,22,21.0,20.83642731781429,19.295170773589
W001,Anhui,Alpha,23,24.0,16.482510314397345,15.289919221964235
W001,Anhui,Alpha,24,16.0,12.900668008426669,12.063102493776498
W001,Anhui,Alpha,25,12.0,10.005211246634715,9.489132835151171
W001,Anhui,Alpha,26,11.0,7.698635910379953,7.450692765506071
W001,Anhui,Alpha,27,9.0,5.8837210503636,5.844623842433102
W001,Anhui,Alpha,28,4.0,4.470552888157704,4.583648541237472
W001,Anhui,Alpha,29,1.0,3.3799862049424414,3.5958276599598658
W001,Anhui,Alpha,30,1.0,2.544772344506127,2.8229407105886697
W001,Anhui,Alpha,31,1.0,1.90927316202183,2.218483394361102
W002,Beijing,Alpha,0,14.0,13.477593680709944,14.884356464254878
W002,Beijing,Alpha,1,8.0,13.461904625011096,16.192816452060946
W002,Beijing,Alpha,2,14.0,14.194129440972146,17.008515230086815
W002,Beijing,Alpha,3,5.0,15.092136988914554,17.492274503598853
W002,Beijing,Alpha,4,27.0,15.909305749911802,17.72990563278402
W002,Beijing,Alpha,5,12.0,16.548790003076014,17.769213400354666
W002,Beijing,Alpha,6,11.0,16.97683527116306,17.639563468131623
W002,Beijing,Alpha,7,20.0,17.186304885361377,17.36212008958324
W002,Beijing,Alpha,8,3.0,17.182617738127934,16.95501580291503
W002,Beijing,Alpha,9,25.0,16.978727639451343,16.435739283783686
W002,Beijing,Alpha,10,29.0,16.59324891248846,15.821998463740995
W002,Beijing,Alpha,11,23.0,16.04933501615862,15.13177124273581
W002,Beijing,Alpha,12,21.0,15.373482927340582,14.382959946157492
W002,Beijing,Alpha,13,16.0,14.59410935755393,13.592897499719259
W002,Beijing,Alpha,14,25.0,13.740009144279348,12.777851992328976
W002,Beijing,Alpha,15,21.0,12.83887866806267,11.952611464263875
W002,Beijing,Alpha,16,23.0,11.916068854553062,11.130187546942206
W002,Beijing,Alpha,17,18.0,10.993675003625972,10.321647679849265
W002,Beijing,Alpha,18,11.0,10.09000408973544,9.536067129503483
W002,Beijing,Alpha,19,11.0,9.219401864421775,8.780581422728048
W002,Beijing,Alpha,20,5.0,8.392381019913696,8.060515111578372
W002,Beijing,Alpha,21,10.0,7.615970199129058,7.379562299254615
W002,Beijing,Alpha,22,14.0,6.894199518628867,6.739996588851183
W002,Beijing,Alpha,23,6.0,6.228646758955786,6.142891845050883
W002,Beijing,Alpha,24,3.0,5.618984067192772,5.588339448905279
W002,Beijing,Alpha,25,5.0,5.063483152080486,5.075651930859609
W002,Beijing,Alpha,26,1.0,4.55945408905552,4.603546593567411
W002,Beijing,Alpha,27,6.0,4.103606992016472,4.170305791388785
W002,Beijing,Alpha,28,6.0,3.6923361812792614,3.773912869906729
W002,Beijing,Alpha,29,2.0,3.321933177699705,3.4121644310454964
W002,Beijing,Alpha,30,1.0,2.988738466525876,3.0827606726269328
W002,Beijing,Alpha,31,3.0,2.6892432765118954,2.7833761703887534
W002,Beijing,Alpha,32,0.0,2.4201523746041547,2.5117137400996343
W002,Beijing,Alpha,33,0.0,2.1784177286775193,2.2655440398575144
W002,Beijing,Alpha,34,1.0,1.9612513252153214,2.0427334329393827
W002,Beijing,Alpha,35,0.0,1.7661237742527867,1.8412623960917955
W002,Beijing,Alpha,36,10.0,1.5907537886784024,1.6592364759864346
W002,Beijing,Alpha,37,0.0,1.433092289964235,1.4948915020078244
W002,Beijing,Alpha,38,1.0,1.291303802254022,1.3465944790032858
W002,Beijing,Alpha,39,2.0,1.1637469457348917,1.2128413224780783
W002,Beijing,Alpha,40,1.0,1.0489552011062293,1.09225236777716
W002,Beijing,Alpha,41,0.0,0.9456186538437632,0.9835663863721815
W002,Beijing,Alpha,42,4.0,0.852567103041401,0.885633675835545
W002,Beijing,Alpha,43,0.0,0.7687547015546997,0.7974086530849405
W002,Beijing,Alpha,44,4.0,0.6932461538128907,0.7179422697411314
W002,Beijing,Alpha,45,4.0,0.6252044125548577,0.6463744803681799
W002,Beijing,Alpha,46,2.0,0.5638797686073265,0.581926925378771
W002,Beijing,Alpha,47,0.0,0.5086002059046908,0.5238959371706434
W002,Beijing,Alpha,48,1.0,0.45876288805261695,0.4716459376406846
W002,Beijing,Alpha,49,6.0,0.41382664647985107,0.42460326504577467
W002,Beijing,Alpha,50,0.0,0.3733053492827057,0.3822504460694729
W002,Beijing,Alpha,51,1.0,0.3367620414172898,0.3441209131362907
W002,Beijing,Alpha,52,1.0,0.30380375917963626,0.3097941560195719
W003,Chongqing,Alpha,0,6.0,8.024726705316068,8.097057615862841
W003,Chongqing,Alpha,1,3.0,11.496039699155716,11.609638766813791
W003,Chongqing,Alpha,2,18.0,14.557301227092939,14.606791822983627
W003,Chongqing,Alpha,3,30.0,17.50530708840477,17.419854881343866
W003,Chongqing,Alpha,4,18.0,20.399875054500097,20.137918046854015
W003,Chongqing,Alpha,5,35.0,23.165925410072205,22.725006487711077
W003,Chongqing,Alpha,6,22.0,25.655069801690587,25.080110141062228
W003,Chongqing,Alpha,7,15.0,27.695146724504603,27.075116415854627
W003,Chongqing,Alpha,8,35.0,29.135142394301674,28.58433143120887
W003,Chongqing,Alpha,9,29.0,29.880834227904767,29.5088781801567
W003,Chongqing,Alpha,10,36.0,29.913122648663787,29.794507230632902
W003,Chongqing,Alpha,11,53.0,29.28547236314172,29.4403003754192
W003,Chongqing,Alpha,12,37.0,28.104669103512528,28.497163074742737
W003,Chongqing,Alpha,13,29.0,26.504383380690783,27.057471397171952
W003,Chongqing,Alpha,14,23.0,24.6209505882281,25.239312793630383
W003,Chongqing,Alpha,15,22.0,22.576780212699934,23.169512091937772
W003,Chongqing,Alpha,16,15.0,20.472246734432773,20.96898063371157
W003,Chongqing,Alpha,17,2.0,18.38408573342432,18.742437741119975
W003,Chongqing,Alpha,18,40.0,16.3675556540104,16.57297563157408
W003,Chongqing,Alpha,19,18.0,14.460126783194495,14.520792322732037
W003,Chongqing,Alpha,20,19.0,12.685331702351183,12.624866858322985
W003,Chongqing,Alpha,21,13.0,11.056146445134274,10.906296243962904
W003,Chongqing,Alpha,22,11.0,9.577725306035784,9.372247816940861
W003,Chongqing,Alpha,23,8.0,8.249529222217262,8.019815069673966
W003,Chongqing,Alpha,24,7.0,7.06695977299852,6.839377672902974
W003,Chongqing,Alpha,25,7.0,6.022613381206842,5.817303552812484
W003,Chongqing,Alpha,26,2.0,5.107248403158708,4.937983947912894
W003,Chongqing,Alpha,27,2.0,4.310533010356267,4.185275596495701
W003,Chongqing,Alpha,28,5.0,3.6216218586956397,3.543458390050587
W003,Chongqing,Alpha,29,7.0,3.029595752727921,2.9978210288773948
W003,Chongqing,Alpha,30,5.0,2.5237896948828245,2.534975718661174
W003,Chongqing,Alpha,31,1.0,2.0940292556939175,2.1429851175307477
W003,Chongqing,Alpha,32,2.0,1.7307917658944,1.8113660319317515
W003,Chongqing,Alpha,33,1.0,1.4253064902924615,1.531017513764879
W004,Fujian,Alpha,0,1.0,1.923653842433187,2.080947239568332
W004,Fujian,Alpha,1,4.0,3.4957267653570194,3.980258821627591
W004,Fujian,Alpha,2,5.0,4.953785141314323,5.861042558886453
W004,Fujian,Alpha,3,8.0,6.433418856916925,7.889471314104972
W004,Fujian,Alpha,4,17.0,7.9214029407441116,10.033330491364117
W004,Fujian,Alpha,5,24.0,9.347805797396981,12.172819391286316
W004,Fujian,Alpha,6,21.0,10.62611418984065,14.154110013075956
W004,Fujian,Alpha,7,4.0,11.687421350889709,15.826673597324026
W004,Fujian,Alpha,8,17.0,46.957498943193734,17.071269258467485
W004,Fujian,Alpha,9,19.0,19.03696450386686,17.817057511507887
W004,Fujian,Alpha,10,24.0,18.702581275888228,18.046662492434347
W004,Fujian,Alpha,11,15.0,18.127377109851555,17.790750574921343
W004,Fujian,Alpha,12,20.0,17.27262043422353,17.115840431845157
W004,Fujian,Alpha,13,15.0,16.167367281976336,16.109599202614813
W004,Fujian,Alpha,14,11.0,14.871773714733466,14.867063848919985
W004,Fujian,Alpha,15,10.0,13.456171404327707,13.479812396929026
W004,Fujian,Alpha,16,9.0,11.988889827067077,12.028766895872312
W004,Fujian,Alpha,17,15.0,10.529497528479602,10.580380768537335
W004,Fujian,Alpha,18,11.0,9.125619674587453,9.18549477143785
W004,Fujian,Alpha,19,11.0,7.812132939860449,7.880027481550448
W004,Fujian,Alpha,20,6.0,6.611872750839743,6.6867509877488915
W004,Fujian,Alpha,21,5.0,5.53720860879425,5.617570997654561
W004,Fujian,Alpha,22,7.0,4.592016425428883,4.675908799108437
W004,Fujian,Alpha,23,2.0,3.7737205929695707,3.858934748796798
W004,Fujian,Alpha,24,4.0,3.0751961530836183,3.159518204620333
W004,Fujian,Alpha,25,2.0,2.4864134619525924,2.567838813183794
W004,Fujian,Alpha,26,3.0,1.9957756038313554,2.0726554614760184
W004,Fujian,Alpha,27,2.0,1.5911453156997568,1.6622594135781612
W004,Fujian,Alpha,28,1.0,1.2605871031469995,1.3251536034124627
W005,Guangdong,Alpha,0,26.0,24.853319026100596,34.00147681693835
W005,Guangdong,Alpha,1,6.0,25.57116803917242,46.35546587625762
W005,Guangdong,Alpha,2,21.0,29.128238483063992,55.281783339065804
W005,Guangdong,Alpha,3,25.0,34.23136722615454,62.13175857003729
W005,Guangdong,Alpha,4,33.0,40.33226560737742,67.40176155216759
W005,Guangdong,Alpha,5,40.0,47.21222119356587,71.24724399576631
W005,Guangdong,Alpha,6,56.0,54.718349320878424,73.70980570766271
W005,Guangdong,Alpha,7,70.0,62.60669674161851,74.81778971502757
W005,Guangdong,Alpha,8,77.0,70.45532211747121,74.62805753694245
W005,Guangdong,Alpha,9,82.0,77.64209082034417,73.23885616009186
W005,Guangdong,Alpha,10,99.0,83.40131678623553,70.78797817063901
W005,Guangdong,Alpha,11,97.0,86.96537978839946,67.44363413146851
W005,Guangdong,Alpha,12,93.0,87.76039340472289,63.39231731848178
W005,Guangdong,Alpha,13,88.0,85.58155799864859,58.82629881439256
W005,Guangdong,Alpha,14,82.0,80.66474396616552,53.93238351401653
W005,Guangdong,Alpha,15,75.0,73.61758617227876,48.88285136005112
W005,Guangdong,Alpha,16,64.0,65.24707833553282,43.828982502511344
W005,Guangdong,Alpha,17,61.0,56.365644119363935,38.89717868553592
W005,Guangdong,Alpha,18,36.0,47.64742752320537,34.18742842577832
W005,Guangdong,Alpha,19,28.0,39.562788472286506,29.773705646404796
W005,Guangdong,Alpha,20,18.0,32.379232004715774,25.705822442891602
W005,Guangdong,Alpha,21,42.0,26.200127011450608,22.012255840151
W005,Guangdong,Alpha,22,22.0,21.015015049042784,18.703514474663454
W005,Guangdong,Alpha,23,20.0,16.745486426542104,15.775684596125753
W005,Guangdong,Alpha,24,33.0,13.280122773319976,13.21387950038992
W005,Guangdong,Alpha,25,22.0,10.497930879939693,10.995400449657604
W005,Guangdong,Alpha,26,6.0,8.282334780545845,9.092492369236059
W005,Guangdong,Alpha,27,6.0,6.52841546795139,7.474639779971794
W005,Guangdong,Alpha,28,3.0,5.1457770512024155,6.110396000484919
W005,Guangdong,Alpha,29,1.0,4.058824952939605,4.968772096148085
W005,Guangdong,Alpha,30,1.0,3.205669277385029,4.02023305802756
W005,Guangdong,Alpha,31,6.0,2.5364176166478196,3.237359570610514
W005,Guangdong,Alpha,32,3.0,2.0113058502637067,2.5952369278361482
W005,Guangdong,Alpha,33,3.0,1.5989088690646418,2.071630484346263
W005,Guangdong,Alpha,34,2.0,1.2745455092526126,1.647001457766123
W005,Guangdong,Alpha,35,0.0,1.018917445309155,1.304409504185324
W005,Guangdong,Alpha,36,0.0,0.8169811271664696,1.0293404469327354
W005,Guangdong,Alpha,37,1.0,0.6570318437145014,0.8094896598451798
W005,Guangdong,Alpha,38,1.0,0.5299710310973101,0.634524400102141
W005,Guangdong,Alpha,39,0.0,0.4287266154043196,0.495842126778897
W005,Guangdong,Alpha,40,1.0,0.3477982141750588,0.3863366324291412
W005,Guangdong,Alpha,41,0.0,0.2829025125561155,0.30017964272562875
W005,Guangdong,Alpha,42,0.0,0.23069801698629397,0.23262231807710052
W005,Guangdong,Alpha,43,1.0,0.18857212080983474,0.17981869765904301
W005,Guangdong,Alpha,44,1.0,0.1544767390083694,0.13867142286090273
W006,Guangxi,Alpha,0,2.0,2.6630509877149438,2.7270947160417163
W006,Guangxi,Alpha,1,3.0,3.7984137822179185,3.9621453370776103
W006,Guangxi,Alpha,2,18.0,4.806632021211096,5.0481671686960246
W006,Guangxi,Alpha,3,0.0,5.7998859556185165,6.107733218609189
W006,Guangxi,Alpha,4,13.0,6.817210196699594,7.180241575832557
W006,Guangxi,Alpha,5,10.0,7.8558756777531515,8.260089751617759
W006,Guangxi,Alpha,6,5.0,8.886244175766196,9.314914216226118
W006,Guangxi,Alpha,7,7.0,9.860598495834141,10.296359733739104
W006,Guangxi,Alpha,8,20.0,10.721002374318994,11.148847061960364
W006,Guangxi,Alpha,9,9.0,11.408154384367746,11.818232317169345
W006,Guangxi,Alpha,10,13.0,11.871058878104362,12.260210915437925
W006,Guangxi,Alpha,11,11.0,12.07588703090876,12.44725400976517
W006,Guangxi,Alpha,12,16.0,12.011878935805752,12.372675556718944
W006,Guangxi,Alpha,13,12.0,11.692707890147727,12.050992321117576
W006,Guangxi,Alpha,14,11.0,11.153102456581689,11.514719440995407
W006,Guangxi,Alpha,15,18.0,10.441993826439575,10.808665051053202
W006,Guangxi,Alpha,16,4.0,9.614313559552047,9.983265749806034
W006,Guangxi,Alpha,17,11.0,8.72352053774835,9.088427139049584
W006,Guangxi,Alpha,18,12.0,7.816208740961944,8.168854362167886
W006,Guangxi,Alpha,19,15.0,6.929217871067904,7.261250861377537
W006,Guangxi,Alpha,20,5.0,6.088940918298402,6.393261302677534
W006,Guangxi,Alpha,21,7.0,5.312160738182396,5.583744664654998
W006,Guangxi,Alpha,22,0.0,4.6077069490783025,4.843879211649021
W006,Guangxi,Alpha,23,4.0,3.9783691247541975,4.178655510743986
W006,Guangxi,Alpha,24,9.0,3.4227038857826164,3.588431340512483
W006,Guangxi,Alpha,25,2.0,2.936553084685137,3.0703475929737714
W006,Guangxi,Alpha,26,1.0,2.5142172718681994,2.619507414562766
W006,Guangxi,Alpha,27,4.0,2.1493029032610664,2.229892539076834
W006,Guangxi,Alpha,28,2.0,1.8352960840682733,1.8950334126194641
W006,Guangxi,Alpha,29,1.0,1.5659247373602925,1.6084703694703784
W006,Guangxi,Alpha,30,1.0,1.3353667425197353,1.3640493551483928
W006,Guangxi,Alpha,31,3.0,1.1383516479432054,1.1560936892247617
W006,Guangxi,Alpha,32,0.0,0.9701925161882053,0.9794874477008141
W006,Guangxi,Alpha,33,2.0,0.8267744908355281,0.8296989171633327
W006,Guangxi,Alpha,34,1.0,0.7045185822810739,0.7027657120988111
W007,Guizhou,Alpha,0,1.0,0.9730605251247588,1.2293936577496445
W007,Guizhou,Alpha,1,2.0,0.9992477460487742,1.6203111360043638
W007,Guizhou,Alpha,2,0.0,1.112038377914763,1.9600827207443465
W007,Guizhou,Alpha,3,1.0,1.2860512895817795,2.288085332161963
W007,Guizhou,Alpha,4,1.0,1.5138908578217893,2.623137312902766
W007,Guizhou,Alpha,5,2.0,1.799958443060562,2.9729919996336496
W007,Guizhou,Alpha,6,2.0,2.1563993098416177,3.3389116958334086
W007,Guizhou,Alpha,7,0.0,2.6006709864813558,3.7178472729503085
W007,Guizhou,Alpha,8,3.0,3.153623368028948,4.103502665213773
W007,Guizhou,Alpha,9,17.0,3.836767470482569,4.486953143797187
W007,Guizhou,Alpha,10,0.0,4.667207437186047,4.857177631932211
W007,Guizhou,Alpha,11,9.0,5.648690595417221,5.201695519715489
W007,Guizhou,Alpha,12,8.0,6.758120357213782,5.5073878945398285
W007,Guizhou,Alpha,13,12.0,7.9298549827215625,5.761496428264129
W007,Guizhou,Alpha,14,6.0,9.045706881874858,5.952720554009737
W007,Guizhou,Alpha,15,7.0,9.94386992928339,6.07228002348715
W007,Guizhou,Alpha,16,10.0,10.456907153349627,6.11478634436202
W007,Guizhou,Alpha,17,8.0,10.47070739809972,6.0787811696974945
W007,Guizhou,Alpha,18,10.0,9.973045692567522,5.96685129418907
W007,Guizhou,Alpha,19,10.0,9.058765185148998,5.785305721274011
W007,Guizhou,Alpha,20,18.0,7.888449819148113,5.543479326798644
W007,Guizhou,Alpha,21,6.0,6.629938666346698,5.25278837961503
W007,Guizhou,Alpha,22,2.0,5.415422608394351,4.92569128646534
W007,Guizhou,Alpha,23,5.0,4.326229658544289,4.574700688862974
W007,Guizhou,Alpha,24,3.0,3.398306326994331,4.211558428621057
W007,Guizhou,Alpha,25,1.0,2.636068276445812,3.8466367853820667
W007,Guizhou,Alpha,26,2.0,2.0260470143520526,3.4885817351151527
W008,Hainan,Alpha,0,4.0,3.85011259766487,4.54902636226454
W008,Hainan,Alpha,1,1.0,3.98122704170924,5.390222465523475
W008,Hainan,Alpha,2,3.0,4.435404848592936,5.971845021199707
W008,Hainan,Alpha,3,11.0,4.983936011437294,6.390726091390087
W008,Hainan,Alpha,4,3.0,5.5342759429621236,6.6939787119421
W008,Hainan,Alpha,5,11.0,6.04857578353402,6.904580754454571
W008,Hainan,Alpha,6,7.0,6.507581861959425,7.0341584253333185
W008,Hainan,Alpha,7,3.0,6.897049267838089,7.08940764817939
W008,Hainan,Alpha,8,3.0,7.203927258539386,7.075297991619125
W008,Hainan,Alpha,9,6.0,7.416410221822297,6.996618332033692
W008,Hainan,Alpha,10,10.0,7.525263981049488,6.858651511965969
W008,Hainan,Alpha,11,2.0,7.525273430041912,6.667384955331096
W008,Hainan,Alpha,12,8.0,7.416272726850879,6.429474238127497
W008,Hainan,Alpha,13,8.0,7.20352087864531,6.152079935731047
W008,Hainan,Alpha,14,19.0,6.897377473837127,5.842647456233689
W008,Hainan,Alpha,15,7.0,6.512376025508791,5.508671895203946
W008,Hainan,Alpha,16,11.0,6.065889254123275,5.157473843751749
W008,Hainan,Alpha,17,7.0,5.576623237653855,4.796001967824356
W008,Hainan,Alpha,18,7.0,5.063166038820772,4.430671327160597
W008,Hainan,Alpha,19,7.0,4.542764413952436,4.067241496759414
W008,Hainan,Alpha,20,6.0,4.0304303344289005,3.7107349519464083
W008,Hainan,Alpha,21,13.0,3.5384077402281333,3.3653935587992168
W008,Hainan,Alpha,22,0.0,3.075973418103127,3.034669193759939
W008,Hainan,Alpha,23,2.0,2.6495102913729918,2.721243373712647
W008,Hainan,Alpha,24,3.0,2.262776119342984,2.4270702021322457
W008,Hainan,Alpha,25,0.0,1.9172910764308575,2.153436823434717
W008,Hainan,Alpha,26,1.0,1.612778098156346,1.9010358232850917
W008,Hainan,Alpha,27,0.0,1.3476049737690903,1.670044518377321
W008,Hainan,Alpha,28,5.0,1.1191930399043728,1.460206754089853
W009,Hebei,Alpha,0,1.0,1.336712224988311,1.7623747947903605
W009,Hebei,Alpha,1,0.0,1.992224065518577,3.0682499963921313
W009,Hebei,Alpha,2,1.0,2.6815426107194957,4.2863054714312945
W009,Hebei,Alpha,3,6.0,3.4694834598035604,5.551415192607979
W009,Hebei,Alpha,4,5.0,4.403005342807383,6.88688453226557
W009,Hebei,Alpha,5,5.0,5.5146692588731065,8.267141920877338
W009,Hebei,Alpha,6,15.0,6.8225981537544165,9.64341885424582
W009,Hebei,Alpha,7,15.0,8.326511148726558,10.956968408655333
W009,Hebei,Alpha,8,17.0,10.001134230810514,12.14782114804423
W009,Hebei,Alpha,9,17.0,11.789241449440393,13.161441603908852
W009,Hebei,Alpha,10,14.0,13.597619372591321,13.953762271824113
W009,Hebei,Alpha,11,8.0,15.299895358822203,14.49454559866846
W009,Hebei,Alpha,12,9.0,16.749382578542907,14.76900367142048
W009,Hebei,Alpha,13,13.0,17.802053032740385,14.777753275829763
W009,Hebei,Alpha,14,9.0,18.344965013061778,14.535353339765505
W009,Hebei,Alpha,15,22.0,18.32133953561945,14.067796562826446
W009,Hebei,Alpha,16,15.0,17.743097028745826,13.409383724047819
W009,Hebei,Alpha,17,23.0,16.686198534752023,12.599399010707724
W009,Hebei,Alpha,18,11.0,15.27123956149218,11.678942821469057
W009,Hebei,Alpha,19,12.0,13.637144886131308,10.688185676368782
W009,Hebei,Alpha,20,21.0,11.916744594023106,9.664203711825246
W009,Hebei,Alpha,21,12.0,10.22002692732053,8.639459410933114
W009,Hebei,Alpha,22,14.0,8.626602020805167,7.640911749019309
W009,Hebei,Alpha,23,18.0,7.185722424786753,6.6896831380922395
W009,Hebei,Alpha,24,8.0,5.920914067627926,5.801176987562938
W009,Hebei,Alpha,25,9.0,4.836458128616442,4.985526600567425
W009,Hebei,Alpha,26,1.0,3.923822065602455,4.248258908101035
W009,Hebei,Alpha,27,5.0,3.167046513210694,3.5910700573566143
W009,Hebei,Alpha,28,0.0,2.546767034220006,3.01262930785499
W009,Hebei,Alpha,29,1.0,2.0429401037422927,2.5093491116281457
W009,Hebei,Alpha,30,1.0,1.636514544167119,2.0760798065341977
W009,Hebei,Alpha,31,1.0,1.3103272489645106,1.7067052432562557
W009,Hebei,Alpha,32,2.0,1.049472850524554,1.3946300117196522
W009,Hebei,Alpha,33,0.0,0.8413437601192976,1.1331595338539704
W009,Hebei,Alpha,34,0.0,0.6754824391359903,0.9157814104196337
W009,Hebei,Alpha,35,1.0,0.5433415905628158,0.7363605764350192
W009,Hebei,Alpha,36,5.0,0.438012778002586,0.5892626666819483
W009,Hebei,Alpha,37,1.0,0.3539590184053477,0.46942015317469815
W010,Henan,Alpha,0,5.0,5.669995840765571,9.134567627624302
W010,Henan,Alpha,1,0.0,7.864111236632435,16.166213480741032
W010,Henan,Alpha,2,4.0,10.946283000023975,22.655178722652618
W010,Henan,Alpha,3,23.0,14.865310653205208,29.269337053063467
W010,Henan,Alpha,4,51.0,19.837079349279108,36.04600622435141
W010,Henan,Alpha,5,45.0,26.15037316760723,42.76526621060405
W010,Henan,Alpha,6,40.0,34.056710252840624,49.10674975277045
W010,Henan,Alpha,7,38.0,43.65055973163867,54.73337538074892
W010,Henan,Alpha,8,72.0,54.70989953858717,59.34518993615552
W010,Henan,Alpha,9,74.0,66.53223103656015,62.71500591404268
W010,Henan,Alpha,10,70.0,77.87547768189701,64.70853945482352
W010,Henan,Alpha,11,71.0,87.14277531798376,65.29029513497457
W010,Henan,Alpha,12,73.0,92.84268737200348,64.51723137117018
W010,Henan,Alpha,13,109.0,94.12594838648882,62.52328196560748
W010,Henan,Alpha,14,89.0,91.06845707970398,59.49838041876096
W010,Henan,Alpha,15,87.0,84.53545164300593,55.66557833365632
W010,Henan,Alpha,16,63.0,75.7721417973472,51.25927965302583
W010,Henan,Alpha,17,67.0,65.99777102344262,46.50674437584976
W010,Henan,Alpha,18,52.0,56.1699454676872,41.61406937245825
W010,Henan,Alpha,19,40.0,46.923220669208845,36.757001394822325
W010,Henan,Alpha,20,32.0,38.609866321249584,32.07628069494524
W010,Henan,Alpha,21,30.0,31.375204902341743,27.676789370975527
W010,Henan,Alpha,22,34.0,25.23006039730129,23.629573450986403
W010,Henan,Alpha,23,15.0,20.10694236608278,19.975778816631596
W010,Henan,Alpha,24,28.0,15.898902725314393,16.73163369638275
W010,Henan,Alpha,25,19.0,12.484393614383936,13.893771539782753
W010,Henan,Alpha,26,15.0,9.74211133616818,11.444373938507082
W010,Henan,Alpha,27,11.0,7.559156803341458,9.35579272885026
W010,Henan,Alpha,28,5.0,5.83494435149315,7.594464669876581
W010,Henan,Alpha,29,3.0,4.482517117697284,6.1240525707279145
W010,Henan,Alpha,30,2.0,3.4283551372030163,4.907832299821152
W010,Henan,Alpha,31,3.0,2.611368567938209,3.910399260672447
W010,Henan,Alpha,32,1.0,1.981507432342638,3.0987965194243667
W011,Hubei,Alpha,0,444.0,428.7214683216581,537.8992496483941
W011,Hubei,Alpha,1,0.0,437.5309113236332,687.8337907885101
W011,Hubei,Alpha,2,105.0,480.9639870846649,802.5671650700787
W011,Hubei,Alpha,3,212.0,540.3006661389468,897.9465264826813
W011,Hubei,Alpha,4,297.0,607.3609386132999,980.8887402186057
W011,Hubei,Alpha,5,365.0,678.9377835071639,1054.0372029841435
W011,Hubei,Alpha,6,2131.0,753.7912418129675,1118.0280256887272
W011,Hubei,Alpha,7,0.0,831.2091912098044,1172.6173148769956
W011,Hubei,Alpha,8,1349.0,910.3739873955205,1217.2553266716386
W011,Hubei,Alpha,9,903.0,990.1122134586528,1251.3847227539138
W011,Hubei,Alpha,10,1347.0,1068.8249249361909,1274.5957600296474
W011,Hubei,Alpha,11,4024.0,1144.5118168721622,1286.7031272661914
W011,Hubei,Alpha,12,2345.0,1214.8563427085874,1287.776844544273
W011,Hubei,Alpha,13,3156.0,1277.359113023416,1278.1442999196133
W011,Hubei,Alpha,14,2987.0,1329.510278409432,1258.373208579848
W011,Hubei,Alpha,15,2447.0,1368.9871165132097,1229.241795011732
W011,Hubei,Alpha,16,2841.0,1393.8563431685075,1191.7007762907788
W011,Hubei,Alpha,17,2147.0,1402.755780174689,1146.8307831099783
W011,Hubei,Alpha,18,2531.0,1395.0296846090782,1095.7982303378071
W011,Hubei,Alpha,19,2097.0,1370.797398679198,1039.8121317469902
W011,Hubei,Alpha,20,1638.0,1330.9452180914159,980.0838614631294
W011,Hubei,Alpha,21,0.0,1277.0440349777098,917.7913764776447
W011,Hubei,Alpha,22,14840.0,1211.2071348490758,854.0489370248838
W011,Hubei,Alpha,23,6200.0,1135.9106524616273,789.8829118305266
W011,Hubei,Alpha,24,1843.0,1053.8020928048036,726.2138513635649
W011,Hubei,Alpha,25,1933.0,967.5201346652698,663.8446688925061
W011,Hubei,Alpha,26,1807.0,879.5431057464766,603.4544955039969
W011,Hubei,Alpha,27,1693.0,792.0760834547357,545.5975746018764
W011,Hubei,Alpha,28,349.0,706.9794128094107,490.7064318171067
W011,Hubei,Alpha,29,411.0,625.7358009055746,439.0984915716942
W011,Hubei,Alpha,30,220.0,549.4495649093707,390.98530265657627
W011,Hubei,Alpha,31,1422.0,478.8699964912222,346.4835713182624
W011,Hubei,Alpha,32,0.0,414.4307282830268,305.62727015027986
W011,Hubei,Alpha,33,203.0,356.29790238988204,268.38018354712165
W011,Hubei,Alpha,34,499.0,304.42135021267086,234.6483556214678
W011,Hubei,Alpha,35,401.0,258.58452461056044,204.29201579284478
W011,Hubei,Alpha,36,409.0,218.45034529984025,177.13666390043136
W011,Hubei,Alpha,37,318.0,183.60130748987865,152.98309558314182
W011,Hubei,Alpha,38,423.0,153.57312460873018,131.6162363602299
W011,Hubei,Alpha,39,570.0,127.88184007549532,112.81272735582043
W011,Hubei,Alpha,40,196.0,106.04478629347574,96.34726618436827
W011,Hubei,Alpha,41,114.0,87.59603546601308,81.99775336362045
W011,Hubei,Alpha,42,115.0,72.09711965716075,69.54932866530929
W011,Hubei,Alpha,43,134.0,59.14383462383549,58.79740444343549
W011,Hubei,Alpha,44,126.0,48.3699144482743,49.549815853921906
W011,Hubei,Alpha,45,74.0,39.448296270178815,41.62821275588571
W011,Hubei,Alpha,46,41.0,32.09060480655739,34.86881669402454
W011,Hubei,Alpha,47,36.0,26.045388136892868,29.122660315035954
W011,Hubei,Alpha,48,17.0,21.095538591307545,24.255417300444932
W011,Hubei,Alpha,49,13.0,17.055241444174296,20.146919625784516
W011,Hubei,Alpha,50,8.0,13.766712940125249,16.69044668392856
W011,Hubei,Alpha,51,5.0,11.096919586374364,13.791858324524073
W011,Hubei,Alpha,52,4.0,8.934412956051432,11.368631751644044
W011,Hubei,Alpha,53,4.0,7.186367914171326,9.348850901588337
W011,Hubei,Alpha,54,4.0,5.775876122278719,7.670186658997894
W011,Hubei,Alpha,55,1.0,4.6395195455731,6.278897208129864
W011,Hubei,Alpha,56,1.0,3.7252290349893658,5.12887000892467
W012,Hunan,Alpha,0,4.0,5.600023994929159,6.337474925783395
W012,Hunan,Alpha,1,5.0,8.893765715333718,10.605404087802928
W012,Hunan,Alpha,2,15.0,12.609505478073727,15.008000113736863
W012,Hunan,Alpha,3,19.0,17.111058087899497,20.142931123947694
W012,Hunan,Alpha,4,26.0,22.690944612604948,26.32171520971676
W012,Hunan,Alpha,5,31.0,29.531632789624627,33.649316380729665
W012,Hunan,Alpha,6,43.0,37.642606340534094,42.002415934199576
W012,Hunan,Alpha,7,78.0,46.76840931684706,50.97227830896474
W012,Hunan,Alpha,8,56.0,56.304334129851476,59.83393534199644
W012,Hunan,Alpha,9,55.0,65.28863351438608,67.60576781208982
W012,Hunan,Alpha,10,57.0,72.54226087130976,73.23730815369206
W012,Hunan,Alpha,11,74.0,76.96485498898438,75.89191100226522
W012,Hunan,Alpha,12,58.0,77.88153719615606,75.20871758598432
W012,Hunan,Alpha,13,72.0,75.26148679039086,71.40933690667062
W012,Hunan,Alpha,14,68.0,69.6885546613831,65.19579474135011
W012,Hunan,Alpha,15,50.0,62.1207673157933,57.50741685777737
W012,Hunan,Alpha,16,61.0,53.58810768390268,49.265340603881256
W012,Hunan,Alpha,17,31.0,44.9654068410432,41.2019150308944
W012,Hunan,Alpha,18,35.0,36.8699340093538,33.799361279687105
W012,Hunan,Alpha,19,41.0,29.659907160067863,27.308967155520044
W012,Hunan,Alpha,20,33.0,23.485757941510236,21.807932215214795
W012,Hunan,Alpha,21,34.0,18.3551346571841,17.26149342616968
W012,Hunan,Alpha,22,22.0,14.190590819485637,13.574089632199039
W012,Hunan,Alpha,23,20.0,10.872715791308778,10.625194537331305
W012,Hunan,Alpha,24,13.0,8.268824442600497,8.291456823455956
W012,Hunan,Alpha,25,3.0,6.25012164052396,6.458717022805848
W012,Hunan,Alpha,26,2.0,4.700697282585206,5.027375211647608
W012,Hunan,Alpha,27,1.0,3.5212085288051043,3.9137896588716274
W012,Hunan,Alpha,28,1.0,2.6293771277467948,3.049534822878574
W012,Hunan,Alpha,29,2.0,1.9587608409013053,2.3796648091120844
W012,Hunan,Alpha,30,1.0,1.4567355983712633,1.8606500603639657
W012,Hunan,Alpha,31,2.0,1.0822514025707195,1.458345981114297
W012,Hunan,Alpha,32,3.0,0.8036737876829054,1.14616439578203
W013,Jiangsu,Alpha,0,1.0,2.164207868728936,1.9775196877121068
W013,Jiangsu,Alpha,1,4.0,4.2461469402873915,3.798920415827162
W013,Jiangsu,Alpha,2,4.0,6.4097041574756926,5.80826666172435
W013,Jiangsu,Alpha,3,9.0,8.915660599457203,8.293366966650925
W013,Jiangsu,Alpha,4,15.0,11.842493581449292,11.392754711319382
W013,Jiangsu,Alpha,5,14.0,15.192564873953662,15.14516041382795
W013,Jiangsu,Alpha,6,23.0,18.919221819115453,19.485767155765075
W013,Jiangsu,Alpha,7,29.0,22.92680827441041,24.231906777469842
W013,Jiangsu,Alpha,8,30.0,27.062537071465357,29.082853588253673
W013,Jiangsu,Alpha,9,39.0,31.112037251718967,33.64912567114326
W013,Jiangsu,Alpha,10,34.0,34.80839647688157,37.514182341813076
W013,Jiangsu,Alpha,11,34.0,37.86060539716238,40.315125249259324
W013,Jiangsu,Alpha,12,35.0,39.999525044962645,41.816555854716796
W013,Jiangsu,Alpha,13,37.0,41.029989735922335,41.95183429198595
W013,Jiangsu,Alpha,14,33.0,40.871741968681704,40.819788126008
W013,Jiangsu,Alpha,15,32.0,39.57432694783761,38.643785206815096
W013,Jiangsu,Alpha,16,35.0,37.30145645805216,35.712642720232786
W013,Jiangsu,Alpha,17,31.0,34.29254474386963,32.32390619078125
W013,Jiangsu,Alpha,18,29.0,30.816061565010987,28.74262192786295
W013,Jiangsu,Alpha,19,24.0,27.128481944556427,25.179339411555812
W013,Jiangsu,Alpha,20,23.0,23.446648634081004,21.784423109133126
W013,Jiangsu,Alpha,21,28.0,19.934820074034885,18.65304859924158
W013,Jiangsu,Alpha,22,27.0,16.703460015497406,15.835448506974414
W013,Jiangsu,Alpha,23,23.0,13.815398650087618,13.34847048153834
W013,Jiangsu,Alpha,24,11.0,11.295422748179165,11.18616512302762
W013,Jiangsu,Alpha,25,13.0,9.140514881201748,9.328405543349419
W013,Jiangsu,Alpha,26,9.0,7.329134743358678,7.747345689271513
W013,Jiangsu,Alpha,27,3.0,5.82882191993348,6.411939452455504
W013,Jiangsu,Alpha,28,2.0,4.601962042215443,5.290900638941401
W014,Jiangxi,Alpha,0,2.0,2.7770190372996453,3.1573459193555444
W014,Jiangxi,Alpha,1,5.0,4.328043838532676,5.289753125670469
W014,Jiangxi,Alpha,2,11.0,6.04642299827531,7.531255122922127
W014,Jiangxi,Alpha,3,0.0,8.134881633448988,10.219146255430461
W014,Jiangxi,Alpha,4,18.0,10.770732694126242,13.584945356944761
W014,Jiangxi,Alpha,5,36.0,14.112972923424781,17.806972485813475
W014,Jiangxi,Alpha,6,37.0,18.292874747271522,23.010185438092968
W014,Jiangxi,Alpha,7,0.0,23.382427531429332,29.231716342291215
W014,Jiangxi,Alpha,8,53.0,29.340857222159496,36.36314867903507
W014,Jiangxi,Alpha,9,78.0,35.94917492230942,44.08674500088921
W014,Jiangxi,Alpha,10,46.0,42.75947714503494,51.83703901869253
W014,Jiangxi,Alpha,11,47.0,49.10183770929271,58.830056435618694
W014,Jiangxi,Alpha,12,58.0,54.18714894659502,64.19127902592714
W014,Jiangxi,Alpha,13,85.0,57.30105237029587,67.1679086118171
W014,Jiangxi,Alpha,14,72.0,58.01684061664912,67.34879523104517
W014,Jiangxi,Alpha,15,52.0,56.32056405788149,64.7869802245281
W014,Jiangxi,Alpha,16,61.0,52.585040566619796,59.9630750817549
W014,Jiangxi,Alpha,17,37.0,47.42114118048093,53.61678096315587
W014,Jiangxi,Alpha,18,42.0,41.49479496560136,46.53744924443227
W014,Jiangxi,Alpha,19,31.0,35.387708389282565,39.40075876146941
W014,Jiangxi,Alpha,20,33.0,29.530136565621024,32.68916927129666
W014,Jiangxi,Alpha,21,40.0,24.1931575590502,26.68594517044396
W014,Jiangxi,Alpha,22,28.0,19.513897601942393,21.51152137479962
W014,Jiangxi,Alpha,23,28.0,15.531542105423194,17.173226330281075
W014,Jiangxi,Alpha,24,13.0,12.221488701796488,13.610830095380663
W014,Jiangxi,Alpha,25,12.0,9.522590524495925,10.73099175099993
W014,Jiangxi,Alpha,26,5.0,7.3567045092501475,8.430099602893387
W014,Jiangxi,Alpha,27,3.0,5.641588219328149,6.607732548953521
W014,Jiangxi,Alpha,28,1.0,4.298696437423567,5.17353185508478
W015,Liaoning,Alpha,0,2.0,1.9591207144094644,2.6087683534843507
W015,Liaoning,Alpha,1,1.0,2.2845380582929105,3.559022819094545
W015,Liaoning,Alpha,2,1.0,2.8942768330299677,4.261841173996025
W015,Liaoning,Alpha,3,13.0,3.592187602646467,4.819423916784564
W015,Liaoning,Alpha,4,4.0,4.310367980895685,5.269175544409733
W015,Liaoning,Alpha,5,6.0,5.011380424600434,5.6216843540183135
W015,Liaoning,Alpha,6,7.0,5.657821109821914,5.877808417779613
W015,Liaoning,Alpha,7,5.0,6.208745827333374,6.03650256222243
W015,Liaoning,Alpha,8,2.0,6.624792436313371,6.098324777161478
W015,Liaoning,Alpha,9,7.0,6.874836847505813,6.066797532216071
W015,Liaoning,Alpha,10,16.0,6.941606319273715,5.9486397134831765
W015,Liaoning,Alpha,11,6.0,6.824991279666911,5.75338757109069
W015,Liaoning,Alpha,12,4.0,6.542098602191346,5.492700836045773
W015,Liaoning,Alpha,13,7.0,6.123875836699635,5.179541615675961
W015,Liaoning,Alpha,14,8.0,5.609341508090138,4.827351768504934
W015,Liaoning,Alpha,15,5.0,5.039209098669687,4.449312170700549
W015,Liaoning,Alpha,16,5.0,4.450559371436353,4.057734537562534
W015,Liaoning,Alpha,17,6.0,3.8734736542526305,3.663610070825353
W015,Liaoning,Alpha,18,2.0,3.329718546607043,3.2763184608644864
W015,Liaoning,Alpha,19,1.0,2.833028364715646,2.9034855643669673
W015,Liaoning,Alpha,20,3.0,2.3903434063940514,2.5509681474406958
W015,Liaoning,Alpha,21,5.0,2.003428396945957,2.2229388555539673
W015,Liaoning,Alpha,22,1.0,1.6704726501415343,1.9220432005533357
W015,Liaoning,Alpha,23,2.0,1.3874560478154725,1.6496018607391578
W015,Liaoning,Alpha,24,0.0,1.1492030533405706,1.4058349918042374
W015,Liaoning,Alpha,25,2.0,0.9501312818424777,1.19008966768122
W016,Ningxia,Alpha,0,1.0,1.128071716815616,1.1108255973162333
W016,Ningxia,Alpha,1,0.0,1.333570616476109,1.2930024676724188
W016,Ningxia,Alpha,2,1.0,1.490853740403021,1.4380346463152995
W016,Ningxia,Alpha,3,1.0,1.622148794960054,1.56389633356271
W016,Ningxia,Alpha,4,1.0,1.7389247218086266,1.6799848021453851
W016,Ningxia,Alpha,5,3.0,1.8470986683235862,1.7911076575746847
W016,Ningxia,Alpha,6,4.0,1.9497130690225994,1.8996039202964325
W016,Ningxia,Alpha,7,1.0,2.0483219006444395,2.0064770543060826
W016,Ningxia,Alpha,8,5.0,2.1437126715836823,2.1120033278838886
W016,Ningxia,Alpha,9,4.0,2.2362838385674983,2.2160607778680843
W016,Ningxia,Alpha,10,5.0,2.326242180115839,2.318308980795153
W016,Ningxia,Alpha,11,2.0,2.413705504850247,2.4182889398113554
W016,Ningxia,Alpha,12,3.0,2.4987553514635263,2.515480071096432
W016,Ningxia,Alpha,13,3.0,2.581463213894965,2.609334061667988
W016,Ningxia,Alpha,14,0.0,2.661902779597862,2.699296178457023
W016,Ningxia,Alpha,15,6.0,2.740154847095926,2.7848196856822787
W016,Ningxia,Alpha,16,3.0,2.816308496732947,2.865376384461761
W016,Ningxia,Alpha,17,2.0,2.890460433461297,2.940464866969915
W016,Ningxia,Alpha,18,0.0,2.962713528243883,3.0096173125405716
W016,Ningxia,Alpha,19,4.0,3.033175100471245,3.0724052426314343
W016,Ningxia,Alpha,20,4.0,3.1019552197709443,3.128444433156586
W016,Ningxia,Alpha,21,5.0,3.169165161332527,3.177399068851797
W016,Ningxia,Alpha,22,6.0,3.2349160703371687,3.21898516769706
W016,Ningxia,Alpha,23,3.0,3.2993178489015382,3.252973278200352
W016,Ningxia,Alpha,24,3.0,3.3624782570121696,3.279190444412348
W017,Shandong,Alpha,0,2.0,3.675833950607124,3.8801956349621136
W017,Shandong,Alpha,1,4.0,6.478862648108921,7.120391807067064
W017,Shandong,Alpha,2,9.0,9.03080777081514,10.204860202092581
W017,Shandong,Alpha,3,12.0,11.662846947419533,13.437725213592243
W017,Shandong,Alpha,4,19.0,14.473872069346944,16.817804575055465
W017,Shandong,Alpha,5,29.0,17.467319527013142,20.217225493854958
W017,Shandong,Alpha,6,20.0,20.587786300141314,23.456732736887854
W017,Shandong,Alpha,7,35.0,23.728266077147175,26.348256957967706
W017,Shandong,Alpha,8,28.0,26.734027121954302,28.724193901651233
W017,Shandong,Alpha,9,26.0,29.414080370034974,30.457645875512984
W017,Shandong,Alpha,10,22.0,31.563983648266507,31.474048542389596
W017,Shandong,Alpha,11,24.0,32.99800182173767,31.754453443522245
W017,Shandong,Alpha,12,29.0,33.58356549246725,31.331567645864904
W017,Shandong,Alpha,13,16.0,33.268180809323724,30.280439416220215
W017,Shandong,Alpha,14,32.0,32.09024604025513,28.706062141943786
W017,Shandong,Alpha,15,40.0,30.170522476232925,26.73010425528357
W017,Shandong,Alpha,16,39.0,27.68773450015185,24.47856971037396
W017,Shandong,Alpha,17,30.0,24.846524135505927,22.071613320862273
W017,Shandong,Alpha,18,28.0,21.846809671018224,19.61612980905939
W017,Shandong,Alpha,19,22.0,18.86099945480842,17.201214145751635
W017,Shandong,Alpha,20,21.0,16.02154008336804,14.896211699066766
W017,Shandong,Alpha,21,10.0,13.417910701253378,12.75085297262505
W017,Shandong,Alpha,22,12.0,11.100351462650098,10.796881310300188
W017,Shandong,Alpha,23,14.0,9.087258254278417,9.05059869734795
W017,Shandong,Alpha,24,9.0,7.37371980314384,7.51583655807453
W017,Shandong,Alpha,25,5.0,5.939536044938733,6.186971224272322
W017,Shandong,Alpha,26,4.0,4.755862190204843,5.05172166660909
W017,Shandong,Alpha,27,2.0,3.79021208303409,4.0935733566083545
W017,Shandong,Alpha,28,1.0,3.0099103598190284,3.2937580207402752
W017,Shandong,Alpha,29,2.0,2.384253819433433,2.6327819325589568
W017,Shandong,Alpha,30,2.0,1.8856912499693315,2.0915366437207163
W017,Shandong,Alpha,31,1.0,1.4903115431622973,1.6520492334191033
W017,Shandong,Alpha,32,4.0,1.1778800676696644,1.2979386061266813
W017,Shandong,Alpha,33,1.0,0.9316059458510463,1.0146443289916502
W017,Shandong,Alpha,34,1.0,0.7377701023667818,0.7894886057623044
W018,Shanghai,Alpha,0,9.0,8.50571554703403,10.863511006907576
W018,Shanghai,Alpha,1,7.0,8.579848434688785,13.676139247324421
W018,Shanghai,Alpha,2,4.0,9.591044746233713,15.578883181369758
W018,Shanghai,Alpha,3,13.0,11.024658456804175,16.90473508309539
W018,Shanghai,Alpha,4,7.0,12.64136455107828,17.802338098391324
W018,Shanghai,Alpha,5,13.0,14.32001997177147,18.340735494970435
W018,Shanghai,Alpha,6,13.0,15.969858280419396,18.557652474459044
W018,Shanghai,Alpha,7,30.0,17.491130309940935,18.481534401229915
W018,Shanghai,Alpha,8,16.0,18.766157557224826,18.141016705401363
W018,Shanghai,Alpha,9,23.0,19.67047499670799,17.56822793634067
W018,Shanghai,Alpha,10,34.0,20.096287769129766,16.799055318482583
W018,Shanghai,Alpha,11,13.0,19.978918613934265,15.871983963331969
W018,Shanghai,Alpha,12,21.0,19.315544018463587,14.826383146705076
W018,Shanghai,Alpha,13,16.0,18.168123779131605,13.700729349447997
W018,Shanghai,Alpha,14,24.0,16.649283017182867,12.531038216044902
W018,Shanghai,Alpha,15,14.0,14.897267741979594,11.349643335819492
W018,Shanghai,Alpha,16,20.0,13.049549146657865,10.184372082391025
W018,Shanghai,Alpha,17,9.0,11.222931062953528,9.05811090604784
W018,Shanghai,Alpha,18,7.0,9.50342395810766,7.988716029153303
W018,Shanghai,Alpha,19,6.0,7.944918347361362,6.989205296420535
W018,Shanghai,Alpha,20,4.0,6.573557767878313,6.068159074314507
W018,Shanghai,Alpha,21,8.0,5.394575801689919,5.230259215368948
W018,Shanghai,Alpha,22,4.0,4.39927128154186,4.476902237612975
W018,Shanghai,Alpha,23,3.0,3.5708850970989503,3.8068334830113413
W018,Shanghai,Alpha,24,8.0,2.888971566359011,3.216761072242367
W018,Shanghai,Alpha,25,2.0,2.3323368901982677,2.7019204453761168
W018,Shanghai,Alpha,26,5.0,1.8808220631358967,2.2565711431092486
W018,Shanghai,Alpha,27,0.0,1.5162473243226873,1.874416647554906
W018,Shanghai,Alpha,28,0.0,1.2227965725310186,1.5489453187458517
W018,Shanghai,Alpha,29,1.0,0.9870561774479939,1.273695741847582
W018,Shanghai,Alpha,30,2.0,0.7978598207138078,1.0424533181193678
W018,Shanghai,Alpha,31,1.0,0.6460396564209855,0.8493869622567074
W018,Shanghai,Alpha,32,0.0,0.5241460936012391,0.6891356194792571
W018,Shanghai,Alpha,33,0.0,0.4261722338504135,0.5568542933903489
W018,Shanghai,Alpha,34,1.0,0.3473017818627657,0.4482286560795961
W018,Shanghai,Alpha,35,1.0,0.283688518257886,0.3594663271670338
W019,Shanxi,Alpha,0,1.0,1.0656017758914809,1.460881458195131
W019,Shanxi,Alpha,1,0.0,1.3507556540234755,2.20344392823256
W019,Shanxi,Alpha,2,0.0,1.7649926180229087,2.8014232116063336
W019,Shanxi,Alpha,3,5.0,2.2554535672464198,3.3293285247750295
W019,Shanxi,Alpha,4,3.0,2.8123439147192575,3.8062529210493574
W019,Shanxi,Alpha,5,4.0,3.4314631079578986,4.229226490358481
W019,Shanxi,Alpha,6,14.0,4.09817851311137,4.587709033090343
W019,Shanxi,Alpha,7,0.0,4.780735153557037,4.870356690491048
W019,Shanxi,Alpha,8,8.0,5.429615976552287,5.068331588674605
W019,Shanxi,Alpha,9,4.0,5.983315115014136,5.176845866209988
W019,Shanxi,Alpha,10,8.0,6.380372787180134,5.195661898866004
W019,Shanxi,Alpha,11,19.0,6.57446976753668,5.128911930747732
W019,Shanxi,Alpha,12,8.0,6.546628893642543,4.984470118829264
W019,Shanxi,Alpha,13,7.0,6.309123306498364,4.7730586989107975
W019,Shanxi,Alpha,14,0.0,5.89987838964119,4.507240092056
W019,Shanxi,Alpha,15,15.0,5.370888720292645,4.200418436777762
W019,Shanxi,Alpha,16,8.0,4.776051267392108,3.8659429076354526
W019,Shanxi,Alpha,17,11.0,4.162352943572863,3.516372839548096
W019,Shanxi,Alpha,18,4.0,3.5655903752264373,3.162934259328857
W019,Shanxi,Alpha,19,0.0,3.0097732422700654,2.815171692550124
W019,Shanxi,Alpha,20,5.0,2.508673052361556,2.4807797181982107
W019,Shanxi,Alpha,21,2.0,2.0681915466656973,2.165586144461281
W019,Shanxi,Alpha,22,0.0,1.6887283916654932,1.8736523696233902
W019,Shanxi,Alpha,23,1.0,1.367170347447339,1.6074553454571083
W019,Shanxi,Alpha,24,1.0,1.0984018154167394,1.3681181710751291
W019,Shanxi,Alpha,25,1.0,0.8763732168775463,1.1556613024086893
W019,Shanxi,Alpha,26,1.0,0.6948125172618406,0.9692524339298008
W019,Shanxi,Alpha,27,1.0,0.5476699961327192,0.8074393357793523
W019,Shanxi,Alpha,28,0.0,0.42937353575017945,0.668355649823911
W019,Shanxi,Alpha,29,1.0,0.33495459951673223,0.5498944753005481
W019,Shanxi,Alpha,30,2.0,0.26008929253945856,0.44984834531593443
W019,Shanxi,Alpha,31,0.0,0.20108615892068624,0.3660169097263154
W019,Shanxi,Alpha,32,0.0,0.15484273032698276,0.2962854033712332
W019,Shanxi,Alpha,33,1.0,0.11878578974855239,0.23867795296093397
W020,Sichuan,Alpha,0,5.0,5.892968771561584,6.971976698349378
W020,Sichuan,Alpha,1,3.0,7.704682911033902,10.166629897902949
W020,Sichuan,Alpha,2,7.0,9.610115423793555,12.749571740470676
W020,Sichuan,Alpha,3,13.0,11.676498500252999,15.049383676406187
W020,Sichuan,Alpha,4,16.0,13.935001879474587,17.16983148369295
W020,Sichuan,Alpha,5,25.0,16.366388949776347,19.118138492281748
W020,Sichuan,Alpha,6,21.0,18.896998373892977,20.862248831463734
W020,Sichuan,Alpha,7,18.0,21.403267673608333,22.35808787532348
W020,Sichuan,Alpha,8,34.0,23.727077740069344,23.563453035551625
W020,Sichuan,Alpha,9,35.0,25.70151456521155,24.445385803864607
W020,Sichuan,Alpha,10,30.0,27.18122588829351,24.98391773201836
W020,Sichuan,Alpha,11,24.0,28.068077910459273,25.17349341267659
W020,Sichuan,Alpha,12,23.0,28.324449857778372,25.02275461701392
W020,Sichuan,Alpha,13,28.0,27.97214972213019,24.55314167287486
W020,Sichuan,Alpha,14,19.0,27.080450470752098,23.796686011195167
W020,Sichuan,Alpha,15,20.0,25.749064090575754,22.79332862306908
W020,Sichuan,Alpha,16,23.0,24.091100192763594,21.58806242255493
W020,Sichuan,Alpha,17,20.0,22.21903047188527,20.228149826595285
W020,Sichuan,Alpha,18,22.0,20.23483787783821,18.76061039518032
W020,Sichuan,Alpha,19,19.0,18.224319719085816,17.230112192553463
W020,Sichuan,Alpha,20,12.0,16.254861506554878,15.677340753688124
W020,Sichuan,Alpha,21,19.0,14.375737819917491,14.137866405933838
W020,Sichuan,Alpha,22,15.0,12.619995593499489,12.641487732237527
W020,Sichuan,Alpha,23,12.0,11.007126218626546,11.211997830967979
W020,Sichuan,Alpha,24,7.0,9.545945822522445,9.86730074777702
W020,Sichuan,Alpha,25,11.0,8.237313528422256,8.61979682070918
W020,Sichuan,Alpha,26,14.0,7.07649011459512,7.476955726369843
W020,Sichuan,Alpha,27,13.0,6.05506298047733,6.442002450379413
W020,Sichuan,Alpha,28,6.0,5.162441204085825,5.514651953610933
W020,Sichuan,Alpha,29,6.0,4.386966721126085,4.691840944266856
W020,Sichuan,Alpha,30,2.0,3.716705312024603,3.9684182603471014
W020,Sichuan,Alpha,31,1.0,3.139983568476103,3.3377677198678475
W020,Sichuan,Alpha,32,0.0,2.6457322891411312,2.7923481313890206
W020,Sichuan,Alpha,33,1.0,2.2236874542787546,2.324144065065761
W020,Sichuan,Alpha,34,2.0,1.864489840642394,1.925027844494309
W020,Sichuan,Alpha,35,2.0,1.5597149559509882,1.587038120924743
W020,Sichuan,Alpha,36,3.0,1.301856959136357,1.3025835564950503
W020,Sichuan,Alpha,37,4.0,1.0842837598172677,1.0645818650749368
W021,Tianjin,Alpha,0,4.0,3.6278665883174397,4.124575770957153
W021,Tianjin,Alpha,1,0.0,3.242180223182453,4.312634691866233
W021,Tianjin,Alpha,2,4.0,3.1970964425241437,4.435427828414211
W021,Tianjin,Alpha,3,2.0,3.31878446377651,4.515468462892561
W021,Tianjin,Alpha,4,4.0,3.5139560256907036,4.56544771097238
W021,Tianjin,Alpha,5,9.0,3.736175017531524,4.5925820476161805
W021,Tianjin,Alpha,6,1.0,3.963064972548813,4.601048019185274
W021,Tianjin,Alpha,7,3.0,4.183283486471392,4.593348657827573
W021,Tianjin,Alpha,8,4.0,4.389821995390492,4.571081183422104
W021,Tianjin,Alpha,9,1.0,4.576907384215716,4.535367943779192
W021,Tianjin,Alpha,10,9.0,4.738826846236048,4.487097202435961
W021,Tianjin,Alpha,11,7.0,4.869742733075495,4.42705611567989
W021,Tianjin,Alpha,12,12.0,4.963996188380024,4.356002322347779
W021,Tianjin,Alpha,13,7.0,5.016621144138908,4.27470043512218
W021,Tianjin,Alpha,14,2.0,5.023896706649493,4.18393840005702
W021,Tianjin,Alpha,15,10.0,4.983818360263304,4.084532303835446
W021,Tianjin,Alpha,16,2.0,4.89640324330098,3.9773245918097406
W021,Tianjin,Alpha,17,7.0,4.763779527324574,3.8631786031972903
W021,Tianjin,Alpha,18,3.0,4.590048760002419,3.742971153335905
W021,Tianjin,Alpha,19,4.0,4.380948624141837,3.617584214294813
W021,Tianjin,Alpha,20,11.0,4.143374340137711,3.4878963487666916
W021,Tianjin,Alpha,21,6.0,3.884833571565844,3.3547743161938643
W021,Tianjin,Alpha,22,7.0,3.6129099795046584,3.21906512556569
W021,Tianjin,Alpha,23,1.0,3.3347969519564002,3.081588717235021
W021,Tianjin,Alpha,24,2.0,3.05694113192873,2.9431313943581796
W021,Tianjin,Alpha,25,2.0,2.784811628571044,2.8044400807062138
W021,Tianjin,Alpha,26,1.0,2.522790436549408,2.6662174486210524
W021,Tianjin,Alpha,27,3.0,2.274165531812983,2.5291179348931228
W021,Tianjin,Alpha,28,2.0,2.0412009702331138,2.3937446411568666
W021,Tianjin,Alpha,29,1.0,1.825257053125303,2.2606470978493287
W021,Tianjin,Alpha,30,2.0,1.6269364150882273,2.130319856206652
W021,Tianjin,Alpha,31,3.0,1.4462368374661352,2.0032018608129887
W022,Yunnan,Alpha,0,1.0,1.7308683437048644,1.7126095859612778
W022,Yunnan,Alpha,1,1.0,3.0578475491568016,2.933804289454228
W022,Yunnan,Alpha,2,3.0,4.412522703812691,4.062010679793203
W022,Yunnan,Alpha,3,6.0,5.921041427431718,5.206242964569665
W022,Yunnan,Alpha,4,5.0,7.553121150471672,6.362258492183923
W022,Yunnan,Alpha,5,10.0,9.156014952700954,7.471942919592931
W022,Yunnan,Alpha,6,18.0,10.497096419362224,8.454816351489013
W022,Yunnan,Alpha,7,11.0,11.34624922216265,9.231284373170334
W022,Yunnan,Alpha,8,15.0,11.574462085523177,9.741032133484289
W022,Yunnan,Alpha,9,13.0,11.207644847282404,9.954639779330783
W022,Yunnan,Alpha,10,10.0,10.399500398070748,9.876612647065024
W022,Yunnan,Alpha,11,12.0,9.351788634182986,9.540475991248442
W022,Yunnan,Alpha,12,12.0,8.240761965660873,8.998892456173339
W022,Yunnan,Alpha,13,5.0,7.183180606825728,8.312526211672749
W022,Yunnan,Alpha,14,6.0,6.237617542154044,7.540596055575916
W022,Yunnan,Alpha,15,5.0,5.421610664372218,6.734567152865049
W022,Yunnan,Alpha,16,5.0,4.729735000194678,5.935080239360921
W022,Yunnan,Alpha,17,0.0,4.1466015724060075,5.171423440714834
W022,Yunnan,Alpha,18,3.0,3.654393814450221,4.462609385869275
W022,Yunnan,Alpha,19,8.0,3.2364948094913366,3.8192256099796937
W022,Yunnan,Alpha,20,4.0,2.87882650585632,3.2454691163730214
W022,Yunnan,Alpha,21,1.0,2.5700376924039396,2.741020645375993
W022,Yunnan,Alpha,22,2.0,2.30120454028878,2.3026015263290276
W022,Yunnan,Alpha,23,6.0,2.065385148552575,1.925175984579282
W022,Yunnan,Alpha,24,6.0,1.8571827685085316,1.6028267166232388
W022,Yunnan,Alpha,25,3.0,1.6723752059843153,1.3293591227480694
W022,Yunnan,Alpha,26,0.0,1.507622099115768,1.0986951863651637
W022,Yunnan,Alpha,27,1.0,1.3602428610457897,0.9051125165434901
W022,Yunnan,Alpha,28,0.0,1.2280521726228202,0.7433742758470315
W022,Yunnan,Alpha,29,2.0,1.1092397174152357,0.6087853016990507
W022,Yunnan,Alpha,30,2.0,1.0022827810412698,0.4972004411889763
W023,Zhejiang,Alpha,0,10.0,10.991379063332849,17.147225244181026
W023,Zhejiang,Alpha,1,17.0,14.313121782053589,28.704724387235363
W023,Zhejiang,Alpha,2,16.0,19.111340473685033,38.27126299493746
W023,Zhejiang,Alpha,3,19.0,25.251246032126083,46.84643776187423
W023,Zhejiang,Alpha,4,42.0,32.92465767870039,54.44682285240786
W023,Zhejiang,Alpha,5,24.0,42.326756330952755,60.78561430524463
W023,Zhejiang,Alpha,6,45.0,53.38707625039749,65.54976553297853
W023,Zhejiang,Alpha,7,123.0,65.49960788501164,68.52123295283404
W023,Zhejiang,Alpha,8,132.0,77.33954549791717,69.62374977184474
W023,Zhejiang,Alpha,9,110.0,86.98402058079895,68.92668656855814
W023,Zhejiang,Alpha,10,61.0,92.49149629097974,66.6228702476503
W023,Zhejiang,Alpha,11,62.0,92.72721975072353,62.99254188599173
W023,Zhejiang,Alpha,12,63.0,87.8700632525344,58.36307301664394
W023,Zhejiang,Alpha,13,105.0,79.22302644142889,53.071537226983914
W023,Zhejiang,Alpha,14,66.0,68.5443335440063,47.43457337296899
W023,Zhejiang,Alpha,15,59.0,57.411951292525515,41.72750968163019
W023,Zhejiang,Alpha,16,52.0,46.91460738645319,36.172762201763675
W023,Zhejiang,Alpha,17,42.0,37.63806376667249,30.93622482996251
W023,Zhejiang,Alpha,18,27.0,29.790858165026325,26.12971260821272
W023,Zhejiang,Alpha,19,17.0,23.34964813813447,21.817378410037303
W023,Zhejiang,Alpha,20,25.0,18.172729332086355,18.024226473647424
W023,Zhejiang,Alpha,21,14.0,14.073421201546017,14.745232411269537
W023,Zhejiang,Alpha,22,14.0,10.861534205775252,11.954020471369079
W023,Zhejiang,Alpha,23,10.0,8.363734416973234,9.610460035632997
W023,Zhejiang,Alpha,24,7.0,6.431436292429969,7.666879168460472
W023,Zhejiang,Alpha,25,5.0,4.941982829427181,6.0728382595076535
W023,Zhejiang,Alpha,26,4.0,3.7965963138415177,4.778565753204497
W023,Zhejiang,Alpha,27,1.0,2.9170610501035763,3.7372453423513843
W023,Zhejiang,Alpha,28,2.0,2.242167572434324,2.9063780859681305
W023,Zhejiang,Alpha,29,1.0,1.724409503406187,2.2484412665954863
W023,Zhejiang,Alpha,30,2.0,1.327128429022591,1.7310431028790794
W023,Zhejiang,Alpha,31,2.0,1.0221486513458402,1.326739710761825
W024,Gansu,Alpha,0,2.0,1.909222360772076,2.3262432668316584
W024,Gansu,Alpha,1,0.0,2.071157565546694,2.8462529715105522
W024,Gansu,Alpha,2,2.0,2.4753424203981864,3.236766311241771
W024,Gansu,Alpha,3,3.0,2.943284662478524,3.5480705402806825
W024,Gansu,Alpha,4,7.0,3.4073379471252854,3.800638779496077
W024,Gansu,Alpha,5,5.0,3.835008667099413,4.000438499478203
W024,Gansu,Alpha,6,5.0,4.201955216814248,4.147015661363706
W024,Gansu,Alpha,7,2.0,4.486266969971907,4.237946614982274
W024,Gansu,Alpha,8,3.0,4.6702142480511935,4.271345015088336
W024,Gansu,Alpha,9,11.0,4.743322090956886,4.247211153096215
W024,Gansu,Alpha,10,11.0,4.704284674292296,4.1680025828170235
W024,Gansu,Alpha,11,4.0,4.561043832045215,4.03864053473053
W024,Gansu,Alpha,12,2.0,4.329218941424501,3.8661160215271066
W024,Gansu,Alpha,13,5.0,4.029455127197142,3.6588499506175642
W024,Gansu,Alpha,14,0.0,3.6843902900848047,3.4259541478218347
W024,Gansu,Alpha,15,5.0,3.3158939032733477,3.1765192464493657
W024,Gansu,Alpha,16,12.0,2.9430276840978267,2.9190205379379672
W024,Gansu,Alpha,17,4.0,2.580900774434136,2.6608916972749523
W024,Gansu,Alpha,18,0.0,2.24034737781789,2.4082779411027
W024,Gansu,Alpha,19,3.0,1.9282108061958316,2.16595124200305
W024,Gansu,Alpha,20,1.0,1.6479805076823697,1.9373532660987844
W024,Gansu,Alpha,21,3.0,1.4005639976453739,1.7247257921339445
W025,Heilongjiang,Alpha,0,2.0,2.2622948674375256,2.7937711586113307
W025,Heilongjiang,Alpha,1,2.0,2.996108114136544,4.1973338702027005
W025,Heilongjiang,Alpha,2,5.0,3.9454240040677,5.536267580686546
W025,Heilongjiang,Alpha,3,6.0,5.08635845990221,6.977539546161286
W025,Heilongjiang,Alpha,4,6.0,6.452654396068589,8.60715531793309
W025,Heilongjiang,Alpha,5,12.0,8.091085385523316,10.46531361876285
W025,Heilongjiang,Alpha,6,5.0,10.041157804223399,12.557879370335302
W025,Heilongjiang,Alpha,7,6.0,12.320699584041565,14.85676760581937
W025,Heilongjiang,Alpha,8,15.0,14.91055496470017,17.296280384267458
W025,Heilongjiang,Alpha,9,21.0,17.738301950597,19.770539012914227
W025,Heilongjiang,Alpha,10,15.0,20.665757675007164,22.13646083205913
W025,Heilongjiang,Alpha,11,26.0,23.48849062529242,24.22562135164939
W025,Heilongjiang,Alpha,12,34.0,25.95552836454704,25.865813661628412
W025,Heilongjiang,Alpha,13,35.0,27.81135695822066,26.90920325473189
W025,Heilongjiang,Alpha,14,37.0,28.850892170200183,27.26010321597597
W025,Heilongjiang,Alpha,15,50.0,28.96791279603266,26.89383254193331
W025,Heilongjiang,Alpha,16,18.0,28.177206723464945,25.860392593420737
W025,Heilongjiang,Alpha,17,12.0,26.60264204423702,24.27207945534661
W025,Heilongjiang,Alpha,18,24.0,24.439490654916835,22.27983526131614
W025,Heilongjiang,Alpha,19,29.0,21.90848531218306,20.046201216138375
W025,Heilongjiang,Alpha,20,18.0,19.217276686289303,17.722133599985987
W025,Heilongjiang,Alpha,21,17.0,16.53678765302396,15.431850629845869
W025,Heilongjiang,Alpha,22,24.0,13.992191922839167,13.266365874364908
W025,Heilongjiang,Alpha,23,6.0,11.664254492232441,11.283947468376274
W025,Heilongjiang,Alpha,24,20.0,9.59622907807764,9.514830096254014
W025,Heilongjiang,Alpha,25,12.0,7.802671186300543,7.967717411028624
W025,Heilongjiang,Alpha,26,7.0,6.277995182062409,6.636339117144884
W025,Heilongjiang,Alpha,27,6.0,5.003749481592676,5.5051033196040935
W025,Heilongjiang,Alpha,28,6.0,3.954296085299034,4.553481981171984
W025,Heilongjiang,Alpha,29,3.0,3.1009555406877993,3.759136250693903
W025,Heilongjiang,Alpha,30,0.0,2.4148418007933357,3.0999693774137325
W025,Heilongjiang,Alpha,31,1.0,1.868658255920627,2.5553522065594474
W026,Jilin,Alpha,0,1.0,0.9788446323344153,1.264078609048789
W026,Jilin,Alpha,1,2.0,1.041855091830284,1.7077963217159347
W026,Jilin,Alpha,2,1.0,1.2139294231822324,2.084277870368663
W026,Jilin,Alpha,3,0.0,1.4604513823066128,2.435742345921392
W026,Jilin,Alpha,4,2.0,1.7726951187247872,2.777467086387023
W026,Jilin,Alpha,5,2.0,2.1555473068271174,3.1101642729348193
W026,Jilin,Alpha,6,1.0,2.6187091014215245,3.4262296485848722
W026,Jilin,Alpha,7,5.0,3.1694114299367078,3.713375773607227
W026,Jilin,Alpha,8,0.0,3.8045102862930404,3.9572859686253996
W026,Jilin,Alpha,9,3.0,4.501216068643408,4.1439528636601475
W026,Jilin,Alpha,10,6.0,5.208455326784452,4.26181957248839
W026,Jilin,Alpha,11,8.0,5.844548643407901,4.303546857409779
W026,Jilin,Alpha,12,11.0,6.30875502464823,4.2671330058695185
W026,Jilin,Alpha,13,12.0,6.509365329225944,4.156183880638707
W026,Jilin,Alpha,14,5.0,6.398373057798005,3.9793112259053394
W026,Jilin,Alpha,15,6.0,5.992370647098978,3.7488407434886537
W026,Jilin,Alpha,16,4.0,5.365260253006457,3.479152600612101
W026,Jilin,Alpha,17,9.0,4.618338149732592,3.185009593071186
W026,Jilin,Alpha,18,2.0,3.847353696444499,2.880159044737358
W026,Jilin,Alpha,19,1.0,3.1223396165381283,2.576368695900336
W026,Jilin,Alpha,20,2.0,2.483108504127701,2.2829276706075103
W026,Jilin,Alpha,21,1.0,1.9446518322717499,2.0065484813090166
W026,Jilin,Alpha,22,2.0,1.505653146853585,1.751557902022956
W026,Jilin,Alpha,23,2.0,1.1560555719442602,1.5202571754266423
W026,Jilin,Alpha,24,1.0,0.882342185020121,1.3133503738169632
W026,Jilin,Alpha,25,0.0,0.6706618272477683,1.1303687226432166
W026,Jilin,Alpha,26,0.0,0.5084053005263306,0.970047627950799
W026,Jilin,Alpha,27,1.0,0.3848234534365114,0.8306364736154591
W026,Jilin,Alpha,28,1.0,0.2911185886588508,0.7101373567624504
W027,Shaanxi,Alpha,0,3.0,3.4829220524301343,4.330188809218898
W027,Shaanxi,Alpha,1,2.0,4.580621160018988,6.4433096313260085
W027,Shaanxi,Alpha,2,10.0,5.832078631598172,8.092596574987107
W027,Shaanxi,Alpha,3,7.0,7.224245720282955,9.491151645850602
W027,Shaanxi,Alpha,4,13.0,8.74186149894418,10.694697446449924
W027,Shaanxi,Alpha,5,11.0,10.332606166416223,11.69915904371905
W027,Shaanxi,Alpha,6,10.0,11.897174054236354,12.482645890184656
W027,Shaanxi,Alpha,7,7.0,13.299462701529832,13.024369170236993
W027,Shaanxi,Alpha,8,24.0,14.39452504010198,13.313059282700412
W027,Shaanxi,Alpha,9,14.0,15.065028619266359,13.350007213720637
W027,Shaanxi,Alpha,10,15.0,15.250849284367545,13.149054472116562
W027,Shaanxi,Alpha,11,12.0,14.95955506763899,12.734789267647185
W027,Shaanxi,Alpha,12,14.0,14.256407485820619,12.139771661693857
W027,Shaanxi,Alpha,13,23.0,13.242044096571174,11.401390336106207
W027,Shaanxi,Alpha,14,8.0,12.02831296756621,10.558797439365852
W027,Shaanxi,Alpha,15,11.0,10.719385604135754,9.650229703504376
W027,Shaanxi,Alpha,16,11.0,9.400661145519637,8.71089724165526
W027,Shaanxi,Alpha,17,13.0,8.134734318358014,7.771511735808982
W027,Shaanxi,Alpha,18,5.0,6.962284268911634,6.857439408264373
W027,Shaanxi,Alpha,19,6.0,5.905621689162531,5.988404257105093
W027,Shaanxi,Alpha,20,6.0,4.973145380637671,5.178632706993103
W027,Shaanxi,Alpha,21,4.0,4.163622822289633,4.437318338640081
W027,Shaanxi,Alpha,22,1.0,3.4697678437502377,3.769289387010499
W027,Shaanxi,Alpha,23,2.0,2.8809628804178797,3.1757765608237105
W027,Shaanxi,Alpha,24,4.0,2.3851799116820325,2.655199293327039
W027,Shaanxi,Alpha,25,4.0,1.9702425288455947,2.2039106870160885
W027,Shaanxi,Alpha,26,0.0,1.6245901394979507,1.816862276490519
W027,Shaanxi,Alpha,27,2.0,1.3376895105619488,1.4881675671220294
W027,Shaanxi,Alpha,28,3.0,1.1002104265633932,1.2115573264300794
W028,Xinjiang,Alpha,0,2.0,1.8411728031340766,2.13559714725428
W028,Xinjiang,Alpha,1,0.0,1.6986069794829928,2.3474173966444702
W028,Xinjiang,Alpha,2,1.0,1.7246013879984299,2.498129678845615
W028,Xinjiang,Alpha,3,1.0,1.8367954331875604,2.610800026461803
W028,Xinjiang,Alpha,4,1.0,1.9915454504405072,2.697760328409133
W028,Xinjiang,Alpha,5,5.0,2.167521192275018,2.7655626014648256
W028,Xinjiang,Alpha,6,3.0,2.354510170542746,2.817662694238601
W028,Xinjiang,Alpha,7,1.0,2.5469049838587825,2.855880758848258
W028,Xinjiang,Alpha,8,3.0,2.74025065357236,2.881199058166546
W028,Xinjiang,Alpha,9,1.0,2.929573450083092,2.8941985718636034
W028,Xinjiang,Alpha,10,3.0,3.1087274095152373,2.895297316834039
W028,Xinjiang,Alpha,11,3.0,3.270364220370465,2.8848788860600987
W028,Xinjiang,Alpha,12,5.0,3.4063349204794484,2.8633595732884616
W028,Xinjiang,Alpha,13,3.0,3.508409365594127,2.8312207113642835
W028,Xinjiang,Alpha,14,4.0,3.569197500740718,2.7890210285880217
W028,Xinjiang,Alpha,15,3.0,3.5831184479486824,2.737397369537422
W028,Xinjiang,Alpha,16,3.0,3.547230724582374,2.6770585822112687
W028,Xinjiang,Alpha,17,3.0,3.4617430569734906,2.6087754151226767
W028,Xinjiang,Alpha,18,4.0,3.3300848035995223,2.53336817526518
W028,Xinjiang,Alpha,19,6.0,3.158516073507158,2.451693277852398
W028,Xinjiang,Alpha,20,4.0,2.9553666035465707,2.3646294568054462
W028,Xinjiang,Alpha,21,4.0,2.730070863087946,2.273064183839165
W028,Xinjiang,Alpha,22,2.0,2.4921906952282367,2.1778806996935236
W028,Xinjiang,Alpha,23,5.0,2.2505864400511832,2.079945958882602
W028,Xinjiang,Alpha,24,1.0,2.0128333419871396,1.980099710729735
W028,Xinjiang,Alpha,25,4.0,1.7849093786860821,1.8791448747253188
W028,Xinjiang,Alpha,26,1.0,1.5711248283118653,1.7778393125240461
W028,Xinjiang,Alpha,27,0.0,1.3742324314608414,1.6768890499252171
W028,Xinjiang,Alpha,28,0.0,1.1956487085007286,1.5769429590328645
W028,Xinjiang,Alpha,29,2.0,1.0357247486698264,1.4785888731941799
W029,Inner Mongolia,Alpha,0,1.0,1.2189595588463205,1.21900054218867
W029,Inner Mongolia,Alpha,1,6.0,1.5711242348274632,1.571218769779225
W029,Inner Mongolia,Alpha,2,0.0,1.844592492471362,1.8447125899683217
W029,Inner Mongolia,Alpha,3,4.0,2.0754820042568194,2.0756097946031122
W029,Inner Mongolia,Alpha,4,4.0,2.2788491948450718,2.278971885581664
W029,Inner Mongolia,Alpha,5,1.0,2.4596470763079594,2.459755577262886
W029,Inner Mongolia,Alpha,6,3.0,2.618121642591308,2.6182104629938463
W029,Inner Mongolia,Alpha,7,1.0,2.7525610967649268,2.7526284874524403
W029,Inner Mongolia,Alpha,8,3.0,2.860748753937947,2.8607966554043984
W029,Inner Mongolia,Alpha,9,4.0,2.940750526156267,2.940784164503066
W029,Inner Mongolia,Alpha,10,7.0,2.9913342538425947,2.991361382930991
W029,Inner Mongolia,Alpha,11,1.0,3.0121647971877947,3.012194678878128
W029,Inner Mongolia,Alpha,12,7.0,3.0038501279590153,3.003892391987024
W029,Inner Mongolia,Alpha,13,4.0,2.967884180973375,2.96794771839594
W029,Inner Mongolia,Alpha,14,4.0,2.906519920676709,2.9066119465206617
W029,Inner Mongolia,Alpha,15,2.0,2.8226003365799146,2.822725717880263
W029,Inner Mongolia,Alpha,16,2.0,2.7193710465802288,2.719531942756838
W029,Inner Mongolia,Alpha,17,4.0,2.6002939883653164,2.600489802650643
W029,Inner Mongolia,Alpha,18,0.0,2.468876955314324,2.469104556849374
W029,Inner Mongolia,Alpha,19,2.0,2.3285287953424145,2.3287829460513927
W029,Inner Mongolia,Alpha,20,1.0,2.1824454366897448,2.182719345959376
W029,Inner Mongolia,Alpha,21,4.0,2.033527959620935,2.0338138912300816
W029,Inner Mongolia,Alpha,22,3.0,1.8843309446530923,1.884620810850946
W029,Inner Mongolia,Alpha,23,2.0,1.7370373546638473,1.737323247882125
W029,Inner Mongolia,Alpha,24,2.0,1.5934551608670269,1.5937297907772274
W029,Inner Mongolia,Alpha,25,1.0,1.45503062359161,1.4552876434425759
W029,Inner Mongolia,Alpha,26,2.0,1.3228733775322719,1.3231075972736326
W030,Qinghai,Alpha,0,1.0,0.9094915770400982,1.0218371068199588
W030,Qinghai,Alpha,1,0.0,0.8058977588520636,1.0583005498596885
W030,Qinghai,Alpha,2,5.0,0.7822725198234288,1.0875949438747718
W030,Qinghai,Alpha,3,0.0,0.8048826424516259,1.1128962941549068
W030,Qinghai,Alpha,4,0.0,0.8543289330026745,1.1360375400785288
W030,Qinghai,Alpha,5,2.0,0.9207069188214387,1.1580774996860745
W030,Qinghai,Alpha,6,0.0,0.9997930074793057,1.1796288087505598
W030,Qinghai,Alpha,7,1.0,1.0905431663503342,1.2010469472652663
W030,Qinghai,Alpha,8,2.0,1.1936134797760178,1.222539197368753
W030,Qinghai,Alpha,9,2.0,1.3105424874301832,1.2442274495079666
W030,Qinghai,Alpha,10,2.0,1.4433162102352257,1.2661844062315395
W030,Qinghai,Alpha,11,2.0,1.5941313396984487,1.2884544518889884
W030,Qinghai,Alpha,12,1.0,1.7652429258709976,1.311065683360834
W031,Beijing,Alpha,0,1.0,3.282054457455414,3.283127257504669
W031,Beijing,Alpha,1,6.0,7.675126597377483,7.678243781691937
W031,Beijing,Alpha,2,37.0,12.737443093770164,12.742777869561744
W031,Beijing,Alpha,3,42.0,18.447635723619847,18.454931537667747
W031,Beijing,Alpha,4,30.0,24.045598833154006,24.054098903342805
W031,Beijing,Alpha,5,37.0,28.594014942530237,28.60286452585581
W031,Beijing,Alpha,6,24.0,31.40351773627699,31.412125460837846
W031,Beijing,Alpha,7,27.0,32.247655807212745,32.25575677549765
W031,Beijing,Alpha,8,24.0,31.32765126889517,31.33515843468772
W031,Beijing,Alpha,9,25.0,29.092484551787688,29.099335255493507
W031,Beijing,Alpha,10,14.0,26.0513357621339,26.057435263819105
W031,Beijing,Alpha,11,14.0,22.651616771771703,22.656859555240267
W031,Beijing,Alpha,12,8.0,19.22857918023955,19.23289206165858
W031,Beijing,Alpha,13,13.0,16.002513045382774,16.00588345310066
W031,Beijing,Alpha,14,12.0,13.098249984888938,13.100730212386647
W031,Beijing,Alpha,15,21.0,10.570502368253841,10.572196060015695
W031,Beijing,Alpha,16,17.0,8.427028051057565,8.42806899220242
W031,Beijing,Alpha,17,8.0,6.6468884819069665,6.647419667118794
W031,Beijing,Alpha,18,8.0,5.193641690918333,5.193799046368805
W031,Beijing,Alpha,19,3.0,4.02428278424716,4.024184896089635
W031,Beijing,Alpha,20,3.0,3.0949456287286474,3.0946889647071485
W031,Beijing,Alpha,21,3.0,2.3642778470035286,2.3639361170824293
W031,Beijing,Alpha,22,1.0,1.79521623612795,1.7948423868575198
W031,Beijing,Alpha,23,2.0,1.3557081259085728,1.3553376789145908
W031,Beijing,Alpha,24,2.0,1.0187727414721572,1.0184275366181503
W031,Beijing,Alpha,25,1.0,0.7621785910949459,0.761870342382921
W031,Beijing,Alpha,26,0.0,0.56792408597052,0.5676574394416208
W031,Beijing,Alpha,27,1.0,0.4216434260634766,0.42141840694426574
W031,Beijing,Alpha,28,0.0,0.31201311568646867,0.3118269745906095
W031,Beijing,Alpha,29,1.0,0.2302019870782125,0.23005051967478482
W032,Xinjiang,Alpha,0,6.0,6.40653392033963,7.821532746758987
W032,Xinjiang,Alpha,1,11.0,7.585695988496744,10.950635652676313
W032,Xinjiang,Alpha,2,13.0,9.18469066391874,13.739924134321999
W032,Xinjiang,Alpha,3,17.0,11.151206069730444,16.509841030440498
W032,Xinjiang,Alpha,4,8.0,13.515190702047738,19.395490967713002
W032,Xinjiang,Alpha,5,9.0,16.336290612892387,22.427983752486924
W032,Xinjiang,Alpha,6,18.0,19.66910365483767,25.570973548641327
W032,Xinjiang,Alpha,7,13.0,23.532621773526262,28.737969084224957
W032,Xinjiang,Alpha,8,20.0,27.877171982459142,31.8035127720498
W032,Xinjiang,Alpha,9,22.0,32.550595213932056,34.61511702689553
W032,Xinjiang,Alpha,10,41.0,37.275028349542794,37.00905426934845
W032,Xinjiang,Alpha,11,57.0,41.65326501914735,38.830100123683046
W032,Xinjiang,Alpha,12,89.0,45.221577525249785,39.952784584060566
W032,Xinjiang,Alpha,13,96.0,47.54738733944613,40.30002354818885
W032,Xinjiang,Alpha,14,112.0,48.34103480206188,39.85478917818262
W032,Xinjiang,Alpha,15,31.0,47.53302835658495,38.66194408207625
W032,Xinjiang,Alpha,16,29.0,45.28142989182791,36.81998968445786
W032,Xinjiang,Alpha,17,28.0,41.91165401195072,34.46517285894326
W032,Xinjiang,Alpha,18,28.0,37.82322681333197,31.75207582465613
W032,Xinjiang,Alpha,19,22.0,33.40355228545169,28.8349794723928
W032,Xinjiang,Alpha,20,27.0,28.9722147705918,25.85317843172965
W032,Xinjiang,Alpha,21,26.0,24.758938573077295,22.921735400184684
W032,Xinjiang,Alpha,22,25.0,20.906200058138214,20.12760238480367
W032,Xinjiang,Alpha,23,15.0,17.484812871383546,17.53002440648872
W032,Xinjiang,Alpha,24,14.0,14.513379578149847,15.163749043091144
W032,Xinjiang,Alpha,25,13.0,11.976320445261717,13.043640705744238
W032,Xinjiang,Alpha,26,9.0,9.838254522611841,11.169620879127864
W032,Xinjiang,Alpha,27,8.0,8.054367041848888,9.531240116131812
W032,Xinjiang,Alpha,28,8.0,6.577282495215114,8.111523732343555
W032,Xinjiang,Alpha,29,7.0,5.361246593975772,6.889977113359458
W032,Xinjiang,Alpha,30,4.0,4.364399869307515,5.844787432614262
W033,Liaoning,Alpha,0,1.0,2.405912750860994,4.431619431742063
W033,Liaoning,Alpha,1,14.0,9.802654172727838,12.66393316487161
W033,Liaoning,Alpha,2,36.0,44.879663028556955,23.793378090964126
W033,Liaoning,Alpha,3,36.0,27.64427639821235,32.043160573621456
W033,Liaoning,Alpha,4,26.0,23.065923000006897,31.154581441245597
W033,Liaoning,Alpha,5,18.0,19.093673337597387,24.694691138822833
W033,Liaoning,Alpha,6,12.0,15.41812069233087,18.121996561355925
W033,Liaoning,Alpha,7,7.0,12.131804820902703,13.045869960517255
W033,Liaoning,Alpha,8,17.0,9.33503302406451,9.356037208863496
W033,Liaoning,Alpha,9,12.0,7.055241020830329,6.705094048042014
W033,Liaoning,Alpha,10,4.0,5.258529078682679,4.804613871013336
W033,Liaoning,Alpha,11,8.0,3.8781920141735475,3.4427012285665737
W033,Liaoning,Alpha,12,2.0,2.8376807108357633,2.4668174994195673
W033,Liaoning,Alpha,13,0.0,2.0642447592945445,1.7675585116315211
W033,Liaoning,Alpha,14,3.0,1.495206272632151,1.2665148170540979
W034,Xinjiang,Alpha,0,1.0,4.959095739463114,3.8110711354448332
W034,Xinjiang,Alpha,1,137.0,12.02405954465043,8.724960105837063
W034,Xinjiang,Alpha,2,26.0,16.77009106875261,13.347493174648422
W034,Xinjiang,Alpha,3,19.0,18.776646137715034,17.214073161734774
W034,Xinjiang,Alpha,4,0.0,19.57222356518609,19.64101079037488
W034,Xinjiang,Alpha,5,14.0,19.462289703278,20.36251727880458
W034,Xinjiang,Alpha,6,15.0,18.485352066210837,19.565000576797136
W034,Xinjiang,Alpha,7,61.0,16.844987325950814,17.694822499594377
W034,Xinjiang,Alpha,8,7.0,14.818182706405477,15.249804940829842
W034,Xinjiang,Alpha,9,13.0,12.700625944053938,12.646534794796622
W034,Xinjiang,Alpha,10,116.0,10.798817015821808,10.170593998484335
W034,Xinjiang,Alpha,11,2.0,9.172326743339111,7.981626374939084
W034,Xinjiang,Alpha,12,15.0,7.2051078915810916,6.142916238945778
W034,Xinjiang,Alpha,13,2.0,4.91975344373744,4.655181836935613
W034,Xinjiang,Alpha,14,2.0,3.5224699061382987,3.484776494587576
W035,Liaoning,Alpha,0,4.0,3.714499712696603,4.332157600898799
W035,Liaoning,Alpha,1,0.0,3.5585916077999644,4.831988021351286
W035,Liaoning,Alpha,2,2.0,3.77438304342888,5.159919226363038
W035,Liaoning,Alpha,3,1.0,4.155487846269979,5.376596197670775
W035,Liaoning,Alpha,4,1.0,4.600278691277989,5.514041951107008
W035,Liaoning,Alpha,5,1.0,5.059392165547262,5.589570328346873
W035,Liaoning,Alpha,6,8.0,5.504673976372069,5.613057037703629
W035,Liaoning,Alpha,7,9.0,5.913912852108943,5.590747856935419
W035,Liaoning,Alpha,8,8.0,6.264933309462853,5.5272424004829315
W035,Liaoning,Alpha,9,7.0,6.534929541275176,5.4265064992624
W035,Liaoning,Alpha,10,8.0,6.702633879947372,5.292362450027653
W035,Liaoning,Alpha,11,10.0,6.7516990263302725,5.128696953333864
W035,Liaoning,Alpha,12,9.0,6.67395471670385,4.939516877479719
W035,Liaoning,Alpha,13,10.0,6.471428292129977,4.7289248804269
W035,Liaoning,Alpha,14,6.0,6.15645453700962,4.501055671912793
W035,Liaoning,Alpha,15,6.0,5.749833110926624,4.259996535849869
W035,Liaoning,Alpha,16,6.0,5.277602882533852,4.009706027369436
W035,Liaoning,Alpha,17,6.0,4.767343612827754,3.7539390506279133
W035,Liaoning,Alpha,18,2.0,4.244885396427729,3.4961830031529706
W035,Liaoning,Alpha,19,5.0,3.7319959721231335,3.2396073911318695
W035,Liaoning,Alpha,20,3.0,3.245218433902155,2.987027778172905
W035,Liaoning,Alpha,21,2.0,2.795714995122,2.740883862175173
W035,Liaoning,Alpha,22,2.0,2.389809866596215,2.5032307361459676
W035,Liaoning,Alpha,23,2.0,2.029902313117327,2.275741895482151
W035,Liaoning,Alpha,24,4.0,1.7154840046396371,2.0597222531844177
W035,Liaoning,Alpha,25,1.0,1.4440869449512261,1.8561292772981053
W035,Liaoning,Alpha,26,0.0,1.2120730389189118,1.6656003404185247
W035,Liaoning,Alpha,27,1.0,1.015238152053125,1.4884844421033614
W036,Hebei,Alpha,0,1.0,2.688125426205058,2.3260481222620504
W036,Hebei,Alpha,1,4.0,5.902678876349877,5.012517430579009
W036,Hebei,Alpha,2,14.0,9.744639633099101,8.496565232176277
W036,Hebei,Alpha,3,20.0,14.840258966228408,13.532306279434131
W036,Hebei,Alpha,4,53.0,21.561617445486004,20.752853422162175
W036,Hebei,Alpha,5,33.0,30.106029386326412,30.61204749506723
W036,Hebei,Alpha,6,14.0,40.37415174994798,43.101418575194145
W036,Hebei,Alpha,7,46.0,51.76958668682829,57.35445831525742
W036,Hebei,Alpha,8,82.0,63.05698975706385,71.41720500405569
W036,Hebei,Alpha,9,40.0,72.47458496922894,82.58508449808136
W036,Hebei,Alpha,10,90.0,78.22616392298887,88.42133946729972
W036,Hebei,Alpha,11,81.0,79.19114119835925,87.89141947971774
W036,Hebei,Alpha,12,90.0,75.40667490394787,81.74619774354265
W036,Hebei,Alpha,13,90.0,67.97548473747815,71.92275929469261
W036,Hebei,Alpha,14,72.0,58.50871296484225,60.56377278460787
W036,Hebei,Alpha,15,54.0,48.522220545601115,49.33266582804704
W036,Hebei,Alpha,16,35.0,39.09508232757542,39.214432983943496
W036,Hebei,Alpha,17,19.0,30.8172374300681,30.62632948917209
W036,Hebei,Alpha,18,20.0,23.897508225315917,23.61979730069327
W036,Hebei,Alpha,19,21.0,18.307685382589106,18.05490842629085
W036,Hebei,Alpha,20,12.0,13.900157206243417,13.715892533196586
W036,Hebei,Alpha,21,19.0,10.484666816837555,10.375859860635975
W036,Hebei,Alpha,22,11.0,7.871057422931609,7.827767765152441
W036,Hebei,Alpha,23,5.0,5.889409793333588,5.895944849009851
W036,Hebei,Alpha,24,7.0,4.397039839807568,4.437597460874483
W036,Hebei,Alpha,25,3.0,3.278672005891235,3.3397845547946337
W036,Hebei,Alpha,26,1.0,2.443533992559845,2.5147927675723474
W036,Hebei,Alpha,27,1.0,1.8214122190471689,1.8953536261705057
W036,Hebei,Alpha,28,1.0,1.3586863317330307,1.430332669285325
W036,Hebei,Alpha,29,1.0,1.0147903838048982,1.0811026730208073
W036,Hebei,Alpha,30,0.0,0.7592479981934931,0.8186129737037093
W036,Hebei,Alpha,31,1.0,0.5692819671519557,0.6210814445973599
W036,Hebei,Alpha,32,2.0,0.4279351694791689,0.4722081279058218
W037,Heilongjiang,Alpha,0,1.0,4.302037474968444,2.8737193389817386
W037,Heilongjiang,Alpha,1,16.0,11.405832788583483,6.414303972213878
W037,Heilongjiang,Alpha,2,43.0,19.112900384026506,10.458842914733202
W037,Heilongjiang,Alpha,3,43.0,24.489755527453788,15.294585220565283
W037,Heilongjiang,Alpha,4,23.0,27.550124695918086,20.73980282181425
W037,Heilongjiang,Alpha,5,12.0,30.13594049655126,26.382070147464795
W037,Heilongjiang,Alpha,6,7.0,32.51005829272167,31.70960419393799
W037,Heilongjiang,Alpha,7,27.0,34.31903872258841,36.223896792778135
W037,Heilongjiang,Alpha,8,16.0,35.330620462648845,39.531856445496466
W037,Heilongjiang,Alpha,9,68.0,35.47243210647706,41.40313933787022
W037,Heilongjiang,Alpha,10,47.0,34.784802602465994,41.78655548955116
W037,Heilongjiang,Alpha,11,56.0,33.381625203726976,40.790654340395506
W037,Heilongjiang,Alpha,12,29.0,31.429044835774317,38.64099018367821
W037,Heilongjiang,Alpha,13,35.0,29.23233328647597,35.628484431402455
W037,Heilongjiang,Alpha,14,53.0,28.130754086570185,32.06091080736641
W037,Heilongjiang,Alpha,15,29.0,32.38712396799819,28.225032178872763
W037,Heilongjiang,Alpha,16,28.0,27.36689962411686,24.362299330714233
W037,Heilongjiang,Alpha,17,21.0,22.878343027596742,20.657487976684692
W037,Heilongjiang,Alpha,18,27.0,18.556117887112983,17.237600614325434
W037,Heilongjiang,Alpha,19,9.0,14.352756026729597,14.177639213291716
W037,Heilongjiang,Alpha,20,22.0,11.357114892778863,11.51005332097404
W037,Heilongjiang,Alpha,21,8.0,9.756640739198769,9.23534879391803
W037,Heilongjiang,Alpha,22,6.0,8.535379101458691,7.33216223761516
W037,Heilongjiang,Alpha,23,4.0,7.2590367866602445,5.765852420646876
W037,Heilongjiang,Alpha,24,5.0,6.053100323482388,4.49523398781768
W037,Heilongjiang,Alpha,25,3.0,4.999014305762315,3.4774616989675375
W038,Jilin,Alpha,0,10.0,17.450532227829683,14.655891704043798
W038,Jilin,Alpha,1,30.0,26.507168259749573,21.23042255798953
W038,Jilin,Alpha,2,43.0,30.015887149503953,25.155097168120623
W038,Jilin,Alpha,3,46.0,30.34233326013607,27.299866169607828
W038,Jilin,Alpha,4,33.0,29.072358315387543,28.031554678320294
W038,Jilin,Alpha,5,23.0,27.12663837081258,27.606131971068155
W038,Jilin,Alpha,6,9.0,24.89938346537354,26.275326466552617
W038,Jilin,Alpha,7,12.0,22.541009301356425,24.29580943139675
W038,Jilin,Alpha,8,67.0,20.132392946072713,21.911430447647465
W038,Jilin,Alpha,9,7.0,17.742038008003977,19.33491492222253
W038,Jilin,Alpha,10,14.0,15.432914915859065,16.737064042630923
W038,Jilin,Alpha,11,9.0,13.257832583717793,14.243912397454595
W038,Jilin,Alpha,12,13.0,11.255723751597783,11.939700160312764
W038,Jilin,Alpha,13,5.0,9.450772440033836,9.873153404612053
W038,Jilin,Alpha,14,63.0,7.853655639224156,8.065047233979
W038,Jilin,Alpha,15,10.0,6.463908152063073,6.51569233464628
W038,Jilin,Alpha,16,4.0,5.27266859880257,5.211570110711338
W038,Jilin,Alpha,17,8.0,4.265340552161112,4.130770812768148
W038,Jilin,Alpha,18,8.0,3.4239144394569445,3.247169370074699
W038,Jilin,Alpha,19,0.0,2.7288415221298714,2.533436745677006
W038,Jilin,Alpha,20,1.0,2.160444450214558,1.9630646396452176
W038,Jilin,Alpha,21,1.0,1.6999032473800872,1.5116069008057156
W039,Yunnan,Alpha,0,9.0,12.606373320145956,11.690131497693415
W039,Yunnan,Alpha,1,29.0,15.274013191864471,14.143567757754967
W039,Yunnan,Alpha,2,8.0,14.368622739086405,13.788510089965648
W039,Yunnan,Alpha,3,11.0,12.180908249967212,12.160313590576262
W039,Yunnan,Alpha,4,8.0,9.784378992941878,10.111797015649461
W039,Yunnan,Alpha,5,20.0,7.638119369896111,8.101217195550408
W039,Yunnan,Alpha,6,5.0,5.882228924153318,6.335012029213983
W039,Yunnan,Alpha,7,2.0,4.510659539322886,4.8750299325316035
W039,Yunnan,Alpha,8,9.0,3.4641587869321153,3.71139482553456
W039,Yunnan,Alpha,9,8.0,2.6738656780182946,2.8050384022798314
W039,Yunnan,Alpha,10,0.0,2.0784070251906375,2.1095830733784418
W039,Yunnan,Alpha,11,0.0,1.6285302950641323,1.5812656028985248
W039,Yunnan,Alpha,12,2.0,1.2866705688153732,1.1826252737091028
W039,Yunnan,Alpha,13,1.0,1.0249077676892395,0.8832135945991412
W039,Yunnan,Alpha,14,1.0,0.8227445834747491,0.6590295914940152
W039,Yunnan,Alpha,15,0.0,0.665199059394525,0.49151842565032694
W039,Yunnan,Alpha,16,1.0,0.5413146236618958,0.3665181716751738
W039,Yunnan,Alpha,17,1.0,0.44304843102012964,0.2733130207577658
W039,Yunnan,Alpha,18,0.0,0.36446144754669196,0.2038426585897441
W039,Yunnan,Alpha,19,0.0,0.3011354683050484,0.15206876550366846
W039,Yunnan,Alpha,20,1.0,0.249755729803228,0.11348016141529553
W039,Yunnan,Alpha,21,2.0,0.20781245057080402,0.08471261244099139
W040,Guangdong,Delta,0,1.0,1.2394238399883575,1.4493480360821815
W040,Guangdong,Delta,1,1.0,1.7630614922572134,2.233051977470949
W040,Guangdong,Delta,2,3.0,2.3669747929886307,2.965126719855714
W040,Guangdong,Delta,3,1.0,3.0804320418149853,3.7303390467270767
W040,Guangdong,Delta,4,4.0,3.926487609437608,4.558310102479484
W040,Guangdong,Delta,5,6.0,4.906379485905944,5.445768656816546
W040,Guangdong,Delta,6,5.0,5.987840658875541,6.365347173374916
W040,Guangdong,Delta,7,9.0,7.099103874512573,7.270349047363084
W040,Guangdong,Delta,8,13.0,8.135417818649165,8.100288611006148
W040,Guangdong,Delta,9,7.0,8.98159278112393,8.789288522424828
W040,Guangdong,Delta,10,12.0,9.543482676082514,9.277098669271462
W040,Guangdong,Delta,11,14.0,9.772842654739787,9.520484978949893
W040,Guangdong,Delta,12,16.0,9.673775507322508,9.501705306320565
W040,Guangdong,Delta,13,6.0,9.291715570503376,9.23136519857882
W040,Guangdong,Delta,14,8.0,8.694727213575575,8.74492895205689
W040,Guangdong,Delta,15,8.0,7.956271325867767,8.094459175337446
W040,Guangdong,Delta,16,5.0,7.143511534561671,7.338534620910309
W040,Guangdong,Delta,17,1.0,6.311296485176542,6.53323096797254
W040,Guangdong,Delta,18,6.0,5.5003852520338175,5.725934001774137
W040,Guangdong,Delta,19,2.0,4.738291852920778,4.9523974793046515
W040,Guangdong,Delta,20,9.0,4.041431492641935,4.236481734207277
W040,Guangdong,Delta,21,8.0,3.417665621352876,3.5916055797388298
W040,Guangdong,Delta,22,6.0,2.868717027441845,3.022984235330882
W040,Guangdong,Delta,23,4.0,2.3922056691394142,2.529980348123259
W040,Guangdong,Delta,24,2.0,1.9832348179335244,2.1081818889673385
W040,Guangdong,Delta,25,0.0,1.6355544522289465,1.7510473312681325
W040,Guangdong,Delta,26,4.0,1.3423708914968906,1.4511021933940618
W040,Guangdong,Delta,27,1.0,1.096881318271456,1.2007444283078303
W040,Guangdong,Delta,28,0.0,0.8926053235710673,0.9927423008441086
W040,Guangdong,Delta,29,0.0,0.7235728668782091,0.820508014537975
W040,Guangdong,Delta,30,1.0,0.584414404628473,0.6782179205113673
W040,Guangdong,Delta,31,2.0,0.4703868496567005,0.5608342407154913
W041,Yunnan,Delta,0,3.0,3.8579486954498536,3.6056869949801325
W041,Yunnan,Delta,1,5.0,4.970204433539343,4.428654330767806
W041,Yunnan,Delta,2,15.0,5.459848003811169,4.851522364553624
W041,Yunnan,Delta,3,0.0,5.535987495590703,5.009400905026706
W041,Yunnan,Delta,4,8.0,5.331690304418523,4.974846455083522
W041,Yunnan,Delta,5,10.0,4.9555703244726566,4.797326835908897
W041,Yunnan,Delta,6,12.0,4.49527751661441,4.517196110360561
W041,Yunnan,Delta,7,7.0,4.013343632838716,4.169463525532551
W041,Yunnan,Delta,8,1.0,3.548021798265086,3.784018791092174
W041,Yunnan,Delta,9,1.0,3.11873431888321,3.3851535937404362
W041,Yunnan,Delta,10,5.0,2.7326442385704763,2.9914045377086294
W041,Yunnan,Delta,11,0.0,2.3900593060262016,2.615908127871556
W041,Yunnan,Delta,12,2.0,2.0880386872934174,2.2671347621138285
W041,Yunnan,Delta,13,1.0,1.8224695641304658,1.9497985491103782
W041,Yunnan,Delta,14,5.0,1.589114811404893,1.6657754741521638
W041,Yunnan,Delta,15,9.0,1.3840624326901971,1.4149258177572839
W041,Yunnan,Delta,16,2.0,1.2038653711320069,1.1957731188563854
W041,Yunnan,Delta,17,1.0,1.0455398349206628,1.0060308721239082
W041,Yunnan,Delta,18,0.0,0.9065103968710885,0.8429902469051355
W041,Yunnan,Delta,19,0.0,0.7845436893379386,0.7037918508624391
W041,Yunnan,Delta,20,1.0,0.6776879170637585,0.5856065912243622
W041,Yunnan,Delta,21,0.0,0.5842234512616556,0.4857486180213202
W041,Yunnan,Delta,22,0.0,0.502624543704641,0.40173954701438896
W041,Yunnan,Delta,23,2.0,0.43153031304435513,0.33133903781901386
W042,Jiangsu,Delta,0,13.0,13.174590861237009,17.306456176609473
W042,Jiangsu,Delta,1,12.0,15.276444390640608,24.041058398064724
W042,Jiangsu,Delta,2,12.0,18.63568935498325,29.059555918163806
W042,Jiangsu,Delta,3,2.0,22.410650850157204,33.07868506413035
W042,Jiangsu,Delta,4,39.0,26.32161494290986,36.34667687520959
W042,Jiangsu,Delta,5,34.0,30.245704553908368,38.92256169768955
W042,Jiangsu,Delta,6,48.0,34.067142110145596,40.80018997672716
W042,Jiangsu,Delta,7,20.0,37.634993418442654,41.964427435304735
W042,Jiangsu,Delta,8,18.0,40.76477344222073,42.41592000917615
W042,Jiangsu,Delta,9,19.0,43.25963486082064,42.18022810021227
W042,Jiangsu,Delta,10,30.0,44.940260342574994,41.308674956041635
W042,Jiangsu,Delta,11,43.0,45.675498281351835,39.874700632359655
W042,Jiangsu,Delta,12,47.0,45.406195215369955,37.96794188426266
W042,Jiangsu,Delta,13,38.0,44.15623533355944,35.687480455949576
W042,Jiangsu,Delta,14,40.0,42.02833220948745,33.135238197315175
W042,Jiangsu,Delta,15,61.0,39.18651839539462,30.410162903443794
W042,Jiangsu,Delta,16,54.0,35.83069564481101,27.60358080737032
W042,Jiangsu,Delta,17,38.0,32.16977582872377,24.79587411648517
W042,Jiangsu,Delta,18,38.0,28.3988506845824,22.05447341093644
W042,Jiangsu,Delta,19,50.0,24.6834575613217,19.433035206734488
W042,Jiangsu,Delta,20,54.0,21.151556221680405,16.9716017376519
W042,Jiangsu,Delta,21,38.0,17.892090699372247,14.697506869868644
W042,Jiangsu,Delta,22,26.0,14.958197732243983,12.626790584842173
W042,Jiangsu,Delta,23,18.0,12.373057070185391,10.765905376975175
W042,Jiangsu,Delta,24,18.0,10.1367379811525,9.113532391002265
W042,Jiangsu,Delta,25,6.0,8.232900289240723,7.662365663890558
W042,Jiangsu,Delta,26,3.0,6.63468305241829,6.400763682208485
W042,Jiangsu,Delta,27,6.0,5.309482845411616,5.314204688246138
W042,Jiangsu,Delta,28,3.0,4.2225729348575465,4.386513488080433
W042,Jiangsu,Delta,29,3.0,3.339661504744129,3.600851993218122
W042,Jiangsu,Delta,30,1.0,2.6285581907436097,2.9404834050601427
W042,Jiangsu,Delta,31,1.0,2.060139058494979,2.3893315039006406
W042,Jiangsu,Delta,32,0.0,1.608791182022312,1.9323629500954187
W042,Jiangsu,Delta,33,0.0,1.2524937281703645,1.5558229821081169
W042,Jiangsu,Delta,34,1.0,0.9726625305571006,1.2473545065176264
W042,Jiangsu,Delta,35,0.0,0.7538553344529088,0.9960282915721412
W042,Jiangsu,Delta,36,1.0,0.5834083138925978,0.7923085964679695
W043,Hunan,Delta,0,2.0,2.489851010519158,3.030107574404701
W043,Hunan,Delta,1,6.0,3.891862940937927,4.753247281562573
W043,Hunan,Delta,2,4.0,5.476446776302996,6.220528467548265
W043,Hunan,Delta,3,7.0,7.0318599685311245,7.531645319478518
W043,Hunan,Delta,4,6.0,8.42160467860875,8.627113737240377
W043,Hunan,Delta,5,15.0,9.477525936150572,9.38739481903481
W043,Hunan,Delta,6,9.0,10.04217147407803,9.707699571306577
W043,Hunan,Delta,7,9.0,10.036669863046225,9.551435940606819
W043,Hunan,Delta,8,9.0,9.496565112542445,8.968379832081581
W043,Hunan,Delta,9,6.0,8.554055811798035,8.074813365614167
W043,Hunan,Delta,10,12.0,7.3844384235810585,7.012543085309207
W043,Hunan,Delta,11,6.0,6.151956827218913,5.910503829173608
W043,Hunan,Delta,12,5.0,4.978177508319049,4.863186545171671
W043,Hunan,Delta,13,7.0,3.934993683916625,3.9265260830483006
W043,Hunan,Delta,14,2.0,3.052756834760445,3.124459811466006
W043,Hunan,Delta,15,3.0,2.3334570141445257,2.459014397352031
W043,Hunan,Delta,16,1.0,1.76291070380408,1.9195691186857202
W043,Hunan,Delta,17,1.0,1.319721807903183,1.4896702092939873
W044,Henan,Delta,0,32.0,27.77015553507794,28.25515940564079
W044,Henan,Delta,1,29.0,21.064995329983507,22.17337092367287
W044,Henan,Delta,2,17.0,16.368152814977446,17.70661466906682
W044,Henan,Delta,3,11.0,13.047061415105665,14.367169581424838
W044,Henan,Delta,4,25.0,10.661855188823269,11.823928574983755
W044,Henan,Delta,5,9.0,8.911613851863125,9.850762678661601
W044,Henan,Delta,6,8.0,7.593170837741043,8.292102818706654
W044,Henan,Delta,7,5.0,6.570722026821022,7.039970106991203
W044,Henan,Delta,8,5.0,5.754096404501305,6.01862131733308
W044,Henan,Delta,9,2.0,5.083608142655098,5.174263664965956
W044,Henan,Delta,10,3.0,4.519709593104218,4.468147791412118
W044,Henan,Delta,11,3.0,4.036039586769701,3.8719150345766007
W044,Henan,Delta,12,4.0,3.6148161212508025,3.3644514129152805
W044,Henan,Delta,13,2.0,3.2438174021323682,2.929750584690754
W044,Henan,Delta,14,12.0,2.9144225880903245,2.555454001852667
W045,Hubei,Delta,0,1.0,1.3471691696239823,1.6537629633533977
W045,Hubei,Delta,1,2.0,2.2242171547646556,2.803570569465903
W045,Hubei,Delta,2,3.0,3.23366364548182,3.8980083168811253
W045,Hubei,Delta,3,9.0,4.3126352472194736,5.014895906820051
W045,Hubei,Delta,4,1.0,5.385498066193085,6.100674074781925
W045,Hubei,Delta,5,6.0,6.318669205958839,7.022795993115283
W045,Hubei,Delta,6,9.0,6.953657020166215,7.625772031187628
W045,Hubei,Delta,7,6.0,7.172186559819202,7.797887053031963
W045,Hubei,Delta,8,3.0,6.950213843559074,7.521537767536796
W045,Hubei,Delta,9,15.0,6.364077169969136,6.877631522131443
W045,Hubei,Delta,10,14.0,5.5495865151163954,6.005438107708426
W045,Hubei,Delta,11,10.0,4.647732181173922,5.0489138501772715
W045,Hubei,Delta,12,4.0,3.7680632694251357,4.119636417346422
W045,Hubei,Delta,13,4.0,2.9774997480359557,3.285180292962419
W045,Hubei,Delta,14,0.0,2.3059990270613926,2.575044132864599
W045,Hubei,Delta,15,0.0,1.7581725148360268,1.9929201033687614
W045,Hubei,Delta,16,3.0,1.3242446247011281,1.5281883376970857
W046,Yunnan,Delta,0,3.0,3.083412532233016,3.517520270444828
W046,Yunnan,Delta,1,1.0,3.822629831572529,4.13027818630703
W046,Yunnan,Delta,2,2.0,4.545781154601969,4.297552136895178
W046,Yunnan,Delta,3,9.0,4.833902871031299,4.172629992515634
W046,Yunnan,Delta,4,12.0,4.653003462851842,3.857366748991826
W046,Yunnan,Delta,5,13.0,4.1310767488550395,3.432499872106664
W046,Yunnan,Delta,6,0.0,3.447093432364452,2.9626302515184477
W046,Yunnan,Delta,7,7.0,2.7498459670902813,2.4953004421700435
W046,Yunnan,Delta,8,0.0,2.126358621038851,2.0612574583638104
W046,Yunnan,Delta,9,0.0,1.610158932558148,1.67697969398102
W046,Yunnan,Delta,10,2.0,1.202451024059316,1.3483930506692499
W046,Yunnan,Delta,11,3.0,0.8897601469001283,1.0745695197230616
W046,Yunnan,Delta,12,1.0,0.6543757913113883,0.8507293520050961
W046,Yunnan,Delta,13,1.0,0.4793101147846285,0.6703654135589283
W047,Fujian,Delta,0,3.0,6.817682894548491,10.115409111792655
W047,Fujian,Delta,1,21.0,15.918335516229412,21.999255681591816
W047,Fujian,Delta,2,22.0,27.793710228685427,32.38989407055187
W047,Fujian,Delta,3,60.0,41.06001936594812,40.61048764733724
W047,Fujian,Delta,4,51.0,51.196026379866765,45.45333004313386
W047,Fujian,Delta,5,48.0,54.56758075373273,46.53309379558829
W047,Fujian,Delta,6,61.0,51.742236682310484,44.348063392385924
W047,Fujian,Delta,7,31.0,45.40843554088376,39.89705319641687
W047,Fujian,Delta,8,43.0,37.81589025336797,34.2633726911957
W047,Fujian,Delta,9,29.0,30.322753906864687,28.34601586804934
W047,Fujian,Delta,10,44.0,23.635077331977445,22.757904088885606
W047,Fujian,Delta,11,15.0,18.032147867584072,17.838180018935873
W047,Fujian,Delta,12,20.0,13.536722674861977,13.71676290579735
W047,Fujian,Delta,13,16.0,10.039025994253311,10.388092355203344
W047,Fujian,Delta,14,3.0,7.377487124933841,7.772718077131771
W047,Fujian,Delta,15,5.0,5.384863371888713,5.760541182887692
W047,Fujian,Delta,16,2.0,3.91071074664301,4.237285725882621
W047,Fujian,Delta,17,2.0,2.8296164130103447,3.0984814891126384
W047,Fujian,Delta,18,5.0,2.0418364973550402,2.255303823529371
W047,Fujian,Delta,19,1.0,1.4704683339070523,1.6356791500272538
W048,Heilongjiang,Delta,0,3.0,4.0231964692914906,5.261677500092277
W048,Heilongjiang,Delta,1,8.0,6.741082865125749,8.18829777508011
W048,Heilongjiang,Delta,2,15.0,8.985472380062543,9.578354718399856
W048,Heilongjiang,Delta,3,8.0,10.216464469594586,9.927834681840112
W048,Heilongjiang,Delta,4,4.0,10.345901944767322,9.521122017715296
W048,Heilongjiang,Delta,5,11.0,9.557390917166165,8.617376227698498
W048,Heilongjiang,Delta,6,11.0,8.214836166135441,7.452117410169892
W048,Heilongjiang,Delta,7,8.0,6.687931281756344,6.213123516812551
W048,Heilongjiang,Delta,8,6.0,5.23524656516393,5.02931218814443
W048,Heilongjiang,Delta,9,10.0,3.9865637495012662,3.974769681480148
W048,Heilongjiang,Delta,10,2.0,2.978458439679226,3.0810196102526435
W048,Heilongjiang,Delta,11,1.0,2.196585269365945,2.351059317675279
W048,Heilongjiang,Delta,12,1.0,1.6058189190308305,1.7714543460049925
W049,Inner Mongolia,Delta,0,1.0,1.0248466892820813,1.6085832644327058
W049,Inner Mongolia,Delta,1,0.0,1.1890675934655595,2.610319546412437
W049,Inner Mongolia,Delta,2,0.0,1.4901802882768875,3.4642831776187064
W049,Inner Mongolia,Delta,3,1.0,1.9196560224341928,4.26713108155436
W049,Inner Mongolia,Delta,4,0.0,2.506638724594922,5.034427823428854
W049,Inner Mongolia,Delta,5,7.0,3.310865995786375,5.7499955345350875
W049,Inner Mongolia,Delta,6,3.0,4.419315356518194,6.386902742465796
W049,Inner Mongolia,Delta,7,3.0,5.938741686694437,6.917636831169454
W049,Inner Mongolia,Delta,8,15.0,7.968427514753007,7.319567716026368
W049,Inner Mongolia,Delta,9,9.0,10.529864047612175,7.577860729512721
W049,Inner Mongolia,Delta,10,10.0,13.44211138694689,7.686668053528258
W049,Inner Mongolia,Delta,11,13.0,16.203702787054088,7.649026906308184
W049,Inner Mongolia,Delta,12,36.0,18.059222166531764,7.475802545156073
W049,Inner Mongolia,Delta,13,12.0,18.378440996888475,7.184004190202541
W049,Inner Mongolia,Delta,14,7.0,17.09116538054726,6.794789253452026
W049,Inner Mongolia,Delta,15,19.0,14.708692872267653,6.3314332635516655
W049,Inner Mongolia,Delta,16,19.0,11.932062224842596,5.81748210152379
W049,Inner Mongolia,Delta,17,10.0,9.289429488949736,5.2752309236519395
W049,Inner Mongolia,Delta,18,6.0,7.039315743850457,4.724602645857389
W049,Inner Mongolia,Delta,19,2.0,5.243217953236355,4.182437475232699
W049,Inner Mongolia,Delta,20,6.0,3.86317964609281,3.6621590202522274
W049,Inner Mongolia,Delta,21,2.0,2.826800353941787,3.1737534798050118
W049,Inner Mongolia,Delta,22,2.0,2.0593075646757124,2.723984906831978
W049,Inner Mongolia,Delta,23,1.0,1.495886544387445,2.3167684495978764
W049,Inner Mongolia,Delta,24,0.0,1.0845847524675716,1.9536310139918065
W049,Inner Mongolia,Delta,25,1.0,0.7854290003902904,1.6342013099333303
W049,Inner Mongolia,Delta,26,0.0,0.5683708134575723,1.3566856944281902
W049,Inner Mongolia,Delta,27,1.0,0.41113675747459766,1.1183003654010317
W049,Inner Mongolia,Delta,28,0.0,0.2973617354318352,0.9156428757681864
W049,Inner Mongolia,Delta,29,2.0,0.21509079321905353,0.7449959124067405
W049,Inner Mongolia,Delta,30,1.0,0.1556244227976638,0.6025636399428251
W050,Gansu,Delta,0,1.0,2.0890764107655526,1.845136777800543
W050,Gansu,Delta,1,4.0,3.874692714284248,3.2410170712164756
W050,Gansu,Delta,2,5.0,5.342424230450586,4.4561740690161376
W050,Gansu,Delta,3,9.0,6.513530064173636,5.604513191505652
W050,Gansu,Delta,4,17.0,7.357412526983108,6.674075918870613
W050,Gansu,Delta,5,6.0,7.92973110931867,7.612986458520312
W050,Gansu,Delta,6,4.0,8.307559665008188,8.365189722247974
W050,Gansu,Delta,7,6.0,8.526863642869097,8.8874306873122
W050,Gansu,Delta,8,4.0,8.590605287508463,9.156937423389792
W050,Gansu,Delta,9,8.0,8.497158342326593,9.173164620612528
W050,Gansu,Delta,10,12.0,8.25428548028775,8.955470081632116
W050,Gansu,Delta,11,11.0,7.8801649401654625,8.538302647830093
W050,Gansu,Delta,12,9.0,7.399945108718667,7.965329221216105
W050,Gansu,Delta,13,10.0,6.841954152224089,7.283665094519055
W050,Gansu,Delta,14,8.0,6.2346453872984755,6.539007460075334
W050,Gansu,Delta,15,14.0,5.604401748293431,5.772088755275376
W050,Gansu,Delta,16,2.0,4.9741226520806805,5.016538384017371
W050,Gansu,Delta,17,5.0,4.362475180326309,4.298008902795873
W050,Gansu,Delta,18,2.0,3.783675908617938,3.634293284044277
W050,Gansu,Delta,19,2.0,3.2476657498813104,3.0361179523043473
W050,Gansu,Delta,20,2.0,2.7605477586248726,2.5083160220578167
W050,Gansu,Delta,21,4.0,2.3251746584551336,2.0511397396941478
W051,Heilongjiang,Delta,0,1.0,3.6965770962672906,3.695881844742946
W051,Heilongjiang,Delta,1,9.0,9.202177995744307,9.200411934273003
W051,Heilongjiang,Delta,2,26.0,15.921061786937106,15.919001786442296
W051,Heilongjiang,Delta,3,19.0,23.148026614670034,23.147395768026993
W051,Heilongjiang,Delta,4,27.0,28.830009532304995,28.83234872213234
W051,Heilongjiang,Delta,5,27.0,31.265724028465943,31.270869864224448
W051,Heilongjiang,Delta,6,35.0,30.29051894253353,30.296832559310218
W051,Heilongjiang,Delta,7,45.0,26.983885327792436,26.989687946354024
W051,Heilongjiang,Delta,8,28.0,22.674036452040006,22.678459779714522
W051,Heilongjiang,Delta,9,16.0,18.319732557111188,18.322656582301015
W051,Heilongjiang,Delta,10,6.0,14.421185302084579,14.422866566745116
W051,Heilongjiang,Delta,11,6.0,11.156405163277714,11.157190372704974
W051,Heilongjiang,Delta,12,8.0,8.52907943859682,8.529289129657812
W051,Heilongjiang,Delta,13,4.0,6.466736702222528,6.466647663926963
W051,Heilongjiang,Delta,14,7.0,4.87396210213252,4.873730659172331
W051,Heilongjiang,Delta,15,7.0,3.657267617288055,3.6569596802738737
W051,Heilongjiang,Delta,16,2.0,2.7349118690109293,2.7345912255177516
W051,Heilongjiang,Delta,17,2.0,2.0395436169810326,2.039250548466956
W051,Heilongjiang,Delta,18,2.0,1.5174824223981604,1.5172321690475694
W051,Heilongjiang,Delta,19,2.0,1.126809485523748,1.126604956200837
W052,Hebei,Delta,0,8.0,8.810734209271377,10.546652579899803
W052,Hebei,Delta,1,8.0,11.69244357270103,13.62755982918653
W052,Hebei,Delta,2,14.0,13.965931372116602,14.707622849459856
W052,Hebei,Delta,3,23.0,14.87126138650309,14.544139905598795
W052,Hebei,Delta,4,10.0,14.528414670982707,13.585173051268516
W052,Hebei,Delta,5,14.0,13.273462739123188,12.15769777464681
W052,Hebei,Delta,6,16.0,11.496745222763233,10.513058532455698
W052,Hebei,Delta,7,8.0,9.544374329846198,8.836308431134807
W052,Hebei,Delta,8,12.0,7.664028349327399,7.251838573837632
W052,Hebei,Delta,9,5.0,5.997378101188015,5.8324363043726875
W052,Hebei,Delta,10,3.0,4.601393531689438,4.610972700372555
W052,Hebei,Delta,11,2.0,3.4779583552622246,3.5923747948256093
W052,Hebei,Delta,12,4.0,2.599537427427593,2.7641013881704497
W052,Hebei,Delta,13,3.0,1.9269407822964633,2.104294184795108
W052,Hebei,Delta,14,1.0,1.4197660236649918,1.5875183834722768
W053,Henan,Delta,0,3.0,3.9368920235421743,4.748242760713645
W053,Henan,Delta,1,9.0,6.4551845120253235,7.306155413474346
W053,Henan,Delta,2,10.0,8.491708439681943,8.858337171472085
W053,Henan,Delta,3,7.0,9.559648917365209,9.529533564661413
W053,Henan,Delta,4,4.0,9.616771257762107,9.366221171663625
W053,Henan,Delta,5,12.0,8.853138868508713,8.542361712115293
W053,Henan,Delta,6,8.0,7.601779034694919,7.334019427848306
W053,Henan,Delta,7,7.0,6.19197486534178,6.0106893481253785
W053,Henan,Delta,8,14.0,4.853219269012715,4.76077614937079
W053,Henan,Delta,9,8.0,3.7014441658306994,3.680299931741612
W053,Henan,Delta,10,2.0,2.7698550381272837,2.797234638512277
W053,Henan,Delta,11,0.0,2.0458402953374857,2.1012970736324514
W053,Henan,Delta,12,1.0,1.4977158764669405,1.565830039864103
W054,Liaoning,Delta,0,8.0,9.79073115675064,12.137816881491103
W054,Liaoning,Delta,1,5.0,14.636869275429653,18.01031069514625
W054,Liaoning,Delta,2,17.0,19.314807148492598,21.564988430815255
W054,Liaoning,Delta,3,32.0,22.91975382879535,23.539906798764072
W054,Liaoning,Delta,4,32.0,25.125133325371735,24.22766562179525
W054,Liaoning,Delta,5,32.0,25.790823274613878,23.837684862259223
W054,Liaoning,Delta,6,21.0,25.000266869492474,22.59303975771736
W054,Liaoning,Delta,7,52.0,23.05445657436412,20.735373518757797
W054,Liaoning,Delta,8,14.0,20.376487902730553,18.502887867957025
W054,Liaoning,Delta,9,60.0,17.389499954347087,16.10727129664012
W054,Liaoning,Delta,10,15.0,14.42971516868578,13.718750391974575
W054,Liaoning,Delta,11,4.0,11.714790758100342,11.460680804409495
W054,Liaoning,Delta,12,6.0,9.354114392873141,9.411720719718208
W054,Liaoning,Delta,13,4.0,7.377943340517779,7.612652119635705
W054,Liaoning,Delta,14,7.0,5.768089027926711,6.0751659410914876
W054,Liaoning,Delta,15,2.0,4.482044843669256,4.790667389083202
W054,Liaoning,Delta,16,3.0,3.468939336407744,3.7379558355992955
W054,Liaoning,Delta,17,5.0,2.678690700795448,2.889283604043615
W054,Liaoning,Delta,18,4.0,2.0664715362309196,2.2147386212228706
W054,Liaoning,Delta,19,2.0,1.5943207033696838,1.6851448228370076
W054,Liaoning,Delta,20,0.0,1.2312033085472471,1.2737796945611333
W054,Liaoning,Delta,21,1.0,0.9523353983408676,0.9572221119734606
W054,Liaoning,Delta,22,3.0,0.7382409412850147,0.715607999479758
W054,Liaoning,Delta,23,1.0,0.5737856515454628,0.5325156965162213
W055,Inner Mongolia,Delta,0,3.0,6.330983527494008,7.663064133099153
W055,Inner Mongolia,Delta,1,19.0,15.369984547351763,16.83196230980899
W055,Inner Mongolia,Delta,2,19.0,28.198484826450184,27.70802635532242
W055,Inner Mongolia,Delta,3,93.0,43.433559708697416,40.52992887991113
W055,Inner Mongolia,Delta,4,54.0,55.910185344920784,53.09763517595533
W055,Inner Mongolia,Delta,5,56.0,61.19510601761972,61.797953633048884
W055,Inner Mongolia,Delta,6,58.0,59.46073919295364,63.93445020127953
W055,Inner Mongolia,Delta,7,34.0,53.323581385445,59.609405094787974
W055,Inner Mongolia,Delta,8,26.0,45.28851010381443,51.212675668563826
W055,Inner Mongolia,Delta,9,54.0,37.02861039769401,41.50326383549359
W055,Inner Mongolia,Delta,10,33.0,29.45214585198728,32.34882838983378
W055,Inner Mongolia,Delta,11,42.0,22.946088898724593,24.589616653141597
W055,Inner Mongolia,Delta,12,24.0,17.592995806819946,18.396864934657685
W055,Inner Mongolia,Delta,13,15.0,13.318400913238326,13.625457421264418
W055,Inner Mongolia,Delta,14,10.0,9.97972742005831,10.026438298099986
W055,Inner Mongolia,Delta,15,5.0,7.416004341200071,7.3472331278794645
W055,Inner Mongolia,Delta,16,5.0,5.473525788380628,5.369383510340758
W055,Inner Mongolia,Delta,17,3.0,4.017413741697954,3.917210454502212
W055,Inner Mongolia,Delta,18,2.0,2.9352674821363354,2.8548158079723445
W055,Inner Mongolia,Delta,19,4.0,2.136645400918844,2.0794198118207943
W055,Inner Mongolia,Delta,20,1.0,1.550597931001527,1.5143640378947583
W056,Zhejiang,Delta,0,1.0,2.68793461272864,4.692612385491539
W056,Zhejiang,Delta,1,8.0,6.34480076803472,11.818349958702438
W056,Zhejiang,Delta,2,12.0,11.589358525292077,19.661834568314454
W056,Zhejiang,Delta,3,6.0,19.44074052667749,27.239199863536165
W056,Zhejiang,Delta,4,35.0,29.80786832675112,32.95618316374279
W056,Zhejiang,Delta,5,38.0,40.44187905422399,35.81043334212754
W056,Zhejiang,Delta,6,75.0,47.198308209821086,35.70247310459934
W056,Zhejiang,Delta,7,45.0,47.16475125013287,33.22244062001174
W056,Zhejiang,Delta,8,46.0,41.35163965702583,29.255094716049015
W056,Zhejiang,Delta,9,56.0,33.10926049470352,24.651678682460762
W056,Zhejiang,Delta,10,44.0,25.127728141512687,20.05716027633147
W056,Zhejiang,Delta,11,77.0,18.53932605912572,15.871338384965716
W056,Zhejiang,Delta,12,31.0,13.487547219746038,12.285835634313793
W056,Zhejiang,Delta,13,12.0,9.744816060956683,9.346895369642928
W056,Zhejiang,Delta,14,11.0,7.016353495197373,7.014863663509255
W056,Zhejiang,Delta,15,0.0,5.042736718487957,5.208927496477509
W056,Zhejiang,Delta,16,1.0,3.620709538855407,3.835979447788987
W056,Zhejiang,Delta,17,1.0,2.5982239933061004,2.8067911932738125
W056,Zhejiang,Delta,18,0.0,1.8638624590428357,2.0435462132838853
W056,Zhejiang,Delta,19,0.0,1.336785775034806,1.4821638697715596
W056,Zhejiang,Delta,20,1.0,0.9586373588223153,1.0718466097827455
W056,Zhejiang,Delta,21,1.0,0.6874056289634363,0.773382229075977
W057,Shaanxi,Delta,0,1.0,1.4739073598994246,1.584778027252787
W057,Shaanxi,Delta,1,0.0,2.3558169513823364,2.673245220168993
W057,Shaanxi,Delta,2,1.0,3.2840350929920747,3.8423065820367204
W057,Shaanxi,Delta,3,0.0,4.400717300958364,5.286134784926033
W057,Shaanxi,Delta,4,1.0,5.823513492348585,7.166822092751968
W057,Shaanxi,Delta,5,3.0,7.673267560350813,9.654519144417149
W057,Shaanxi,Delta,6,6.0,10.089444191710536,12.94806625014673
W057,Shaanxi,Delta,7,6.0,13.23868088483632,17.285171668100258
W057,Shaanxi,Delta,8,9.0,17.317482840239894,22.94344251504784
W057,Shaanxi,Delta,9,13.0,22.546884923471918,30.22869246553618
W057,Shaanxi,Delta,10,25.0,29.15417771576975,39.4432442936298
W057,Shaanxi,Delta,11,43.0,37.334755397775425,50.82477631987994
W057,Shaanxi,Delta,12,53.0,47.18735902910065,64.448090618559
W057,Shaanxi,Delta,13,86.0,58.621636558362816,80.09248485878382
W057,Shaanxi,Delta,14,52.0,71.25179764953893,97.10054697289323
W057,Shaanxi,Delta,15,78.0,84.3144427589495,114.28795406731008
W057,Shaanxi,Delta,16,157.0,96.67169998785253,129.9899581255691
W057,Shaanxi,Delta,17,152.0,106.95740108560233,142.31309892571477
W057,Shaanxi,Delta,18,180.0,113.86949856201633,149.57307030238223
W057,Shaanxi,Delta,19,151.0,116.51844991317171,150.77094921484058
W057,Shaanxi,Delta,20,155.0,114.67628905792536,145.8885833636212
W057,Shaanxi,Delta,21,165.0,108.80566541137736,135.85583172070386
W057,Shaanxi,Delta,22,174.0,99.87027113885043,122.22195170209613
W057,Shaanxi,Delta,23,123.0,89.03989054744459,106.70991311495972
W057,Shaanxi,Delta,24,92.0,77.42423432877578,90.84480082082335
W057,Shaanxi,Delta,25,95.0,65.91138431105281,75.75353429374056
W057,Shaanxi,Delta,26,35.0,55.11499065933007,62.12827124459374
W057,Shaanxi,Delta,27,63.0,45.39491863514303,50.29196224524177
W057,Shaanxi,Delta,28,57.0,36.911382950825995,40.30234440589017
W057,Shaanxi,Delta,29,46.0,29.68483760873698,32.05268506356381
W057,Shaanxi,Delta,30,30.0,23.64780387006752,25.350807638310428
W057,Shaanxi,Delta,31,15.0,18.684299193101914,19.973136369552492
W057,Shaanxi,Delta,32,13.0,14.657340707040962,15.697610400860526
W057,Shaanxi,Delta,33,8.0,11.426774618247734,12.321272520875066
W057,Shaanxi,Delta,34,6.0,8.859941860567174,9.667846065173428
W057,Shaanxi,Delta,35,8.0,6.837352465245529,7.589334519998859
W057,Shaanxi,Delta,36,4.0,5.255055083675018,5.964395299392996
W057,Shaanxi,Delta,37,1.0,4.0249335960842085,4.695223504665022
W057,Shaanxi,Delta,38,5.0,3.0737935993489915,3.7039665687975893
W057,Shaanxi,Delta,39,1.0,2.3418212287707942,2.929223938468749
W057,Shaanxi,Delta,40,0.0,1.7807922441700659,2.3228985097865675
W057,Shaanxi,Delta,41,0.0,1.3522645548889056,1.8474990638086446
W057,Shaanxi,Delta,42,3.0,1.0258877975416236,1.4739015349870142
W058,Henan,Delta,0,4.0,6.186807163201795,9.283359188250982
W058,Henan,Delta,1,5.0,10.738192916036267,18.34127863452764
W058,Henan,Delta,2,3.0,16.043260304970445,26.932380616974715
W058,Henan,Delta,3,24.0,22.672698472670753,35.543694454738215
W058,Henan,Delta,4,22.0,30.966707010231286,43.71700869946751
W058,Henan,Delta,5,73.0,40.88770942560437,50.75755632212589
W058,Henan,Delta,6,56.0,51.832577613744014,56.043876012176966
W058,Henan,Delta,7,44.0,62.52292334986089,59.18085790326527
W058,Henan,Delta,8,56.0,71.18330908550634,60.05295056446891
W058,Henan,Delta,9,60.0,76.10556576969324,58.80431134875502
W058,Henan,Delta,10,87.0,76.36115728269692,55.77314567977188
W058,Henan,Delta,11,118.0,72.18070770851294,51.40768914902399
W058,Henan,Delta,12,76.0,64.7396061855464,46.1860548939256
W058,Henan,Delta,13,98.0,55.57357440452566,40.553681769612126
W058,Henan,Delta,14,52.0,46.04737295342336,34.88362408335933
W058,Henan,Delta,15,29.0,37.10169729977512,29.458547133707174
W058,Henan,Delta,16,68.0,29.24420866088485,24.46970261110026
W058,Henan,Delta,17,102.0,22.655632279016757,20.026996403927118
W058,Henan,Delta,18,33.0,17.31287149286724,16.174723449113213
W058,Henan,Delta,19,24.0,13.08666441908303,12.908809679602589
W058,Henan,Delta,20,3.0,9.806221000996441,10.192852801239534
W058,Henan,Delta,21,4.0,7.296882314403932,7.971528260969084
W058,Henan,Delta,22,1.0,5.3993268293107715,6.180872651557182
W058,Henan,Delta,23,1.0,3.9774153856351813,4.75556096455185
W058,Henan,Delta,24,3.0,2.9196316417545463,3.6336147039941498
W058,Henan,Delta,25,1.0,2.1372768979267547,2.7590960918160556
W058,Henan,Delta,26,1.0,1.561300106618375,2.0833360162706223
W059,Tianjin,Omicron,0,3.0,7.260624457677464,5.639270456106173
W059,Tianjin,Omicron,1,23.0,15.190970696153721,9.995743156977676
W059,Tianjin,Omicron,2,21.0,23.267974693679122,13.750339264744298
W059,Tianjin,Omicron,3,36.0,30.429187441738794,17.161773974441044
W059,Tianjin,Omicron,4,46.0,34.317713915206205,20.07966569134029
W059,Tianjin,Omicron,5,35.0,33.854059978751565,22.26695819442356
W059,Tianjin,Omicron,6,39.0,30.26338222231209,23.55156954949301
W059,Tianjin,Omicron,7,33.0,25.597943195440997,23.88792380257602
W059,Tianjin,Omicron,8,80.0,21.214721033955943,23.35595169248145
W059,Tianjin,Omicron,9,18.0,17.588324628602763,22.12307222979386
W059,Tianjin,Omicron,10,14.0,14.722514105890834,20.3951368436294
W059,Tianjin,Omicron,11,14.0,12.474195135639993,18.37492735262497
W059,Tianjin,Omicron,12,8.0,10.69205802146497,16.23606068818329
W059,Tianjin,Omicron,13,6.0,9.25505500904497,14.111861779108942
W059,Tianjin,Omicron,14,5.0,8.07472734410524,12.094894592407044
W059,Tianjin,Omicron,15,1.0,7.088379183075843,10.242366423869802
W059,Tianjin,Omicron,16,1.0,6.251781633694264,8.583749795096733
W059,Tianjin,Omicron,17,0.0,5.53346325592199,7.128402808977505
W059,Tianjin,Omicron,18,1.0,4.910661652963754,5.87211817783562
W059,Tianjin,Omicron,19,4.0,4.366563569413401,4.802263697805111
W059,Tianjin,Omicron,20,5.0,3.888452844679359,3.9015656839139945
W059,Tianjin,Omicron,21,4.0,3.4664731662562263,3.1507504877739807
W059,Tianjin,Omicron,22,11.0,3.092799968170185,2.5302974137428667
W059,Tianjin,Omicron,23,7.0,2.7610826859336077,2.021535433214219
W059,Tianjin,Omicron,24,12.0,2.4660653762711835,1.6072740450848635
W059,Tianjin,Omicron,25,9.0,2.203325230869749,1.2721144177223271
W059,Tianjin,Omicron,26,4.0,1.969089363604493,1.0025484720260573
W059,Tianjin,Omicron,27,2.0,1.760103921525844,0.7869229922514754
W059,Tianjin,Omicron,28,2.0,1.573538497070879,0.6153227701778642
W059,Tianjin,Omicron,29,1.0,1.4069146400827581,0.4794098847096017
W059,Tianjin,Omicron,30,1.0,1.2580510646005563,0.37224406401509136
W060,Beijing,Omicron,0,1.0,1.0998149041956242,1.531605908949855
W060,Beijing,Omicron,1,0.0,1.5247224833673612,2.4735179349485605
W060,Beijing,Omicron,2,1.0,2.180840547991818,3.3834177428325924
W060,Beijing,Omicron,3,2.0,3.0459951358313107,4.359420359326643
W060,Beijing,Omicron,4,3.0,4.161642995229811,5.420041956074701
W060,Beijing,Omicron,5,5.0,5.564818523124632,6.527734600329466
W060,Beijing,Omicron,6,16.0,7.229123044367816,7.599548664550741
W060,Beijing,Omicron,7,13.0,9.004059654187657,8.52146405016737
W060,Beijing,Omicron,8,8.0,10.588385747571891,9.173670202276309
W060,Beijing,Omicron,9,6.0,11.603238033067633,9.463686819994797
W060,Beijing,Omicron,10,19.0,11.772552077036941,9.354964476579754
W060,Beijing,Omicron,11,5.0,11.083289316597947,8.877257604157412
W060,Beijing,Omicron,12,9.0,9.775982332742565,8.114139382846119
W060,Beijing,Omicron,13,5.0,8.187726538964418,7.175569166876188
W060,Beijing,Omicron,14,20.0,6.599432977239283,6.169379811949921
W060,Beijing,Omicron,15,3.0,5.176893737757882,5.182055065746975
W060,Beijing,Omicron,16,3.0,3.9857932312544317,4.271496391944214
W060,Beijing,Omicron,17,2.0,3.0299031471263156,3.468815845312551
W060,Beijing,Omicron,18,2.0,2.283402716344203,2.784547656634156
W060,Beijing,Omicron,19,1.0,1.7107227650402477,2.2156759030568383
W060,Beijing,Omicron,20,1.0,1.2765620916835754,1.751575507918042
W060,Beijing,Omicron,21,1.0,0.9500297040857233,1.3782788851694645
W060,Beijing,Omicron,22,3.0,0.705769605649578,1.0811854086846042
W061,Xinjiang,Omicron,0,2.0,5.263777949939346,5.561289587597065
W061,Xinjiang,Omicron,1,22.0,7.705240797537637,8.623728270418514
W061,Xinjiang,Omicron,2,8.0,7.311791122391424,7.941345659683272
W061,Xinjiang,Omicron,3,7.0,6.0036783857988185,6.09429372870263
W061,Xinjiang,Omicron,4,1.0,4.60284719227261,4.430946910311116
W061,Xinjiang,Omicron,5,5.0,3.4093121355701146,3.183681748316446
W061,Xinjiang,Omicron,6,3.0,2.482092909537641,2.2824097140691144
W062,Heilongjiang,Omicron,0,13.0,14.120245951071544,13.342049801300128
W062,Heilongjiang,Omicron,1,16.0,13.92925566151143,14.940961142203982
W062,Heilongjiang,Omicron,2,18.0,15.219736823254577,12.132807504580978
W062,Heilongjiang,Omicron,3,2.0,3.181312786247701,9.178619447256272
W062,Heilongjiang,Omicron,4,20.0,4.248135248088502,6.772505139400802
W062,Heilongjiang,Omicron,5,4.0,3.405285384386625,4.94041316638229
W063,Zhejiang,Omicron,0,6.0,7.649159745125765,8.044279757358797
W063,Zhejiang,Omicron,1,16.0,9.649779814371838,10.035819163917713
W063,Zhejiang,Omicron,2,18.0,10.036176944198791,10.103007629088015
W063,Zhejiang,Omicron,3,0.0,9.318268830396551,9.1875321949127
W063,Zhejiang,Omicron,4,24.0,8.008573729857588,7.839349926456236
W063,Zhejiang,Omicron,5,13.0,6.520186253398992,6.396930081180998
W063,Zhejiang,Omicron,6,15.0,5.112185832271385,5.051667993594806
W063,Zhejiang,Omicron,7,1.0,3.905749488844246,3.892780587165682
W063,Zhejiang,Omicron,8,2.0,2.931682125480105,2.9449506401865797
W064,Guangxi,Omicron,0,6.0,6.912155189463366,19.51284685271996
W064,Guangxi,Omicron,1,42.0,60.9369490809913,32.43768480485453
W064,Guangxi,Omicron,2,66.0,45.133334726134294,33.44835789983624
W064,Guangxi,Omicron,3,72.0,32.76085376340117,28.890983750483954
W064,Guangxi,Omicron,4,7.0,23.672597645668937,22.787183416105727
W064,Guangxi,Omicron,5,33.0,17.044395271562497,17.13337980243144
W064,Guangxi,Omicron,6,30.0,12.244686457474296,12.56871973931927
W064,Guangxi,Omicron,7,13.0,8.785526350491393,9.107275187644886
W064,Guangxi,Omicron,8,6.0,6.299376324793465,6.559774972839154
W064,Guangxi,Omicron,9,1.0,4.5152151742579925,4.711518945892728
W064,Guangxi,Omicron,10,2.0,3.235824267312547,3.3795904363083302
W064,Guangxi,Omicron,11,1.0,2.318755090613352,2.422748273494885
W065,Liaoning,Omicron,0,1.0,2.1491827136325257,2.307320845043757
W065,Liaoning,Omicron,1,0.0,4.3531531706945215,4.558799021532136
W065,Liaoning,Omicron,2,23.0,6.802775062033887,6.699495251017467
W065,Liaoning,Omicron,3,12.0,9.531812522337594,8.825841305888172
W065,Liaoning,Omicron,4,11.0,12.112365964074723,10.790611344895405
W065,Liaoning,Omicron,5,18.0,13.959104170093363,12.395256451551473
W065,Liaoning,Omicron,6,29.0,14.77018831844405,13.483441987608643
W065,Liaoning,Omicron,7,15.0,14.680576862536583,13.983511243223397
W065,Liaoning,Omicron,8,7.0,14.017092120251743,13.912199088707442
W065,Liaoning,Omicron,9,9.0,13.043434462401269,13.353246070232943
W065,Liaoning,Omicron,10,8.0,11.908309739221806,12.426662609114485
W065,Liaoning,Omicron,11,9.0,10.693909274529325,11.260708458813825
W065,Liaoning,Omicron,12,7.0,9.456658672951129,9.97237981512434
W065,Liaoning,Omicron,13,6.0,8.241867406763838,8.657066775309971
W065,Liaoning,Omicron,14,9.0,7.085748833990392,7.385387315488031
W065,Liaoning,Omicron,15,8.0,6.014795518161895,6.204555389267915
W065,Liaoning,Omicron,16,18.0,5.045820980955951,5.1420379813605015
W065,Liaoning,Omicron,17,10.0,4.1870003609182085,4.209961675468931
W065,Liaoning,Omicron,18,6.0,3.439495384013522,3.409370770392272
W065,Liaoning,Omicron,19,1.0,2.7992455969572347,2.7338998183009524
W065,Liaoning,Omicron,20,0.0,2.2586532864993445,2.1727107682643045
W065,Liaoning,Omicron,21,2.0,1.8080207011709009,1.7127043234007608
W066,Jiangsu,Omicron,0,1.0,1.1940052232325904,1.1387115217645063
W066,Jiangsu,Omicron,1,0.0,1.5170468288730565,1.3758732163518217
W066,Jiangsu,Omicron,2,0.0,1.7853411140753843,1.5801822612620424
W066,Jiangsu,Omicron,3,12.0,2.032725085836056,1.7748015281219645
W066,Jiangsu,Omicron,4,22.0,2.276555784727101,1.9728115159300301
W066,Jiangsu,Omicron,5,23.0,2.525930234189485,2.1819953654479605
W066,Jiangsu,Omicron,6,16.0,2.785810106526788,2.407389867000101
W066,Jiangsu,Omicron,7,28.0,3.059106329081855,2.652648072722561
W066,Jiangsu,Omicron,8,16.0,3.3477416456899833,2.920769654238701
W066,Jiangsu,Omicron,9,17.0,3.6531977958801773,3.2144948079793516
W066,Jiangsu,Omicron,10,14.0,3.9768009586255637,3.536518997775707
W066,Jiangsu,Omicron,11,5.0,4.319873283720406,3.8896121035386733
W066,Jiangsu,Omicron,12,8.0,4.683815400683512,4.2766862866781175
W066,Jiangsu,Omicron,13,2.0,5.070153120149422,4.700835954755806
W066,Jiangsu,Omicron,14,4.0,5.480565489738684,5.1653620268336145
W066,Jiangsu,Omicron,15,2.0,5.916903163973303,5.673786700200645
W066,Jiangsu,Omicron,16,0.0,6.38120181169049,6.229861668435572
W066,Jiangsu,Omicron,17,3.0,6.87569306239128,6.8375709469562524
W066,Jiangsu,Omicron,18,0.0,7.402814298395406,7.501128437611279
W066,Jiangsu,Omicron,19,1.0,7.965217930957022,8.224969743460175
W066,Jiangsu,Omicron,20,1.0,8.565780398759747,9.013737336117755
W066,Jiangsu,Omicron,21,1.0,9.207610863509542,9.87225788110409
W066,Jiangsu,Omicron,22,7.0,9.894059379642268,10.805510292347876
W066,Jiangsu,Omicron,23,6.0,10.628724145428746,11.818582894607127
W066,Jiangsu,Omicron,24,15.0,11.41545727930539,12.916617918358142
W066,Jiangsu,Omicron,25,15.0,12.25836839484806,14.104741443096794
W066,Jiangsu,Omicron,26,18.0,13.161825061754591,15.387976857750512
W066,Jiangsu,Omicron,27,48.0,14.13044903255996,16.771139943672985
W066,Jiangsu,Omicron,28,33.0,15.169106881683803,18.258713835216675
W066,Jiangsu,Omicron,29,42.0,16.282893442945856,19.85470240910867
W066,Jiangsu,Omicron,30,38.0,17.47710614450183,21.562461134675583
W066,Jiangsu,Omicron,31,46.0,18.757208030135363,23.384505122091635
W066,Jiangsu,Omicron,32,72.0,20.128776931277795,25.32229507352527
W066,Jiangsu,Omicron,33,72.0,21.597437929159103,27.37600310442386
W066,Jiangsu,Omicron,34,51.0,23.16877594287401,29.544261978765565
W066,Jiangsu,Omicron,35,37.0,24.84822502824811,31.823903191899213
W066,Jiangsu,Omicron,36,50.0,26.640930817323447,34.20969150658712
W066,Jiangsu,Omicron,37,58.0,28.551582525874018,36.69406593095952
W066,Jiangsu,Omicron,38,31.0,30.5842111786199,39.2668996004795
W066,Jiangsu,Omicron,39,24.0,32.74195123624914,41.915293411996245
W066,Jiangsu,Omicron,40,19.0,35.02676375640059,44.62342031942385
W066,Jiangsu,Omicron,41,25.0,37.439120693109686,47.37243864620392
W066,Jiangsu,Omicron,42,13.0,39.97765204697932,50.14049326951516
W066,Jiangsu,Omicron,43,17.0,42.63876041863543,52.902822744804276
W066,Jiangsu,Omicron,44,19.0,45.41621115296968,55.63198805738692
W066,Jiangsu,Omicron,45,24.0,48.300710690382246,58.298234485707724
W066,Jiangsu,Omicron,46,33.0,51.279490865784574,60.869991957455845
W066,Jiangsu,Omicron,47,45.0,54.33592248429353,63.314511395933614
W066,Jiangsu,Omicron,48,43.0,57.44918715320201,65.598625256155
W066,Jiangsu,Omicron,49,65.0,60.594041469718526,67.68961036648535
W066,Jiangsu,Omicron,50,47.0,63.74071146805419,69.55612119005957
W066,Jiangsu,Omicron,51,59.0,66.85495677804289,71.16915273865109
W066,Jiangsu,Omicron,52,76.0,69.89834223295496,72.50298570300224
W066,Jiangsu,Omicron,53,76.0,72.82874875324542,73.5360629060928
W066,Jiangsu,Omicron,54,78.0,75.60114456024114,74.25174668106062
W066,Jiangsu,Omicron,55,75.0,78.16862196438473,74.63891156366657
W066,Jiangsu,Omicron,56,78.0,80.4836846542374,74.69233561281952
W066,Jiangsu,Omicron,57,70.0,82.49974695892101,74.41286605388213
W066,Jiangsu,Omicron,58,53.0,84.17278220196289,73.8073496435217
W066,Jiangsu,Omicron,59,75.0,85.46303493555652,72.88833373327641
W066,Jiangsu,Omicron,60,74.0,86.33669479625226,71.67355889969406
W066,Jiangsu,Omicron,61,53.0,86.76742101122035,70.1852767556342
W066,Jiangsu,Omicron,62,50.0,86.73760846253018,68.44943600843003
W066,Jiangsu,Omicron,63,56.0,86.23929959912714,66.49478528035353
W066,Jiangsu,Omicron,64,87.0,85.27467061263097,64.35194245785227
W066,Jiangsu,Omicron,65,95.0,83.856052714727,62.05247767811065
W066,Jiangsu,Omicron,66,133.0,82.00548626958603,59.6280511791261
W066,Jiangsu,Omicron,67,100.0,79.75384242407029,57.109639073398824
W066,Jiangsu,Omicron,68,119.0,77.13957928896863,54.5268706976715
W066,Jiangsu,Omicron,69,131.0,74.20722402987992,51.90749154243788
W066,Jiangsu,Omicron,70,131.0,71.00568618350047,49.27695672322282
W066,Jiangsu,Omicron,71,124.0,67.58651051029521,46.65815214872272
W066,Jiangsu,Omicron,72,96.0,64.00217065656568,44.07123435162333
W066,Jiangsu,Omicron,73,114.0,60.30448994105541,41.53357552708432
W066,Jiangsu,Omicron,74,80.0,56.54325548911834,39.059797628268505
W066,Jiangsu,Omicron,75,74.0,52.76506963501367,36.661878212747716
W066,Jiangsu,Omicron,76,49.0,49.012460614512065,34.34931084608505
W066,Jiangsu,Omicron,77,20.0,45.323255085477605,32.12930393983399
W066,Jiangsu,Omicron,78,9.0,41.73019922167751,30.00700362363862
W066,Jiangsu,Omicron,79,16.0,38.260803590661965,27.98572834811089
W066,Jiangsu,Omicron,80,13.0,34.93737972343708,26.067205156422325
W066,Jiangsu,Omicron,81,25.0,31.777232762900876,24.251799770790253
W066,Jiangsu,Omicron,82,29.0,28.792974145223468,22.538734690380053
W066,Jiangsu,Omicron,83,48.0,25.992920137647676,20.926291311541405
W066,Jiangsu,Omicron,84,70.0,23.38154546506725,19.41199362045415
W066,Jiangsu,Omicron,85,61.0,20.959965540554116,17.99277226267751
W066,Jiangsu,Omicron,86,62.0,18.726425438534648,16.665108775412357
W066,Jiangsu,Omicron,87,55.0,16.67677832079719,15.425160501807289
W066,Jiangsu,Omicron,88,49.0,14.804940281019563,14.26886722506091
W066,Jiangsu,Omicron,89,47.0,13.103312357221768,13.192040898964304
W066,Jiangsu,Omicron,90,35.0,11.563163700768444,12.19044004594131
W066,Jiangsu,Omicron,91,17.0,10.174972572130342,11.259830475896862
W066,Jiangsu,Omicron,92,9.0,8.928723983405312,10.396033977919492
W066,Jiangsu,Omicron,93,2.0,7.81416447448815,9.59496657621084
W066,Jiangsu,Omicron,94,1.0,6.82101575352089,8.852667841334355
W066,Jiangsu,Omicron,95,4.0,5.939149815926095,8.165322623635067
W066,Jiangsu,Omicron,96,2.0,5.158728740759923,7.529276439477782
W066,Jiangsu,Omicron,97,0.0,4.470312704335915,6.941045601602724
W066,Jiangsu,Omicron,98,1.0,3.86493989904422,6.397323048718777
W066,Jiangsu,Omicron,99,1.0,3.3341820431827798,5.894980700536318
W066,Jiangsu,Omicron,100,0.0,2.8701790525450854,5.431069045513309
W066,Jiangsu,Omicron,101,1.0,2.465656247492767,5.002814560812408
W066,Jiangsu,Omicron,102,1.0,2.1139272161594236,4.607615468048212
W066,Jiangsu,Omicron,103,4.0,1.808885166488007,4.2430362439860065
W066,Jiangsu,Omicron,104,2.0,1.5449852940613442,3.9068012320488292
W066,Jiangsu,Omicron,105,6.0,1.3172203827290163,3.5967876373814933
W066,Jiangsu,Omicron,106,3.0,1.1210915513030988,3.3110181344397995
W067,Guangdong,Omicron,0,1.0,1.3709547537983011,1.3007835108317851
W067,Guangdong,Omicron,1,2.0,2.0334206545314513,1.818021998796952
W067,Guangdong,Omicron,2,2.0,2.6764275344040076,2.281880948503023
W067,Guangdong,Omicron,3,4.0,3.3863292418090074,2.750116564819762
W067,Guangdong,Omicron,4,9.0,4.21993698385212,3.2532149648157933
W067,Guangdong,Omicron,5,5.0,5.222791427518502,3.808587788235959
W067,Guangdong,Omicron,6,3.0,6.437804605176097,4.427278956805354
W067,Guangdong,Omicron,7,8.0,7.909112194517352,5.117114188426427
W067,Guangdong,Omicron,8,7.0,9.683266003967203,5.884149603426228
W067,Guangdong,Omicron,9,3.0,11.808581827069796,6.7333010165442415
W067,Guangdong,Omicron,10,9.0,14.332811022304682,7.668575502689237
W067,Guangdong,Omicron,11,9.0,17.29900820695893,8.693108816490499
W067,Guangdong,Omicron,12,13.0,20.73941020207571,9.809108569849565
W067,Guangdong,Omicron,13,39.0,24.66731608453255,11.017753657227061
W067,Guangdong,Omicron,14,53.0,29.06740096202272,12.319076850223155
W067,Guangdong,Omicron,15,65.0,33.885621585250064,13.711846244790477
W067,Guangdong,Omicron,16,56.0,39.020791284659566,15.193455866495489
W067,Guangdong,Omicron,17,45.0,44.32073810077305,16.759833101952346
W067,Guangdong,Omicron,18,34.0,49.58622412709921,18.40536921024297
W067,Guangdong,Omicron,19,28.0,54.584926817401026,20.12287823155054
W067,Guangdong,Omicron,20,64.0,59.07545862742272,21.903588783677137
W067,Guangdong,Omicron,21,52.0,62.83802257334304,23.73717234234608
W067,Guangdong,Omicron,22,173.0,65.70513590644796,25.611810559807672
W067,Guangdong,Omicron,23,116.0,67.58459181411422,27.51430296694098
W067,Guangdong,Omicron,24,26.0,68.46854934412039,29.430215041733018
W067,Guangdong,Omicron,25,22.0,68.42689978086855,31.34406515210448
W067,Guangdong,Omicron,26,177.0,67.58794431802018,33.239547352555796
W067,Guangdong,Omicron,27,224.0,66.11271197256092,35.09978550411292
W067,Guangdong,Omicron,28,256.0,64.16977544553536,36.907612775144166
W067,Guangdong,Omicron,29,229.0,61.91556972807853,38.645869347885615
W067,Guangdong,Omicron,30,116.0,59.48235184443659,40.29771017823802
W067,Guangdong,Omicron,31,112.0,56.973421400563346,41.84691399979439
W067,Guangdong,Omicron,32,153.0,54.46376250782911,43.27818447559439
W067,Guangdong,Omicron,33,132.0,52.003884177460954,44.57743450993175
W067,Guangdong,Omicron,34,94.0,49.624958953840924,45.732045240658664
W067,Guangdong,Omicron,35,78.0,47.34396523151626,46.731092117695255
W067,Guangdong,Omicron,36,51.0,45.16813151863855,47.56553168990197
W067,Guangdong,Omicron,37,28.0,43.098423960967054,48.228344203592286
W067,Guangdong,Omicron,38,26.0,41.13208896882601,48.71462877972787
W067,Guangdong,Omicron,39,16.0,39.264394196446844,49.021649692039944
W067,Guangdong,Omicron,40,10.0,37.489751317565606,49.148834021368216
W067,Guangdong,Omicron,41,11.0,35.802394471263966,49.09772262328517
W067,Guangdong,Omicron,42,10.0,34.19675750336609,48.87187783797551
W067,Guangdong,Omicron,43,22.0,32.66765786466573,48.47675263000218
W067,Guangdong,Omicron,44,18.0,31.210363357329925,47.919526826267756
W067,Guangdong,Omicron,45,16.0,29.82059274604195,47.20891679825811
W067,Guangdong,Omicron,46,19.0,28.494482742627582,46.35496530439682
W067,Guangdong,Omicron,47,18.0,27.228541032300946,45.368818282753345
W067,Guangdong,Omicron,48,22.0,26.01959652034115,44.262495191181856
W067,Guangdong,Omicron,49,9.0,24.864752611465377,43.04865907023922
W067,Guangdong,Omicron,50,12.0,23.761346097214748,41.74039190028872
W067,Guangdong,Omicron,51,4.0,22.70691238061663,40.35098008776056
W067,Guangdong,Omicron,52,8.0,21.69915679370675,38.89371409607886
W067,Guangdong,Omicron,53,4.0,20.73593131413459,37.38170538068414
W067,Guangdong,Omicron,54,9.0,19.815215837239254,35.82772293574736
W067,Guangdong,Omicron,55,9.0,18.935103169698,34.244050946767196
W067,Guangdong,Omicron,56,22.0,18.093786996315096,32.64236829474258
W067,Guangdong,Omicron,57,37.0,17.289552184828757,31.033649992892734
W067,Guangdong,Omicron,58,29.0,16.5207669090683,29.428090067619113
W067,Guangdong,Omicron,59,22.0,15.78587617590865,27.835044926746875
W067,Guangdong,Omicron,60,66.0,15.08339643139514,26.2629958898239
W067,Guangdong,Omicron,61,40.0,14.41191099531737,24.719529282957545
W067,Guangdong,Omicron,62,37.0,13.770066132620707,23.211332316629502
W067,Guangdong,Omicron,63,36.0,13.156567616386539,21.744202859473372
W067,Guangdong,Omicron,64,30.0,12.570177672919366,20.32307118320706
W067,Guangdong,Omicron,65,14.0,12.009712226811983,18.952031772521828
W067,Guangdong,Omicron,66,17.0,11.474038384555552,17.634383357663246
W067,Guangdong,Omicron,67,10.0,10.962072110809537,16.372675426330307
W067,Guangdong,Omicron,68,4.0,10.472776063051642,15.168759595873361
W067,Guangdong,Omicron,69,5.0,10.005157558978,14.023844368350531
W067,Guangdong,Omicron,70,2.0,9.558266657385035,12.938551942659462
W067,Guangdong,Omicron,71,3.0,9.131194338028584,11.912975913810346
W067,Guangdong,Omicron,72,1.0,8.723070769367679,10.946738844694037
W067,Guangdong,Omicron,73,0.0,8.333063655709262,10.039048846701151
W067,Guangdong,Omicron,74,0.0,7.960376657089873,9.18875444943399
W067,Guangdong,Omicron,75,14.0,7.604247876617839,8.39439717455431
W067,Guangdong,Omicron,76,42.0,7.26394841100361,7.6542613531491215
W067,Guangdong,Omicron,77,21.0,6.938780960723771,6.9664208390779105
W067,Guangdong,Omicron,78,18.0,6.628078496805194,6.3287823722526575
W067,Guangdong,Omicron,79,10.0,6.331202981612204,5.739125435645927
W067,Guangdong,Omicron,80,12.0,6.047544141303778,5.195138528305133
W067,Guangdong,Omicron,81,17.0,5.776518287852338,4.6944518442031855
W067,Guangdong,Omicron,82,8.0,5.517567188674383,4.23466640395341
W067,Guangdong,Omicron,83,8.0,5.270156982044559,3.81337973397668
W067,Guangdong,Omicron,84,22.0,5.033777136580238,3.42820822632622
W067,Guangdong,Omicron,85,39.0,4.807939453136892,3.076806342884672
W067,Guangdong,Omicron,86,18.0,4.592177107550868,2.756882850770015
W067,Guangdong,Omicron,87,20.0,4.386043732701696,2.466214292380962
W067,Guangdong,Omicron,88,4.0,4.189112538424181,2.202655904274658
W067,Guangdong,Omicron,89,10.0,4.000975467856519,1.9641502047709927
W067,Guangdong,Omicron,90,5.0,3.8212423888355995,1.7487334715345797
W067,Guangdong,Omicron,91,1.0,3.649540319012556,1.5545403280232333
W067,Guangdong,Omicron,92,4.0,3.4855126833906755,1.3798066522638515
W067,Guangdong,Omicron,93,0.0,3.3288186030287044,1.2228710134639833
W067,Guangdong,Omicron,94,1.0,3.1791322136994107,1.0821748320628364
W067,Guangdong,Omicron,95,2.0,3.036142013316455,0.9562614473686722
W067,Guangdong,Omicron,96,3.0,2.899550237003522,0.8437742644329937
W067,Guangdong,Omicron,97,2.0,2.7690722586919603,0.7434541385809992
W067,Guangdong,Omicron,98,1.0,2.6444360181867923,0.6541361424227374
W067,Guangdong,Omicron,99,1.0,2.5253814726796326,0.5747458464794906
W068,Yunnan,Omicron,0,3.0,3.408018411450005,3.3930340591463404
W068,Yunnan,Omicron,1,7.0,4.095659020879523,4.04803067982872
W068,Yunnan,Omicron,2,3.0,4.671938017235887,4.585394891603119
W068,Yunnan,Omicron,3,1.0,5.203302503015671,5.069387597210269
W068,Yunnan,Omicron,4,3.0,5.724906544684086,5.5337136905881925
W068,Yunnan,Omicron,5,8.0,6.255135500268308,5.99583516125243
W068,Yunnan,Omicron,6,7.0,6.803245483689304,6.464506408443302
W068,Yunnan,Omicron,7,3.0,7.373374704832155,6.943750982780256
W068,Yunnan,Omicron,8,5.0,7.966642118927809,7.434965801221567
W068,Yunnan,Omicron,9,5.0,8.582240316623738,7.93803840317447
W068,Yunnan,Omicron,10,3.0,9.218004114816166,8.45194363102792
W068,Yunnan,Omicron,11,10.0,9.870711855580389,8.975065999651832
W068,Yunnan,Omicron,12,14.0,10.536257632256401,9.505378120023513
W068,Yunnan,Omicron,13,20.0,11.209769380865199,10.040544345401656
W068,Yunnan,Omicron,14,14.0,11.885713559752055,10.577986393266029
W068,Yunnan,Omicron,15,23.0,12.558008052259435,11.114930459601386
W068,Yunnan,Omicron,16,12.0,13.22015365554876,11.64844612887957
W068,Yunnan,Omicron,17,10.0,13.865387291099557,12.175482421707157
W068,Yunnan,Omicron,18,10.0,14.486855021575108,12.692903620910517
W068,Yunnan,Omicron,19,4.0,15.077799246314015,13.19752602272107
W068,Yunnan,Omicron,20,10.0,15.631751779811307,13.686155915617288
W068,Yunnan,Omicron,21,21.0,16.14272286217572,14.155628600808242
W068,Yunnan,Omicron,22,22.0,16.60537556223512,14.602847980065755
W068,Yunnan,Omicron,23,23.0,17.015175542074736,15.02482606711287
W068,Yunnan,Omicron,24,28.0,17.3685076947828,15.418721685429464
W068,Yunnan,Omicron,25,24.0,17.662753566387973,15.781877575765924
W068,Yunnan,Omicron,26,30.0,17.896326441833455,16.11185513875461
W068,Yunnan,Omicron,27,23.0,18.068664156404314,16.4064660745864
W068,Yunnan,Omicron,28,22.0,18.18018271586913,16.66380024764599
W068,Yunnan,Omicron,29,39.0,18.232196341073546,16.882249194749875
W068,Yunnan,Omicron,30,28.0,18.226811357313775,17.060524806564327
W068,Yunnan,Omicron,31,38.0,18.166802306410602,17.19767283791903
W068,Yunnan,Omicron,32,29.0,18.0554787745455,17.29308103872411
W068,Yunnan,Omicron,33,29.0,17.896550811892872,17.346481837494924
W068,Yunnan,Omicron,34,29.0,17.693999653763886,17.357949648562887
W068,Yunnan,Omicron,35,21.0,17.45195895341725,17.32789300663055
W068,Yunnan,Omicron,36,29.0,17.174610116171444,17.257041853683905
W068,Yunnan,Omicron,37,13.0,16.866093763259673,17.146430409380322
W068,Yunnan,Omicron,38,17.0,16.530437983788044,16.997376143775476
W068,Yunnan,Omicron,39,16.0,16.17150293253147,16.811455438515928
W068,Yunnan,Omicron,40,18.0,15.792940529383255,16.590476568308326
W068,Yunnan,Omicron,41,12.0,15.398167503296666,16.3364506585174
W068,Yunnan,Omicron,42,13.0,14.990349763355354,16.051561277969935
W068,Yunnan,Omicron,43,12.0,14.572396021797301,15.738133310108065
W068,Yunnan,Omicron,44,6.0,14.146958683960543,15.398601712814978
W068,Yunnan,Omicron,45,3.0,13.716440207024228,15.035480730276154
W068,Yunnan,Omicron,46,7.0,13.283003369514208,14.651334062144043
W068,Yunnan,Omicron,47,2.0,12.84858415281471,14.248746429184568
W068,Yunnan,Omicron,48,6.0,12.414906190051108,13.83029690352916
W068,Yunnan,Omicron,49,6.0,11.983495970982482,13.398534298540769
W068,Yunnan,Omicron,50,3.0,11.55569819535292,12.955954840673485
W068,Yunnan,Omicron,51,16.0,11.132690838134833,12.504982275795923
W068,Yunnan,Omicron,52,5.0,10.715499628593166,12.04795049704242
W068,Yunnan,Omicron,53,6.0,10.305011753673071,11.587088721736214
W068,Yunnan,Omicron,54,9.0,9.90198867869371,11.124509192251871
W068,Yunnan,Omicron,55,3.0,9.507078038931011,10.66219733041734
W068,Yunnan,Omicron,56,3.0,9.120824598599496,10.202004237426799
W068,Yunnan,Omicron,57,9.0,8.743680302792887,9.745641401158254
W068,Yunnan,Omicron,58,5.0,8.37601346644753,9.294677449967569
W068,Yunnan,Omicron,59,11.0,8.018117155064393,8.850536775934538
W068,Yunnan,Omicron,60,10.0,7.670216817013991,8.414499840560147
W068,Yunnan,Omicron,61,22.0,7.332477228439848,7.987704971317854
W068,Yunnan,Omicron,62,56.0,7.0050088104058155,7.571151457498117
W068,Yunnan,Omicron,63,51.0,6.687873374954054,7.165703757684772
W068,Yunnan,Omicron,64,31.0,6.381089352856228,6.772096638232063
W068,Yunnan,Omicron,65,14.0,6.084636551535318,6.3909410715618185
W068,Yunnan,Omicron,66,5.0,5.79846048723972,6.0227307343536065
W068,Yunnan,Omicron,67,7.0,5.522476331280179,5.667848958177291
W068,Yunnan,Omicron,68,11.0,5.256572506104113,5.3265759983341745
W068,Yunnan,Omicron,69,14.0,5.000613963280495,4.999096500206442
W068,Yunnan,Omicron,70,8.0,4.754445172092066,4.685507055928204
W068,Yunnan,Omicron,71,14.0,4.517892844422136,4.385823757402684
W068,Yunnan,Omicron,72,6.0,4.290768418927515,4.09998966438651
W068,Yunnan,Omicron,73,3.0,4.0728703251170515,3.8278821183897995
W068,Yunnan,Omicron,74,1.0,3.863986045862118,3.5693198443765892
W068,Yunnan,Omicron,75,3.0,3.663893995014929,3.3240697926388485
W068,Yunnan,Omicron,76,4.0,3.472365225196963,3.09185368270954
W068,Yunnan,Omicron,77,1.0,3.289164979392476,2.8723542197687153
W068,Yunnan,Omicron,78,1.0,3.1140540987272165,2.6652209617018685
W068,Yunnan,Omicron,79,2.0,2.9467902977079143,2.470075821804003
W068,Yunnan,Omicron,80,0.0,2.787129317219638,2.286518198138468
W068,Yunnan,Omicron,81,2.0,2.634825964712938,2.1141297258033567
W068,Yunnan,Omicron,82,2.0,2.489635050236668,1.9524786528696099
W069,Inner Mongolia,Omicron,0,7.0,12.504591642570203,9.701459906489303
W069,Inner Mongolia,Omicron,1,3.0,20.4340391439744,14.0169313566905
W069,Inner Mongolia,Omicron,2,22.0,25.555998765924226,17.3772105628216
W069,Inner Mongolia,Omicron,3,46.0,28.735030598598225,20.17438608402986
W069,Inner Mongolia,Omicron,4,66.0,30.25174175685111,22.484246272938524
W069,Inner Mongolia,Omicron,5,32.0,30.349259920927647,24.26310756896113
W069,Inner Mongolia,Omicron,6,22.0,29.33144773178693,25.444255661135866
W069,Inner Mongolia,Omicron,7,47.0,27.533368134100513,25.98675637102064
W069,Inner Mongolia,Omicron,8,40.0,25.271362699294556,25.89631746366681
W069,Inner Mongolia,Omicron,9,30.0,22.807850880329166,25.22728404038389
W069,Inner Mongolia,Omicron,10,32.0,20.337089542509784,24.07246895446656
W069,Inner Mongolia,Omicron,11,38.0,17.987169190045854,22.547097084633222
W069,Inner Mongolia,Omicron,12,11.0,15.831064985117116,20.77222490108239
W069,Inner Mongolia,Omicron,13,14.0,13.900764912735129,18.861245932768576
W069,Inner Mongolia,Omicron,14,16.0,12.200710463577039,16.911087052462918
W069,Inner Mongolia,Omicron,15,7.0,10.718758447513785,14.998074620606758
W069,Inner Mongolia,Omicron,16,9.0,9.434209288543252,13.177500749838035
W069,Inner Mongolia,Omicron,17,8.0,8.323173867479788,11.485605551271233
W069,Inner Mongolia,Omicron,18,9.0,7.361841659416536,9.942796536027762
W069,Inner Mongolia,Omicron,19,7.0,6.528248016253697,8.557222921092352
W069,Inner Mongolia,Omicron,20,2.0,5.803052784628221,7.3281480143186135
W069,Inner Mongolia,Omicron,21,4.0,5.169719117450841,6.248833119084768
W069,Inner Mongolia,Omicron,22,3.0,4.6143632551253635,5.308835598238557
W069,Inner Mongolia,Omicron,23,2.0,4.125450453406565,4.4957379603044245
W069,Inner Mongolia,Omicron,24,1.0,3.693442312288102,3.796382437244913
W069,Inner Mongolia,Omicron,25,1.0,3.3104533367935884,3.197705927448011
W069,Inner Mongolia,Omicron,26,0.0,2.969944445782222,2.687269088763269
W069,Inner Mongolia,Omicron,27,0.0,2.6664632635497,2.2535617381443176
W069,Inner Mongolia,Omicron,28,1.0,2.395431243607657,1.886151364559331
W069,Inner Mongolia,Omicron,29,4.0,2.1529729389017906,1.575726277957058
W069,Inner Mongolia,Omicron,30,7.0,1.9357809596602307,1.3140715025097525
W069,Inner Mongolia,Omicron,31,6.0,1.7410099973266155,1.0940045984847204
W069,Inner Mongolia,Omicron,32,8.0,1.5661939111693628,0.9092901501000797
W069,Inner Mongolia,Omicron,33,7.0,1.4091807924811441,0.7545453788909814
W069,Inner Mongolia,Omicron,34,4.0,1.2680818804555816,0.6251448281605404
W069,Inner Mongolia,Omicron,35,0.0,1.1412310783697865,0.5171289138337003
W069,Inner Mongolia,Omicron,36,4.0,1.0271525598139868,0.4271190016466502
W069,Inner Mongolia,Omicron,37,0.0,0.9245345546131596,0.3522402672899107
W069,Inner Mongolia,Omicron,38,1.0,0.8322078747993581,0.2900527065810805
W069,Inner Mongolia,Omicron,39,2.0,0.7491281022090627,0.23849012461030825
W069,Inner Mongolia,Omicron,40,1.0,0.6743606320163098,0.19580662885788505
W069,Inner Mongolia,Omicron,41,0.0,0.6070679700283382,0.1605299991135172
W069,Inner Mongolia,Omicron,42,1.0,0.5464988321688956,0.13142125005062838
W069,Inner Mongolia,Omicron,43,0.0,0.4919787054192937,0.10743970260243958
W069,Inner Mongolia,Omicron,44,2.0,0.44290161085021645,0.08771291302273225
W070,Heilongjiang,Omicron,0,2.0,1.845353659479809,2.1166505395852915
W070,Heilongjiang,Omicron,1,0.0,1.7383099828375397,2.312974406366595
W070,Heilongjiang,Omicron,2,4.0,1.8234851880328489,2.474410166397599
W070,Heilongjiang,Omicron,3,0.0,2.006775374089497,2.6185918048994257
W070,Heilongjiang,Omicron,4,1.0,2.2414316899576026,2.7555163822481648
W070,Heilongjiang,Omicron,5,5.0,2.506660474115164,2.890901195830953
W070,Heilongjiang,Omicron,6,4.0,2.7935185112443466,3.028067349884812
W070,Heilongjiang,Omicron,7,2.0,3.0969110402504856,3.168996665777326
W070,Heilongjiang,Omicron,8,0.0,3.411358610432236,3.3149248480355684
W070,Heilongjiang,Omicron,9,7.0,3.7288927450276197,3.4666744970779484
W070,Heilongjiang,Omicron,10,9.0,4.038232758874447,3.624842182522571
W070,Heilongjiang,Omicron,11,16.0,4.324915730063622,3.7899036518441567
W070,Heilongjiang,Omicron,12,4.0,4.572287134309263,3.962273121514454
W070,Heilongjiang,Omicron,13,8.0,4.763263253593424,4.142336818155395
W070,Heilongjiang,Omicron,14,1.0,4.882621418576514,4.330472084752845
W071,Guangxi,Omicron,0,3.0,3.4330956676798743,3.4279633491875208
W071,Guangxi,Omicron,1,4.0,4.129159414081078,4.1347709448909695
W071,Guangxi,Omicron,2,9.0,4.666040028016227,4.706183875360949
W071,Guangxi,Omicron,3,7.0,5.120301040151314,5.212861597050759
W071,Guangxi,Omicron,4,11.0,5.531487082213812,5.690806563095908
W071,Guangxi,Omicron,5,6.0,5.920270933050649,6.1578404153344355
W071,Guangxi,Omicron,6,10.0,6.297594011083449,6.622164167497148
W071,Guangxi,Omicron,7,8.0,6.669297602424925,7.086829861890708
W071,Guangxi,Omicron,8,8.0,7.038480207543875,7.5520930988611115
W071,Guangxi,Omicron,9,7.0,7.406701716707866,8.016663678010094
W071,Guangxi,Omicron,10,12.0,7.774600569074046,8.478381695120396
W071,Guangxi,Omicron,11,11.0,8.142211713927964,8.934593370947034
W071,Guangxi,Omicron,12,3.0,8.50913238570721,9.382369635722563
W071,Guangxi,Omicron,13,4.0,8.874611015182493,9.818642148540455
W071,Guangxi,Omicron,14,1.0,9.237597944787948,10.240295703517198
W071,Guangxi,Omicron,15,6.0,9.596777844835739,10.644237229253312
W071,Guangxi,Omicron,16,5.0,9.950594124383345,11.027451722581517
W071,Guangxi,Omicron,17,9.0,10.297270730809817,11.387050257361931
W071,Guangxi,Omicron,18,17.0,10.63483423409634,11.720312473180003
W071,Guangxi,Omicron,19,23.0,10.961137805634861,12.02472452298796
W071,Guangxi,Omicron,20,25.0,11.273888013097901,12.29801273485684
W071,Guangxi,Omicron,21,30.0,11.57067494813379,12.538172898779102
W071,Guangxi,Omicron,22,22.0,11.849005924381949,12.743494952734716
W071,Guangxi,Omicron,23,18.0,12.106342753093115,12.912582819970268
W071,Guangxi,Omicron,24,24.0,12.340142388637206,13.044369190459264
W071,Guangxi,Omicron,25,21.0,12.547900524773093,13.13812511487011
W071,Guangxi,Omicron,26,18.0,12.727197514785008,13.193464372047817
W071,Guangxi,Omicron,27,7.0,12.875745790592962,13.210342670471752
W071,Guangxi,Omicron,28,8.0,12.991437776866412,13.189051843471306
W071,Guangxi,Omicron,29,17.0,13.072393146349853,13.130209292371235
W071,Guangxi,Omicron,30,10.0,13.117004152276836,13.0347430177548
W071,Guangxi,Omicron,31,11.0,13.123977712000267,12.903872654186106
W071,Guangxi,Omicron,32,13.0,13.092372909897936,12.739086986249372
W071,Guangxi,Omicron,33,10.0,13.021632641565466,12.542118472512158
W071,Guangxi,Omicron,34,13.0,12.911608236347334,12.314915338391542
W071,Guangxi,Omicron,35,11.0,12.762576068829587,12.059611818805214
W071,Guangxi,Omicron,36,16.0,12.575245395865794,11.778497137251014
W071,Guangxi,Omicron,37,6.0,12.350756924498375,11.473983800312288
W071,Guangxi,Omicron,38,4.0,12.090671915448105,11.148575766587589
W071,Guangxi,Omicron,39,0.0,11.796951942364764,10.804837018022411
W071,Guangxi,Omicron,40,2.0,11.471929743382274,10.445361021113355
W071,Guangxi,Omicron,41,2.0,11.118271903355103,10.072741517147502
W071,Guangxi,Omicron,42,8.0,10.738934378076724,9.689545026281008
W071,Guangxi,Omicron,43,11.0,10.337112103326078,9.298285391647784
W071,Guangxi,Omicron,44,4.0,9.916184111839422,8.901400628556678
W071,Guangxi,Omicron,45,7.0,9.479655703407861,8.501232281852781
W071,Guangxi,Omicron,46,2.0,9.031099273662738,8.10000743323132
W071,Guangxi,Omicron,47,6.0,8.574095405370885,7.699823441076172
W071,Guangxi,Omicron,48,71.0,8.11217576488134,7.302635439463755
W071,Guangxi,Omicron,49,129.0,7.648769231029238,6.910246571314836
W071,Guangxi,Omicron,50,136.0,7.187152521759004,6.524300884110776
W071,Guangxi,Omicron,51,55.0,6.730406384013262,6.14627877568087
W071,Guangxi,Omicron,52,17.0,6.281378185177651,5.777494842724337
W071,Guangxi,Omicron,53,16.0,5.842651500179652,5.4190979561189865
W071,Guangxi,Omicron,54,15.0,5.4165230379021585,5.072073364737096
W071,Guangxi,Omicron,55,6.0,5.004987004097779,4.73724661326534
W071,Guangxi,Omicron,56,6.0,4.609726764885333,4.415289049148554
W071,Guangxi,Omicron,57,6.0,4.232113463405025,4.10672468885801
W071,Guangxi,Omicron,58,2.0,3.873211059051263,3.8119382137236046
W071,Guangxi,Omicron,59,2.0,3.533787108998378,3.531183870043794
W071,Guangxi,Omicron,60,1.0,3.2143284987462044,3.2645950564874817
W071,Guangxi,Omicron,61,2.0,2.9150612535795273,3.0121943933206343
W071,Guangxi,Omicron,62,2.0,2.635973525758108,2.7739040821204815
W071,Guangxi,Omicron,63,0.0,2.376840850881365,2.549556380754257
W071,Guangxi,Omicron,64,2.0,2.137252797700728,2.3389040359504527
W071,Guangxi,Omicron,65,1.0,1.916640194016369,2.141630534208157
W071,Guangxi,Omicron,66,0.0,1.7143021917446466,1.9573600506150837
W071,Guangxi,Omicron,67,2.0,1.5294325308581314,1.7856669939056113
W071,Guangxi,Omicron,68,0.0,1.3611444687150802,1.626085064440653
W071,Guangxi,Omicron,69,1.0,1.2084939525743312,1.4781157593795238
W071,Guangxi,Omicron,70,1.0,1.0705007236645065,1.341236275903923
W072,Shanghai,Omicron,0,1.0,1.4925019283902234,1.5007890360146041
W072,Shanghai,Omicron,1,1.0,2.385244900004694,2.41263733340938
W072,Shanghai,Omicron,2,1.0,3.2911397690274766,3.345815372595698
W072,Shanghai,Omicron,3,1.0,4.3451254774668415,4.440951312192545
W072,Shanghai,Omicron,4,3.0,5.645547565586584,5.8028377623502605
W072,Shanghai,Omicron,5,2.0,7.284394565467822,7.531485897619649
W072,Shanghai,Omicron,6,8.0,9.363188400452742,9.73866852786518
W072,Shanghai,Omicron,7,16.0,12.003147570249105,12.558691012416636
W072,Shanghai,Omicron,8,19.0,15.3535712069611,16.157390836024312
W072,Shanghai,Omicron,9,28.0,19.600375132401222,20.741304395088648
W072,Shanghai,Omicron,10,48.0,24.97586573597052,26.568059475232893
W072,Shanghai,Omicron,11,55.0,31.77051805683611,33.95869797372889
W072,Shanghai,Omicron,12,65.0,40.3474498638784,43.31251681889676
W072,Shanghai,Omicron,13,80.0,51.16033260845746,55.12500812148617
W072,Shanghai,Omicron,14,75.0,64.77560211916858,70.00952525329781
W072,Shanghai,Omicron,15,83.0,81.90000709090239,88.72337306787261
W072,Shanghai,Omicron,16,65.0,103.41475534967783,112.19910342722329
W072,Shanghai,Omicron,17,167.0,130.41778471287057,141.58188086300302
W072,Shanghai,Omicron,18,139.0,164.2759944449645,178.2738559736606
W072,Shanghai,Omicron,19,202.0,206.68961660950308,223.986530372017
W072,Shanghai,Omicron,20,157.0,259.7712637251694,280.80209397845715
W072,Shanghai,Omicron,21,260.0,326.1425179140708,351.24463018690267
W072,Shanghai,Omicron,22,374.0,409.05114807831666,438.36186944769526
W072,Shanghai,Omicron,23,503.0,512.5120161746343,545.8177601475728
W072,Shanghai,Omicron,24,758.0,641.4742269019476,677.9954248987441
W072,Shanghai,Omicron,25,895.0,802.0157077182332,840.1089561502124
W072,Shanghai,Omicron,26,981.0,1001.5635871540065,1038.3208153508265
W072,Shanghai,Omicron,27,983.0,1249.1335866204229,1279.8591320414728
W072,Shanghai,Omicron,28,1609.0,1555.5729057774574,1573.1257141799792
W072,Shanghai,Omicron,29,2264.0,1933.7771279765327,1927.7808218852144
W072,Shanghai,Omicron,30,2676.0,2398.8306161766145,2354.784493241006
W072,Shanghai,Omicron,31,3500.0,2967.9900823392823,2866.3663248972703
W072,Shanghai,Omicron,32,4456.0,3660.392322988984,3475.88624509052
W072,Shanghai,Omicron,33,5964.0,4496.323147654077,4197.538609561863
W072,Shanghai,Omicron,34,5637.0,5495.846537802767,5045.842362833552
W072,Shanghai,Omicron,35,4482.0,6676.5848814084065,6034.853732817714
W072,Shanghai,Omicron,36,6309.0,8050.502836705901,7177.039297740953
W072,Shanghai,Omicron,37,8153.0,9619.731850121545,8481.762447957206
W072,Shanghai,Omicron,38,8935.0,11371.824232035808,9953.372885496357
W072,Shanghai,Omicron,39,13350.0,13275.333537474036,11588.954450097955
W072,Shanghai,Omicron,40,17037.0,15277.146591399713,13375.885603108138
W072,Shanghai,Omicron,41,19967.0,17303.24254681482,15289.495385535922
W072,Shanghai,Omicron,42,20899.0,19264.140108896787,17291.2370714479
W072,Shanghai,Omicron,43,23204.0,21065.00415468326,19327.914208820424
W072,Shanghai,Omicron,44,24752.0,22618.5212470501,21332.523498596063
W072,Shanghai,Omicron,45,26040.0,23857.12532972746,23227.165259683366
W072,Shanghai,Omicron,46,23069.0,24740.993446882017,24928.176010068957
W072,Shanghai,Omicron,47,26307.0,25259.768588002018,26353.17556317036
W072,Shanghai,Omicron,48,27605.0,25428.411053749503,27429.188816290476
W072,Shanghai,Omicron,49,22765.0,25279.54454641713,28100.565356341547
W072,Shanghai,Omicron,50,22591.0,24855.214909874383,28335.257715419444
W072,Shanghai,Omicron,51,23643.0,24200.208770800797,28128.241242430402
W072,Shanghai,Omicron,52,21395.0,23357.777172865553,27501.436284281255
W072,Shanghai,Omicron,53,19442.0,22367.548553465193,26500.25391350176
W072,Shanghai,Omicron,54,18368.0,21264.92048614161,25187.583691532465
W072,Shanghai,Omicron,55,18036.0,20081.203464045706,23636.465915270262
W072,Shanghai,Omicron,56,17486.0,18844.007308262026,21922.752660938604
W072,Shanghai,Omicron,57,22250.0,17577.607800805272,20118.81113160139
W072,Shanghai,Omicron,58,20517.0,16303.20979414989,18288.898793360935
W072,Shanghai,Omicron,59,18609.0,15039.117539514078,16486.39768884434
W072,Shanghai,Omicron,60,16012.0,13800.855316671295,14752.74766926788
W072,Shanghai,Omicron,61,12309.0,12601.27995300894,13117.713046575134
W072,Shanghai,Omicron,62,9764.0,11450.71256205024,11600.547426728726
W072,Shanghai,Omicron,63,9970.0,10357.101530298845,10211.649812238775
W072,Shanghai,Omicron,64,9196.0,9326.217223741916,8954.386902963759
W072,Shanghai,Omicron,65,7189.0,8361.871961284067,7826.854922794719
W072,Shanghai,Omicron,66,6804.0,7466.155717774128,6823.44536695441
W072,Shanghai,Omicron,67,5514.0,6639.677545264576,5936.15122648701
W072,Shanghai,Omicron,68,4831.0,5881.803733384509,5155.600755794138
W072,Shanghai,Omicron,69,4466.0,5190.885460377439,4471.836988730413
W072,Shanghai,Omicron,70,4088.0,4564.470598534214,3874.8773445789748
W072,Shanghai,Omicron,71,4039.0,3999.496139264266,3355.0934066692516
W072,Shanghai,Omicron,72,3840.0,3492.4592540849676,2903.450240657393
W072,Shanghai,Omicron,73,3717.0,3039.5662620840912,2511.640408232146
W072,Shanghai,Omicron,74,2858.0,2636.8597377161836,2172.142143794466
W072,Shanghai,Omicron,75,1289.0,2280.3246962123308,1878.2252479771344
W072,Shanghai,Omicron,76,1343.0,1965.975277942195,1623.9228044847466
W072,Shanghai,Omicron,77,1929.0,1689.9236590351918,1403.9821627504123
W072,Shanghai,Omicron,78,1541.0,1448.433081212791,1213.804834475647
W072,Shanghai,Omicron,79,1258.0,1237.9569517651394,1049.3819843688295
W072,Shanghai,Omicron,80,896.0,1055.1659421852771,907.229949504704
W072,Shanghai,Omicron,81,777.0,896.9649334445303,784.3285719587345
W072,Shanghai,Omicron,82,799.0,760.5015352169248,678.0639521559442
W072,Shanghai,Omicron,83,671.0,643.1677598363829,586.1764157472677
W072,Shanghai,Omicron,84,787.0,542.5962707131529,506.7139427082637
W072,Shanghai,Omicron,85,819.0,456.65245809780936,437.9909599436386
W072,Shanghai,Omicron,86,593.0,383.42342923167547,378.55219069803013
W072,Shanghai,Omicron,87,528.0,321.20484004416716,327.14114231223215
W072,Shanghai,Omicron,88,441.0,268.4863452680413,282.6727664679112
W072,Shanghai,Omicron,89,355.0,223.93630558123044,244.20982009693304
W072,Shanghai,Omicron,90,307.0,186.38626558242416,210.9424744358242
W072,Shanghai,Omicron,91,231.0,154.81560579490352,182.17075317701784
W072,Shanghai,Omicron,92,152.0,128.33667549757473,157.289420893213
W072,Shanghai,Omicron,93,104.0,106.18063063617083,135.77498508304038
W072,Shanghai,Omicron,94,65.0,87.68413157118471,117.17451637363015
W072,Shanghai,Omicron,95,29.0,72.27699801677196,101.09602990597398
W072,Shanghai,Omicron,96,14.0,59.47087202010888,87.20020588894866
W073,Tianjin,Omicron,0,1.0,1.0722679165808027,1.5482875801305578
W073,Tianjin,Omicron,1,0.0,1.2376157489363842,2.4930901673327095
W073,Tianjin,Omicron,2,4.0,1.4351236622798398,3.3702327623617703
W073,Tianjin,Omicron,3,10.0,1.670938807730141,4.289198258834338
W073,Tianjin,Omicron,4,6.0,1.9557899247987214,5.293355536399021
W073,Tianjin,Omicron,5,1.0,2.304489631115333,6.3953258104250645
W073,Tianjin,Omicron,6,1.0,2.7365081148532404,7.591336297811686
W073,Tianjin,Omicron,7,1.0,3.2773379536056213,8.867338980512534
W073,Tianjin,Omicron,8,3.0,3.9605815228275643,10.201984950575206
W073,Tianjin,Omicron,9,0.0,4.830818035858537,11.568500034564305
W073,Tianjin,Omicron,10,0.0,5.9473468286844975,12.936267054553188
W073,Tianjin,Omicron,11,3.0,7.388817001066408,14.272397732766116
W073,Tianjin,Omicron,12,12.0,9.258424997590733,15.543350052636981
W073,Tianjin,Omicron,13,21.0,11.68855123589244,16.71654754717225
W073,Tianjin,Omicron,14,18.0,14.842006899863858,17.76191778963904
W073,Tianjin,Omicron,15,41.0,18.903962021274754,18.653259629857864
W073,Tianjin,Omicron,16,26.0,24.05400098425103,19.36935900612787
W073,Tianjin,Omicron,17,50.0,30.403408430612192,19.894793937376644
W073,Tianjin,Omicron,18,47.0,37.88550969488071,20.220395407542725
W073,Tianjin,Omicron,19,64.0,46.11047714575479,20.343358294437113
W073,Tianjin,Omicron,20,50.0,54.25175253373047,20.267022101288337
W073,Tianjin,Omicron,21,58.0,61.093565008648866,20.000362666929878
W073,Tianjin,Omicron,22,25.0,65.34529215485408,19.557251751357626
W073,Tianjin,Omicron,23,17.0,66.13991000737121,18.955550740083407
W073,Tianjin,Omicron,24,19.0,63.40994393625609,18.216107754190496
W073,Tianjin,Omicron,25,36.0,57.86880437275571,17.361724867208384
W073,Tianjin,Omicron,26,47.0,50.64307362915249,16.416155009928755
W073,Tianjin,Omicron,27,76.0,42.843227186869974,15.403177814430672
W073,Tianjin,Omicron,28,64.0,35.30173848128625,14.345791484864968
W073,Tianjin,Omicron,29,55.0,28.512218542596525,13.2655450666377
W073,Tianjin,Omicron,30,40.0,22.68839548349668,12.182023300247375
W073,Tianjin,Omicron,31,14.0,17.85799171257907,11.112485413977742
W073,Tianjin,Omicron,32,13.0,13.945337197371423,10.071650273185142
W073,Tianjin,Omicron,33,7.0,10.829035488756295,9.07161353689705
W073,Tianjin,Omicron,34,4.0,8.376721696088241,8.121877916077699
W073,Tianjin,Omicron,35,3.0,6.4634306803732855,7.229475140413002
W073,Tianjin,Omicron,36,0.0,4.979708549560486,6.3991575519016495
W073,Tianjin,Omicron,37,4.0,3.8339071625831913,5.6336380090534135
W073,Tianjin,Omicron,38,2.0,2.9514947721005846,4.9338586319677455
W073,Tianjin,Omicron,39,5.0,2.273048646796057,4.299271481839123
W073,Tianjin,Omicron,40,6.0,1.7518429895425633,3.7281172201565225
W073,Tianjin,Omicron,41,4.0,1.3514938061641635,3.2176908571285328
W073,Tianjin,Omicron,42,0.0,1.0438655934744587,2.764586660024302
W073,Tianjin,Omicron,43,1.0,0.8073063255699151,2.364916995431457
W073,Tianjin,Omicron,44,1.0,0.6252076276029068,2.0145022265473105
W073,Tianjin,Omicron,45,0.0,0.4848558894258429,1.7090307278036618
W073,Tianjin,Omicron,46,1.0,0.3765295086340184,1.444189603728115
W073,Tianjin,Omicron,47,2.0,0.29279724237723614,1.2157678256027316
W073,Tianjin,Omicron,48,0.0,0.22797711956019556,1.0197342667310714
W073,Tianjin,Omicron,49,2.0,0.1777214896672681,0.8522935753531399
W074,Shandong,Omicron,0,1.0,3.24108413016434,1.6824491710919387
W074,Shandong,Omicron,1,4.0,7.793299443805795,2.911682790693588
W074,Shandong,Omicron,2,0.0,13.716510083794406,4.167194408554404
W074,Shandong,Omicron,3,0.0,21.774960564644886,5.627754350096381
W074,Shandong,Omicron,4,5.0,32.161052265843125,7.396918820003549
W074,Shandong,Omicron,5,88.0,44.672904196122026,9.547876216339464
W074,Shandong,Omicron,6,163.0,58.77715882782332,12.139624975468669
W074,Shandong,Omicron,7,175.0,73.69831469524233,15.221716640333302
W074,Shandong,Omicron,8,156.0,88.54444949015047,18.834333294122015
W074,Shandong,Omicron,9,175.0,102.44333116726946,23.006474690817218
W074,Shandong,Omicron,10,366.0,114.65866972565053,27.7534898747824
W074,Shandong,Omicron,11,555.0,124.66592087462013,33.07458539534174
W074,Shandong,Omicron,12,236.0,132.18111452763165,38.950696157536704
W074,Shandong,Omicron,13,163.0,137.14835324215846,45.34298923339598
W074,Shandong,Omicron,14,170.0,139.69879011182857,52.19219701811845
W074,Shandong,Omicron,15,159.0,140.0957402243394,59.41891031972151
W074,Shandong,Omicron,16,122.0,138.6785247586362,66.92489348857396
W074,Shandong,Omicron,17,220.0,135.81365925618047,74.59541161866122
W074,Shandong,Omicron,18,198.0,131.85775890077653,82.30248770097506
W074,Shandong,Omicron,19,428.0,127.13308144961532,89.90894066225052
W074,Shandong,Omicron,20,297.0,121.91436344455488,97.27299900548725
W074,Shandong,Omicron,21,207.0,116.42447981838644,104.25324405051458
W074,Shandong,Omicron,22,178.0,110.83619619564205,110.71361488292527
W074,Shandong,Omicron,23,182.0,105.27755750191587,116.52820554576533
W074,Shandong,Omicron,24,150.0,99.8389819833091,121.58560326501718
W074,Shandong,Omicron,25,79.0,94.58070700582081,125.79255225474627
W074,Shandong,Omicron,26,68.0,89.53974694507222,129.07677706684674
W074,Shandong,Omicron,27,63.0,84.73592450861752,131.38885769920248
W074,Shandong,Omicron,28,50.0,80.17681787331061,132.70311049718657
W074,Shandong,Omicron,29,27.0,75.86164266070656,133.0174891678363
W074,Shandong,Omicron,30,27.0,71.78418425768821,132.35257450664272
W074,Shandong,Omicron,31,31.0,67.93493681680455,130.74976625147355
W074,Shandong,Omicron,32,31.0,64.30261110428435,128.26882357456614
W074,Shandong,Omicron,33,10.0,60.87515972840243,124.98492110628492
W074,Shandong,Omicron,34,17.0,57.640445801897116,120.9853952221842
W074,Shandong,Omicron,35,28.0,54.586656404372846,116.36635175448295
W074,Shandong,Omicron,36,49.0,51.70253902404734,111.22929315592285
W074,Shandong,Omicron,37,28.0,48.977519215526954,105.67790272205569
W074,Shandong,Omicron,38,49.0,46.40174153907372,99.81509820174543
W074,Shandong,Omicron,39,42.0,43.966063297211434,93.74043936120123
W074,Shandong,Omicron,40,20.0,41.662021183534584,87.54794593599209
W074,Shandong,Omicron,41,15.0,39.481784126555006,81.32435566907242
W074,Shandong,Omicron,42,16.0,37.41810078162379,75.1478281299214
W074,Shandong,Omicron,43,21.0,35.46424679953802,69.08707964588645
W074,Shandong,Omicron,44,29.0,33.613974774559765,63.20091844889591
W074,Shandong,Omicron,45,28.0,31.861468329236825,57.53813718992257
W074,Shandong,Omicron,46,6.0,30.201300888972376,52.13771215156009
W074,Shandong,Omicron,47,23.0,28.628399160501566,47.02925443078277
W074,Shandong,Omicron,48,30.0,27.13801103035511,42.23365755906427
W074,Shandong,Omicron,49,17.0,25.72567745485308,37.76388788411869
W074,Shandong,Omicron,50,25.0,24.387207863200707,33.62586793913748
W074,Shandong,Omicron,51,20.0,23.118658600206167,29.819408371295975
W074,Shandong,Omicron,52,23.0,21.916313969806584,26.339150240432357
W074,Shandong,Omicron,53,23.0,20.77666948873325,23.175486150527334
W074,Shandong,Omicron,54,48.0,19.69641701182633,20.315435342415824
W074,Shandong,Omicron,55,51.0,18.67243144109871,17.743454243396798
W074,Shandong,Omicron,56,64.0,17.70175877686353,15.442169809206966
W074,Shandong,Omicron,57,69.0,16.781605309883638,13.393028154343172
W074,Shandong,Omicron,58,90.0,15.909327788290797,11.576855363398765
W074,Shandong,Omicron,59,44.0,15.082424422279464,9.97433098079393
W074,Shandong,Omicron,60,35.0,14.298526613828274,8.566377505278323
W074,Shandong,Omicron,61,20.0,13.55539131862897,7.334471318408764
W074,Shandong,Omicron,62,39.0,12.85089396363092,6.260881925169574
W074,Shandong,Omicron,63,14.0,12.183021856794932,5.328847265889788
W074,Shandong,Omicron,64,15.0,11.549868036253654,4.522693263595731
W074,Shandong,Omicron,65,15.0,10.949625514711702,3.8279057918694703
W074,Shandong,Omicron,66,5.0,10.380581881785606,3.2311629724861026
W074,Shandong,Omicron,67,4.0,9.841114232620734,2.720335219293562
W074,Shandong,Omicron,68,1.0,9.329684395601609,2.28445980498958
W075,Jilin,Omicron,0,8.0,13.98949861333761,13.228003639276082
W075,Jilin,Omicron,1,10.0,25.46352982903499,22.855385839314014
W075,Jilin,Omicron,2,16.0,38.62949852055834,33.071497962007875
W075,Jilin,Omicron,3,43.0,56.01637080066561,45.50288579019106
W075,Jilin,Omicron,4,59.0,80.01023455818891,61.366040799342166
W075,Jilin,Omicron,5,64.0,113.34478713794678,81.82545663548449
W075,Jilin,Omicron,6,72.0,159.31258605230283,108.1548470376031
W075,Jilin,Omicron,7,174.0,221.74733917028254,141.8145842440717
W075,Jilin,Omicron,8,343.0,304.70348584884124,184.4883629385131
W075,Jilin,Omicron,9,242.0,411.71663518784806,238.0926118041574
W075,Jilin,Omicron,10,400.0,544.6220054552261,304.75889166649813
W075,Jilin,Omicron,11,2156.0,702.2209479073335,386.78285083962305
W075,Jilin,Omicron,12,985.0,879.5609306160547,486.5297278426766
W075,Jilin,Omicron,13,4048.0,1068.8013288274044,606.2850294466408
W075,Jilin,Omicron,14,1832.0,1261.912044558512,748.0403205793117
W075,Jilin,Omicron,15,1146.0,1453.8531711249798,913.2092108206648
W075,Jilin,Omicron,16,2626.0,1643.9433036530975,1102.2790054265733
W075,Jilin,Omicron,17,2203.0,1834.3354589246512,1314.420030601577
W075,Jilin,Omicron,18,1475.0,2026.8795848022141,1547.0967550892735
W075,Jilin,Omicron,19,2055.0,2220.6220127959255,1795.7491715244107
W075,Jilin,Omicron,20,2432.0,2411.1205864900735,2053.6324856576502
W075,Jilin,Omicron,21,2775.0,2591.24912023022,2311.907800379971
W075,Jilin,Omicron,22,2565.0,2752.58016049723,2560.055582295371
W075,Jilin,Omicron,23,1919.0,2886.6969453281695,2786.631595999053
W075,Jilin,Omicron,24,2453.0,2986.2245431615306,2980.307052506357
W075,Jilin,Omicron,25,1975.0,3045.595619426341,3131.0503908100686
W075,Jilin,Omicron,26,1792.0,3061.5807066218795,3231.2468627108983
W075,Jilin,Omicron,27,1855.0,3033.563370461764,3276.5415308168676
W075,Jilin,Omicron,28,2158.0,2963.5262029638134,3266.242596430619
W075,Jilin,Omicron,29,2155.0,2855.7480250456892,3203.221632383759
W075,Jilin,Omicron,30,2210.0,2716.2669921295637,3093.361657090719
W075,Jilin,Omicron,31,2954.0,2552.207310024322,2944.6948914453874
W075,Jilin,Omicron,32,4427.0,2371.082461748548,2766.414090709254
W075,Jilin,Omicron,33,3510.0,2180.174335894985,2567.93079807708
W075,Jilin,Omicron,34,2398.0,1986.0549531382817,2358.105685975304
W075,Jilin,Omicron,35,2706.0,1794.2787333067206,2144.713425041466
W075,Jilin,Omicron,36,2383.0,1609.2395146135377,1934.1476304037853
W075,Jilin,Omicron,37,2205.0,1434.163965935602,1731.3320416198078
W075,Jilin,Omicron,38,902.0,1271.2027175181247,1539.7847217580365
W075,Jilin,Omicron,39,907.0,1121.5801602665094,1361.779099415747
W075,Jilin,Omicron,40,953.0,985.7697343731719,1198.5530823034157
W075,Jilin,Omicron,41,740.0,863.6701169980034,1050.5295015928832
W075,Jilin,Omicron,42,988.0,754.7664503053762,917.5236721664909
W075,Jilin,Omicron,43,785.0,658.2681552093,798.9245573834629
W075,Jilin,Omicron,44,435.0,573.2203861179294,693.8440261018408
W075,Jilin,Omicron,45,575.0,498.5898175127766,601.2340050517978
W075,Jilin,Omicron,46,656.0,433.3275317471854,519.9744238349589
W075,Jilin,Omicron,47,501.0,376.4127101633467,448.9363159314625
W075,Jilin,Omicron,48,446.0,326.88100409499896,387.0248292349157
W075,Jilin,Omicron,49,326.0,283.8411906919896,333.20665340835103
W075,Jilin,Omicron,50,324.0,246.48322625879317,286.52580340397816
W075,Jilin,Omicron,51,282.0,214.080245247165,246.1110145009816
W075,Jilin,Omicron,52,258.0,185.98650444487242,211.17732641649974
W075,Jilin,Omicron,53,196.0,161.63278505801372,181.02382635006202
W075,Jilin,Omicron,54,147.0,140.52035843809705,155.02900948938716
W075,Jilin,Omicron,55,126.0,122.21429578147578,132.64480441254236
W075,Jilin,Omicron,56,100.0,106.33665104683143,113.38999191257427
W075,Jilin,Omicron,57,127.0,92.55985857196006,96.84350571064218
W075,Jilin,Omicron,58,56.0,80.60055053207293,82.63792766767334
W075,Jilin,Omicron,59,42.0,70.21390331184371,70.4533646233356
W075,Jilin,Omicron,60,31.0,61.188556389194005,60.01180686823587
W075,Jilin,Omicron,61,20.0,53.3421044850347,51.0720095940623
W075,Jilin,Omicron,62,21.0,46.51713720538552,43.42490062512692
W075,Jilin,Omicron,63,40.0,40.57778533360715,36.88949428950255
W075,Jilin,Omicron,64,22.0,35.40672568032957,31.3092779263874
W075,Jilin,Omicron,65,14.0,30.90259430058675,26.549030944961512
W075,Jilin,Omicron,66,23.0,26.97775903152703,22.49203418149249
W075,Jilin,Omicron,67,21.0,23.556405355278375,19.03762788523314
W075,Jilin,Omicron,68,3.0,20.57289363912331,16.099078860187483
W075,Jilin,Omicron,69,6.0,17.970350246563005,13.601720336118724
W075,Jilin,Omicron,70,4.0,15.699459467480771,11.481331544919
W075,Jilin,Omicron,71,5.0,13.7174274521867,9.682727426229963
W075,Jilin,Omicron,72,0.0,11.987093229510394,8.15853219796426
W075,Jilin,Omicron,73,1.0,10.47616538521561,6.868113603832057
W075,Jilin,Omicron,74,2.0,9.156566062476694,5.776657445270565
W075,Jilin,Omicron,75,3.0,8.003866635239863,4.854364510398771
W075,Jilin,Omicron,76,11.0,6.996801726567135,4.075754233831257
W075,Jilin,Omicron,77,11.0,6.116850234097565,3.419061380868299
W075,Jilin,Omicron,78,19.0,5.347873723109213,2.865713768395894
W075,Jilin,Omicron,79,11.0,4.675803990282122,2.39988054240307
W075,Jilin,Omicron,80,7.0,4.088372824869188,2.008081850315918
W075,Jilin,Omicron,81,10.0,3.5748780302167074,1.678851899458486
W075,Jilin,Omicron,82,5.0,3.125980644625173,1.402448403165866
W075,Jilin,Omicron,83,8.0,2.733529042411211,1.1706022986400024
W075,Jilin,Omicron,84,7.0,2.390406223334186,0.9763023956193898
W075,Jilin,Omicron,85,6.0,2.09039713050122,0.813610292303976
W075,Jilin,Omicron,86,7.0,1.828073287450638,0.6775014903156773
W075,Jilin,Omicron,87,11.0,1.5986924285351611,0.5637291615906713
W075,Jilin,Omicron,88,10.0,1.3981111220471703,0.4687074775438287
W075,Jilin,Omicron,89,5.0,1.222708663631907,0.3894118119295802
W075,Jilin,Omicron,90,8.0,1.0693207541185648,0.32329348002808483
W075,Jilin,Omicron,91,7.0,0.9351816790270865,0.2682069851151707
W076,Hebei,Omicron,0,1.0,1.764531146417653,1.752559098232642
W076,Hebei,Omicron,1,5.0,3.2352416023568433,3.1322481477408255
W076,Hebei,Omicron,2,7.0,4.938675098486278,4.595969049692955
W076,Hebei,Omicron,3,14.0,7.213528162967288,6.367357713766519
W076,Hebei,Omicron,4,10.0,10.394153950349915,8.59349914539398
W076,Hebei,Omicron,5,4.0,14.885340554727936,11.396066231415347
W076,Hebei,Omicron,6,11.0,21.20977281560987,14.888898517722145
W076,Hebei,Omicron,7,15.0,30.038393021370307,19.181761492612434
W076,Hebei,Omicron,8,32.0,42.194680904477586,24.37778381190718
W076,Hebei,Omicron,9,44.0,58.60574380044863,30.567543089893643
W076,Hebei,Omicron,10,73.0,80.1548698903854,37.82115854486315
W076,Hebei,Omicron,11,213.0,107.38288186397469,46.17926440232734
W076,Hebei,Omicron,12,198.0,140.01891330907813,55.64369479249365
W076,Hebei,Omicron,13,277.0,176.43682125837506,66.168823549918
W076,Hebei,Omicron,14,216.0,213.33280956856075,77.65462974545422
W076,Hebei,Omicron,15,217.0,246.06289170293596,89.94261308613069
W076,Hebei,Omicron,16,269.0,269.8767232670819,102.8155986053375
W076,Hebei,Omicron,17,555.0,281.6279255020675,116.00220798805654
W076,Hebei,Omicron,18,407.0,280.9430572953427,129.18633019446364
W076,Hebei,Omicron,19,223.0,270.07237358495024,142.02133481745284
W076,Hebei,Omicron,20,192.0,252.6404221878139,154.1481202380394
W076,Hebei,Omicron,21,237.0,232.22147814184103,165.2154899728008
W076,Hebei,Omicron,22,312.0,211.47596588262425,174.9009270794131
W076,Hebei,Omicron,23,203.0,191.96470363483567,182.92968612375572
W076,Hebei,Omicron,24,146.0,174.36813527612736,189.09028960558402
W076,Hebei,Omicron,25,151.0,158.81336543083847,193.24497666477964
W076,Hebei,Omicron,26,114.0,145.1469545219096,195.3343179242471
W076,Hebei,Omicron,27,81.0,133.11102157278782,195.37595238326287
W076,Hebei,Omicron,28,83.0,122.43762551595363,193.45808480961196
W076,Hebei,Omicron,29,52.0,112.8900423983526,189.72889617941297
W076,Hebei,Omicron,30,68.0,104.27486171480422,184.3833048658192
W076,Hebei,Omicron,31,36.0,96.44036658355228,177.64856591516724
W076,Hebei,Omicron,32,111.0,89.26978844879292,169.77004803130654
W076,Hebei,Omicron,33,109.0,82.67363670760669,160.99824760382134
W076,Hebei,Omicron,34,109.0,76.58285652687753,151.57775788501374
W076,Hebei,Omicron,35,142.0,70.94334289358697,141.7385718708524
W076,Hebei,Omicron,36,163.0,65.71179436650553,131.68980411467194
W076,Hebei,Omicron,37,109.0,60.85269137695007,121.61569368667291
W076,Hebei,Omicron,38,87.0,56.336145346187024,111.67360397456117
W076,Hebei,Omicron,39,100.0,52.13639090750085,101.99365839594077
W076,Hebei,Omicron,40,44.0,48.230738766908026,92.67963055746061
W076,Hebei,Omicron,41,38.0,44.59885170790772,83.81072668967695
W076,Hebei,Omicron,42,31.0,41.22224398879179,75.44394190112547
W076,Hebei,Omicron,43,23.0,38.083933567277995,67.61672721686251
W076,Hebei,Omicron,44,17.0,35.16819810739711,60.349762147592756
W076,Hebei,Omicron,45,5.0,32.4604011137247,53.64968157816903
W076,Hebei,Omicron,46,0.0,29.94686531732819,47.51165268369055
W076,Hebei,Omicron,47,29.0,27.614777876340174,41.92173601607387
W076,Hebei,Omicron,48,62.0,25.452117031953666,36.85899484866163
W076,Hebei,Omicron,49,94.0,23.44759329866593,32.29733911594029
W076,Hebei,Omicron,50,78.0,21.59060058112808,28.20710601807124
W076,Hebei,Omicron,51,176.0,19.871174159011243,24.556389855776803
W076,Hebei,Omicron,52,117.0,18.279953514592624,21.312140130292228
W076,Hebei,Omicron,53,74.0,16.808148664640257,18.441050437798918
W076,Hebei,Omicron,54,51.0,15.447509113530895,15.910262069569233
W076,Hebei,Omicron,55,14.0,14.190294845423935,13.687906171660828
W076,Hebei,Omicron,56,11.0,13.029248971652542,11.74350732771235
W076,Hebei,Omicron,57,4.0,11.95757177963172,10.048269873069826
W076,Hebei,Omicron,58,2.0,10.968896014712021,8.575266386834809
W076,Hebei,Omicron,59,0.0,10.057263281575693,7.299545817104192
W076,Hebei,Omicron,60,4.0,9.217101487430899,6.198176690190161
W076,Hebei,Omicron,61,5.0,8.443203271841954,5.250238911666621
W076,Hebei,Omicron,62,28.0,7.730705382219748,4.436775831024599
W076,Hebei,Omicron,63,19.0,7.075068962612264,3.7407165387112604
W076,Hebei,Omicron,64,11.0,6.472060728516391,3.146776807684421
W076,Hebei,Omicron,65,3.0,5.9177350031786125,2.641345686119468
W076,Hebei,Omicron,66,2.0,5.408416592225287,2.2123634931846743
W076,Hebei,Omicron,67,1.0,4.9406844739288465,1.8491958614765924
W076,Hebei,Omicron,68,1.0,4.511356282387594,1.542507501407969
W076,Hebei,Omicron,69,5.0,4.117473560605862,1.284138526150922
W076,Hebei,Omicron,70,10.0,3.756287760052864,1.06698546142896
W076,Hebei,Omicron,71,5.0,3.4252469628712725,0.884888462355997
W076,Hebei,Omicron,72,2.0,3.1219833024940127,0.732525759233758
W076,Hebei,Omicron,73,9.0,2.84430105817363,0.6053159449887929
W076,Hebei,Omicron,74,4.0,2.590165398673286,0.4993283883792267
W076,Hebei,Omicron,75,2.0,2.3576917503061914,0.4112017988963271
W077,Zhejiang,Omicron,0,2.0,2.2811006599911687,2.4169099727215615
W077,Zhejiang,Omicron,1,0.0,2.7483016379948944,3.1189210023522795
W077,Zhejiang,Omicron,2,3.0,3.131070033631755,3.71497005836959
W077,Zhejiang,Omicron,3,1.0,3.4771725822533983,4.277574066254987
W077,Zhejiang,Omicron,4,4.0,3.8124839779718984,4.843571657718542
W077,Zhejiang,Omicron,5,1.0,4.151425784034806,5.4316903185522145
W077,Zhejiang,Omicron,6,3.0,4.50242625504286,6.051307643024082
W077,Zhejiang,Omicron,7,16.0,4.87078155654975,6.70683256452255
W077,Zhejiang,Omicron,8,25.0,5.260158795456693,7.399900300638989
W077,Zhejiang,Omicron,9,15.0,5.6733862785985565,8.130473320068067
W077,Zhejiang,Omicron,10,8.0,6.112867455309204,8.897394744543401
W077,Zhejiang,Omicron,11,38.0,6.580794456476601,9.698668833004366
W077,Zhejiang,Omicron,12,29.0,7.07925343081338,10.531607273737492
W077,Zhejiang,Omicron,13,31.0,7.610270020838159,11.392911688966478
W077,Zhejiang,Omicron,14,21.0,8.175820222185859,12.2787282136029
W077,Zhejiang,Omicron,15,21.0,8.777819642698793,13.18469241455597
W077,Zhejiang,Omicron,16,31.0,9.418097681142662,14.105973760078271
W077,Zhejiang,Omicron,17,18.0,10.098359695503232,15.037324113231481
W077,Zhejiang,Omicron,18,7.0,10.82013842317856,15.973132188190325
W077,Zhejiang,Omicron,19,5.0,11.58473501594385,16.907484502751352
W077,Zhejiang,Omicron,20,4.0,12.393149681029476,17.834232544696718
W077,Zhejiang,Omicron,21,1.0,13.246001883518458,18.74706537081382
W077,Zhejiang,Omicron,22,1.0,14.143440271866096,19.639586538105267
W077,Zhejiang,Omicron,23,5.0,15.085042897235034,20.50539405831506
W077,Zhejiang,Omicron,24,3.0,16.069708893431482,21.33816193511632
W077,Zhejiang,Omicron,25,11.0,17.095543561354464,22.131721771031053
W077,Zhejiang,Omicron,26,13.0,18.159739751409276,22.880142909433893
W077,Zhejiang,Omicron,27,24.0,19.258459539190948,23.577809600492852
W077,Zhejiang,Omicron,28,13.0,20.386721404510894,24.219493744574493
W077,Zhejiang,Omicron,29,25.0,21.538299386069657,24.8004218685867
W077,Zhejiang,Omicron,30,14.0,22.70564189716874,25.316335125674524
W077,Zhejiang,Omicron,31,16.0,23.87981892189942,25.76354127180713
W077,Zhejiang,Omicron,32,36.0,25.050507005328814,26.13895775871878
W077,Zhejiang,Omicron,33,63.0,26.206021621892024,26.440145285601993
W077,Zhejiang,Omicron,34,47.0,27.333405963713872,26.665331365809283
W077,Zhejiang,Omicron,35,42.0,28.418583763017388,26.813423683448793
W077,Zhejiang,Omicron,36,29.0,29.446581327546532,26.884013232097416
W077,Zhejiang,Omicron,37,38.0,30.401820487227482,26.877367438156753
W077,Zhejiang,Omicron,38,34.0,31.268479705263655,26.79441366934141
W077,Zhejiang,Omicron,39,25.0,32.03091542297702,26.636713709745617
W077,Zhejiang,Omicron,40,25.0,32.67413016305477,26.40642994293357
W077,Zhejiang,Omicron,41,15.0,33.18426852480468,26.10628412039428
W077,Zhejiang,Omicron,42,12.0,33.549117573026265,25.739509702237218
W077,Zhejiang,Omicron,43,12.0,33.75858487307917,25.309798838778516
W077,Zhejiang,Omicron,44,28.0,33.80512610896291,24.821245115166512
W077,Zhejiang,Omicron,45,68.0,33.684095218971144,24.27828320672566
W077,Zhejiang,Omicron,46,46.0,33.39399342311916,23.685626591338018
W077,Zhejiang,Omicron,47,51.0,32.9365992266036,23.048204438656725
W077,Zhejiang,Omicron,48,32.0,32.31696899262354,22.371098746599202
W077,Zhejiang,Omicron,49,56.0,31.543306266993657,21.65948272615137
W077,Zhejiang,Omicron,50,61.0,30.626706837218904,20.918561349138802
W077,Zhejiang,Omicron,51,34.0,29.580794626480902,20.153514873643598
W077,Zhejiang,Omicron,52,20.0,28.421270168365645,19.369446051556714
W077,Zhejiang,Omicron,53,38.0,27.16539800164235,18.571331605809956
W077,Zhejiang,Omicron,54,32.0,25.831461563285405,17.763978444435605
W077,Zhejiang,Omicron,55,22.0,24.438214032754235,16.95198495786443
W077,Zhejiang,Omicron,56,23.0,23.004351344464506,16.1397076276639
W077,Zhejiang,Omicron,57,25.0,21.548029687366004,15.331233061760974
W077,Zhejiang,Omicron,58,18.0,20.086444809844448,14.53035546525771
W077,Zhejiang,Omicron,59,18.0,18.63548492775169,13.740559458998687
W077,Zhejiang,Omicron,60,34.0,17.209463526434966,12.965008071495475
W077,Zhejiang,Omicron,61,20.0,15.820933286413457,12.206535654583806
W077,Zhejiang,Omicron,62,34.0,14.480578051905535,11.467645409931134
W077,Zhejiang,Omicron,63,24.0,13.197176375730285,10.750511162425456
W077,Zhejiang,Omicron,64,18.0,11.977627769817099,10.05698297748643
W077,Zhejiang,Omicron,65,27.0,10.827031330407625,9.388596192067064
W077,Zhejiang,Omicron,66,17.0,9.748805788034474,8.746583412924261
W077,Zhejiang,Omicron,67,9.0,8.74484011257614,8.13188902982457
W077,Zhejiang,Omicron,68,7.0,7.815664425309476,7.545185794711554
W077,Zhejiang,Omicron,69,20.0,6.960631976753854,6.9868930294167875
W077,Zhejiang,Omicron,70,4.0,6.178104198483761,6.457196043088497
W077,Zhejiang,Omicron,71,2.0,5.465632206641798,5.956066364931136
W077,Zhejiang,Omicron,72,3.0,4.8201295254939005,5.483282426929797
W077,Zhejiang,Omicron,73,0.0,4.2380321353659065,5.038450363803588
W077,Zhejiang,Omicron,74,1.0,3.715443176713309,4.621024632409127
W077,Zhejiang,Omicron,75,1.0,3.2482607260361047,4.230328189182036
W077,Zhejiang,Omicron,76,0.0,2.83228798095414,3.8655720010475125
W077,Zhejiang,Omicron,77,1.0,2.4633259449272455,3.5258737017234463
W077,Zhejiang,Omicron,78,2.0,2.1372492906471887,3.2102752408078765
W077,Zhejiang,Omicron,79,1.0,1.8500665159537655,2.9177594068728223
W077,Zhejiang,Omicron,80,1.0,1.597965803042983,2.6472651375291676
W077,Zhejiang,Omicron,81,4.0,1.3773481692950462,2.3977015587135844
W077,Zhejiang,Omicron,82,5.0,1.1848495760862015,2.167960722006659
W077,Zhejiang,Omicron,83,1.0,1.017353660168312,1.9569290324930393
W077,Zhejiang,Omicron,84,1.0,0.8719966893262607,1.7634973803908571
W077,Zhejiang,Omicron,85,2.0,0.7461662370117366,1.5865700074582862
W077,Zhejiang,Omicron,86,2.0,0.6374949344104058,1.4250721540560953
W078,Shaanxi,Omicron,0,2.0,2.267756342487388,3.711554036807976
W078,Shaanxi,Omicron,1,0.0,3.4067412725448762,6.944073885308761
W078,Shaanxi,Omicron,2,5.0,5.39457936303702,10.535960584251624
W078,Shaanxi,Omicron,3,17.0,8.532916784302362,14.946304271781182
W078,Shaanxi,Omicron,4,21.0,13.494833416329998,20.25725888258374
W078,Shaanxi,Omicron,5,18.0,21.07570473711364,26.142883209352323
W078,Shaanxi,Omicron,6,30.0,31.36091102852264,31.821104552856774
W078,Shaanxi,Omicron,7,43.0,42.221298998291886,36.19116469740352
W078,Shaanxi,Omicron,8,60.0,49.19315899982506,38.24465073791073
W078,Shaanxi,Omicron,9,53.0,49.03663731348076,37.55550970008597
W078,Shaanxi,Omicron,10,28.0,42.87275053086085,34.4752734737669
W078,Shaanxi,Omicron,11,26.0,34.266433155295516,29.88576294462734
W078,Shaanxi,Omicron,12,33.0,25.987154079131336,24.752974528329005
W078,Shaanxi,Omicron,13,11.0,19.17060258127735,19.80738611913295
W078,Shaanxi,Omicron,14,15.0,13.947900444535675,15.45655042333174
W078,Shaanxi,Omicron,15,14.0,10.078816339629983,11.847119412143938
W078,Shaanxi,Omicron,16,7.0,7.257839784560828,8.966628093958931
W078,Shaanxi,Omicron,17,3.0,5.216933345712688,6.726846389833843
W078,Shaanxi,Omicron,18,3.0,3.7461777470932276,5.015724638555875
W078,Shaanxi,Omicron,19,3.0,2.688505695853777,3.724229445905827
W078,Shaanxi,Omicron,20,3.0,1.92878343375252,2.7576081252915188
W078,Shaanxi,Omicron,21,6.0,1.383450381106188,2.0383584408310766
W078,Shaanxi,Omicron,22,0.0,0.9921705613917096,1.5053411190062784
W078,Shaanxi,Omicron,23,3.0,0.711498913362442,1.1114246824430605
W079,Gansu,Omicron,0,12.0,11.816481276946963,15.018855153388584
W079,Gansu,Omicron,1,11.0,13.177833011543848,19.731380934547026
W079,Gansu,Omicron,2,1.0,15.716310737347934,23.19126732179452
W079,Gansu,Omicron,3,77.0,18.56059115810902,25.911628359453168
W079,Gansu,Omicron,4,28.0,21.425441970661712,28.099490025137218
W079,Gansu,Omicron,5,43.0,24.2066411605486,29.827552581055183
W079,Gansu,Omicron,6,41.0,26.8333770442414,31.114070376578518
W079,Gansu,Omicron,7,27.0,29.22463325783456,31.96064430862148
W079,Gansu,Omicron,8,25.0,31.284380951236095,32.37000136049507
W079,Gansu,Omicron,9,20.0,32.911058047423346,32.353804858390475
W079,Gansu,Omicron,10,20.0,34.01188207868316,31.93524050257362
W079,Gansu,Omicron,11,25.0,34.51736951829402,31.148753787209092
W079,Gansu,Omicron,12,23.0,34.3929047717064,30.038230777171833
W079,Gansu,Omicron,13,44.0,33.64507637177158,28.654396218210042
W079,Gansu,Omicron,14,32.0,32.32166591295922,27.05193282367276
W079,Gansu,Omicron,15,33.0,30.505612636781276,25.28666387263755
W079,Gansu,Omicron,16,43.0,28.304570594696077,23.413028452297148
W079,Gansu,Omicron,17,29.0,25.838415664475132,21.481990945753267
W079,Gansu,Omicron,18,33.0,23.227084165505435,19.53945529049473
W079,Gansu,Omicron,19,40.0,20.58056411918197,17.625197759080784
W079,Gansu,Omicron,20,15.0,17.992018521817183,15.77228899646776
W079,Gansu,Omicron,21,12.0,15.534205446395196,14.00694625844073
W079,Gansu,Omicron,22,11.0,13.25876890976156,12.34873912316573
W079,Gansu,Omicron,23,10.0,11.19766628417467,10.811064672267506
W079,Gansu,Omicron,24,8.0,9.3659319759518,9.40180913128318
W079,Gansu,Omicron,25,9.0,7.765069320255725,8.124119952420903
W079,Gansu,Omicron,26,9.0,6.386529846106226,6.977223142757798
W079,Gansu,Omicron,27,7.0,5.214919912747071,5.957233386364949
W079,Gansu,Omicron,28,3.0,4.230733681754287,5.057917648035326
W079,Gansu,Omicron,29,4.0,3.412533597691916,4.271385352620959
W079,Gansu,Omicron,30,1.0,2.738583323393195,3.588689168896459
W080,Liaoning,Omicron,0,3.0,4.32974321271891,3.7531604910236824
W080,Liaoning,Omicron,1,8.0,6.717741069096958,5.029607187302315
W080,Liaoning,Omicron,2,2.0,9.078249687391608,6.134754746085267
W080,Liaoning,Omicron,3,3.0,11.729723111254868,7.204246220810517
W080,Liaoning,Omicron,4,3.0,14.86690268960375,8.306483779946628
W080,Liaoning,Omicron,5,2.0,18.623398459353005,9.476480605957235
W080,Liaoning,Omicron,6,3.0,23.091119096409574,10.732276776150314
W080,Liaoning,Omicron,7,9.0,28.316843542159408,12.082909970694015
W080,Liaoning,Omicron,8,33.0,34.28606097861775,13.532279032295321
W080,Liaoning,Omicron,9,44.0,40.9015112523668,15.081005482845294
W080,Liaoning,Omicron,10,156.0,47.964902868365506,16.727320778335855
W080,Liaoning,Omicron,11,125.0,55.17225911607265,18.46748446549755
W080,Liaoning,Omicron,12,128.0,62.13310958057301,20.295983404174955
W080,Liaoning,Omicron,13,160.0,68.41837011956267,22.205636966570204
W080,Liaoning,Omicron,14,144.0,73.63073171607053,24.187671071734385
W080,Liaoning,Omicron,15,246.0,77.47886671218451,26.23179278539316
W080,Liaoning,Omicron,16,150.0,79.83059668508233,28.32628128699396
W080,Liaoning,Omicron,17,143.0,80.72626598552147,30.458102587694768
W080,Liaoning,Omicron,18,186.0,80.34988439288088,32.613050704305735
W080,Liaoning,Omicron,19,145.0,78.97247959919144,34.775915205523894
W080,Liaoning,Omicron,20,106.0,76.88985063277588,36.93067324431026
W080,Liaoning,Omicron,21,125.0,74.37317646468014,39.0607029366634
W080,Liaoning,Omicron,22,73.0,71.6408070415697,41.149014035089834
W080,Liaoning,Omicron,23,55.0,68.84999630476115,43.17849117994434
W080,Liaoning,Omicron,24,49.0,66.10220484814774,45.13214455224074
W080,Liaoning,Omicron,25,61.0,63.45490192890527,46.993362480180515
W080,Liaoning,Omicron,26,56.0,60.93458222986966,48.74616046006295
W080,Liaoning,Omicron,27,45.0,58.5480657141154,50.37542113342689
W080,Liaoning,Omicron,28,39.0,56.29101547246002,51.86712000700493
W080,Liaoning,Omicron,29,57.0,54.153716771029686,53.208532097420935
W080,Liaoning,Omicron,30,49.0,52.12464549591759,54.38841521150101
W080,Liaoning,Omicron,31,22.0,50.19245631291374,55.39716621480343
W080,Liaoning,Omicron,32,37.0,48.3469407427274,56.226947371598705
W080,Liaoning,Omicron,33,25.0,46.57936804850058,56.87178063303203
W080,Liaoning,Omicron,34,12.0,44.8824895291746,57.327608579372075
W080,Liaoning,Omicron,35,12.0,43.25038241959986,57.59232155987869
W080,Liaoning,Omicron,36,25.0,41.67823603018915,57.66575139363199
W080,Liaoning,Omicron,37,32.0,40.16213490959478,57.54963277227269
W080,Liaoning,Omicron,38,33.0,38.69886472918123,57.24753421932314
W080,Liaoning,Omicron,39,21.0,37.28575006967875,56.76476109228026
W080,Liaoning,Omicron,40,28.0,35.92052465296478,56.10823364841889
W080,Liaoning,Omicron,41,8.0,34.601230584039726,55.286343622861445
W080,Liaoning,Omicron,42,9.0,33.326141778285205,54.308793081630974
W080,Liaoning,Omicron,43,17.0,32.09370668594658,53.18641951108248
W080,Liaoning,Omicron,44,9.0,30.902505961169414,51.931011189988105
W080,Liaoning,Omicron,45,6.0,29.751221460336023,50.55511686702617
W080,Liaoning,Omicron,46,4.0,28.638613694393698,49.07185364274855
W080,Liaoning,Omicron,47,2.0,27.56350551446279,47.49471674226023
W080,Liaoning,Omicron,48,5.0,26.524770350971217,45.83739457553794
W080,Liaoning,Omicron,49,3.0,25.521323755053483,44.11359213072978
W080,Liaoning,Omicron,50,64.0,24.552117320781843,42.33686534667763
W080,Liaoning,Omicron,51,102.0,23.61613431561025,40.52046867931117
W080,Liaoning,Omicron,52,55.0,22.712386531286935,38.67721762702482
W080,Liaoning,Omicron,53,91.0,21.839912003424296,36.81936752645249
W080,Liaoning,Omicron,54,85.0,20.997773346953387,34.95850948479386
W080,Liaoning,Omicron,55,47.0,20.185056526457835,33.10548388905045
W080,Liaoning,Omicron,56,96.0,19.400869932101763,31.270311535626142
W080,Liaoning,Omicron,57,82.0,18.644343669027805,29.462142063322137
W080,Liaoning,Omicron,58,128.0,17.914628994728897,27.689219054440777
W080,Liaoning,Omicron,59,100.0,17.210897857929393,25.958860896516263
W080,Liaoning,Omicron,60,61.0,16.532342506118198,24.277456273089136
W080,Liaoning,Omicron,61,99.0,15.878175138582774,22.650472976607382
W080,Liaoning,Omicron,62,85.0,15.247627588697455,21.082478608924745
W080,Liaoning,Omicron,63,50.0,14.639951024168635,19.577171652930947
W080,Liaoning,Omicron,64,53.0,14.054415657427306,18.137421359333285
W080,Liaoning,Omicron,65,60.0,13.49031046088589,16.76531489165208
W080,Liaoning,Omicron,66,85.0,12.94694288351101,15.46221020545376
W080,Liaoning,Omicron,67,58.0,12.423638566460902,14.228793199947043
W080,Liaoning,Omicron,68,33.0,11.919741056389626,13.065137766156715
W080,Liaoning,Omicron,69,18.0,11.43461151566336,11.970767460972278
W080,Liaoning,Omicron,70,11.0,10.967628429158259,10.944717655504977
W080,Liaoning,Omicron,71,0.0,10.518187307616218,9.98559713478501
W080,Liaoning,Omicron,72,1.0,10.085700387727993,9.09164825959322
W080,Liaoning,Omicron,73,3.0,9.669596329255947,8.260804936386082
W080,Liaoning,Omicron,74,2.0,9.269319909586121,7.490747774473758
W080,Liaoning,Omicron,75,4.0,8.884331716156854,6.778955938060029
W080,Liaoning,Omicron,76,1.0,8.514107837228426,6.122755322172163
W080,Liaoning,Omicron,77,0.0,8.158139551472738,5.519362794054557
W080,Liaoning,Omicron,78,0.0,7.815933016852242,4.965926344074921
W080,Liaoning,Omicron,79,11.0,7.487008959252267,4.4595610815951385
W080,Liaoning,Omicron,80,6.0,7.1709023613085305,3.9973810912799053
W080,Liaoning,Omicron,81,9.0,6.86716215184763,3.5765272337066683
W080,Liaoning,Omicron,82,11.0,6.575350896345121,3.1941910312247166
W080,Liaoning,Omicron,83,8.0,6.29504448877363,2.847634826108087
W080,Liaoning,Omicron,84,5.0,6.025831845188768,2.5342084338903828
W080,Liaoning,Omicron,85,12.0,5.767314599383011,2.2513625410769422
W080,Liaoning,Omicron,86,4.0,5.519106800903229,1.9966591141440084
W081,Heilongjiang,Omicron,0,15.0,14.405245033347205,15.782102215547727
W081,Heilongjiang,Omicron,1,9.0,13.824062991379199,17.048313601205393
W081,Heilongjiang,Omicron,2,10.0,13.831251492991766,18.014788588198392
W081,Heilongjiang,Omicron,3,3.0,14.145571862028124,18.805865086650453
W081,Heilongjiang,Omicron,4,3.0,14.61348397998394,19.4900687176527
W081,Heilongjiang,Omicron,5,17.0,15.155456708594713,20.104807878460047
W081,Heilongjiang,Omicron,6,15.0,15.73219954860152,20.67012832865884
W081,Heilongjiang,Omicron,7,26.0,16.325139860075517,21.196390891791808
W081,Heilongjiang,Omicron,8,29.0,16.92576038184792,21.688567495110338
W081,Heilongjiang,Omicron,9,51.0,17.530038383494432,22.148651820166254
W081,Heilongjiang,Omicron,10,63.0,18.135674833997,22.57701670264181
W081,Heilongjiang,Omicron,11,23.0,18.74078848149131,22.97318187353984
W081,Heilongjiang,Omicron,12,41.0,19.343350193449805,23.336250752864885
W081,Heilongjiang,Omicron,13,55.0,19.9409758163631,23.665160909848446
W081,Heilongjiang,Omicron,14,41.0,20.530883447967216,23.9588291541952
W081,Heilongjiang,Omicron,15,37.0,21.109920284231112,24.216236656327908
W081,Heilongjiang,Omicron,16,36.0,21.6746151000258,24.436479589117074
W081,Heilongjiang,Omicron,17,20.0,22.22123762669539,24.618799627107588
W081,Heilongjiang,Omicron,18,11.0,22.745858013801673,24.76260237895098
W081,Heilongjiang,Omicron,19,25.0,23.24440481357777,24.8674683131581
W081,Heilongjiang,Omicron,20,25.0,23.712721937071368,24.933158762881515
W081,Heilongjiang,Omicron,21,27.0,24.146625539512453,24.95961848776209
W081,Heilongjiang,Omicron,22,37.0,24.541961655853783,24.9469756512582
W081,Heilongjiang,Omicron,23,33.0,24.894665033513167,24.895539727340964
W081,Heilongjiang,Omicron,24,50.0,25.200819183522036,24.805797660930885
W081,Heilongjiang,Omicron,25,17.0,25.45671727262092,24.678408504190777
W081,Heilongjiang,Omicron,26,24.0,25.658923137941606,24.51419669739811
W081,Heilongjiang,Omicron,27,27.0,25.804331432796463,24.314144136828997
W081,Heilongjiang,Omicron,28,11.0,25.890225709007275,24.079381160526975
W081,Heilongjiang,Omicron,29,20.0,25.91433310785745,23.811176578926606
W081,Heilongjiang,Omicron,30,6.0,25.874874267113913,23.51092687705682
W081,Heilongjiang,Omicron,31,11.0,25.770607054026314,23.180144716141584
W081,Heilongjiang,Omicron,32,2.0,25.600862801265855,22.820446863565007
W081,Heilongjiang,Omicron,33,3.0,25.365573850422205,22.43354168065168
W081,Heilongjiang,Omicron,34,2.0,25.06529139028118,22.021216297139848
W081,Heilongjiang,Omicron,35,4.0,24.701192806989027,21.585323599431614
W081,Heilongjiang,Omicron,36,9.0,24.275078030978747,21.127769156624083
W081,Heilongjiang,Omicron,37,10.0,23.789354660217253,20.650498203987038
W081,Heilongjiang,Omicron,38,34.0,23.247011948923358,20.155482798030846
W081,Heilongjiang,Omicron,39,60.0,22.651584062927316,19.644709250692717
W081,Heilongjiang,Omicron,40,54.0,22.007103304917216,19.120165942614864
W081,Heilongjiang,Omicron,41,95.0,21.318044293345206,18.583831607097068
W081,Heilongjiang,Omicron,42,73.0,20.589260327375673,18.037664167263195
W081,Heilongjiang,Omicron,43,65.0,19.825913378304158,17.483590199408948
W081,Heilongjiang,Omicron,44,90.0,19.033399308676138,16.92349508556857
W081,Heilongjiang,Omicron,45,45.0,18.21727002936235,16.35921390818737
W081,Heilongjiang,Omicron,46,42.0,17.383154359743177,15.792523129568062
W081,Heilongjiang,Omicron,47,38.0,16.536679356658045,15.2251330886087
W081,Heilongjiang,Omicron,48,36.0,15.683393825538428,14.658681337379823
W081,Heilongjiang,Omicron,49,32.0,14.828695625570694,14.094726830451817
W081,Heilongjiang,Omicron,50,17.0,13.977764234698416,13.534744970641722
W081,Heilongjiang,Omicron,51,10.0,13.135499855877326,12.98012350612598
W081,Heilongjiang,Omicron,52,5.0,12.306470130371792,12.432159265734027
W081,Heilongjiang,Omicron,53,14.0,11.494865284895484,11.892055711754423
W081,Heilongjiang,Omicron,54,28.0,10.704462285433246,11.360921282812011
W081,Heilongjiang,Omicron,55,23.0,9.938598310314163,10.839768493344652
W081,Heilongjiang,Omicron,56,10.0,9.20015359718401,10.32951375095027
W081,Heilongjiang,Omicron,57,4.0,8.491543471351479,9.830977848399062
W081,Heilongjiang,Omicron,58,4.0,7.814719134346318,9.3448870834168
W081,Heilongjiang,Omicron,59,1.0,7.171176588409939,8.871874956421722
W081,Heilongjiang,Omicron,60,1.0,6.561972900763909,8.412484394241485
W082,Henan,Omicron,0,4.0,3.7775627828439036,4.294138336935359
W082,Henan,Omicron,1,1.0,3.5174102557071656,4.7882446965828365
W082,Henan,Omicron,2,1.0,3.4479888319728205,5.194536232091391
W082,Henan,Omicron,3,0.0,3.4897485384650224,5.558310015371719
W082,Henan,Omicron,4,0.0,3.595859817488913,5.904826045281865
W082,Henan,Omicron,5,1.0,3.740434130194364,6.248232138408187
W082,Henan,Omicron,6,0.0,3.910105943546078,6.59650369776476
W082,Henan,Omicron,7,0.0,4.098612453473707,6.9541774379272745
W082,Henan,Omicron,8,1.0,4.303537364390787,7.32386331545789
W082,Henan,Omicron,9,5.0,4.5244552408993295,7.7070794776090645
W082,Henan,Omicron,10,2.0,4.761921444371025,8.104711922244512
W082,Henan,Omicron,11,10.0,5.016947118258993,8.517265993268966
W082,Henan,Omicron,12,6.0,5.290740615445454,8.945002328094366
W082,Henan,Omicron,13,11.0,5.584589159015022,9.388008611855012
W082,Henan,Omicron,14,11.0,5.899810691300683,9.846235640364256
W082,Henan,Omicron,15,21.0,6.237738401571117,10.319513537605573
W082,Henan,Omicron,16,10.0,6.599718559116908,10.807556966573397
W082,Henan,Omicron,17,24.0,6.987112038907842,11.309964295957707
W082,Henan,Omicron,18,14.0,7.4012949887593456,11.826213544136532
W082,Henan,Omicron,19,11.0,7.843656595850967,12.355656742811329
W082,Henan,Omicron,20,36.0,8.315593076105642,12.8975137164842
W082,Henan,Omicron,21,34.0,8.818497494661685,13.45086592272924
W082,Henan,Omicron,22,20.0,9.35374518254222,14.014650809443786
W082,Henan,Omicron,23,18.0,9.92267452714716,14.587657045113902
W082,Henan,Omicron,24,20.0,10.52656287556401,15.168520925158454
W082,Henan,Omicron,25,22.0,11.166597246645976,15.755724228164684
W082,Henan,Omicron,26,31.0,11.843839524222757,16.34759377680996
W082,Henan,Omicron,27,33.0,12.559185813133274,16.94230294155806
W082,Henan,Omicron,28,36.0,13.313319691251548,17.537875306053824
W082,Henan,Omicron,29,19.0,14.106659192319688,18.13219068858998
W082,Henan,Omicron,30,18.0,14.939297514076479,18.722993682294483
W082,Henan,Omicron,31,5.0,15.810937671682376,19.30790483679942
W082,Henan,Omicron,32,4.0,16.720821614938597,19.884434555741013
W082,Henan,Omicron,33,14.0,17.66765470466409,20.449999727694944
W082,Henan,Omicron,34,14.0,18.649526900923227,21.00194304381466
W082,Henan,Omicron,35,46.0,19.663832550537144,21.53755488476606
W082,Henan,Omicron,36,26.0,20.707191263078442,22.05409758432607
W082,Henan,Omicron,37,24.0,21.775373013404103,22.548831799487754
W082,Henan,Omicron,38,21.0,22.86323127310545,23.01904463977027
W082,Henan,Omicron,39,10.0,23.96464860812684,23.462079134679705
W082,Henan,Omicron,40,24.0,25.072499726459473,23.87536455109864
W082,Henan,Omicron,41,16.0,26.178637346528777,24.25644701507768
W082,Henan,Omicron,42,26.0,27.27390640214961,24.60301984815448
W082,Henan,Omicron,43,17.0,28.348191918087153,24.912952999782203
W082,Henan,Omicron,44,41.0,29.39050530022352,25.184320946973237
W082,Henan,Omicron,45,32.0,30.38911272074051,25.41542844151863
W082,Henan,Omicron,46,23.0,31.331707705257987,25.60483351489035
W082,Henan,Omicron,47,17.0,32.20562795184892,25.751367201072483
W082,Henan,Omicron,48,17.0,32.99811389233582,25.854149506975165
W082,Henan,Omicron,49,17.0,33.696603667746665,25.912601246694884
W082,Henan,Omicron,50,6.0,34.28905621890172,25.92645145673977
W082,Henan,Omicron,51,5.0,34.76429133108713,25.89574022072686
W082,Henan,Omicron,52,9.0,35.11233299560887,25.82081684970856
W082,Henan,Omicron,53,5.0,35.3247406448593,25.702333483589
W082,Henan,Omicron,54,6.0,35.39491193719416,25.54123429539129
W082,Henan,Omicron,55,44.0,35.31834100342784,25.33874058891259
W082,Henan,Omicron,56,40.0,35.092817508932626,25.096332177511677
W082,Henan,Omicron,57,79.0,34.71855450296795,24.81572551397261
W082,Henan,Omicron,58,98.0,34.198236659869146,24.498849105973818
W082,Henan,Omicron,59,101.0,33.53698488771239,24.147816796939978
W082,Henan,Omicron,60,60.0,32.74223802409771,23.764899517237254
W082,Henan,Omicron,61,116.0,31.823557046633272,23.35249611597352
W082,Henan,Omicron,62,88.0,30.7923614944992,22.913103870177018
W082,Henan,Omicron,63,98.0,29.661611278783926,22.44928923763502
W082,Henan,Omicron,64,43.0,28.445449498803654,21.9636593746372
W082,Henan,Omicron,65,47.0,27.158823143070027,21.458834883084215
W082,Henan,Omicron,66,29.0,25.817098624993907,20.937424185986792
W082,Henan,Omicron,67,21.0,24.435688086201907,20.401999859408672
W082,Henan,Omicron,68,33.0,23.029700485069668,19.85507717542325
W082,Henan,Omicron,69,10.0,21.613628922042935,19.299095037454805
W082,Henan,Omicron,70,20.0,20.201082706515976,18.736399418894177
W082,Henan,Omicron,71,28.0,18.8045696036174,18.169229350152246
W082,Henan,Omicron,72,39.0,17.435330741551287,17.599705439921834
W082,Henan,Omicron,73,18.0,16.103227990666166,17.029820864480346
W082,Henan,Omicron,74,53.0,14.816681368186359,16.461434715049965
W082,Henan,Omicron,75,23.0,13.582652246429285,15.896267557823663
W082,Henan,Omicron,76,29.0,12.406666867537506,15.335899034161846
W082,Henan,Omicron,77,12.0,11.292873875032495,14.781767309314963
W082,Henan,Omicron,78,8.0,10.244129214266577,14.235170166201854
W082,Henan,Omicron,79,9.0,9.26210176463604,13.69726753553057
W082,Henan,Omicron,80,9.0,8.34739337223069,13.169085254008666
W082,Henan,Omicron,81,2.0,7.499667477314748,12.651519847626105
W082,Henan,Omicron,82,0.0,6.71778120582135,12.145344146113258
W082,Henan,Omicron,83,2.0,5.999916554873417,11.651213546762243
W083,Fujian,Omicron,0,2.0,4.634110050683485,4.941014727409829
W083,Fujian,Omicron,1,0.0,10.175112958046501,10.767173573673304
W083,Fujian,Omicron,2,10.0,17.871810710314158,18.05113757671888
W083,Fujian,Omicron,3,63.0,29.96316024526571,28.074659722956554
W083,Fujian,Omicron,4,36.0,49.09697186658721,41.66316819764369
W083,Fujian,Omicron,5,141.0,78.33629638650962,59.27100146726369
W083,Fujian,Omicron,6,190.0,120.14418509723814,80.83030403576532
W083,Fujian,Omicron,7,275.0,173.83037062413575,105.56059591802823
W083,Fujian,Omicron,8,263.0,232.11152095734496,131.88109907691017
W083,Fujian,Omicron,9,255.0,280.492889345761,157.53924570618352
W083,Fujian,Omicron,10,215.0,303.9465265800258,179.98999378543812
W083,Fujian,Omicron,11,267.0,297.3498267666896,196.93512723628757
W083,Fujian,Omicron,12,230.0,268.26521719423226,206.83018020677224
W083,Fujian,Omicron,13,169.0,229.4535239846567,209.1674173855773
W083,Fujian,Omicron,14,158.0,190.82741820195758,204.45324816810245
W083,Fujian,Omicron,15,265.0,157.15833662259863,193.93966249935076
W083,Fujian,Omicron,16,184.0,129.57769240706736,179.25142778609415
W083,Fujian,Omicron,17,125.0,107.53615726690718,162.04471779415667
W083,Fujian,Omicron,18,87.0,89.99780875697654,143.77300495996127
W083,Fujian,Omicron,19,134.0,75.95490740144074,125.57275106331915
W083,Fujian,Omicron,20,76.0,64.58457378124476,108.24306808113188
W083,Fujian,Omicron,21,71.0,55.26032052836322,92.28218792417898
W083,Fujian,Omicron,22,45.0,47.51856265351564,77.94872669844119
W083,Fujian,Omicron,23,31.0,41.018894401124435,65.32650724527137
W083,Fujian,Omicron,24,13.0,35.5103286993307,54.381730838950766
W083,Fujian,Omicron,25,22.0,30.80568885692096,45.00830340172638
W083,Fujian,Omicron,26,18.0,26.76314925958225,37.06114705643905
W083,Fujian,Omicron,27,11.0,23.273251540747058,30.37919115529707
W083,Fujian,Omicron,28,10.0,20.24987108175518,24.80030132013928
W083,Fujian,Omicron,29,8.0,17.62394913504378,20.170308245146778
W083,Fujian,Omicron,30,16.0,15.339131184830178,16.347933898450545
W083,Fujian,Omicron,31,26.0,13.348709379767293,13.206992756554381
W083,Fujian,Omicron,32,12.0,11.613455004462647,10.636866631081025
W083,Fujian,Omicron,33,18.0,10.10005928056068,8.541946670241472
W083,Fujian,Omicron,34,16.0,8.77999186887198,6.840507151035161
W083,Fujian,Omicron,35,69.0,7.62864835589415,5.463311785523725
W083,Fujian,Omicron,36,22.0,6.624699784618217,4.3521401173600305
W083,Fujian,Omicron,37,18.0,5.749585363265553,3.4583457524441403
W083,Fujian,Omicron,38,6.0,4.987108314217849,2.741508661917226
W083,Fujian,Omicron,39,0.0,4.323107449469333,2.168212290122887
W083,Fujian,Omicron,40,1.0,3.745185531894776,1.7109566971542796
W083,Fujian,Omicron,41,1.0,3.242481182080545,1.3472073009058927
W083,Fujian,Omicron,42,2.0,2.8054749402173913,1.058572146081059
W084,Chongqing,Omicron,0,9.0,10.179562777488822,8.695240392995732
W084,Chongqing,Omicron,1,7.0,11.070209998375507,10.523027599858604
W084,Chongqing,Omicron,2,12.0,10.588320401217688,10.565496804392794
W084,Chongqing,Omicron,3,12.0,9.428332146874082,9.607492881764557
W084,Chongqing,Omicron,4,5.0,8.001467191808965,8.184056546530384
W084,Chongqing,Omicron,5,16.0,6.554565980160472,6.660959382146621
W084,Chongqing,Omicron,6,3.0,5.2251036347131805,5.250910727531548
W084,Chongqing,Omicron,7,7.0,4.076969560243584,4.0483713334651865
W084,Chongqing,Omicron,8,2.0,3.1272887437525414,3.073606197532666
W084,Chongqing,Omicron,9,3.0,2.366268396908233,2.308918784923703
W084,Chongqing,Omicron,10,1.0,1.7709149472503072,1.721857087624687
W085,Anhui,Omicron,0,1.0,1.6336056863094541,1.7192007425077185
W085,Anhui,Omicron,1,12.0,2.7248865173979606,3.0034719868711046
W085,Anhui,Omicron,2,7.0,3.7500665176227805,4.29770515407657
W085,Anhui,Omicron,3,11.0,4.8441753106935534,5.77675130944116
W085,Anhui,Omicron,4,4.0,6.067074521784711,7.526674581245297
W085,Anhui,Omicron,5,15.0,7.449999583049691,9.593506142152249
W085,Anhui,Omicron,6,16.0,9.014254097070204,12.000242658695589
W085,Anhui,Omicron,7,10.0,10.779008989654166,14.752044061247526
W085,Anhui,Omicron,8,12.0,12.764453001937987,17.837282053761232
W085,Anhui,Omicron,9,11.0,14.992645519206986,21.227505683587186
W085,Anhui,Omicron,10,8.0,17.486982045363177,24.87761232886225
W085,Anhui,Omicron,11,25.0,20.270634121337856,28.72677002364526
W085,Anhui,Omicron,12,16.0,23.36410534463884,32.70028304366006
W085,Anhui,Omicron,13,18.0,26.78195908723445,36.71239113814246
W085,Anhui,Omicron,14,38.0,30.528766545879975,40.669860364059666
W085,Anhui,Omicron,15,18.0,34.5943909453833,44.476133333007446
W085,Anhui,Omicron,16,34.0,38.94887182267906,48.03575174785131
W085,Anhui,Omicron,17,67.0,43.53740006557632,51.258742658687325
W085,Anhui,Omicron,18,50.0,48.27615267795324,54.064669946769456
W085,Anhui,Omicron,19,56.0,53.05002147873677,56.386090122484255
W085,Anhui,Omicron,20,95.0,57.713416054787615,58.17121036951988
W085,Anhui,Omicron,21,70.0,62.095216530257424,59.38561911300465
W085,Anhui,Omicron,22,49.0,66.00848329876493,60.01303690216218
W085,Anhui,Omicron,23,56.0,69.2646744782497,60.055110179001296
W085,Anhui,Omicron,24,60.0,71.69100825537501,59.530335919815585
W085,Anhui,Omicron,25,69.0,73.14853756135479,58.47225637877795
W085,Anhui,Omicron,26,70.0,73.54787189463761,56.92709750774407
W085,Anhui,Omicron,27,44.0,72.85960568079723,54.95104139710995
W085,Anhui,Omicron,28,68.0,71.1174650279006,52.60732338511797
W085,Anhui,Omicron,29,61.0,68.41371079889686,49.96333078413305
W085,Anhui,Omicron,30,61.0,64.88794784399761,47.08785580536814
W085,Anhui,Omicron,31,50.0,60.711684625264056,44.048623934901784
W085,Anhui,Omicron,32,47.0,56.07146191536495,40.910184369755285
W085,Anhui,Omicron,33,44.0,51.153117034028845,37.73221441137346
W085,Anhui,Omicron,34,58.0,46.129002084495525,34.56825756106795
W085,Anhui,Omicron,35,58.0,41.14905255492386,31.464887359445214
W085,Anhui,Omicron,36,61.0,36.335778985112576,28.461266903207072
W085,Anhui,Omicron,37,48.0,31.78268028864163,25.589057916061996
W085,Anhui,Omicron,38,30.0,27.555282652821905,22.87262313195305
W085,Anhui,Omicron,39,28.0,23.69394318814229,20.329461023076792
W085,Anhui,Omicron,40,17.0,20.217642333629755,17.97081174158647
W085,Anhui,Omicron,41,15.0,17.12814710615666,15.802376562504572
W085,Anhui,Omicron,42,29.0,14.414102622349098,13.825099102293654
W085,Anhui,Omicron,43,10.0,12.054768780632035,12.035964183526586
W085,Anhui,Omicron,44,9.0,10.023247706713681,10.428778578050322
W085,Anhui,Omicron,45,15.0,8.289142530495104,8.99490629720133
W085,Anhui,Omicron,46,23.0,6.820652579281882,7.723939081150731
W085,Anhui,Omicron,47,19.0,5.586149959889185,6.604289904681195
W085,Anhui,Omicron,48,9.0,4.555303913654332,5.623703443736559
W085,Anhui,Omicron,49,0.0,3.6998277154127295,4.769682438868025
W085,Anhui,Omicron,50,1.0,2.9939226493848206,4.0298327480845035
W085,Anhui,Omicron,51,1.0,2.414488074279725,3.3921326732007278
W085,Anhui,Omicron,52,0.0,1.941158213096579,2.845133987810408
W085,Anhui,Omicron,53,0.0,1.556216758386595,2.378103134769317
W085,Anhui,Omicron,54,2.0,1.244430790331564,1.9811114491392314
W086,Jiangxi,Omicron,0,4.0,4.959966209447959,4.801011101451535
W086,Jiangxi,Omicron,1,1.0,6.531255292995144,6.144080512954874
W086,Jiangxi,Omicron,2,3.0,7.805346122037242,7.273680649111196
W086,Jiangxi,Omicron,3,1.0,8.951952270835491,8.327697057784334
W086,Jiangxi,Omicron,4,7.0,10.050832516101375,9.375493411119068
W086,Jiangxi,Omicron,5,36.0,11.138900704303444,10.451503515020041
W086,Jiangxi,Omicron,6,31.0,12.232704251131517,11.572049325887106
W086,Jiangxi,Omicron,7,34.0,13.339240487732619,12.743795531178401
W086,Jiangxi,Omicron,8,48.0,14.461165771779429,13.9680193269528
W086,Jiangxi,Omicron,9,58.0,15.599267200550784,15.24278122235037
W086,Jiangxi,Omicron,10,98.0,16.75358059987392,16.564042887369144
W086,Jiangxi,Omicron,11,69.0,17.923835319156634,17.926258963020796
W086,Jiangxi,Omicron,12,28.0,19.109567900002958,19.322709324453417
W086,Jiangxi,Omicron,13,12.0,20.310080076703503,20.745706932617544
W086,Jiangxi,Omicron,14,8.0,21.524332259527615,22.186749752163696
W086,Jiangxi,Omicron,15,6.0,22.750819716574966,23.63665113481175
W086,Jiangxi,Omicron,16,10.0,23.98745522458913,25.08566547769112
W086,Jiangxi,Omicron,17,12.0,25.23146935778816,26.523616771821917
W086,Jiangxi,Omicron,18,19.0,26.479332962125255,27.940032771348154
W086,Jiangxi,Omicron,19,44.0,27.726703127255384,29.324284870082618
W086,Jiangxi,Omicron,20,39.0,28.96839264630615,30.66573231725902
W086,Jiangxi,Omicron,21,43.0,30.198362658971845,31.953868603540677
W086,Jiangxi,Omicron,22,41.0,31.409738356523313,33.178467427140355
W086,Jiangxi,Omicron,23,35.0,32.59484794488859,34.329725466571006
W086,Jiangxi,Omicron,24,34.0,33.74528530549856,35.39839916593179
W086,Jiangxi,Omicron,25,36.0,34.85199684472036,36.37593283870695
W086,Jiangxi,Omicron,26,31.0,35.90539282431556,37.25457559077887
W086,Jiangxi,Omicron,27,29.0,36.89548300274674,38.02748483410194
W086,Jiangxi,Omicron,28,20.0,37.81203570610939,38.6888144937139
W086,Jiangxi,Omicron,29,20.0,38.644758526972865,39.23378638812757
W086,Jiangxi,Omicron,30,17.0,39.383497777113206,39.65874367262653
W086,Jiangxi,Omicron,31,21.0,40.018452668801395,39.96118566279889
W086,Jiangxi,Omicron,32,19.0,40.540399053359245,40.13978378831
W086,Jiangxi,Omicron,33,8.0,40.9409164965725,40.19437885158633
W086,Jiangxi,Omicron,34,3.0,41.21261161099186,40.125960170875715
W086,Jiangxi,Omicron,35,44.0,41.34932998220554,39.93662756139751
W086,Jiangxi,Omicron,36,51.0,41.34634879354486,39.629537442915996
W086,Jiangxi,Omicron,37,53.0,41.200542424172966,39.2088346496748
W086,Jiangxi,Omicron,38,45.0,40.9105138945825,38.679571753743055
W086,Jiangxi,Omicron,39,42.0,40.47668605489666,38.04761789189326
W086,Jiangxi,Omicron,40,45.0,39.90134781546543,37.319559207539356
W086,Jiangxi,Omicron,41,37.0,39.18865243497279,36.50259308324033
W086,Jiangxi,Omicron,42,130.0,38.34456681111882,35.60441834775489
W086,Jiangxi,Omicron,43,137.0,37.37677274693104,34.63312359806614
W086,Jiangxi,Omicron,44,96.0,36.29452316740727,33.597075685927706
W086,Jiangxi,Omicron,45,89.0,35.10845811429521,32.50481028605904
W086,Jiangxi,Omicron,46,80.0,33.83038694177198,31.364926295690413
W086,Jiangxi,Omicron,47,70.0,32.47304438431365,30.185985619717343
W086,Jiangxi,Omicron,48,62.0,31.049829009407688,28.976419679508737
W086,Jiangxi,Omicron,49,37.0,29.57453297188934,27.744443753641637
W086,Jiangxi,Omicron,50,34.0,28.061071954319274,26.49798002244771
W086,Jiangxi,Omicron,51,48.0,26.52322373775549,25.244589951786896
W086,Jiangxi,Omicron,52,41.0,24.974383051574314,23.99141642081842
W086,Jiangxi,Omicron,53,17.0,23.427339268730645,22.745135778922855
W086,Jiangxi,Omicron,54,10.0,21.894082223418295,21.511919812724834
W086,Jiangxi,Omicron,55,8.0,20.38564001462635,20.29740741890609
W086,Jiangxi,Omicron,56,10.0,18.91195120261262,19.10668561486566
W086,Jiangxi,Omicron,57,35.0,17.481772380115114,17.944279379035606
W086,Jiangxi,Omicron,58,44.0,16.102620770095196,16.81414969686029
W086,Jiangxi,Omicron,59,14.0,14.780750318419456,15.719699097233676
W086,Jiangxi,Omicron,60,10.0,13.521158750896806,14.663783897214662
W086,Jiangxi,Omicron,61,5.0,12.327622273503309,13.648732329011539
W086,Jiangxi,Omicron,62,2.0,11.202754023300141,12.67636770105593
W087,Hubei,Omicron,0,2.0,2.0558927084676406,2.8908791515526704
W087,Hubei,Omicron,1,0.0,2.473400536475256,4.354397458242906
W087,Hubei,Omicron,2,1.0,3.145822773269698,5.5786020336274404
W087,Hubei,Omicron,3,5.0,3.961072230336454,6.714030131566735
W087,Hubei,Omicron,4,5.0,4.90209914144901,7.80577737601824
W087,Hubei,Omicron,5,11.0,5.980686710645556,8.8531075936728
W087,Hubei,Omicron,6,18.0,7.209428484891602,9.835682588063019
W087,Hubei,Omicron,7,9.0,8.588676708121112,10.726115361565498
W087,Hubei,Omicron,8,16.0,10.098303016434954,11.49663914553548
W087,Hubei,Omicron,9,6.0,11.691510891970255,12.12298957828033
W087,Hubei,Omicron,10,4.0,13.291652497546607,12.586732088804087
W087,Hubei,Omicron,11,3.0,14.794656907882553,12.876536875888334
W087,Hubei,Omicron,12,2.0,16.07946197218919,12.98863627508707
W087,Hubei,Omicron,13,17.0,17.0265300224086,12.926617359870244
W087,Hubei,Omicron,14,33.0,17.54071841163775,12.700689331486045
W087,Hubei,Omicron,15,37.0,17.571500118925588,12.326570307184353
W087,Hubei,Omicron,16,45.0,17.123295462617815,11.824140636058532
W087,Hubei,Omicron,17,42.0,16.252332331008603,11.216002721155588
W087,Hubei,Omicron,18,30.0,15.052013711758322,10.526070010310855
W087,Hubei,Omicron,19,41.0,13.632853544843721,9.778282912068534
W087,Hubei,Omicron,20,12.0,12.103625239345178,8.995520568399579
W087,Hubei,Omicron,21,11.0,10.558044881673663,8.198748296355731
W087,Hubei,Omicron,22,14.0,9.068151692706563,7.406414043287454
W087,Hubei,Omicron,23,4.0,7.683255767105137,6.6340853797066845
W087,Hubei,Omicron,24,3.0,6.432415494140098,5.894302392838184
W087,Hubei,Omicron,25,0.0,5.328530502361412,5.196611498994298
W087,Hubei,Omicron,26,3.0,4.372708051377482,4.5477401741328505
W087,Hubei,Omicron,27,4.0,3.5581613282729063,3.9518720063240953
W087,Hubei,Omicron,28,2.0,2.873343421492551,3.4109842024126595
W087,Hubei,Omicron,29,3.0,2.3042861079606527,2.9252146149544704
W087,Hubei,Omicron,30,2.0,1.8362402056271057,2.493231480391245
W087,Hubei,Omicron,31,0.0,1.4547568979614065,2.1125855402753393
W087,Hubei,Omicron,32,7.0,1.1463481015670083,1.7800304289021154
W087,Hubei,Omicron,33,1.0,0.8988442347353247,1.4918027355232508
W088,Shanxi,Omicron,0,3.0,2.8669052059762414,3.4489913881520975
W088,Shanxi,Omicron,1,1.0,2.8177532583538567,4.199293936457477
W088,Shanxi,Omicron,2,2.0,2.9984902472202632,4.81913522930842
W088,Shanxi,Omicron,3,0.0,3.3285881251274003,5.380708535142689
W088,Shanxi,Omicron,4,0.0,3.771749196466998,5.919569223174682
W088,Shanxi,Omicron,5,1.0,4.32018992090599,6.451580144971645
W088,Shanxi,Omicron,6,5.0,4.983565727460458,6.981709550757627
W088,Shanxi,Omicron,7,6.0,5.782183996823256,7.508642515415657
W088,Shanxi,Omicron,8,8.0,6.7428427796999255,8.027257281897937
W088,Shanxi,Omicron,9,8.0,7.8955549105976255,8.530035211529917
W088,Shanxi,Omicron,10,8.0,9.269561135796828,9.007961187660614
W088,Shanxi,Omicron,11,11.0,10.88713851071406,9.45120052044136
W088,Shanxi,Omicron,12,7.0,12.753912797476863,9.849691578912436
W088,Shanxi,Omicron,13,4.0,14.845120135618306,10.193711003264317
W088,Shanxi,Omicron,14,3.0,17.08916430665732,10.474420648994283
W088,Shanxi,Omicron,15,4.0,19.35329732071524,10.684377998538627
W088,Shanxi,Omicron,16,8.0,21.44050856155981,10.817977988310293
W088,Shanxi,Omicron,17,53.0,23.108539356631336,10.871790890363048
W088,Shanxi,Omicron,18,24.0,24.116382446277004,10.844766058745252
W088,Shanxi,Omicron,19,44.0,24.288772526106776,10.738282933024776
W088,Shanxi,Omicron,20,59.0,23.572656458593038,10.55604611480224
W088,Shanxi,Omicron,21,33.0,22.056668404143952,10.303837643780248
W088,Shanxi,Omicron,22,29.0,19.94272667779655,9.989153910328072
W088,Shanxi,Omicron,23,31.0,17.485576011878127,9.620764667268663
W088,Shanxi,Omicron,24,19.0,14.930010658991588,9.208236076204184
W088,Shanxi,Omicron,25,10.0,12.468808177617381,8.76145853990683
W088,Shanxi,Omicron,26,5.0,10.227627238478382,8.290214155248156
W088,Shanxi,Omicron,27,7.0,8.270237029575643,7.803809565613075
W088,Shanxi,Omicron,28,1.0,6.613558072359466,7.310789623169826
W088,Shanxi,Omicron,29,1.0,5.244259879760204,6.818737248140048
W088,Shanxi,Omicron,30,1.0,4.132594810887377,6.334156418860979
W089,Hainan,Omicron,0,2.0,2.710480784681227,3.8149430069992847
W089,Hainan,Omicron,1,4.0,4.747619484890521,6.458354576940352
W089,Hainan,Omicron,2,4.0,6.95317480847925,8.201092208695599
W089,Hainan,Omicron,3,13.0,8.932688475515597,9.273336469197718
W089,Hainan,Omicron,4,9.0,10.36068779353598,9.723373794320834
W089,Hainan,Omicron,5,26.0,10.959728132965695,9.615317352444205
W089,Hainan,Omicron,6,2.0,10.666889954576863,9.06013189392362
W089,Hainan,Omicron,7,31.0,9.667825355848592,8.196478026872015
W089,Hainan,Omicron,8,11.0,8.273661283556532,7.163071386913056
W089,Hainan,Omicron,9,5.0,6.774199838140513,6.078102308698689
W089,Hainan,Omicron,10,3.0,5.364776342248525,5.029337309353688
W089,Hainan,Omicron,11,5.0,4.144084776896492,4.073115789312319
W089,Hainan,Omicron,12,5.0,3.142024740254618,3.238784219539499
W089,Hainan,Omicron,13,3.0,2.3491490683658296,2.535389991619655
W089,Hainan,Omicron,14,1.0,1.7379384204406514,1.9584591724379063
W089,Hainan,Omicron,15,0.0,1.2755879788055933,1.4957066117744098
W089,Hainan,Omicron,16,1.0,0.9306632867354199,1.1312847522115512
W089,Hainan,Omicron,17,2.0,0.675971577541581,0.8486264518472989
W090,Xinjiang,Omicron,0,2.0,3.9109543148975416,4.808283408564129
W090,Xinjiang,Omicron,1,24.0,20.95888866049146,8.416915941970716
W090,Xinjiang,Omicron,2,13.0,9.272717071130609,10.068842168463819
W090,Xinjiang,Omicron,3,9.0,7.813800286385724,10.280671870498852
W090,Xinjiang,Omicron,4,5.0,6.8961555060168545,9.520513195738088
W090,Xinjiang,Omicron,5,6.0,6.18551305485403,8.265351366214789
W090,Xinjiang,Omicron,6,9.0,5.545156789171346,6.869940005042538
W090,Xinjiang,Omicron,7,7.0,4.928103637990049,5.541036680977879
W090,Xinjiang,Omicron,8,4.0,4.326625487323275,4.374367725397675
W090,Xinjiang,Omicron,9,1.0,3.7481639087008247,3.3988340045829197
W090,Xinjiang,Omicron,10,2.0,3.203912463636876,2.608624764648204
W090,Xinjiang,Omicron,11,5.0,2.703710870318563,1.9825646042836407
W090,Xinjiang,Omicron,12,3.0,2.254144275276564,1.4946160854120152
W091,Sichuan,Omicron,0,3.0,4.330207440156673,4.450090693660036
W091,Sichuan,Omicron,1,3.0,6.268825232200486,6.359726199493707
W091,Sichuan,Omicron,2,1.0,7.4460007115585904,7.295117531037706
W091,Sichuan,Omicron,3,10.0,8.007435462186288,7.58469250380308
W091,Sichuan,Omicron,4,16.0,8.002580011973906,7.402855749218511
W091,Sichuan,Omicron,5,16.0,7.520930035233644,6.888249054644312
W091,Sichuan,Omicron,6,12.0,6.709731005596818,6.165784761325429
W091,Sichuan,Omicron,7,8.0,5.734941679188196,5.343149517455674
W091,Sichuan,Omicron,8,4.0,4.737580618331103,4.504857202676469
W091,Sichuan,Omicron,9,2.0,3.812136598271745,3.710161848420539
W091,Sichuan,Omicron,10,3.0,3.0072727859757054,2.995033626761429
W091,Sichuan,Omicron,11,1.0,2.3377421379410293,2.3765855477243187
W091,Sichuan,Omicron,12,2.0,1.797860311589404,1.8582817864928431
W091,Sichuan,Omicron,13,3.0,1.372005850179085,1.434785102687445
W091,Sichuan,Omicron,14,0.0,1.041329834582888,1.09587428530541
W091,Sichuan,Omicron,15,1.0,0.7874322227251823,0.8292857645715749
W092,Shaanxi,Omicron,0,3.0,2.709765113424898,2.960796610138605
W092,Shaanxi,Omicron,1,1.0,2.4117952577447874,2.895715797494095
W092,Shaanxi,Omicron,2,0.0,2.370526211047314,2.844448421839287
W092,Shaanxi,Omicron,3,2.0,2.4430857762547613,2.8015023788860116
W092,Shaanxi,Omicron,4,0.0,2.5556818425700953,2.7636187803476755
W092,Shaanxi,Omicron,5,14.0,2.6727856700236856,2.7288634065271835
W092,Shaanxi,Omicron,6,6.0,2.777824303844148,2.6960877991261487
W092,Shaanxi,Omicron,7,2.0,2.8629103016881086,2.6646096032596094
W092,Shaanxi,Omicron,8,7.0,2.9239498808656688,2.6340229569719686
W092,Shaanxi,Omicron,9,0.0,2.9585783577990568,2.6040860192498343
W092,Shaanxi,Omicron,10,2.0,2.9654537382865853,2.5746542537669432
W092,Shaanxi,Omicron,11,4.0,2.944128510477732,2.545640853577642
W092,Shaanxi,Omicron,12,7.0,2.8951041015472234,2.5169932652109113
W092,Shaanxi,Omicron,13,2.0,2.8198781335897274,2.4886792626809595
W092,Shaanxi,Omicron,14,5.0,2.7209060176899915,2.46067868642846
W092,Shaanxi,Omicron,15,2.0,2.601460988962974,2.4329785426915764
W092,Shaanxi,Omicron,16,5.0,2.465411773223451,2.4055700963033297
W092,Shaanxi,Omicron,17,4.0,2.3169540907810084,2.3784471460150622
W092,Shaanxi,Omicron,18,0.0,2.1603360020034637,2.3516050013179273
W092,Shaanxi,Omicron,19,2.0,1.9996115817528481,2.3250398754119277
W093,Qinghai,Omicron,0,3.0,5.471214756718596,4.769692145384425
W093,Qinghai,Omicron,1,11.0,8.411749982917776,7.184717680897966
W093,Qinghai,Omicron,2,14.0,9.43213353086236,8.517056760508089
W093,Qinghai,Omicron,3,10.0,9.370981365952808,9.110445768941466
W093,Qinghai,Omicron,4,4.0,8.818500234684262,9.130708172695899
W093,Qinghai,Omicron,5,10.0,8.097818351814668,8.719964701419588
W093,Qinghai,Omicron,6,15.0,7.330405967850613,8.017635744873452
W093,Qinghai,Omicron,7,2.0,6.5549598768647,7.149595665077257
W093,Qinghai,Omicron,8,2.0,5.7902628598242325,6.217527820403237
W093,Qinghai,Omicron,9,13.0,5.0524323343219,5.295367851780945
W093,Qinghai,Omicron,10,13.0,4.356104589718559,4.431399926994491
W093,Qinghai,Omicron,11,7.0,3.7129027910497303,3.6530989750573295
W093,Qinghai,Omicron,12,0.0,3.130539966859555,2.9725561436083607
W093,Qinghai,Omicron,13,4.0,2.6127980206069883,2.3913466637123655
W093,Qinghai,Omicron,14,2.0,2.1600449238960415,1.9044220972499906
W094,Hunan,Omicron,0,2.0,1.8329166871622027,2.0549073643250457
W094,Hunan,Omicron,1,0.0,1.6990593079328424,2.1338030672317583
W094,Hunan,Omicron,2,0.0,1.7435135465722724,2.1790726538800658
W094,Hunan,Omicron,3,1.0,1.8643516773442366,2.201659889159643
W094,Hunan,Omicron,4,1.0,2.010471688908705,2.20782719176309
W094,Hunan,Omicron,5,0.0,2.1573232965373084,2.2012466239071857
W094,Hunan,Omicron,6,1.0,2.2924235960543946,2.1841644981687627
W094,Hunan,Omicron,7,3.0,2.40812685382286,2.1580507010860277
W094,Hunan,Omicron,8,3.0,2.4985847601384017,2.1239601520423723
W094,Hunan,Omicron,9,3.0,2.558871852952724,2.0827327580354194
W094,Hunan,Omicron,10,9.0,2.5851170569968813,2.035102399356476
W094,Hunan,Omicron,11,4.0,2.5749873753109243,1.9817545169726192
W094,Hunan,Omicron,12,12.0,2.528142285285066,1.9233546263008725
W094,Hunan,Omicron,13,2.0,2.4464439114793604,1.8605604343956692
W094,Hunan,Omicron,14,2.0,2.333836883886656,1.7940248144253277
W094,Hunan,Omicron,15,1.0,2.1959207523040067,1.724393825555309
W094,Hunan,Omicron,16,2.0,2.0393172025147837,1.6523022209414977
W094,Hunan,Omicron,17,2.0,1.870970658449202,1.5783678834798311
W094,Hunan,Omicron,18,2.0,1.697512444313378,1.503186045087257
W094,Hunan,Omicron,19,1.0,1.5247783208078705,1.427323799383283
W094,Hunan,Omicron,20,0.0,1.3575171344365389,1.351315207818985
W094,Hunan,Omicron,21,0.0,1.1992826095284086,1.275657168162028
W094,Hunan,Omicron,22,2.0,1.0524709713399,1.2008061293857843
W094,Hunan,Omicron,23,2.0,0.9184555278565457,1.1271756800942918
W094,Hunan,Omicron,24,2.0,0.7977714006787634,1.055134998231666
W094,Hunan,Omicron,25,0.0,0.690313280690522,0.9850081220184187
W094,Hunan,Omicron,26,1.0,0.5955211594209193,0.9170739823707609
W095,Beijing,Omicron,0,3.0,3.8220749581670175,3.902509278244545
W095,Beijing,Omicron,1,2.0,5.273000816200179,5.466369702945308
W095,Beijing,Omicron,2,2.0,6.627289523298322,6.887813719870791
W095,Beijing,Omicron,3,1.0,8.048972526456286,8.342637420779573
W095,Beijing,Omicron,4,1.0,9.636368628490672,9.926043450172122
W095,Beijing,Omicron,5,6.0,11.455311847012233,11.693914711411129
W095,Beijing,Omicron,6,22.0,13.554478977891284,13.68200169207609
W095,Beijing,Omicron,7,19.0,15.97122016765927,15.914402194077205
W095,Beijing,Omicron,8,32.0,18.732077402339165,18.406755800870524
W095,Beijing,Omicron,9,37.0,21.850175062334948,21.16676730082925
W095,Beijing,Omicron,10,50.0,25.320861899203944,24.193359051254156
W095,Beijing,Omicron,11,49.0,29.116829871734694,27.475153900940366
W095,Beijing,Omicron,12,52.0,33.184084262062626,30.988737042674366
W095,Beijing,Omicron,13,59.0,37.440288365998335,34.69705570877668
W095,Beijing,Omicron,14,39.0,41.776857035878294,38.548295732195186
W095,Beijing,Omicron,15,59.0,46.06550771096969,42.475568853236126
W095,Beijing,Omicron,16,51.0,50.16880599911352,46.397717958139665
W095,Beijing,Omicron,17,50.0,53.95291434890974,50.22147447518037
W095,Beijing,Omicron,18,72.0,57.29986462405611,53.845070277664895
W095,Beijing,Omicron,19,49.0,60.11674259597152,57.16321868814062
W095,Beijing,Omicron,20,62.0,62.340244140886874,60.07315725056479
W095,Beijing,Omicron,21,44.0,63.93662297540317,62.48122811628963
W095,Beijing,Omicron,22,71.0,64.89833328788352,64.30930967493093
W095,Beijing,Omicron,23,35.0,65.23916032935799,65.50035195836429
W095,Beijing,Omicron,24,45.0,64.98932837069836,66.02233639308528
W095,Beijing,Omicron,25,47.0,64.19137075237231,65.8701753672569
W095,Beijing,Omicron,26,55.0,62.89688782287164,65.06535343920198
W095,Beijing,Omicron,27,34.0,61.16395236552453,63.65343005965611
W095,Beijing,Omicron,28,49.0,59.054856107485385,61.699806564299955
W095,Beijing,Omicron,29,44.0,56.63399951708132,59.28435341230648
W095,Beijing,Omicron,30,60.0,53.965874447184056,56.49556913451456
W095,Beijing,Omicron,31,53.0,51.11319376216954,53.42490276781907
W095,Beijing,Omicron,32,56.0,48.13526182557742,50.161744108655824
W095,Beijing,Omicron,33,68.0,45.08666850694715,46.78941130317411
W095,Beijing,Omicron,34,60.0,42.016352132705926,43.382283685447156
W095,Beijing,Omicron,35,96.0,38.967034717593116,40.004070719325604
W095,Beijing,Omicron,36,46.0,35.97499836665624,36.70709323295789
W095,Beijing,Omicron,37,43.0,33.0701496385647,33.53238564379329
W095,Beijing,Omicron,38,43.0,30.276308628133513,30.51040268121163
W095,Beijing,Omicron,39,27.0,27.61165893017564,27.662121037276627
W095,Beijing,Omicron,40,23.0,25.089300278595704,25.000353759310823
W095,Beijing,Omicron,41,19.0,22.71785465196122,22.53113254569988
W095,Beijing,Omicron,42,11.0,20.502086833829193,20.255052407358615
W095,Beijing,Omicron,43,18.0,18.443510370255016,18.168509185797067
W095,Beijing,Omicron,44,14.0,16.540958742151158,16.26479040507925
W096,Sichuan,Omicron,0,1.0,1.127846284820494,1.4273153244734587
W096,Sichuan,Omicron,1,3.0,1.409322347663029,2.163777944535035
W096,Sichuan,Omicron,2,1.0,1.7306296847302236,2.8384458170650357
W096,Sichuan,Omicron,3,2.0,2.1027234307472926,3.5363149544393466
W096,Sichuan,Omicron,4,5.0,2.5423889171978447,4.2967266554754024
W096,Sichuan,Omicron,5,36.0,3.069436802040334,5.137166228590405
W096,Sichuan,Omicron,6,10.0,3.7061815089038195,6.063417258753663
W096,Sichuan,Omicron,7,6.0,4.4775978780861045,7.073833421518095
W096,Sichuan,Omicron,8,1.0,5.411406216683129,8.161112598983207
W096,Sichuan,Omicron,9,2.0,6.537648007733328,9.31308248386609
W096,Sichuan,Omicron,10,1.0,7.887370077230429,10.513188026073067
W096,Sichuan,Omicron,11,0.0,9.489995844185085,11.741001593784778
W096,Sichuan,Omicron,12,3.0,11.368940960424794,12.972898555350687
W096,Sichuan,Omicron,13,1.0,13.535144386340214,14.18294447780373
W096,Sichuan,Omicron,14,0.0,15.978575273813075,15.343979793377908
W096,Sichuan,Omicron,15,3.0,18.65856964768438,16.428846269322786
W096,Sichuan,Omicron,16,9.0,21.495051106627315,17.41167177933678
W096,Sichuan,Omicron,17,25.0,24.3639879194163,18.269115254093773
W096,Sichuan,Omicron,18,96.0,27.101080689382393,18.98147273899353
W096,Sichuan,Omicron,19,91.0,29.516636481549018,19.533557690734806
W096,Sichuan,Omicron,20,207.0,31.421277899061632,19.915291776943032
W096,Sichuan,Omicron,21,88.0,32.65736738298029,20.12197267690997
W096,Sichuan,Omicron,22,87.0,33.12724744890666,20.15421794896866
W096,Sichuan,Omicron,23,199.0,32.809329872384815,20.017614154888125
W096,Sichuan,Omicron,24,148.0,31.757401983808705,19.72212422225273
W096,Sichuan,Omicron,25,122.0,30.08493001278456,19.281321089544686
W096,Sichuan,Omicron,26,94.0,27.940976432605535,18.711521336190312
W096,Sichuan,Omicron,27,44.0,25.485446944634774,18.030889609992798
W096,Sichuan,Omicron,28,29.0,22.86925628097454,17.258575174802395
W096,Sichuan,Omicron,29,35.0,20.221708826340066,16.41392828557665
W096,Sichuan,Omicron,30,8.0,17.64472914071222,15.515828829472904
W096,Sichuan,Omicron,31,12.0,15.212228984289505,14.582144834858594
W096,Sichuan,Omicron,32,8.0,12.972650558209523,13.629325529858747
W096,Sichuan,Omicron,33,3.0,10.953067056735138,12.67212346716124
W096,Sichuan,Omicron,34,4.0,9.163729805699111,11.723433090003402
W096,Sichuan,Omicron,35,0.0,7.60240391577353,10.7942288336425
W096,Sichuan,Omicron,36,1.0,6.258161488613196,9.893584005430318
W096,Sichuan,Omicron,37,3.0,5.114509537336907,9.028751707855488
W097,Xinjiang,Omicron,0,2.0,7.85684557669358,9.365741032450105
W097,Xinjiang,Omicron,1,18.0,18.250567873425872,23.679334215474398
W097,Xinjiang,Omicron,2,42.0,24.708024195159492,33.31987563810382
W097,Xinjiang,Omicron,3,48.0,23.752618920479037,31.64972839504559
W097,Xinjiang,Omicron,4,39.0,18.70605170241321,24.394099019801594
W097,Xinjiang,Omicron,5,26.0,13.702179562614056,17.69810780476413
W097,Xinjiang,Omicron,6,11.0,9.861312669104882,12.703424026726616
W097,Xinjiang,Omicron,7,4.0,7.0722772894847425,9.104605168030938
W097,Xinjiang,Omicron,8,0.0,5.068592328545036,6.523982204577019
W097,Xinjiang,Omicron,9,3.0,3.6320374037310534,4.674677120806294
W098,Qinghai,Omicron,0,1.0,3.1974963359444484,4.769306226307679
W098,Qinghai,Omicron,1,6.0,8.161844069949526,10.988520081117114
W098,Qinghai,Omicron,2,20.0,14.599792043809352,15.89271199953245
W098,Qinghai,Omicron,3,26.0,20.933968796334295,18.652460594704657
W098,Qinghai,Omicron,4,15.0,23.676404080044833,18.976046811345046
W098,Qinghai,Omicron,5,38.0,21.702914310326037,17.419505690982348
W098,Qinghai,Omicron,6,30.0,17.348954906727442,14.848620001191739
W098,Qinghai,Omicron,7,22.0,12.97112227482817,12.002928064592208
W098,Qinghai,Omicron,8,7.0,9.442023763103307,9.343906560745712
W098,Qinghai,Omicron,9,7.0,6.8060975851134895,7.083976449261388
W098,Qinghai,Omicron,10,3.0,4.888438558116035,5.272785419337481
W098,Qinghai,Omicron,11,1.0,3.5062453259338415,3.8753931134858175
W099,Anhui,Omicron,0,1.0,1.042428114532303,1.3317469030931715
W099,Anhui,Omicron,1,0.0,1.335038707378217,1.8959377664786057
W099,Anhui,Omicron,2,0.0,1.8377514258128174,2.3899863170858233
W099,Anhui,Omicron,3,1.0,2.503165376677487,2.8676186646936754
W099,Anhui,Omicron,4,7.0,3.3270626892821147,3.3449407181078246
W099,Anhui,Omicron,5,8.0,4.2821263321889225,3.816842411856015
W099,Anhui,Omicron,6,1.0,5.265004915469646,4.265244161554097
W099,Anhui,Omicron,7,15.0,6.078566864748192,4.664524853821344
W099,Anhui,Omicron,8,12.0,6.49274280011185,4.986489032148139
W099,Anhui,Omicron,9,6.0,6.3748481429789,5.205507407234639
W099,Anhui,Omicron,10,5.0,5.778575195153157,5.303363801283899
W099,Anhui,Omicron,11,4.0,4.898370582260418,5.272800318078821
W099,Anhui,Omicron,12,3.0,3.946266319174797,5.118840460083466
W100,Tianjin,Omicron,0,1.0,1.4350548940663548,1.9437923642874444
W100,Tianjin,Omicron,1,2.0,2.6552775516172615,3.7748225410024725
W100,Tianjin,Omicron,2,0.0,4.4637923744161485,5.929940261745851
W100,Tianjin,Omicron,3,4.0,7.1749898461096375,8.762670870178901
W100,Tianjin,Omicron,4,30.0,11.187284110598968,12.456770555989635
W100,Tianjin,Omicron,5,45.0,16.66256239198077,16.971820402755238
W100,Tianjin,Omicron,6,29.0,22.996370286360225,21.91596979054339
W100,Tianjin,Omicron,7,15.0,28.53538874748607,26.486310942186037
W100,Tianjin,Omicron,8,23.0,31.411341139828043,29.653604507194867
W100,Tianjin,Omicron,9,44.0,30.9818216522787,30.61672548957822
W100,Tianjin,Omicron,10,27.0,28.059384894799056,29.233213812817358
W100,Tianjin,Omicron,11,18.0,23.935270184433918,26.052967416404808
W100,Tianjin,Omicron,12,17.0,19.609639372237428,21.954339194072862
W100,Tianjin,Omicron,13,18.0,15.63569600432818,17.72965357309909
W100,Tianjin,Omicron,14,9.0,12.237888951232067,13.883365209682035
W100,Tianjin,Omicron,15,7.0,9.45434207820785,10.638755926588056
W100,Tianjin,Omicron,16,11.0,7.234974029281319,8.03150257503594
W100,Tianjin,Omicron,17,6.0,5.4970753181110155,6.001396270325964
W100,Tianjin,Omicron,18,5.0,4.1531962454899185,4.453121100252668
W101,Hebei,Omicron,0,3.0,5.194353480944975,6.368084227735286
W101,Hebei,Omicron,1,13.0,11.540536641950254,11.131974802155726
W101,Hebei,Omicron,2,19.0,15.362737060904715,13.485709807998049
W101,Hebei,Omicron,3,15.0,14.289401048840709,13.461948329982901
W101,Hebei,Omicron,4,9.0,11.015873995850676,11.710327577948867
