wave_id,province,variant,wave_start,day,date,reported_cases
W001,Anhui,Alpha,2020-01-22,0,2020-01-22,1.0
W001,Anhui,Alpha,2020-01-22,1,2020-01-23,8.0
W001,Anhui,Alpha,2020-01-22,2,2020-01-24,6.0
W001,Anhui,Alpha,2020-01-22,3,2020-01-25,24.0
W001,Anhui,Alpha,2020-01-22,4,2020-01-26,21.0
W001,Anhui,Alpha,2020-01-22,5,2020-01-27,10.0
W001,Anhui,Alpha,2020-01-22,6,2020-01-28,36.0
W001,Anhui,Alpha,2020-01-22,7,2020-01-29,46.0
W001,Anhui,Alpha,2020-01-22,8,2020-01-30,48.0
W001,Anhui,Alpha,2020-01-22,9,2020-01-31,37.0
W001,Anhui,Alpha,2020-01-22,10,2020-02-01,60.0
W001,Anhui,Alpha,2020-01-22,11,2020-02-02,43.0
W001,Anhui,Alpha,2020-01-22,12,2020-02-03,68.0
W001,Anhui,Alpha,2020-01-22,13,2020-02-04,72.0
W001,Anhui,Alpha,2020-01-22,14,2020-02-05,50.0
W001,Anhui,Alpha,2020-01-22,15,2020-02-06,61.0
W001,Anhui,Alpha,2020-01-22,16,2020-02-07,74.0
W001,Anhui,Alpha,2020-01-22,17,2020-02-08,68.0
W001,Anhui,Alpha,2020-01-22,18,2020-02-09,46.0
W001,Anhui,Alpha,2020-01-22,19,2020-02-10,51.0
W001,Anhui,Alpha,2020-01-22,20,2020-02-11,30.0
W001,Anhui,Alpha,2020-01-22,21,2020-02-12,29.0
W001,Anhui,Alpha,2020-01-22,22,2020-02-13,21.0
W001,Anhui,Alpha,2020-01-22,23,2020-02-14,24.0
W001,Anhui,Alpha,2020-01-22,24,2020-02-15,16.0
W001,Anhui,Alpha,2020-01-22,25,2020-02-16,12.0
W001,Anhui,Alpha,2020-01-22,26,2020-02-17,11.0
W001,Anhui,Alpha,2020-01-22,27,2020-02-18,9.0
W001,Anhui,Alpha,2020-01-22,28,2020-02-19,4.0
W001,Anhui,Alpha,2020-01-22,29,2020-02-20,1.0
W001,Anhui,Alpha,2020-01-22,30,2020-02-21,1.0
W001,Anhui,Alpha,2020-01-22,31,2020-02-22,1.0
W002,Beijing,Alpha,2020-01-22,0,2020-01-22,14.0
W002,Beijing,Alpha,2020-01-22,1,2020-01-23,8.0
W002,Beijing,Alpha,2020-01-22,2,2020-01-24,14.0
W002,Beijing,Alpha,2020-01-22,3,2020-01-25,5.0
W002,Beijing,Alpha,2020-01-22,4,2020-01-26,27.0
W002,Beijing,Alpha,2020-01-22,5,2020-01-27,12.0
W002,Beijing,Alpha,2020-01-22,6,2020-01-28,11.0
W002,Beijing,Alpha,2020-01-22,7,2020-01-29,20.0
W002,Beijing,Alpha,2020-01-22,8,2020-01-30,3.0
W002,Beijing,Alpha,2020-01-22,9,2020-01-31,25.0
W002,Beijing,Alpha,2020-01-22,10,2020-02-01,29.0
W002,Beijing,Alpha,2020-01-22,11,2020-02-02,23.0
W002,Beijing,Alpha,2020-01-22,12,2020-02-03,21.0
W002,Beijing,Alpha,2020-01-22,13,2020-02-04,16.0
W002,Beijing,Alpha,2020-01-22,14,2020-02-05,25.0
W002,Beijing,Alpha,2020-01-22,15,2020-02-06,21.0
W002,Beijing,Alpha,2020-01-22,16,2020-02-07,23.0
W002,Beijing,Alpha,2020-01-22,17,2020-02-08,18.0
W002,Beijing,Alpha,2020-01-22,18,2020-02-09,11.0
W002,Beijing,Alpha,2020-01-22,19,2020-02-10,11.0
W002,Beijing,Alpha,2020-01-22,20,2020-02-11,5.0
W002,Beijing,Alpha,2020-01-22,21,2020-02-12,10.0
W002,Beijing,Alpha,2020-01-22,22,2020-02-13,14.0
W002,Beijing,Alpha,2020-01-22,23,2020-02-14,6.0
W002,Beijing,Alpha,2020-01-22,24,2020-02-15,3.0
W002,Beijing,Alpha,2020-01-22,25,2020-02-16,5.0
W002,Beijing,Alpha,2020-01-22,26,2020-02-17,1.0
W002,Beijing,Alpha,2020-01-22,27,2020-02-18,6.0
W002,Beijing,Alpha,2020-01-22,28,2020-02-19,6.0
W002,Beijing,Alpha,2020-01-22,29,2020-02-20,2.0
W002,Beijing,Alpha,2020-01-22,30,2020-02-21,1.0
W002,Beijing,Alpha,2020-01-22,31,2020-02-22,3.0
W002,Beijing,Alpha,2020-01-22,32,2020-02-23,0.0
W002,Beijing,Alpha,2020-01-22,33,2020-02-24,0.0
W002,Beijing,Alpha,2020-01-22,34,2020-02-25,1.0
W002,Beijing,Alpha,2020-01-22,35,2020-02-26,0.0
W002,Beijing,Alpha,2020-01-22,36,2020-02-27,10.0
W002,Beijing,Alpha,2020-01-22,37,2020-02-28,0.0
W002,Beijing,Alpha,2020-01-22,38,2020-02-29,1.0
W002,Beijing,Alpha,2020-01-22,39,2020-03-01,2.0
W002,Beijing,Alpha,2020-01-22,40,2020-03-02,1.0
W002,Beijing,Alpha,2020-01-22,41,2020-03-03,0.0
W002,Beijing,Alpha,2020-01-22,42,2020-03-04,4.0
W002,Beijing,Alpha,2020-01-22,43,2020-03-05,0.0
W002,Beijing,Alpha,2020-01-22,44,2020-03-06,4.0
W002,Beijing,Alpha,2020-01-22,45,2020-03-07,4.0
W002,Beijing,Alpha,2020-01-22,46,2020-03-08,2.0
W002,Beijing,Alpha,2020-01-22,47,2020-03-09,0.0
W002,Beijing,Alpha,2020-01-22,48,2020-03-10,1.0
W002,Beijing,Alpha,2020-01-22,49,2020-03-11,6.0
W002,Beijing,Alpha,2020-01-22,50,2020-03-12,0.0
W002,Beijing,Alpha,2020-01-22,51,2020-03-13,1.0
W002,Beijing,Alpha,2020-01-22,52,2020-03-14,1.0
W003,Chongqing,Alpha,2020-01-22,0,2020-01-22,6.0
W003,Chongqing,Alpha,2020-01-22,1,2020-01-23,3.0
W003,Chongqing,Alpha,2020-01-22,2,2020-01-24,18.0
W003,Chongqing,Alpha,2020-01-22,3,2020-01-25,30.0
W003,Chongqing,Alpha,2020-01-22,4,2020-01-26,18.0
W003,Chongqing,Alpha,2020-01-22,5,2020-01-27,35.0
W003,Chongqing,Alpha,2020-01-22,6,2020-01-28,22.0
W003,Chongqing,Alpha,2020-01-22,7,2020-01-29,15.0
W003,Chongqing,Alpha,2020-01-22,8,2020-01-30,35.0
W003,Chongqing,Alpha,2020-01-22,9,2020-01-31,29.0
W003,Chongqing,Alpha,2020-01-22,10,2020-02-01,36.0
W003,Chongqing,Alpha,2020-01-22,11,2020-02-02,53.0
W003,Chongqing,Alpha,2020-01-22,12,2020-02-03,37.0
W003,Chongqing,Alpha,2020-01-22,13,2020-02-04,29.0
W003,Chongqing,Alpha,2020-01-22,14,2020-02-05,23.0
W003,Chongqing,Alpha,2020-01-22,15,2020-02-06,22.0
W003,Chongqing,Alpha,2020-01-22,16,2020-02-07,15.0
W003,Chongqing,Alpha,2020-01-22,17,2020-02-08,2.0
W003,Chongqing,Alpha,2020-01-22,18,2020-02-09,40.0
W003,Chongqing,Alpha,2020-01-22,19,2020-02-10,18.0
W003,Chongqing,Alpha,2020-01-22,20,2020-02-11,19.0
W003,Chongqing,Alpha,2020-01-22,21,2020-02-12,13.0
W003,Chongqing,Alpha,2020-01-22,22,2020-02-13,11.0
W003,Chongqing,Alpha,2020-01-22,23,2020-02-14,8.0
W003,Chongqing,Alpha,2020-01-22,24,2020-02-15,7.0
W003,Chongqing,Alpha,2020-01-22,25,2020-02-16,7.0
W003,Chongqing,Alpha,2020-01-22,26,2020-02-17,2.0
W003,Chongqing,Alpha,2020-01-22,27,2020-02-18,2.0
W003,Chongqing,Alpha,2020-01-22,28,2020-02-19,5.0
W003,Chongqing,Alpha,2020-01-22,29,2020-02-20,7.0
W003,Chongqing,Alpha,2020-01-22,30,2020-02-21,5.0
W003,Chongqing,Alpha,2020-01-22,31,2020-02-22,1.0
W003,Chongqing,Alpha,2020-01-22,32,2020-02-23,2.0
W003,Chongqing,Alpha,2020-01-22,33,2020-02-24,1.0
W004,Fujian,Alpha,2020-01-22,0,2020-01-22,1.0
W004,Fujian,Alpha,2020-01-22,1,2020-01-23,4.0
W004,Fujian,Alpha,2020-01-22,2,2020-01-24,5.0
W004,Fujian,Alpha,2020-01-22,3,2020-01-25,8.0
W004,Fujian,Alpha,2020-01-22,4,2020-01-26,17.0
W004,Fujian,Alpha,2020-01-22,5,2020-01-27,24.0
W004,Fujian,Alpha,2020-01-22,6,2020-01-28,21.0
W004,Fujian,Alpha,2020-01-22,7,2020-01-29,4.0
W004,Fujian,Alpha,2020-01-22,8,2020-01-30,17.0
W004,Fujian,Alpha,2020-01-22,9,2020-01-31,19.0
W004,Fujian,Alpha,2020-01-22,10,2020-02-01,24.0
W004,Fujian,Alpha,2020-01-22,11,2020-02-02,15.0
W004,Fujian,Alpha,2020-01-22,12,2020-02-03,20.0
W004,Fujian,Alpha,2020-01-22,13,2020-02-04,15.0
W004,Fujian,Alpha,2020-01-22,14,2020-02-05,11.0
W004,Fujian,Alpha,2020-01-22,15,2020-02-06,10.0
W004,Fujian,Alpha,2020-01-22,16,2020-02-07,9.0
W004,Fujian,Alpha,2020-01-22,17,2020-02-08,15.0
W004,Fujian,Alpha,2020-01-22,18,2020-02-09,11.0
W004,Fujian,Alpha,2020-01-22,19,2020-02-10,11.0
W004,Fujian,Alpha,2020-01-22,20,2020-02-11,6.0
W004,Fujian,Alpha,2020-01-22,21,2020-02-12,5.0
W004,Fujian,Alpha,2020-01-22,22,2020-02-13,7.0
W004,Fujian,Alpha,2020-01-22,23,2020-02-14,2.0
W004,Fujian,Alpha,2020-01-22,24,2020-02-15,4.0
W004,Fujian,Alpha,2020-01-22,25,2020-02-16,2.0
W004,Fujian,Alpha,2020-01-22,26,2020-02-17,3.0
W004,Fujian,Alpha,2020-01-22,27,2020-02-18,2.0
W004,Fujian,Alpha,2020-01-22,28,2020-02-19,1.0
W005,Guangdong,Alpha,2020-01-22,0,2020-01-22,26.0
W005,Guangdong,Alpha,2020-01-22,1,2020-01-23,6.0
W005,Guangdong,Alpha,2020-01-22,2,2020-01-24,21.0
W005,Guangdong,Alpha,2020-01-22,3,2020-01-25,25.0
W005,Guangdong,Alpha,2020-01-22,4,2020-01-26,33.0
W005,Guangdong,Alpha,2020-01-22,5,2020-01-27,40.0
W005,Guangdong,Alpha,2020-01-22,6,2020-01-28,56.0
W005,Guangdong,Alpha,2020-01-22,7,2020-01-29,70.0
W005,Guangdong,Alpha,2020-01-22,8,2020-01-30,77.0
W005,Guangdong,Alpha,2020-01-22,9,2020-01-31,82.0
W005,Guangdong,Alpha,2020-01-22,10,2020-02-01,99.0
W005,Guangdong,Alpha,2020-01-22,11,2020-02-02,97.0
W005,Guangdong,Alpha,2020-01-22,12,2020-02-03,93.0
W005,Guangdong,Alpha,2020-01-22,13,2020-02-04,88.0
W005,Guangdong,Alpha,2020-01-22,14,2020-02-05,82.0
W005,Guangdong,Alpha,2020-01-22,15,2020-02-06,75.0
W005,Guangdong,Alpha,2020-01-22,16,2020-02-07,64.0
W005,Guangdong,Alpha,2020-01-22,17,2020-02-08,61.0
W005,Guangdong,Alpha,2020-01-22,18,2020-02-09,36.0
W005,Guangdong,Alpha,2020-01-22,19,2020-02-10,28.0
W005,Guangdong,Alpha,2020-01-22,20,2020-02-11,18.0
W005,Guangdong,Alpha,2020-01-22,21,2020-02-12,42.0
W005,Guangdong,Alpha,2020-01-22,22,2020-02-13,22.0
W005,Guangdong,Alpha,2020-01-22,23,2020-02-14,20.0
W005,Guangdong,Alpha,2020-01-22,24,2020-02-15,33.0
W005,Guangdong,Alpha,2020-01-22,25,2020-02-16,22.0
W005,Guangdong,Alpha,2020-01-22,26,2020-02-17,6.0
W005,Guangdong,Alpha,2020-01-22,27,2020-02-18,6.0
W005,Guangdong,Alpha,2020-01-22,28,2020-02-19,3.0
W005,Guangdong,Alpha,2020-01-22,29,2020-02-20,1.0
W005,Guangdong,Alpha,2020-01-22,30,2020-02-21,1.0
W005,Guangdong,Alpha,2020-01-22,31,2020-02-22,6.0
W005,Guangdong,Alpha,2020-01-22,32,2020-02-23,3.0
W005,Guangdong,Alpha,2020-01-22,33,2020-02-24,3.0
W005,Guangdong,Alpha,2020-01-22,34,2020-02-25,2.0
W005,Guangdong,Alpha,2020-01-22,35,2020-02-26,0.0
W005,Guangdong,Alpha,2020-01-22,36,2020-02-27,0.0
W005,Guangdong,Alpha,2020-01-22,37,2020-02-28,1.0
W005,Guangdong,Alpha,2020-01-22,38,2020-02-29,1.0
W005,Guangdong,Alpha,2020-01-22,39,2020-03-01,0.0
W005,Guangdong,Alpha,2020-01-22,40,2020-03-02,1.0
W005,Guangdong,Alpha,2020-01-22,41,2020-03-03,0.0
W005,Guangdong,Alpha,2020-01-22,42,2020-03-04,0.0
W005,Guangdong,Alpha,2020-01-22,43,2020-03-05,1.0
W005,Guangdong,Alpha,2020-01-22,44,2020-03-06,1.0
W006,Guangxi,Alpha,2020-01-22,0,2020-01-22,2.0
W006,Guangxi,Alpha,2020-01-22,1,2020-01-23,3.0
W006,Guangxi,Alpha,2020-01-22,2,2020-01-24,18.0
W006,Guangxi,Alpha,2020-01-22,3,2020-01-25,0.0
W006,Guangxi,Alpha,2020-01-22,4,2020-01-26,13.0
W006,Guangxi,Alpha,2020-01-22,5,2020-01-27,10.0
W006,Guangxi,Alpha,2020-01-22,6,2020-01-28,5.0
W006,Guangxi,Alpha,2020-01-22,7,2020-01-29,7.0
W006,Guangxi,Alpha,2020-01-22,8,2020-01-30,20.0
W006,Guangxi,Alpha,2020-01-22,9,2020-01-31,9.0
W006,Guangxi,Alpha,2020-01-22,10,2020-02-01,13.0
W006,Guangxi,Alpha,2020-01-22,11,2020-02-02,11.0
W006,Guangxi,Alpha,2020-01-22,12,2020-02-03,16.0
W006,Guangxi,Alpha,2020-01-22,13,2020-02-04,12.0
W006,Guangxi,Alpha,2020-01-22,14,2020-02-05,11.0
W006,Guangxi,Alpha,2020-01-22,15,2020-02-06,18.0
W006,Guangxi,Alpha,2020-01-22,16,2020-02-07,4.0
W006,Guangxi,Alpha,2020-01-22,17,2020-02-08,11.0
W006,Guangxi,Alpha,2020-01-22,18,2020-02-09,12.0
W006,Guangxi,Alpha,2020-01-22,19,2020-02-10,15.0
W006,Guangxi,Alpha,2020-01-22,20,2020-02-11,5.0
W006,Guangxi,Alpha,2020-01-22,21,2020-02-12,7.0
W006,Guangxi,Alpha,2020-01-22,22,2020-02-13,0.0
W006,Guangxi,Alpha,2020-01-22,23,2020-02-14,4.0
W006,Guangxi,Alpha,2020-01-22,24,2020-02-15,9.0
W006,Guangxi,Alpha,2020-01-22,25,2020-02-16,2.0
W006,Guangxi,Alpha,2020-01-22,26,2020-02-17,1.0
W006,Guangxi,Alpha,2020-01-22,27,2020-02-18,4.0
W006,Guangxi,Alpha,2020-01-22,28,2020-02-19,2.0
W006,Guangxi,Alpha,2020-01-22,29,2020-02-20,1.0
W006,Guangxi,Alpha,2020-01-22,30,2020-02-21,1.0
W006,Guangxi,Alpha,2020-01-22,31,2020-02-22,3.0
W006,Guangxi,Alpha,2020-01-22,32,2020-02-23,0.0
W006,Guangxi,Alpha,2020-01-22,33,2020-02-24,2.0
W006,Guangxi,Alpha,2020-01-22,34,2020-02-25,1.0
W007,Guizhou,Alpha,2020-01-22,0,2020-01-22,1.0
W007,Guizhou,Alpha,2020-01-22,1,2020-01-23,2.0
W007,Guizhou,Alpha,2020-01-22,2,2020-01-24,0.0
W007,Guizhou,Alpha,2020-01-22,3,2020-01-25,1.0
W007,Guizhou,Alpha,2020-01-22,4,2020-01-26,1.0
W007,Guizhou,Alpha,2020-01-22,5,2020-01-27,2.0
W007,Guizhou,Alpha,2020-01-22,6,2020-01-28,2.0
W007,Guizhou,Alpha,2020-01-22,7,2020-01-29,0.0
W007,Guizhou,Alpha,2020-01-22,8,2020-01-30,3.0
W007,Guizhou,Alpha,2020-01-22,9,2020-01-31,17.0
W007,Guizhou,Alpha,2020-01-22,10,2020-02-01,0.0
W007,Guizhou,Alpha,2020-01-22,11,2020-02-02,9.0
W007,Guizhou,Alpha,2020-01-22,12,2020-02-03,8.0
W007,Guizhou,Alpha,2020-01-22,13,2020-02-04,12.0
W007,Guizhou,Alpha,2020-01-22,14,2020-02-05,6.0
W007,Guizhou,Alpha,2020-01-22,15,2020-02-06,7.0
W007,Guizhou,Alpha,2020-01-22,16,2020-02-07,10.0
W007,Guizhou,Alpha,2020-01-22,17,2020-02-08,8.0
W007,Guizhou,Alpha,2020-01-22,18,2020-02-09,10.0
W007,Guizhou,Alpha,2020-01-22,19,2020-02-10,10.0
W007,Guizhou,Alpha,2020-01-22,20,2020-02-11,18.0
W007,Guizhou,Alpha,2020-01-22,21,2020-02-12,6.0
W007,Guizhou,Alpha,2020-01-22,22,2020-02-13,2.0
W007,Guizhou,Alpha,2020-01-22,23,2020-02-14,5.0
W007,Guizhou,Alpha,2020-01-22,24,2020-02-15,3.0
W007,Guizhou,Alpha,2020-01-22,25,2020-02-16,1.0
W007,Guizhou,Alpha,2020-01-22,26,2020-02-17,2.0
W008,Hainan,Alpha,2020-01-22,0,2020-01-22,4.0
W008,Hainan,Alpha,2020-01-22,1,2020-01-23,1.0
W008,Hainan,Alpha,2020-01-22,2,2020-01-24,3.0
W008,Hainan,Alpha,2020-01-22,3,2020-01-25,11.0
W008,Hainan,Alpha,2020-01-22,4,2020-01-26,3.0
W008,Hainan,Alpha,2020-01-22,5,2020-01-27,11.0
W008,Hainan,Alpha,2020-01-22,6,2020-01-28,7.0
W008,Hainan,Alpha,2020-01-22,7,2020-01-29,3.0
W008,Hainan,Alpha,2020-01-22,8,2020-01-30,3.0
W008,Hainan,Alpha,2020-01-22,9,2020-01-31,6.0
W008,Hainan,Alpha,2020-01-22,10,2020-02-01,10.0
W008,Hainan,Alpha,2020-01-22,11,2020-02-02,2.0
W008,Hainan,Alpha,2020-01-22,12,2020-02-03,8.0
W008,Hainan,Alpha,2020-01-22,13,2020-02-04,8.0
W008,Hainan,Alpha,2020-01-22,14,2020-02-05,19.0
W008,Hainan,Alpha,2020-01-22,15,2020-02-06,7.0
W008,Hainan,Alpha,2020-01-22,16,2020-02-07,11.0
W008,Hainan,Alpha,2020-01-22,17,2020-02-08,7.0
W008,Hainan,Alpha,2020-01-22,18,2020-02-09,7.0
W008,Hainan,Alpha,2020-01-22,19,2020-02-10,7.0
W008,Hainan,Alpha,2020-01-22,20,2020-02-11,6.0
W008,Hainan,Alpha,2020-01-22,21,2020-02-12,13.0
W008,Hainan,Alpha,2020-01-22,22,2020-02-13,0.0
W008,Hainan,Alpha,2020-01-22,23,2020-02-14,2.0
W008,Hainan,Alpha,2020-01-22,24,2020-02-15,3.0
W008,Hainan,Alpha,2020-01-22,25,2020-02-16,0.0
W008,Hainan,Alpha,2020-01-22,26,2020-02-17,1.0
W008,Hainan,Alpha,2020-01-22,27,2020-02-18,0.0
W008,Hainan,Alpha,2020-01-22,28,2020-02-19,5.0
W009,Hebei,Alpha,2020-01-22,0,2020-01-22,1.0
W009,Hebei,Alpha,2020-01-22,1,2020-01-23,0.0
W009,Hebei,Alpha,2020-01-22,2,2020-01-24,1.0
W009,Hebei,Alpha,2020-01-22,3,2020-01-25,6.0
W009,Hebei,Alpha,2020-01-22,4,2020-01-26,5.0
W009,Hebei,Alpha,2020-01-22,5,2020-01-27,5.0
W009,Hebei,Alpha,2020-01-22,6,2020-01-28,15.0
W009,Hebei,Alpha,2020-01-22,7,2020-01-29,15.0
W009,Hebei,Alpha,2020-01-22,8,2020-01-30,17.0
W009,Hebei,Alpha,2020-01-22,9,2020-01-31,17.0
W009,Hebei,Alpha,2020-01-22,10,2020-02-01,14.0
W009,Hebei,Alpha,2020-01-22,11,2020-02-02,8.0
W009,Hebei,Alpha,2020-01-22,12,2020-02-03,9.0
W009,Hebei,Alpha,2020-01-22,13,2020-02-04,13.0
W009,Hebei,Alpha,2020-01-22,14,2020-02-05,9.0
W009,Hebei,Alpha,2020-01-22,15,2020-02-06,22.0
W009,Hebei,Alpha,2020-01-22,16,2020-02-07,15.0
W009,Hebei,Alpha,2020-01-22,17,2020-02-08,23.0
W009,Hebei,Alpha,2020-01-22,18,2020-02-09,11.0
W009,Hebei,Alpha,2020-01-22,19,2020-02-10,12.0
W009,Hebei,Alpha,2020-01-22,20,2020-02-11,21.0
W009,Hebei,Alpha,2020-01-22,21,2020-02-12,12.0
W009,Hebei,Alpha,2020-01-22,22,2020-02-13,14.0
W009,Hebei,Alpha,2020-01-22,23,2020-02-14,18.0
W009,Hebei,Alpha,2020-01-22,24,2020-02-15,8.0
W009,Hebei,Alpha,2020-01-22,25,2020-02-16,9.0
W009,Hebei,Alpha,2020-01-22,26,2020-02-17,1.0
W009,Hebei,Alpha,2020-01-22,27,2020-02-18,5.0
W009,Hebei,Alpha,2020-01-22,28,2020-02-19,0.0
W009,Hebei,Alpha,2020-01-22,29,2020-02-20,1.0
W009,Hebei,Alpha,2020-01-22,30,2020-02-21,1.0
W009,Hebei,Alpha,2020-01-22,31,2020-02-22,1.0
W009,Hebei,Alpha,2020-01-22,32,2020-02-23,2.0
W009,Hebei,Alpha,2020-01-22,33,2020-02-24,0.0
W009,Hebei,Alpha,2020-01-22,34,2020-02-25,0.0
W009,Hebei,Alpha,2020-01-22,35,2020-02-26,1.0
W009,Hebei,Alpha,2020-01-22,36,2020-02-27,5.0
W009,Hebei,Alpha,2020-01-22,37,2020-02-28,1.0
W010,Henan,Alpha,2020-01-22,0,2020-01-22,5.0
W010,Henan,Alpha,2020-01-22,1,2020-01-23,0.0
W010,Henan,Alpha,2020-01-22,2,2020-01-24,4.0
W010,Henan,Alpha,2020-01-22,3,2020-01-25,23.0
W010,Henan,Alpha,2020-01-22,4,2020-01-26,51.0
W010,Henan,Alpha,2020-01-22,5,2020-01-27,45.0
W010,Henan,Alpha,2020-01-22,6,2020-01-28,40.0
W010,Henan,Alpha,2020-01-22,7,2020-01-29,38.0
W010,Henan,Alpha,2020-01-22,8,2020-01-30,72.0
W010,Henan,Alpha,2020-01-22,9,2020-01-31,74.0
W010,Henan,Alpha,2020-01-22,10,2020-02-01,70.0
W010,Henan,Alpha,2020-01-22,11,2020-02-02,71.0
W010,Henan,Alpha,2020-01-22,12,2020-02-03,73.0
W010,Henan,Alpha,2020-01-22,13,2020-02-04,109.0
W010,Henan,Alpha,2020-01-22,14,2020-02-05,89.0
W010,Henan,Alpha,2020-01-22,15,2020-02-06,87.0
W010,Henan,Alpha,2020-01-22,16,2020-02-07,63.0
W010,Henan,Alpha,2020-01-22,17,2020-02-08,67.0
W010,Henan,Alpha,2020-01-22,18,2020-02-09,52.0
W010,Henan,Alpha,2020-01-22,19,2020-02-10,40.0
W010,Henan,Alpha,2020-01-22,20,2020-02-11,32.0
W010,Henan,Alpha,2020-01-22,21,2020-02-12,30.0
W010,Henan,Alpha,2020-01-22,22,2020-02-13,34.0
W010,Henan,Alpha,2020-01-22,23,2020-02-14,15.0
W010,Henan,Alpha,2020-01-22,24,2020-02-15,28.0
W010,Henan,Alpha,2020-01-22,25,2020-02-16,19.0
W010,Henan,Alpha,2020-01-22,26,2020-02-17,15.0
W010,Henan,Alpha,2020-01-22,27,2020-02-18,11.0
W010,Henan,Alpha,2020-01-22,28,2020-02-19,5.0
W010,Henan,Alpha,2020-01-22,29,2020-02-20,3.0
W010,Henan,Alpha,2020-01-22,30,2020-02-21,2.0
W010,Henan,Alpha,2020-01-22,31,2020-02-22,3.0
W010,Henan,Alpha,2020-01-22,32,2020-02-23,1.0
W011,Hubei,Alpha,2020-01-22,0,2020-01-22,444.0
W011,Hubei,Alpha,2020-01-22,1,2020-01-23,0.0
W011,Hubei,Alpha,2020-01-22,2,2020-01-24,105.0
W011,Hubei,Alpha,2020-01-22,3,2020-01-25,212.0
W011,Hubei,Alpha,2020-01-22,4,2020-01-26,297.0
W011,Hubei,Alpha,2020-01-22,5,2020-01-27,365.0
W011,Hubei,Alpha,2020-01-22,6,2020-01-28,2131.0
W011,Hubei,Alpha,2020-01-22,7,2020-01-29,0.0
W011,Hubei,Alpha,2020-01-22,8,2020-01-30,1349.0
W011,Hubei,Alpha,2020-01-22,9,2020-01-31,903.0
W011,Hubei,Alpha,2020-01-22,10,2020-02-01,1347.0
W011,Hubei,Alpha,2020-01-22,11,2020-02-02,4024.0
W011,Hubei,Alpha,2020-01-22,12,2020-02-03,2345.0
W011,Hubei,Alpha,2020-01-22,13,2020-02-04,3156.0
W011,Hubei,Alpha,2020-01-22,14,2020-02-05,2987.0
W011,Hubei,Alpha,2020-01-22,15,2020-02-06,2447.0
W011,Hubei,Alpha,2020-01-22,16,2020-02-07,2841.0
W011,Hubei,Alpha,2020-01-22,17,2020-02-08,2147.0
W011,Hubei,Alpha,2020-01-22,18,2020-02-09,2531.0
W011,Hubei,Alpha,2020-01-22,19,2020-02-10,2097.0
W011,Hubei,Alpha,2020-01-22,20,2020-02-11,1638.0
W011,Hubei,Alpha,2020-01-22,21,2020-02-12,0.0
W011,Hubei,Alpha,2020-01-22,22,2020-02-13,14840.0
W011,Hubei,Alpha,2020-01-22,23,2020-02-14,6200.0
W011,Hubei,Alpha,2020-01-22,24,2020-02-15,1843.0
W011,Hubei,Alpha,2020-01-22,25,2020-02-16,1933.0
W011,Hubei,Alpha,2020-01-22,26,2020-02-17,1807.0
W011,Hubei,Alpha,2020-01-22,27,2020-02-18,1693.0
W011,Hubei,Alpha,2020-01-22,28,2020-02-19,349.0
W011,Hubei,Alpha,2020-01-22,29,2020-02-20,411.0
W011,Hubei,Alpha,2020-01-22,30,2020-02-21,220.0
W011,Hubei,Alpha,2020-01-22,31,2020-02-22,1422.0
W011,Hubei,Alpha,2020-01-22,32,2020-02-23,0.0
W011,Hubei,Alpha,2020-01-22,33,2020-02-24,203.0
W011,Hubei,Alpha,2020-01-22,34,2020-02-25,499.0
W011,Hubei,Alpha,2020-01-22,35,2020-02-26,401.0
W011,Hubei,Alpha,2020-01-22,36,2020-02-27,409.0
W011,Hubei,Alpha,2020-01-22,37,2020-02-28,318.0
W011,Hubei,Alpha,2020-01-22,38,2020-02-29,423.0
W011,Hubei,Alpha,2020-01-22,39,2020-03-01,570.0
W011,Hubei,Alpha,2020-01-22,40,2020-03-02,196.0
W011,Hubei,Alpha,2020-01-22,41,2020-03-03,114.0
W011,Hubei,Alpha,2020-01-22,42,2020-03-04,115.0
W011,Hubei,Alpha,2020-01-22,43,2020-03-05,134.0
W011,Hubei,Alpha,2020-01-22,44,2020-03-06,126.0
W011,Hubei,Alpha,2020-01-22,45,2020-03-07,74.0
W011,Hubei,Alpha,2020-01-22,46,2020-03-08,41.0
W011,Hubei,Alpha,2020-01-22,47,2020-03-09,36.0
W011,Hubei,Alpha,2020-01-22,48,2020-03-10,17.0
W011,Hubei,Alpha,2020-01-22,49,2020-03-11,13.0
W011,Hubei,Alpha,2020-01-22,50,2020-03-12,8.0
W011,Hubei,Alpha,2020-01-22,51,2020-03-13,5.0
W011,Hubei,Alpha,2020-01-22,52,2020-03-14,4.0
W011,Hubei,Alpha,2020-01-22,53,2020-03-15,4.0
W011,Hubei,Alpha,2020-01-22,54,2020-03-16,4.0
W011,Hubei,Alpha,2020-01-22,55,2020-03-17,1.0
W011,Hubei,Alpha,2020-01-22,56,2020-03-18,1.0
W012,Hunan,Alpha,2020-01-22,0,2020-01-22,4.0
W012,Hunan,Alpha,2020-01-22,1,2020-01-23,5.0
W012,Hunan,Alpha,2020-01-22,2,2020-01-24,15.0
W012,Hunan,Alpha,2020-01-22,3,2020-01-25,19.0
W012,Hunan,Alpha,2020-01-22,4,2020-01-26,26.0
W012,Hunan,Alpha,2020-01-22,5,2020-01-27,31.0
W012,Hunan,Alpha,2020-01-22,6,2020-01-28,43.0
W012,Hunan,Alpha,2020-01-22,7,2020-01-29,78.0
W012,Hunan,Alpha,2020-01-22,8,2020-01-30,56.0
W012,Hunan,Alpha,2020-01-22,9,2020-01-31,55.0
W012,Hunan,Alpha,2020-01-22,10,2020-02-01,57.0
W012,Hunan,Alpha,2020-01-22,11,2020-02-02,74.0
W012,Hunan,Alpha,2020-01-22,12,2020-02-03,58.0
W012,Hunan,Alpha,2020-01-22,13,2020-02-04,72.0
W012,Hunan,Alpha,2020-01-22,14,2020-02-05,68.0
W012,Hunan,Alpha,2020-01-22,15,2020-02-06,50.0
W012,Hunan,Alpha,2020-01-22,16,2020-02-07,61.0
W012,Hunan,Alpha,2020-01-22,17,2020-02-08,31.0
W012,Hunan,Alpha,2020-01-22,18,2020-02-09,35.0
W012,Hunan,Alpha,2020-01-22,19,2020-02-10,41.0
W012,Hunan,Alpha,2020-01-22,20,2020-02-11,33.0
W012,Hunan,Alpha,2020-01-22,21,2020-02-12,34.0
W012,Hunan,Alpha,2020-01-22,22,2020-02-13,22.0
W012,Hunan,Alpha,2020-01-22,23,2020-02-14,20.0
W012,Hunan,Alpha,2020-01-22,24,2020-02-15,13.0
W012,Hunan,Alpha,2020-01-22,25,2020-02-16,3.0
W012,Hunan,Alpha,2020-01-22,26,2020-02-17,2.0
W012,Hunan,Alpha,2020-01-22,27,2020-02-18,1.0
W012,Hunan,Alpha,2020-01-22,28,2020-02-19,1.0
W012,Hunan,Alpha,2020-01-22,29,2020-02-20,2.0
W012,Hunan,Alpha,2020-01-22,30,2020-02-21,1.0
W012,Hunan,Alpha,2020-01-22,31,2020-02-22,2.0
W012,Hunan,Alpha,2020-01-22,32,2020-02-23,3.0
W013,Jiangsu,Alpha,2020-01-22,0,2020-01-22,1.0
W013,Jiangsu,Alpha,2020-01-22,1,2020-01-23,4.0
W013,Jiangsu,Alpha,2020-01-22,2,2020-01-24,4.0
W013,Jiangsu,Alpha,2020-01-22,3,2020-01-25,9.0
W013,Jiangsu,Alpha,2020-01-22,4,2020-01-26,15.0
W013,Jiangsu,Alpha,2020-01-22,5,2020-01-27,14.0
W013,Jiangsu,Alpha,2020-01-22,6,2020-01-28,23.0
W013,Jiangsu,Alpha,2020-01-22,7,2020-01-29,29.0
W013,Jiangsu,Alpha,2020-01-22,8,2020-01-30,30.0
W013,Jiangsu,Alpha,2020-01-22,9,2020-01-31,39.0
W013,Jiangsu,Alpha,2020-01-22,10,2020-02-01,34.0
W013,Jiangsu,Alpha,2020-01-22,11,2020-02-02,34.0
W013,Jiangsu,Alpha,2020-01-22,12,2020-02-03,35.0
W013,Jiangsu,Alpha,2020-01-22,13,2020-02-04,37.0
W013,Jiangsu,Alpha,2020-01-22,14,2020-02-05,33.0
W013,Jiangsu,Alpha,2020-01-22,15,2020-02-06,32.0
W013,Jiangsu,Alpha,2020-01-22,16,2020-02-07,35.0
W013,Jiangsu,Alpha,2020-01-22,17,2020-02-08,31.0
W013,Jiangsu,Alpha,2020-01-22,18,2020-02-09,29.0
W013,Jiangsu,Alpha,2020-01-22,19,2020-02-10,24.0
W013,Jiangsu,Alpha,2020-01-22,20,2020-02-11,23.0
W013,Jiangsu,Alpha,2020-01-22,21,2020-02-12,28.0
W013,Jiangsu,Alpha,2020-01-22,22,2020-02-13,27.0
W013,Jiangsu,Alpha,2020-01-22,23,2020-02-14,23.0
W013,Jiangsu,Alpha,2020-01-22,24,2020-02-15,11.0
W013,Jiangsu,Alpha,2020-01-22,25,2020-02-16,13.0
W013,Jiangsu,Alpha,2020-01-22,26,2020-02-17,9.0
W013,Jiangsu,Alpha,2020-01-22,27,2020-02-18,3.0
W013,Jiangsu,Alpha,2020-01-22,28,2020-02-19,2.0
W014,Jiangxi,Alpha,2020-01-22,0,2020-01-22,2.0
W014,Jiangxi,Alpha,2020-01-22,1,2020-01-23,5.0
W014,Jiangxi,Alpha,2020-01-22,2,2020-01-24,11.0
W014,Jiangxi,Alpha,2020-01-22,3,2020-01-25,0.0
W014,Jiangxi,Alpha,2020-01-22,4,2020-01-26,18.0
W014,Jiangxi,Alpha,2020-01-22,5,2020-01-27,36.0
W014,Jiangxi,Alpha,2020-01-22,6,2020-01-28,37.0
W014,Jiangxi,Alpha,2020-01-22,7,2020-01-29,0.0
W014,Jiangxi,Alpha,2020-01-22,8,2020-01-30,53.0
W014,Jiangxi,Alpha,2020-01-22,9,2020-01-31,78.0
W014,Jiangxi,Alpha,2020-01-22,10,2020-02-01,46.0
W014,Jiangxi,Alpha,2020-01-22,11,2020-02-02,47.0
W014,Jiangxi,Alpha,2020-01-22,12,2020-02-03,58.0
W014,Jiangxi,Alpha,2020-01-22,13,2020-02-04,85.0
W014,Jiangxi,Alpha,2020-01-22,14,2020-02-05,72.0
W014,Jiangxi,Alpha,2020-01-22,15,2020-02-06,52.0
W014,Jiangxi,Alpha,2020-01-22,16,2020-02-07,61.0
W014,Jiangxi,Alpha,2020-01-22,17,2020-02-08,37.0
W014,Jiangxi,Alpha,2020-01-22,18,2020-02-09,42.0
W014,Jiangxi,Alpha,2020-01-22,19,2020-02-10,31.0
W014,Jiangxi,Alpha,2020-01-22,20,2020-02-11,33.0
W014,Jiangxi,Alpha,2020-01-22,21,2020-02-12,40.0
W014,Jiangxi,Alpha,2020-01-22,22,2020-02-13,28.0
W014,Jiangxi,Alpha,2020-01-22,23,2020-02-14,28.0
W014,Jiangxi,Alpha,2020-01-22,24,2020-02-15,13.0
W014,Jiangxi,Alpha,2020-01-22,25,2020-02-16,12.0
W014,Jiangxi,Alpha,2020-01-22,26,2020-02-17,5.0
W014,Jiangxi,Alpha,2020-01-22,27,2020-02-18,3.0
W014,Jiangxi,Alpha,2020-01-22,28,2020-02-19,1.0
W015,Liaoning,Alpha,2020-01-22,0,2020-01-22,2.0
W015,Liaoning,Alpha,2020-01-22,1,2020-01-23,1.0
W015,Liaoning,Alpha,2020-01-22,2,2020-01-24,1.0
W015,Liaoning,Alpha,2020-01-22,3,2020-01-25,13.0
W015,Liaoning,Alpha,2020-01-22,4,2020-01-26,4.0
W015,Liaoning,Alpha,2020-01-22,5,2020-01-27,6.0
W015,Liaoning,Alpha,2020-01-22,6,2020-01-28,7.0
W015,Liaoning,Alpha,2020-01-22,7,2020-01-29,5.0
W015,Liaoning,Alpha,2020-01-22,8,2020-01-30,2.0
W015,Liaoning,Alpha,2020-01-22,9,2020-01-31,7.0
W015,Liaoning,Alpha,2020-01-22,10,2020-02-01,16.0
W015,Liaoning,Alpha,2020-01-22,11,2020-02-02,6.0
W015,Liaoning,Alpha,2020-01-22,12,2020-02-03,4.0
W015,Liaoning,Alpha,2020-01-22,13,2020-02-04,7.0
W015,Liaoning,Alpha,2020-01-22,14,2020-02-05,8.0
W015,Liaoning,Alpha,2020-01-22,15,2020-02-06,5.0
W015,Liaoning,Alpha,2020-01-22,16,2020-02-07,5.0
W015,Liaoning,Alpha,2020-01-22,17,2020-02-08,6.0
W015,Liaoning,Alpha,2020-01-22,18,2020-02-09,2.0
W015,Liaoning,Alpha,2020-01-22,19,2020-02-10,1.0
W015,Liaoning,Alpha,2020-01-22,20,2020-02-11,3.0
W015,Liaoning,Alpha,2020-01-22,21,2020-02-12,5.0
W015,Liaoning,Alpha,2020-01-22,22,2020-02-13,1.0
W015,Liaoning,Alpha,2020-01-22,23,2020-02-14,2.0
W015,Liaoning,Alpha,2020-01-22,24,2020-02-15,0.0
W015,Liaoning,Alpha,2020-01-22,25,2020-02-16,2.0
W016,Ningxia,Alpha,2020-01-22,0,2020-01-22,1.0
W016,Ningxia,Alpha,2020-01-22,1,2020-01-23,0.0
W016,Ningxia,Alpha,2020-01-22,2,2020-01-24,1.0
W016,Ningxia,Alpha,2020-01-22,3,2020-01-25,1.0
W016,Ningxia,Alpha,2020-01-22,4,2020-01-26,1.0
W016,Ningxia,Alpha,2020-01-22,5,2020-01-27,3.0
W016,Ningxia,Alpha,2020-01-22,6,2020-01-28,4.0
W016,Ningxia,Alpha,2020-01-22,7,2020-01-29,1.0
W016,Ningxia,Alpha,2020-01-22,8,2020-01-30,5.0
W016,Ningxia,Alpha,2020-01-22,9,2020-01-31,4.0
W016,Ningxia,Alpha,2020-01-22,10,2020-02-01,5.0
W016,Ningxia,Alpha,2020-01-22,11,2020-02-02,2.0
W016,Ningxia,Alpha,2020-01-22,12,2020-02-03,3.0
W016,Ningxia,Alpha,2020-01-22,13,2020-02-04,3.0
W016,Ningxia,Alpha,2020-01-22,14,2020-02-05,0.0
W016,Ningxia,Alpha,2020-01-22,15,2020-02-06,6.0
W016,Ningxia,Alpha,2020-01-22,16,2020-02-07,3.0
W016,Ningxia,Alpha,2020-01-22,17,2020-02-08,2.0
W016,Ningxia,Alpha,2020-01-22,18,2020-02-09,0.0
W016,Ningxia,Alpha,2020-01-22,19,2020-02-10,4.0
W016,Ningxia,Alpha,2020-01-22,20,2020-02-11,4.0
W016,Ningxia,Alpha,2020-01-22,21,2020-02-12,5.0
W016,Ningxia,Alpha,2020-01-22,22,2020-02-13,6.0
W016,Ningxia,Alpha,2020-01-22,23,2020-02-14,3.0
W016,Ningxia,Alpha,2020-01-22,24,2020-02-15,3.0
W017,Shandong,Alpha,2020-01-22,0,2020-01-22,2.0
W017,Shandong,Alpha,2020-01-22,1,2020-01-23,4.0
W017,Shandong,Alpha,2020-01-22,2,2020-01-24,9.0
W017,Shandong,Alpha,2020-01-22,3,2020-01-25,12.0
W017,Shandong,Alpha,2020-01-22,4,2020-01-26,19.0
W017,Shandong,Alpha,2020-01-22,5,2020-01-27,29.0
W017,Shandong,Alpha,2020-01-22,6,2020-01-28,20.0
W017,Shandong,Alpha,2020-01-22,7,2020-01-29,35.0
W017,Shandong,Alpha,2020-01-22,8,2020-01-30,28.0
W017,Shandong,Alpha,2020-01-22,9,2020-01-31,26.0
W017,Shandong,Alpha,2020-01-22,10,2020-02-01,22.0
W017,Shandong,Alpha,2020-01-22,11,2020-02-02,24.0
W017,Shandong,Alpha,2020-01-22,12,2020-02-03,29.0
W017,Shandong,Alpha,2020-01-22,13,2020-02-04,16.0
W017,Shandong,Alpha,2020-01-22,14,2020-02-05,32.0
W017,Shandong,Alpha,2020-01-22,15,2020-02-06,40.0
W017,Shandong,Alpha,2020-01-22,16,2020-02-07,39.0
W017,Shandong,Alpha,2020-01-22,17,2020-02-08,30.0
W017,Shandong,Alpha,2020-01-22,18,2020-02-09,28.0
W017,Shandong,Alpha,2020-01-22,19,2020-02-10,22.0
W017,Shandong,Alpha,2020-01-22,20,2020-02-11,21.0
W017,Shandong,Alpha,2020-01-22,21,2020-02-12,10.0
W017,Shandong,Alpha,2020-01-22,22,2020-02-13,12.0
W017,Shandong,Alpha,2020-01-22,23,2020-02-14,14.0
W017,Shandong,Alpha,2020-01-22,24,2020-02-15,9.0
W017,Shandong,Alpha,2020-01-22,25,2020-02-16,5.0
W017,Shandong,Alpha,2020-01-22,26,2020-02-17,4.0
W017,Shandong,Alpha,2020-01-22,27,2020-02-18,2.0
W017,Shandong,Alpha,2020-01-22,28,2020-02-19,1.0
W017,Shandong,Alpha,2020-01-22,29,2020-02-20,2.0
W017,Shandong,Alpha,2020-01-22,30,2020-02-21,2.0
W017,Shandong,Alpha,2020-01-22,31,2020-02-22,1.0
W017,Shandong,Alpha,2020-01-22,32,2020-02-23,4.0
W017,Shandong,Alpha,2020-01-22,33,2020-02-24,1.0
W017,Shandong,Alpha,2020-01-22,34,2020-02-25,1.0
W018,Shanghai,Alpha,2020-01-22,0,2020-01-22,9.0
W018,Shanghai,Alpha,2020-01-22,1,2020-01-23,7.0
W018,Shanghai,Alpha,2020-01-22,2,2020-01-24,4.0
W018,Shanghai,Alpha,2020-01-22,3,2020-01-25,13.0
W018,Shanghai,Alpha,2020-01-22,4,2020-01-26,7.0
W018,Shanghai,Alpha,2020-01-22,5,2020-01-27,13.0
W018,Shanghai,Alpha,2020-01-22,6,2020-01-28,13.0
W018,Shanghai,Alpha,2020-01-22,7,2020-01-29,30.0
W018,Shanghai,Alpha,2020-01-22,8,2020-01-30,16.0
W018,Shanghai,Alpha,2020-01-22,9,2020-01-31,23.0
W018,Shanghai,Alpha,2020-01-22,10,2020-02-01,34.0
W018,Shanghai,Alpha,2020-01-22,11,2020-02-02,13.0
W018,Shanghai,Alpha,2020-01-22,12,2020-02-03,21.0
W018,Shanghai,Alpha,2020-01-22,13,2020-02-04,16.0
W018,Shanghai,Alpha,2020-01-22,14,2020-02-05,24.0
W018,Shanghai,Alpha,2020-01-22,15,2020-02-06,14.0
W018,Shanghai,Alpha,2020-01-22,16,2020-02-07,20.0
W018,Shanghai,Alpha,2020-01-22,17,2020-02-08,9.0
W018,Shanghai,Alpha,2020-01-22,18,2020-02-09,7.0
W018,Shanghai,Alpha,2020-01-22,19,2020-02-10,6.0
W018,Shanghai,Alpha,2020-01-22,20,2020-02-11,4.0
W018,Shanghai,Alpha,2020-01-22,21,2020-02-12,8.0
W018,Shanghai,Alpha,2020-01-22,22,2020-02-13,4.0
W018,Shanghai,Alpha,2020-01-22,23,2020-02-14,3.0
W018,Shanghai,Alpha,2020-01-22,24,2020-02-15,8.0
W018,Shanghai,Alpha,2020-01-22,25,2020-02-16,2.0
W018,Shanghai,Alpha,2020-01-22,26,2020-02-17,5.0
W018,Shanghai,Alpha,2020-01-22,27,2020-02-18,0.0
W018,Shanghai,Alpha,2020-01-22,28,2020-02-19,0.0
W018,Shanghai,Alpha,2020-01-22,29,2020-02-20,1.0
W018,Shanghai,Alpha,2020-01-22,30,2020-02-21,2.0
W018,Shanghai,Alpha,2020-01-22,31,2020-02-22,1.0
W018,Shanghai,Alpha,2020-01-22,32,2020-02-23,0.0
W018,Shanghai,Alpha,2020-01-22,33,2020-02-24,0.0
W018,Shanghai,Alpha,2020-01-22,34,2020-02-25,1.0
W018,Shanghai,Alpha,2020-01-22,35,2020-02-26,1.0
W019,Shanxi,Alpha,2020-01-22,0,2020-01-22,1.0
W019,Shanxi,Alpha,2020-01-22,1,2020-01-23,0.0
W019,Shanxi,Alpha,2020-01-22,2,2020-01-24,0.0
W019,Shanxi,Alpha,2020-01-22,3,2020-01-25,5.0
W019,Shanxi,Alpha,2020-01-22,4,2020-01-26,3.0
W019,Shanxi,Alpha,2020-01-22,5,2020-01-27,4.0
W019,Shanxi,Alpha,2020-01-22,6,2020-01-28,14.0
W019,Shanxi,Alpha,2020-01-22,7,2020-01-29,0.0
W019,Shanxi,Alpha,2020-01-22,8,2020-01-30,8.0
W019,Shanxi,Alpha,2020-01-22,9,2020-01-31,4.0
W019,Shanxi,Alpha,2020-01-22,10,2020-02-01,8.0
W019,Shanxi,Alpha,2020-01-22,11,2020-02-02,19.0
W019,Shanxi,Alpha,2020-01-22,12,2020-02-03,8.0
W019,Shanxi,Alpha,2020-01-22,13,2020-02-04,7.0
W019,Shanxi,Alpha,2020-01-22,14,2020-02-05,0.0
W019,Shanxi,Alpha,2020-01-22,15,2020-02-06,15.0
W019,Shanxi,Alpha,2020-01-22,16,2020-02-07,8.0
W019,Shanxi,Alpha,2020-01-22,17,2020-02-08,11.0
W019,Shanxi,Alpha,2020-01-22,18,2020-02-09,4.0
W019,Shanxi,Alpha,2020-01-22,19,2020-02-10,0.0
W019,Shanxi,Alpha,2020-01-22,20,2020-02-11,5.0
W019,Shanxi,Alpha,2020-01-22,21,2020-02-12,2.0
W019,Shanxi,Alpha,2020-01-22,22,2020-02-13,0.0
W019,Shanxi,Alpha,2020-01-22,23,2020-02-14,1.0
W019,Shanxi,Alpha,2020-01-22,24,2020-02-15,1.0
W019,Shanxi,Alpha,2020-01-22,25,2020-02-16,1.0
W019,Shanxi,Alpha,2020-01-22,26,2020-02-17,1.0
W019,Shanxi,Alpha,2020-01-22,27,2020-02-18,1.0
W019,Shanxi,Alpha,2020-01-22,28,2020-02-19,0.0
W019,Shanxi,Alpha,2020-01-22,29,2020-02-20,1.0
W019,Shanxi,Alpha,2020-01-22,30,2020-02-21,2.0
W019,Shanxi,Alpha,2020-01-22,31,2020-02-22,0.0
W019,Shanxi,Alpha,2020-01-22,32,2020-02-23,0.0
W019,Shanxi,Alpha,2020-01-22,33,2020-02-24,1.0
W020,Sichuan,Alpha,2020-01-22,0,2020-01-22,5.0
W020,Sichuan,Alpha,2020-01-22,1,2020-01-23,3.0
W020,Sichuan,Alpha,2020-01-22,2,2020-01-24,7.0
W020,Sichuan,Alpha,2020-01-22,3,2020-01-25,13.0
W020,Sichuan,Alpha,2020-01-22,4,2020-01-26,16.0
W020,Sichuan,Alpha,2020-01-22,5,2020-01-27,25.0
W020,Sichuan,Alpha,2020-01-22,6,2020-01-28,21.0
W020,Sichuan,Alpha,2020-01-22,7,2020-01-29,18.0
W020,Sichuan,Alpha,2020-01-22,8,2020-01-30,34.0
W020,Sichuan,Alpha,2020-01-22,9,2020-01-31,35.0
W020,Sichuan,Alpha,2020-01-22,10,2020-02-01,30.0
W020,Sichuan,Alpha,2020-01-22,11,2020-02-02,24.0
W020,Sichuan,Alpha,2020-01-22,12,2020-02-03,23.0
W020,Sichuan,Alpha,2020-01-22,13,2020-02-04,28.0
W020,Sichuan,Alpha,2020-01-22,14,2020-02-05,19.0
W020,Sichuan,Alpha,2020-01-22,15,2020-02-06,20.0
W020,Sichuan,Alpha,2020-01-22,16,2020-02-07,23.0
W020,Sichuan,Alpha,2020-01-22,17,2020-02-08,20.0
W020,Sichuan,Alpha,2020-01-22,18,2020-02-09,22.0
W020,Sichuan,Alpha,2020-01-22,19,2020-02-10,19.0
W020,Sichuan,Alpha,2020-01-22,20,2020-02-11,12.0
W020,Sichuan,Alpha,2020-01-22,21,2020-02-12,19.0
W020,Sichuan,Alpha,2020-01-22,22,2020-02-13,15.0
W020,Sichuan,Alpha,2020-01-22,23,2020-02-14,12.0
W020,Sichuan,Alpha,2020-01-22,24,2020-02-15,7.0
W020,Sichuan,Alpha,2020-01-22,25,2020-02-16,11.0
W020,Sichuan,Alpha,2020-01-22,26,2020-02-17,14.0
W020,Sichuan,Alpha,2020-01-22,27,2020-02-18,13.0
W020,Sichuan,Alpha,2020-01-22,28,2020-02-19,6.0
W020,Sichuan,Alpha,2020-01-22,29,2020-02-20,6.0
W020,Sichuan,Alpha,2020-01-22,30,2020-02-21,2.0
W020,Sichuan,Alpha,2020-01-22,31,2020-02-22,1.0
W020,Sichuan,Alpha,2020-01-22,32,2020-02-23,0.0
W020,Sichuan,Alpha,2020-01-22,33,2020-02-24,1.0
W020,Sichuan,Alpha,2020-01-22,34,2020-02-25,2.0
W020,Sichuan,Alpha,2020-01-22,35,2020-02-26,2.0
W020,Sichuan,Alpha,2020-01-22,36,2020-02-27,3.0
W020,Sichuan,Alpha,2020-01-22,37,2020-02-28,4.0
W021,Tianjin,Alpha,2020-01-22,0,2020-01-22,4.0
W021,Tianjin,Alpha,2020-01-22,1,2020-01-23,0.0
W021,Tianjin,Alpha,2020-01-22,2,2020-01-24,4.0
W021,Tianjin,Alpha,2020-01-22,3,2020-01-25,2.0
W021,Tianjin,Alpha,2020-01-22,4,2020-01-26,4.0
W021,Tianjin,Alpha,2020-01-22,5,2020-01-27,9.0
W021,Tianjin,Alpha,2020-01-22,6,2020-01-28,1.0
W021,Tianjin,Alpha,2020-01-22,7,2020-01-29,3.0
W021,Tianjin,Alpha,2020-01-22,8,2020-01-30,4.0
W021,Tianjin,Alpha,2020-01-22,9,2020-01-31,1.0
W021,Tianjin,Alpha,2020-01-22,10,2020-02-01,9.0
W021,Tianjin,Alpha,2020-01-22,11,2020-02-02,7.0
W021,Tianjin,Alpha,2020-01-22,12,2020-02-03,12.0
W021,Tianjin,Alpha,2020-01-22,13,2020-02-04,7.0
W021,Tianjin,Alpha,2020-01-22,14,2020-02-05,2.0
W021,Tianjin,Alpha,2020-01-22,15,2020-02-06,10.0
W021,Tianjin,Alpha,2020-01-22,16,2020-02-07,2.0
W021,Tianjin,Alpha,2020-01-22,17,2020-02-08,7.0
W021,Tianjin,Alpha,2020-01-22,18,2020-02-09,3.0
W021,Tianjin,Alpha,2020-01-22,19,2020-02-10,4.0
W021,Tianjin,Alpha,2020-01-22,20,2020-02-11,11.0
W021,Tianjin,Alpha,2020-01-22,21,2020-02-12,6.0
W021,Tianjin,Alpha,2020-01-22,22,2020-02-13,7.0
W021,Tianjin,Alpha,2020-01-22,23,2020-02-14,1.0
W021,Tianjin,Alpha,2020-01-22,24,2020-02-15,2.0
W021,Tianjin,Alpha,2020-01-22,25,2020-02-16,2.0
W021,Tianjin,Alpha,2020-01-22,26,2020-02-17,1.0
W021,Tianjin,Alpha,2020-01-22,27,2020-02-18,3.0
W021,Tianjin,Alpha,2020-01-22,28,2020-02-19,2.0
W021,Tianjin,Alpha,2020-01-22,29,2020-02-20,1.0
W021,Tianjin,Alpha,2020-01-22,30,2020-02-21,2.0
W021,Tianjin,Alpha,2020-01-22,31,2020-02-22,3.0
W022,Yunnan,Alpha,2020-01-22,0,2020-01-22,1.0
W022,Yunnan,Alpha,2020-01-22,1,2020-01-23,1.0
W022,Yunnan,Alpha,2020-01-22,2,2020-01-24,3.0
W022,Yunnan,Alpha,2020-01-22,3,2020-01-25,6.0
W022,Yunnan,Alpha,2020-01-22,4,2020-01-26,5.0
W022,Yunnan,Alpha,2020-01-22,5,2020-01-27,10.0
W022,Yunnan,Alpha,2020-01-22,6,2020-01-28,18.0
W022,Yunnan,Alpha,2020-01-22,7,2020-01-29,11.0
W022,Yunnan,Alpha,2020-01-22,8,2020-01-30,15.0
W022,Yunnan,Alpha,2020-01-22,9,2020-01-31,13.0
W022,Yunnan,Alpha,2020-01-22,10,2020-02-01,10.0
W022,Yunnan,Alpha,2020-01-22,11,2020-02-02,12.0
W022,Yunnan,Alpha,2020-01-22,12,2020-02-03,12.0
W022,Yunnan,Alpha,2020-01-22,13,2020-02-04,5.0
W022,Yunnan,Alpha,2020-01-22,14,2020-02-05,6.0
W022,Yunnan,Alpha,2020-01-22,15,2020-02-06,5.0
W022,Yunnan,Alpha,2020-01-22,16,2020-02-07,5.0
W022,Yunnan,Alpha,2020-01-22,17,2020-02-08,0.0
W022,Yunnan,Alpha,2020-01-22,18,2020-02-09,3.0
W022,Yunnan,Alpha,2020-01-22,19,2020-02-10,8.0
W022,Yunnan,Alpha,2020-01-22,20,2020-02-11,4.0
W022,Yunnan,Alpha,2020-01-22,21,2020-02-12,1.0
W022,Yunnan,Alpha,2020-01-22,22,2020-02-13,2.0
W022,Yunnan,Alpha,2020-01-22,23,2020-02-14,6.0
W022,Yunnan,Alpha,2020-01-22,24,2020-02-15,6.0
W022,Yunnan,Alpha,2020-01-22,25,2020-02-16,3.0
W022,Yunnan,Alpha,2020-01-22,26,2020-02-17,0.0
W022,Yunnan,Alpha,2020-01-22,27,2020-02-18,1.0
W022,Yunnan,Alpha,2020-01-22,28,2020-02-19,0.0
W022,Yunnan,Alpha,2020-01-22,29,2020-02-20,2.0
W022,Yunnan,Alpha,2020-01-22,30,2020-02-21,2.0
W023,Zhejiang,Alpha,2020-01-22,0,2020-01-22,10.0
W023,Zhejiang,Alpha,2020-01-22,1,2020-01-23,17.0
W023,Zhejiang,Alpha,2020-01-22,2,2020-01-24,16.0
W023,Zhejiang,Alpha,2020-01-22,3,2020-01-25,19.0
W023,Zhejiang,Alpha,2020-01-22,4,2020-01-26,42.0
W023,Zhejiang,Alpha,2020-01-22,5,2020-01-27,24.0
W023,Zhejiang,Alpha,2020-01-22,6,2020-01-28,45.0
W023,Zhejiang,Alpha,2020-01-22,7,2020-01-29,123.0
W023,Zhejiang,Alpha,2020-01-22,8,2020-01-30,132.0
W023,Zhejiang,Alpha,2020-01-22,9,2020-01-31,110.0
W023,Zhejiang,Alpha,2020-01-22,10,2020-02-01,61.0
W023,Zhejiang,Alpha,2020-01-22,11,2020-02-02,62.0
W023,Zhejiang,Alpha,2020-01-22,12,2020-02-03,63.0
W023,Zhejiang,Alpha,2020-01-22,13,2020-02-04,105.0
W023,Zhejiang,Alpha,2020-01-22,14,2020-02-05,66.0
W023,Zhejiang,Alpha,2020-01-22,15,2020-02-06,59.0
W023,Zhejiang,Alpha,2020-01-22,16,2020-02-07,52.0
W023,Zhejiang,Alpha,2020-01-22,17,2020-02-08,42.0
W023,Zhejiang,Alpha,2020-01-22,18,2020-02-09,27.0
W023,Zhejiang,Alpha,2020-01-22,19,2020-02-10,17.0
W023,Zhejiang,Alpha,2020-01-22,20,2020-02-11,25.0
W023,Zhejiang,Alpha,2020-01-22,21,2020-02-12,14.0
W023,Zhejiang,Alpha,2020-01-22,22,2020-02-13,14.0
W023,Zhejiang,Alpha,2020-01-22,23,2020-02-14,10.0
W023,Zhejiang,Alpha,2020-01-22,24,2020-02-15,7.0
W023,Zhejiang,Alpha,2020-01-22,25,2020-02-16,5.0
W023,Zhejiang,Alpha,2020-01-22,26,2020-02-17,4.0
W023,Zhejiang,Alpha,2020-01-22,27,2020-02-18,1.0
W023,Zhejiang,Alpha,2020-01-22,28,2020-02-19,2.0
W023,Zhejiang,Alpha,2020-01-22,29,2020-02-20,1.0
W023,Zhejiang,Alpha,2020-01-22,30,2020-02-21,2.0
W023,Zhejiang,Alpha,2020-01-22,31,2020-02-22,2.0
W024,Gansu,Alpha,2020-01-23,0,2020-01-23,2.0
W024,Gansu,Alpha,2020-01-23,1,2020-01-24,0.0
W024,Gansu,Alpha,2020-01-23,2,2020-01-25,2.0
W024,Gansu,Alpha,2020-01-23,3,2020-01-26,3.0
W024,Gansu,Alpha,2020-01-23,4,2020-01-27,7.0
W024,Gansu,Alpha,2020-01-23,5,2020-01-28,5.0
W024,Gansu,Alpha,2020-01-23,6,2020-01-29,5.0
W024,Gansu,Alpha,2020-01-23,7,2020-01-30,2.0
W024,Gansu,Alpha,2020-01-23,8,2020-01-31,3.0
W024,Gansu,Alpha,2020-01-23,9,2020-02-01,11.0
W024,Gansu,Alpha,2020-01-23,10,2020-02-02,11.0
W024,Gansu,Alpha,2020-01-23,11,2020-02-03,4.0
W024,Gansu,Alpha,2020-01-23,12,2020-02-04,2.0
W024,Gansu,Alpha,2020-01-23,13,2020-02-05,5.0
W024,Gansu,Alpha,2020-01-23,14,2020-02-06,0.0
W024,Gansu,Alpha,2020-01-23,15,2020-02-07,5.0
W024,Gansu,Alpha,2020-01-23,16,2020-02-08,12.0
W024,Gansu,Alpha,2020-01-23,17,2020-02-09,4.0
W024,Gansu,Alpha,2020-01-23,18,2020-02-10,0.0
W024,Gansu,Alpha,2020-01-23,19,2020-02-11,3.0
W024,Gansu,Alpha,2020-01-23,20,2020-02-12,1.0
W024,Gansu,Alpha,2020-01-23,21,2020-02-13,3.0
W025,Heilongjiang,Alpha,2020-01-23,0,2020-01-23,2.0
W025,Heilongjiang,Alpha,2020-01-23,1,2020-01-24,2.0
W025,Heilongjiang,Alpha,2020-01-23,2,2020-01-25,5.0
W025,Heilongjiang,Alpha,2020-01-23,3,2020-01-26,6.0
W025,Heilongjiang,Alpha,2020-01-23,4,2020-01-27,6.0
W025,Heilongjiang,Alpha,2020-01-23,5,2020-01-28,12.0
W025,Heilongjiang,Alpha,2020-01-23,6,2020-01-29,5.0
W025,Heilongjiang,Alpha,2020-01-23,7,2020-01-30,6.0
W025,Heilongjiang,Alpha,2020-01-23,8,2020-01-31,15.0
W025,Heilongjiang,Alpha,2020-01-23,9,2020-02-01,21.0
W025,Heilongjiang,Alpha,2020-01-23,10,2020-02-02,15.0
W025,Heilongjiang,Alpha,2020-01-23,11,2020-02-03,26.0
W025,Heilongjiang,Alpha,2020-01-23,12,2020-02-04,34.0
W025,Heilongjiang,Alpha,2020-01-23,13,2020-02-05,35.0
W025,Heilongjiang,Alpha,2020-01-23,14,2020-02-06,37.0
W025,Heilongjiang,Alpha,2020-01-23,15,2020-02-07,50.0
W025,Heilongjiang,Alpha,2020-01-23,16,2020-02-08,18.0
W025,Heilongjiang,Alpha,2020-01-23,17,2020-02-09,12.0
W025,Heilongjiang,Alpha,2020-01-23,18,2020-02-10,24.0
W025,Heilongjiang,Alpha,2020-01-23,19,2020-02-11,29.0
W025,Heilongjiang,Alpha,2020-01-23,20,2020-02-12,18.0
W025,Heilongjiang,Alpha,2020-01-23,21,2020-02-13,17.0
W025,Heilongjiang,Alpha,2020-01-23,22,2020-02-14,24.0
W025,Heilongjiang,Alpha,2020-01-23,23,2020-02-15,6.0
W025,Heilongjiang,Alpha,2020-01-23,24,2020-02-16,20.0
W025,Heilongjiang,Alpha,2020-01-23,25,2020-02-17,12.0
W025,Heilongjiang,Alpha,2020-01-23,26,2020-02-18,7.0
W025,Heilongjiang,Alpha,2020-01-23,27,2020-02-19,6.0
W025,Heilongjiang,Alpha,2020-01-23,28,2020-02-20,6.0
W025,Heilongjiang,Alpha,2020-01-23,29,2020-02-21,3.0
W025,Heilongjiang,Alpha,2020-01-23,30,2020-02-22,0.0
W025,Heilongjiang,Alpha,2020-01-23,31,2020-02-23,1.0
W026,Jilin,Alpha,2020-01-23,0,2020-01-23,1.0
W026,Jilin,Alpha,2020-01-23,1,2020-01-24,2.0
W026,Jilin,Alpha,2020-01-23,2,2020-01-25,1.0
W026,Jilin,Alpha,2020-01-23,3,2020-01-26,0.0
W026,Jilin,Alpha,2020-01-23,4,2020-01-27,2.0
W026,Jilin,Alpha,2020-01-23,5,2020-01-28,2.0
W026,Jilin,Alpha,2020-01-23,6,2020-01-29,1.0
W026,Jilin,Alpha,2020-01-23,7,2020-01-30,5.0
W026,Jilin,Alpha,2020-01-23,8,2020-01-31,0.0
W026,Jilin,Alpha,2020-01-23,9,2020-02-01,3.0
W026,Jilin,Alpha,2020-01-23,10,2020-02-02,6.0
W026,Jilin,Alpha,2020-01-23,11,2020-02-03,8.0
W026,Jilin,Alpha,2020-01-23,12,2020-02-04,11.0
W026,Jilin,Alpha,2020-01-23,13,2020-02-05,12.0
W026,Jilin,Alpha,2020-01-23,14,2020-02-06,5.0
W026,Jilin,Alpha,2020-01-23,15,2020-02-07,6.0
W026,Jilin,Alpha,2020-01-23,16,2020-02-08,4.0
W026,Jilin,Alpha,2020-01-23,17,2020-02-09,9.0
W026,Jilin,Alpha,2020-01-23,18,2020-02-10,2.0
W026,Jilin,Alpha,2020-01-23,19,2020-02-11,1.0
W026,Jilin,Alpha,2020-01-23,20,2020-02-12,2.0
W026,Jilin,Alpha,2020-01-23,21,2020-02-13,1.0
W026,Jilin,Alpha,2020-01-23,22,2020-02-14,2.0
W026,Jilin,Alpha,2020-01-23,23,2020-02-15,2.0
W026,Jilin,Alpha,2020-01-23,24,2020-02-16,1.0
W026,Jilin,Alpha,2020-01-23,25,2020-02-17,0.0
W026,Jilin,Alpha,2020-01-23,26,2020-02-18,0.0
W026,Jilin,Alpha,2020-01-23,27,2020-02-19,1.0
W026,Jilin,Alpha,2020-01-23,28,2020-02-20,1.0
W027,Shaanxi,Alpha,2020-01-23,0,2020-01-23,3.0
W027,Shaanxi,Alpha,2020-01-23,1,2020-01-24,2.0
W027,Shaanxi,Alpha,2020-01-23,2,2020-01-25,10.0
W027,Shaanxi,Alpha,2020-01-23,3,2020-01-26,7.0
W027,Shaanxi,Alpha,2020-01-23,4,2020-01-27,13.0
W027,Shaanxi,Alpha,2020-01-23,5,2020-01-28,11.0
W027,Shaanxi,Alpha,2020-01-23,6,2020-01-29,10.0
W027,Shaanxi,Alpha,2020-01-23,7,2020-01-30,7.0
W027,Shaanxi,Alpha,2020-01-23,8,2020-01-31,24.0
W027,Shaanxi,Alpha,2020-01-23,9,2020-02-01,14.0
W027,Shaanxi,Alpha,2020-01-23,10,2020-02-02,15.0
W027,Shaanxi,Alpha,2020-01-23,11,2020-02-03,12.0
W027,Shaanxi,Alpha,2020-01-23,12,2020-02-04,14.0
W027,Shaanxi,Alpha,2020-01-23,13,2020-02-05,23.0
W027,Shaanxi,Alpha,2020-01-23,14,2020-02-06,8.0
W027,Shaanxi,Alpha,2020-01-23,15,2020-02-07,11.0
W027,Shaanxi,Alpha,2020-01-23,16,2020-02-08,11.0
W027,Shaanxi,Alpha,2020-01-23,17,2020-02-09,13.0
W027,Shaanxi,Alpha,2020-01-23,18,2020-02-10,5.0
W027,Shaanxi,Alpha,2020-01-23,19,2020-02-11,6.0
W027,Shaanxi,Alpha,2020-01-23,20,2020-02-12,6.0
W027,Shaanxi,Alpha,2020-01-23,21,2020-02-13,4.0
W027,Shaanxi,Alpha,2020-01-23,22,2020-02-14,1.0
W027,Shaanxi,Alpha,2020-01-23,23,2020-02-15,2.0
W027,Shaanxi,Alpha,2020-01-23,24,2020-02-16,4.0
W027,Shaanxi,Alpha,2020-01-23,25,2020-02-17,4.0
W027,Shaanxi,Alpha,2020-01-23,26,2020-02-18,0.0
W027,Shaanxi,Alpha,2020-01-23,27,2020-02-19,2.0
W027,Shaanxi,Alpha,2020-01-23,28,2020-02-20,3.0
W028,Xinjiang,Alpha,2020-01-23,0,2020-01-23,2.0
W028,Xinjiang,Alpha,2020-01-23,1,2020-01-24,0.0
W028,Xinjiang,Alpha,2020-01-23,2,2020-01-25,1.0
W028,Xinjiang,Alpha,2020-01-23,3,2020-01-26,1.0
W028,Xinjiang,Alpha,2020-01-23,4,2020-01-27,1.0
W028,Xinjiang,Alpha,2020-01-23,5,2020-01-28,5.0
W028,Xinjiang,Alpha,2020-01-23,6,2020-01-29,3.0
W028,Xinjiang,Alpha,2020-01-23,7,2020-01-30,1.0
W028,Xinjiang,Alpha,2020-01-23,8,2020-01-31,3.0
W028,Xinjiang,Alpha,2020-01-23,9,2020-02-01,1.0
W028,Xinjiang,Alpha,2020-01-23,10,2020-02-02,3.0
W028,Xinjiang,Alpha,2020-01-23,11,2020-02-03,3.0
W028,Xinjiang,Alpha,2020-01-23,12,2020-02-04,5.0
W028,Xinjiang,Alpha,2020-01-23,13,2020-02-05,3.0
W028,Xinjiang,Alpha,2020-01-23,14,2020-02-06,4.0
W028,Xinjiang,Alpha,2020-01-23,15,2020-02-07,3.0
W028,Xinjiang,Alpha,2020-01-23,16,2020-02-08,3.0
W028,Xinjiang,Alpha,2020-01-23,17,2020-02-09,3.0
W028,Xinjiang,Alpha,2020-01-23,18,2020-02-10,4.0
W028,Xinjiang,Alpha,2020-01-23,19,2020-02-11,6.0
W028,Xinjiang,Alpha,2020-01-23,20,2020-02-12,4.0
W028,Xinjiang,Alpha,2020-01-23,21,2020-02-13,4.0
W028,Xinjiang,Alpha,2020-01-23,22,2020-02-14,2.0
W028,Xinjiang,Alpha,2020-01-23,23,2020-02-15,5.0
W028,Xinjiang,Alpha,2020-01-23,24,2020-02-16,1.0
W028,Xinjiang,Alpha,2020-01-23,25,2020-02-17,4.0
W028,Xinjiang,Alpha,2020-01-23,26,2020-02-18,1.0
W028,Xinjiang,Alpha,2020-01-23,27,2020-02-19,0.0
W028,Xinjiang,Alpha,2020-01-23,28,2020-02-20,0.0
W028,Xinjiang,Alpha,2020-01-23,29,2020-02-21,2.0
W029,Inner Mongolia,Alpha,2020-01-24,0,2020-01-24,1.0
W029,Inner Mongolia,Alpha,2020-01-24,1,2020-01-25,6.0
W029,Inner Mongolia,Alpha,2020-01-24,2,2020-01-26,0.0
W029,Inner Mongolia,Alpha,2020-01-24,3,2020-01-27,4.0
W029,Inner Mongolia,Alpha,2020-01-24,4,2020-01-28,4.0
W029,Inner Mongolia,Alpha,2020-01-24,5,2020-01-29,1.0
W029,Inner Mongolia,Alpha,2020-01-24,6,2020-01-30,3.0
W029,Inner Mongolia,Alpha,2020-01-24,7,2020-01-31,1.0
W029,Inner Mongolia,Alpha,2020-01-24,8,2020-02-01,3.0
W029,Inner Mongolia,Alpha,2020-01-24,9,2020-02-02,4.0
W029,Inner Mongolia,Alpha,2020-01-24,10,2020-02-03,7.0
W029,Inner Mongolia,Alpha,2020-01-24,11,2020-02-04,1.0
W029,Inner Mongolia,Alpha,2020-01-24,12,2020-02-05,7.0
W029,Inner Mongolia,Alpha,2020-01-24,13,2020-02-06,4.0
W029,Inner Mongolia,Alpha,2020-01-24,14,2020-02-07,4.0
W029,Inner Mongolia,Alpha,2020-01-24,15,2020-02-08,2.0
W029,Inner Mongolia,Alpha,2020-01-24,16,2020-02-09,2.0
W029,Inner Mongolia,Alpha,2020-01-24,17,2020-02-10,4.0
W029,Inner Mongolia,Alpha,2020-01-24,18,2020-02-11,0.0
W029,Inner Mongolia,Alpha,2020-01-24,19,2020-02-12,2.0
W029,Inner Mongolia,Alpha,2020-01-24,20,2020-02-13,1.0
W029,Inner Mongolia,Alpha,2020-01-24,21,2020-02-14,4.0
W029,Inner Mongolia,Alpha,2020-01-24,22,2020-02-15,3.0
W029,Inner Mongolia,Alpha,2020-01-24,23,2020-02-16,2.0
W029,Inner Mongolia,Alpha,2020-01-24,24,2020-02-17,2.0
W029,Inner Mongolia,Alpha,2020-01-24,25,2020-02-18,1.0
W029,Inner Mongolia,Alpha,2020-01-24,26,2020-02-19,2.0
W030,Qinghai,Alpha,2020-01-25,0,2020-01-25,1.0
W030,Qinghai,Alpha,2020-01-25,1,2020-01-26,0.0
W030,Qinghai,Alpha,2020-01-25,2,2020-01-27,5.0
W030,Qinghai,Alpha,2020-01-25,3,2020-01-28,0.0
W030,Qinghai,Alpha,2020-01-25,4,2020-01-29,0.0
W030,Qinghai,Alpha,2020-01-25,5,2020-01-30,2.0
W030,Qinghai,Alpha,2020-01-25,6,2020-01-31,0.0
W030,Qinghai,Alpha,2020-01-25,7,2020-02-01,1.0
W030,Qinghai,Alpha,2020-01-25,8,2020-02-02,2.0
W030,Qinghai,Alpha,2020-01-25,9,2020-02-03,2.0
W030,Qinghai,Alpha,2020-01-25,10,2020-02-04,2.0
W030,Qinghai,Alpha,2020-01-25,11,2020-02-05,2.0
W030,Qinghai,Alpha,2020-01-25,12,2020-02-06,1.0
W031,Beijing,Alpha,2020-06-11,0,2020-06-11,1.0
W031,Beijing,Alpha,2020-06-11,1,2020-06-12,6.0
W031,Beijing,Alpha,2020-06-11,2,2020-06-13,37.0
W031,Beijing,Alpha,2020-06-11,3,2020-06-14,42.0
W031,Beijing,Alpha,2020-06-11,4,2020-06-15,30.0
W031,Beijing,Alpha,2020-06-11,5,2020-06-16,37.0
W031,Beijing,Alpha,2020-06-11,6,2020-06-17,24.0
W031,Beijing,Alpha,2020-06-11,7,2020-06-18,27.0
W031,Beijing,Alpha,2020-06-11,8,2020-06-19,24.0
W031,Beijing,Alpha,2020-06-11,9,2020-06-20,25.0
W031,Beijing,Alpha,2020-06-11,10,2020-06-21,14.0
W031,Beijing,Alpha,2020-06-11,11,2020-06-22,14.0
W031,Beijing,Alpha,2020-06-11,12,2020-06-23,8.0
W031,Beijing,Alpha,2020-06-11,13,2020-06-24,13.0
W031,Beijing,Alpha,2020-06-11,14,2020-06-25,12.0
W031,Beijing,Alpha,2020-06-11,15,2020-06-26,21.0
W031,Beijing,Alpha,2020-06-11,16,2020-06-27,17.0
W031,Beijing,Alpha,2020-06-11,17,2020-06-28,8.0
W031,Beijing,Alpha,2020-06-11,18,2020-06-29,8.0
W031,Beijing,Alpha,2020-06-11,19,2020-06-30,3.0
W031,Beijing,Alpha,2020-06-11,20,2020-07-01,3.0
W031,Beijing,Alpha,2020-06-11,21,2020-07-02,3.0
W031,Beijing,Alpha,2020-06-11,22,2020-07-03,1.0
W031,Beijing,Alpha,2020-06-11,23,2020-07-04,2.0
W031,Beijing,Alpha,2020-06-11,24,2020-07-05,2.0
W031,Beijing,Alpha,2020-06-11,25,2020-07-06,1.0
W031,Beijing,Alpha,2020-06-11,26,2020-07-07,0.0
W031,Beijing,Alpha,2020-06-11,27,2020-07-08,1.0
W031,Beijing,Alpha,2020-06-11,28,2020-07-09,0.0
W031,Beijing,Alpha,2020-06-11,29,2020-07-10,1.0
W032,Xinjiang,Alpha,2020-07-16,0,2020-07-16,6.0
W032,Xinjiang,Alpha,2020-07-16,1,2020-07-17,11.0
W032,Xinjiang,Alpha,2020-07-16,2,2020-07-18,13.0
W032,Xinjiang,Alpha,2020-07-16,3,2020-07-19,17.0
W032,Xinjiang,Alpha,2020-07-16,4,2020-07-20,8.0
W032,Xinjiang,Alpha,2020-07-16,5,2020-07-21,9.0
W032,Xinjiang,Alpha,2020-07-16,6,2020-07-22,18.0
W032,Xinjiang,Alpha,2020-07-16,7,2020-07-23,13.0
W032,Xinjiang,Alpha,2020-07-16,8,2020-07-24,20.0
W032,Xinjiang,Alpha,2020-07-16,9,2020-07-25,22.0
W032,Xinjiang,Alpha,2020-07-16,10,2020-07-26,41.0
W032,Xinjiang,Alpha,2020-07-16,11,2020-07-27,57.0
W032,Xinjiang,Alpha,2020-07-16,12,2020-07-28,89.0
W032,Xinjiang,Alpha,2020-07-16,13,2020-07-29,96.0
W032,Xinjiang,Alpha,2020-07-16,14,2020-07-30,112.0
W032,Xinjiang,Alpha,2020-07-16,15,2020-07-31,31.0
W032,Xinjiang,Alpha,2020-07-16,16,2020-08-01,29.0
W032,Xinjiang,Alpha,2020-07-16,17,2020-08-02,28.0
W032,Xinjiang,Alpha,2020-07-16,18,2020-08-03,28.0
W032,Xinjiang,Alpha,2020-07-16,19,2020-08-04,22.0
W032,Xinjiang,Alpha,2020-07-16,20,2020-08-05,27.0
W032,Xinjiang,Alpha,2020-07-16,21,2020-08-06,26.0
W032,Xinjiang,Alpha,2020-07-16,22,2020-08-07,25.0
W032,Xinjiang,Alpha,2020-07-16,23,2020-08-08,15.0
W032,Xinjiang,Alpha,2020-07-16,24,2020-08-09,14.0
W032,Xinjiang,Alpha,2020-07-16,25,2020-08-10,13.0
W032,Xinjiang,Alpha,2020-07-16,26,2020-08-11,9.0
W032,Xinjiang,Alpha,2020-07-16,27,2020-08-12,8.0
W032,Xinjiang,Alpha,2020-07-16,28,2020-08-13,8.0
W032,Xinjiang,Alpha,2020-07-16,29,2020-08-14,7.0
W032,Xinjiang,Alpha,2020-07-16,30,2020-08-15,4.0
W033,Liaoning,Alpha,2020-07-22,0,2020-07-22,1.0
W033,Liaoning,Alpha,2020-07-22,1,2020-07-23,14.0
W033,Liaoning,Alpha,2020-07-22,2,2020-07-24,36.0
W033,Liaoning,Alpha,2020-07-22,3,2020-07-25,36.0
W033,Liaoning,Alpha,2020-07-22,4,2020-07-26,26.0
W033,Liaoning,Alpha,2020-07-22,5,2020-07-27,18.0
W033,Liaoning,Alpha,2020-07-22,6,2020-07-28,12.0
W033,Liaoning,Alpha,2020-07-22,7,2020-07-29,7.0
W033,Liaoning,Alpha,2020-07-22,8,2020-07-30,17.0
W033,Liaoning,Alpha,2020-07-22,9,2020-07-31,12.0
W033,Liaoning,Alpha,2020-07-22,10,2020-08-01,4.0
W033,Liaoning,Alpha,2020-07-22,11,2020-08-02,8.0
W033,Liaoning,Alpha,2020-07-22,12,2020-08-03,2.0
W033,Liaoning,Alpha,2020-07-22,13,2020-08-04,0.0
W033,Liaoning,Alpha,2020-07-22,14,2020-08-05,3.0
W034,Xinjiang,Alpha,2020-10-24,0,2020-10-24,1.0
W034,Xinjiang,Alpha,2020-10-24,1,2020-10-25,137.0
W034,Xinjiang,Alpha,2020-10-24,2,2020-10-26,26.0
W034,Xinjiang,Alpha,2020-10-24,3,2020-10-27,19.0
W034,Xinjiang,Alpha,2020-10-24,4,2020-10-28,0.0
W034,Xinjiang,Alpha,2020-10-24,5,2020-10-29,14.0
W034,Xinjiang,Alpha,2020-10-24,6,2020-10-30,15.0
W034,Xinjiang,Alpha,2020-10-24,7,2020-10-31,61.0
W034,Xinjiang,Alpha,2020-10-24,8,2020-11-01,7.0
W034,Xinjiang,Alpha,2020-10-24,9,2020-11-02,13.0
W034,Xinjiang,Alpha,2020-10-24,10,2020-11-03,116.0
W034,Xinjiang,Alpha,2020-10-24,11,2020-11-04,2.0
W034,Xinjiang,Alpha,2020-10-24,12,2020-11-05,15.0
W034,Xinjiang,Alpha,2020-10-24,13,2020-11-06,2.0
W034,Xinjiang,Alpha,2020-10-24,14,2020-11-07,2.0
W035,Liaoning,Alpha,2020-12-15,0,2020-12-15,4.0
W035,Liaoning,Alpha,2020-12-15,1,2020-12-16,0.0
W035,Liaoning,Alpha,2020-12-15,2,2020-12-17,2.0
W035,Liaoning,Alpha,2020-12-15,3,2020-12-18,1.0
W035,Liaoning,Alpha,2020-12-15,4,2020-12-19,1.0
W035,Liaoning,Alpha,2020-12-15,5,2020-12-20,1.0
W035,Liaoning,Alpha,2020-12-15,6,2020-12-21,8.0
W035,Liaoning,Alpha,2020-12-15,7,2020-12-22,9.0
W035,Liaoning,Alpha,2020-12-15,8,2020-12-23,8.0
W035,Liaoning,Alpha,2020-12-15,9,2020-12-24,7.0
W035,Liaoning,Alpha,2020-12-15,10,2020-12-25,8.0
W035,Liaoning,Alpha,2020-12-15,11,2020-12-26,10.0
W035,Liaoning,Alpha,2020-12-15,12,2020-12-27,9.0
W035,Liaoning,Alpha,2020-12-15,13,2020-12-28,10.0
W035,Liaoning,Alpha,2020-12-15,14,2020-12-29,6.0
W035,Liaoning,Alpha,2020-12-15,15,2020-12-30,6.0
W035,Liaoning,Alpha,2020-12-15,16,2020-12-31,6.0
W035,Liaoning,Alpha,2020-12-15,17,2021-01-01,6.0
W035,Liaoning,Alpha,2020-12-15,18,2021-01-02,2.0
W035,Liaoning,Alpha,2020-12-15,19,2021-01-03,5.0
W035,Liaoning,Alpha,2020-12-15,20,2021-01-04,3.0
W035,Liaoning,Alpha,2020-12-15,21,2021-01-05,2.0
W035,Liaoning,Alpha,2020-12-15,22,2021-01-06,2.0
W035,Liaoning,Alpha,2020-12-15,23,2021-01-07,2.0
W035,Liaoning,Alpha,2020-12-15,24,2021-01-08,4.0
W035,Liaoning,Alpha,2020-12-15,25,2021-01-09,1.0
W035,Liaoning,Alpha,2020-12-15,26,2021-01-10,0.0
W035,Liaoning,Alpha,2020-12-15,27,2021-01-11,1.0
W036,Hebei,Alpha,2021-01-02,0,2021-01-02,1.0
W036,Hebei,Alpha,2021-01-02,1,2021-01-03,4.0
W036,Hebei,Alpha,2021-01-02,2,2021-01-04,14.0
W036,Hebei,Alpha,2021-01-02,3,2021-01-05,20.0
W036,Hebei,Alpha,2021-01-02,4,2021-01-06,53.0
W036,Hebei,Alpha,2021-01-02,5,2021-01-07,33.0
W036,Hebei,Alpha,2021-01-02,6,2021-01-08,14.0
W036,Hebei,Alpha,2021-01-02,7,2021-01-09,46.0
W036,Hebei,Alpha,2021-01-02,8,2021-01-10,82.0
W036,Hebei,Alpha,2021-01-02,9,2021-01-11,40.0
W036,Hebei,Alpha,2021-01-02,10,2021-01-12,90.0
W036,Hebei,Alpha,2021-01-02,11,2021-01-13,81.0
W036,Hebei,Alpha,2021-01-02,12,2021-01-14,90.0
W036,Hebei,Alpha,2021-01-02,13,2021-01-15,90.0
W036,Hebei,Alpha,2021-01-02,14,2021-01-16,72.0
W036,Hebei,Alpha,2021-01-02,15,2021-01-17,54.0
W036,Hebei,Alpha,2021-01-02,16,2021-01-18,35.0
W036,Hebei,Alpha,2021-01-02,17,2021-01-19,19.0
W036,Hebei,Alpha,2021-01-02,18,2021-01-20,20.0
W036,Hebei,Alpha,2021-01-02,19,2021-01-21,21.0
W036,Hebei,Alpha,2021-01-02,20,2021-01-22,12.0
W036,Hebei,Alpha,2021-01-02,21,2021-01-23,19.0
W036,Hebei,Alpha,2021-01-02,22,2021-01-24,11.0
W036,Hebei,Alpha,2021-01-02,23,2021-01-25,5.0
W036,Hebei,Alpha,2021-01-02,24,2021-01-26,7.0
W036,Hebei,Alpha,2021-01-02,25,2021-01-27,3.0
W036,Hebei,Alpha,2021-01-02,26,2021-01-28,1.0
W036,Hebei,Alpha,2021-01-02,27,2021-01-29,1.0
W036,Hebei,Alpha,2021-01-02,28,2021-01-30,1.0
W036,Hebei,Alpha,2021-01-02,29,2021-01-31,1.0
W036,Hebei,Alpha,2021-01-02,30,2021-02-01,0.0
W036,Hebei,Alpha,2021-01-02,31,2021-02-02,1.0
W036,Hebei,Alpha,2021-01-02,32,2021-02-03,2.0
W037,Heilongjiang,Alpha,2021-01-11,0,2021-01-11,1.0
W037,Heilongjiang,Alpha,2021-01-11,1,2021-01-12,16.0
W037,Heilongjiang,Alpha,2021-01-11,2,2021-01-13,43.0
W037,Heilongjiang,Alpha,2021-01-11,3,2021-01-14,43.0
W037,Heilongjiang,Alpha,2021-01-11,4,2021-01-15,23.0
W037,Heilongjiang,Alpha,2021-01-11,5,2021-01-16,12.0
W037,Heilongjiang,Alpha,2021-01-11,6,2021-01-17,7.0
W037,Heilongjiang,Alpha,2021-01-11,7,2021-01-18,27.0
W037,Heilongjiang,Alpha,2021-01-11,8,2021-01-19,16.0
W037,Heilongjiang,Alpha,2021-01-11,9,2021-01-20,68.0
W037,Heilongjiang,Alpha,2021-01-11,10,2021-01-21,47.0
W037,Heilongjiang,Alpha,2021-01-11,11,2021-01-22,56.0
W037,Heilongjiang,Alpha,2021-01-11,12,2021-01-23,29.0
W037,Heilongjiang,Alpha,2021-01-11,13,2021-01-24,35.0
W037,Heilongjiang,Alpha,2021-01-11,14,2021-01-25,53.0
W037,Heilongjiang,Alpha,2021-01-11,15,2021-01-26,29.0
W037,Heilongjiang,Alpha,2021-01-11,16,2021-01-27,28.0
W037,Heilongjiang,Alpha,2021-01-11,17,2021-01-28,21.0
W037,Heilongjiang,Alpha,2021-01-11,18,2021-01-29,27.0
W037,Heilongjiang,Alpha,2021-01-11,19,2021-01-30,9.0
W037,Heilongjiang,Alpha,2021-01-11,20,2021-01-31,22.0
W037,Heilongjiang,Alpha,2021-01-11,21,2021-02-01,8.0
W037,Heilongjiang,Alpha,2021-01-11,22,2021-02-02,6.0
W037,Heilongjiang,Alpha,2021-01-11,23,2021-02-03,4.0
W037,Heilongjiang,Alpha,2021-01-11,24,2021-02-04,5.0
W037,Heilongjiang,Alpha,2021-01-11,25,2021-02-05,3.0
W038,Jilin,Alpha,2021-01-16,0,2021-01-16,10.0
W038,Jilin,Alpha,2021-01-16,1,2021-01-17,30.0
W038,Jilin,Alpha,2021-01-16,2,2021-01-18,43.0
W038,Jilin,Alpha,2021-01-16,3,2021-01-19,46.0
W038,Jilin,Alpha,2021-01-16,4,2021-01-20,33.0
W038,Jilin,Alpha,2021-01-16,5,2021-01-21,23.0
W038,Jilin,Alpha,2021-01-16,6,2021-01-22,9.0
W038,Jilin,Alpha,2021-01-16,7,2021-01-23,12.0
W038,Jilin,Alpha,2021-01-16,8,2021-01-24,67.0
W038,Jilin,Alpha,2021-01-16,9,2021-01-25,7.0
W038,Jilin,Alpha,2021-01-16,10,2021-01-26,14.0
W038,Jilin,Alpha,2021-01-16,11,2021-01-27,9.0
W038,Jilin,Alpha,2021-01-16,12,2021-01-28,13.0
W038,Jilin,Alpha,2021-01-16,13,2021-01-29,5.0
W038,Jilin,Alpha,2021-01-16,14,2021-01-30,63.0
W038,Jilin,Alpha,2021-01-16,15,2021-01-31,10.0
W038,Jilin,Alpha,2021-01-16,16,2021-02-01,4.0
W038,Jilin,Alpha,2021-01-16,17,2021-02-02,8.0
W038,Jilin,Alpha,2021-01-16,18,2021-02-03,8.0
W038,Jilin,Alpha,2021-01-16,19,2021-02-04,0.0
W038,Jilin,Alpha,2021-01-16,20,2021-02-05,1.0
W038,Jilin,Alpha,2021-01-16,21,2021-02-06,1.0
W039,Yunnan,Alpha,2021-03-30,0,2021-03-30,9.0
W039,Yunnan,Alpha,2021-03-30,1,2021-03-31,29.0
W039,Yunnan,Alpha,2021-03-30,2,2021-04-01,8.0
W039,Yunnan,Alpha,2021-03-30,3,2021-04-02,11.0
W039,Yunnan,Alpha,2021-03-30,4,2021-04-03,8.0
W039,Yunnan,Alpha,2021-03-30,5,2021-04-04,20.0
W039,Yunnan,Alpha,2021-03-30,6,2021-04-05,5.0
W039,Yunnan,Alpha,2021-03-30,7,2021-04-06,2.0
W039,Yunnan,Alpha,2021-03-30,8,2021-04-07,9.0
W039,Yunnan,Alpha,2021-03-30,9,2021-04-08,8.0
W039,Yunnan,Alpha,2021-03-30,10,2021-04-09,0.0
W039,Yunnan,Alpha,2021-03-30,11,2021-04-10,0.0
W039,Yunnan,Alpha,2021-03-30,12,2021-04-11,2.0
W039,Yunnan,Alpha,2021-03-30,13,2021-04-12,1.0
W039,Yunnan,Alpha,2021-03-30,14,2021-04-13,1.0
W039,Yunnan,Alpha,2021-03-30,15,2021-04-14,0.0
W039,Yunnan,Alpha,2021-03-30,16,2021-04-15,1.0
W039,Yunnan,Alpha,2021-03-30,17,2021-04-16,1.0
W039,Yunnan,Alpha,2021-03-30,18,2021-04-17,0.0
W039,Yunnan,Alpha,2021-03-30,19,2021-04-18,0.0
W039,Yunnan,Alpha,2021-03-30,20,2021-04-19,1.0
W039,Yunnan,Alpha,2021-03-30,21,2021-04-20,2.0
W040,Guangdong,Delta,2021-05-21,0,2021-05-21,1.0
W040,Guangdong,Delta,2021-05-21,1,2021-05-22,1.0
W040,Guangdong,Delta,2021-05-21,2,2021-05-23,3.0
W040,Guangdong,Delta,2021-05-21,3,2021-05-24,1.0
W040,Guangdong,Delta,2021-05-21,4,2021-05-25,4.0
W040,Guangdong,Delta,2021-05-21,5,2021-05-26,6.0
W040,Guangdong,Delta,2021-05-21,6,2021-05-27,5.0
W040,Guangdong,Delta,2021-05-21,7,2021-05-28,9.0
W040,Guangdong,Delta,2021-05-21,8,2021-05-29,13.0
W040,Guangdong,Delta,2021-05-21,9,2021-05-30,7.0
W040,Guangdong,Delta,2021-05-21,10,2021-05-31,12.0
W040,Guangdong,Delta,2021-05-21,11,2021-06-01,14.0
W040,Guangdong,Delta,2021-05-21,12,2021-06-02,16.0
W040,Guangdong,Delta,2021-05-21,13,2021-06-03,6.0
W040,Guangdong,Delta,2021-05-21,14,2021-06-04,8.0
W040,Guangdong,Delta,2021-05-21,15,2021-06-05,8.0
W040,Guangdong,Delta,2021-05-21,16,2021-06-06,5.0
W040,Guangdong,Delta,2021-05-21,17,2021-06-07,1.0
W040,Guangdong,Delta,2021-05-21,18,2021-06-08,6.0
W040,Guangdong,Delta,2021-05-21,19,2021-06-09,2.0
W040,Guangdong,Delta,2021-05-21,20,2021-06-10,9.0
W040,Guangdong,Delta,2021-05-21,21,2021-06-11,8.0
W040,Guangdong,Delta,2021-05-21,22,2021-06-12,6.0
W040,Guangdong,Delta,2021-05-21,23,2021-06-13,4.0
W040,Guangdong,Delta,2021-05-21,24,2021-06-14,2.0
W040,Guangdong,Delta,2021-05-21,25,2021-06-15,0.0
W040,Guangdong,Delta,2021-05-21,26,2021-06-16,4.0
W040,Guangdong,Delta,2021-05-21,27,2021-06-17,1.0
W040,Guangdong,Delta,2021-05-21,28,2021-06-18,0.0
W040,Guangdong,Delta,2021-05-21,29,2021-06-19,0.0
W040,Guangdong,Delta,2021-05-21,30,2021-06-20,1.0
W040,Guangdong,Delta,2021-05-21,31,2021-06-21,2.0
W041,Yunnan,Delta,2021-07-04,0,2021-07-04,3.0
W041,Yunnan,Delta,2021-07-04,1,2021-07-05,5.0
W041,Yunnan,Delta,2021-07-04,2,2021-07-06,15.0
W041,Yunnan,Delta,2021-07-04,3,2021-07-07,0.0
W041,Yunnan,Delta,2021-07-04,4,2021-07-08,8.0
W041,Yunnan,Delta,2021-07-04,5,2021-07-09,10.0
W041,Yunnan,Delta,2021-07-04,6,2021-07-10,12.0
W041,Yunnan,Delta,2021-07-04,7,2021-07-11,7.0
W041,Yunnan,Delta,2021-07-04,8,2021-07-12,1.0
W041,Yunnan,Delta,2021-07-04,9,2021-07-13,1.0
W041,Yunnan,Delta,2021-07-04,10,2021-07-14,5.0
W041,Yunnan,Delta,2021-07-04,11,2021-07-15,0.0
W041,Yunnan,Delta,2021-07-04,12,2021-07-16,2.0
W041,Yunnan,Delta,2021-07-04,13,2021-07-17,1.0
W041,Yunnan,Delta,2021-07-04,14,2021-07-18,5.0
W041,Yunnan,Delta,2021-07-04,15,2021-07-19,9.0
W041,Yunnan,Delta,2021-07-04,16,2021-07-20,2.0
W041,Yunnan,Delta,2021-07-04,17,2021-07-21,1.0
W041,Yunnan,Delta,2021-07-04,18,2021-07-22,0.0
W041,Yunnan,Delta,2021-07-04,19,2021-07-23,0.0
W041,Yunnan,Delta,2021-07-04,20,2021-07-24,1.0
W041,Yunnan,Delta,2021-07-04,21,2021-07-25,0.0
W041,Yunnan,Delta,2021-07-04,22,2021-07-26,0.0
W041,Yunnan,Delta,2021-07-04,23,2021-07-27,2.0
W042,Jiangsu,Delta,2021-07-21,0,2021-07-21,13.0
W042,Jiangsu,Delta,2021-07-21,1,2021-07-22,12.0
W042,Jiangsu,Delta,2021-07-21,2,2021-07-23,12.0
W042,Jiangsu,Delta,2021-07-21,3,2021-07-24,2.0
W042,Jiangsu,Delta,2021-07-21,4,2021-07-25,39.0
W042,Jiangsu,Delta,2021-07-21,5,2021-07-26,34.0
W042,Jiangsu,Delta,2021-07-21,6,2021-07-27,48.0
W042,Jiangsu,Delta,2021-07-21,7,2021-07-28,20.0
W042,Jiangsu,Delta,2021-07-21,8,2021-07-29,18.0
W042,Jiangsu,Delta,2021-07-21,9,2021-07-30,19.0
W042,Jiangsu,Delta,2021-07-21,10,2021-07-31,30.0
W042,Jiangsu,Delta,2021-07-21,11,2021-08-01,43.0
W042,Jiangsu,Delta,2021-07-21,12,2021-08-02,47.0
W042,Jiangsu,Delta,2021-07-21,13,2021-08-03,38.0
W042,Jiangsu,Delta,2021-07-21,14,2021-08-04,40.0
W042,Jiangsu,Delta,2021-07-21,15,2021-08-05,61.0
W042,Jiangsu,Delta,2021-07-21,16,2021-08-06,54.0
W042,Jiangsu,Delta,2021-07-21,17,2021-08-07,38.0
W042,Jiangsu,Delta,2021-07-21,18,2021-08-08,38.0
W042,Jiangsu,Delta,2021-07-21,19,2021-08-09,50.0
W042,Jiangsu,Delta,2021-07-21,20,2021-08-10,54.0
W042,Jiangsu,Delta,2021-07-21,21,2021-08-11,38.0
W042,Jiangsu,Delta,2021-07-21,22,2021-08-12,26.0
W042,Jiangsu,Delta,2021-07-21,23,2021-08-13,18.0
W042,Jiangsu,Delta,2021-07-21,24,2021-08-14,18.0
W042,Jiangsu,Delta,2021-07-21,25,2021-08-15,6.0
W042,Jiangsu,Delta,2021-07-21,26,2021-08-16,3.0
W042,Jiangsu,Delta,2021-07-21,27,2021-08-17,6.0
W042,Jiangsu,Delta,2021-07-21,28,2021-08-18,3.0
W042,Jiangsu,Delta,2021-07-21,29,2021-08-19,3.0
W042,Jiangsu,Delta,2021-07-21,30,2021-08-20,1.0
W042,Jiangsu,Delta,2021-07-21,31,2021-08-21,1.0
W042,Jiangsu,Delta,2021-07-21,32,2021-08-22,0.0
W042,Jiangsu,Delta,2021-07-21,33,2021-08-23,0.0
W042,Jiangsu,Delta,2021-07-21,34,2021-08-24,1.0
W042,Jiangsu,Delta,2021-07-21,35,2021-08-25,0.0
W042,Jiangsu,Delta,2021-07-21,36,2021-08-26,1.0
W043,Hunan,Delta,2021-07-29,0,2021-07-29,2.0
W043,Hunan,Delta,2021-07-29,1,2021-07-30,6.0
W043,Hunan,Delta,2021-07-29,2,2021-07-31,4.0
W043,Hunan,Delta,2021-07-29,3,2021-08-01,7.0
W043,Hunan,Delta,2021-07-29,4,2021-08-02,6.0
W043,Hunan,Delta,2021-07-29,5,2021-08-03,15.0
W043,Hunan,Delta,2021-07-29,6,2021-08-04,9.0
W043,Hunan,Delta,2021-07-29,7,2021-08-05,9.0
W043,Hunan,Delta,2021-07-29,8,2021-08-06,9.0
W043,Hunan,Delta,2021-07-29,9,2021-08-07,6.0
W043,Hunan,Delta,2021-07-29,10,2021-08-08,12.0
W043,Hunan,Delta,2021-07-29,11,2021-08-09,6.0
W043,Hunan,Delta,2021-07-29,12,2021-08-10,5.0
W043,Hunan,Delta,2021-07-29,13,2021-08-11,7.0
W043,Hunan,Delta,2021-07-29,14,2021-08-12,2.0
W043,Hunan,Delta,2021-07-29,15,2021-08-13,3.0
W043,Hunan,Delta,2021-07-29,16,2021-08-14,1.0
W043,Hunan,Delta,2021-07-29,17,2021-08-15,1.0
W044,Henan,Delta,2021-07-31,0,2021-07-31,32.0
W044,Henan,Delta,2021-07-31,1,2021-08-01,29.0
W044,Henan,Delta,2021-07-31,2,2021-08-02,17.0
W044,Henan,Delta,2021-07-31,3,2021-08-03,11.0
W044,Henan,Delta,2021-07-31,4,2021-08-04,25.0
W044,Henan,Delta,2021-07-31,5,2021-08-05,9.0
W044,Henan,Delta,2021-07-31,6,2021-08-06,8.0
W044,Henan,Delta,2021-07-31,7,2021-08-07,5.0
W044,Henan,Delta,2021-07-31,8,2021-08-08,5.0
W044,Henan,Delta,2021-07-31,9,2021-08-09,2.0
W044,Henan,Delta,2021-07-31,10,2021-08-10,3.0
W044,Henan,Delta,2021-07-31,11,2021-08-11,3.0
W044,Henan,Delta,2021-07-31,12,2021-08-12,4.0
W044,Henan,Delta,2021-07-31,13,2021-08-13,2.0
W044,Henan,Delta,2021-07-31,14,2021-08-14,12.0
W045,Hubei,Delta,2021-07-31,0,2021-07-31,1.0
W045,Hubei,Delta,2021-07-31,1,2021-08-01,2.0
W045,Hubei,Delta,2021-07-31,2,2021-08-02,3.0
W045,Hubei,Delta,2021-07-31,3,2021-08-03,9.0
W045,Hubei,Delta,2021-07-31,4,2021-08-04,1.0
W045,Hubei,Delta,2021-07-31,5,2021-08-05,6.0
W045,Hubei,Delta,2021-07-31,6,2021-08-06,9.0
W045,Hubei,Delta,2021-07-31,7,2021-08-07,6.0
W045,Hubei,Delta,2021-07-31,8,2021-08-08,3.0
W045,Hubei,Delta,2021-07-31,9,2021-08-09,15.0
W045,Hubei,Delta,2021-07-31,10,2021-08-10,14.0
W045,Hubei,Delta,2021-07-31,11,2021-08-11,10.0
W045,Hubei,Delta,2021-07-31,12,2021-08-12,4.0
W045,Hubei,Delta,2021-07-31,13,2021-08-13,4.0
W045,Hubei,Delta,2021-07-31,14,2021-08-14,0.0
W045,Hubei,Delta,2021-07-31,15,2021-08-15,0.0
W045,Hubei,Delta,2021-07-31,16,2021-08-16,3.0
W046,Yunnan,Delta,2021-07-31,0,2021-07-31,3.0
W046,Yunnan,Delta,2021-07-31,1,2021-08-01,1.0
W046,Yunnan,Delta,2021-07-31,2,2021-08-02,2.0
W046,Yunnan,Delta,2021-07-31,3,2021-08-03,9.0
W046,Yunnan,Delta,2021-07-31,4,2021-08-04,12.0
W046,Yunnan,Delta,2021-07-31,5,2021-08-05,13.0
W046,Yunnan,Delta,2021-07-31,6,2021-08-06,0.0
W046,Yunnan,Delta,2021-07-31,7,2021-08-07,7.0
W046,Yunnan,Delta,2021-07-31,8,2021-08-08,0.0
W046,Yunnan,Delta,2021-07-31,9,2021-08-09,0.0
W046,Yunnan,Delta,2021-07-31,10,2021-08-10,2.0
W046,Yunnan,Delta,2021-07-31,11,2021-08-11,3.0
W046,Yunnan,Delta,2021-07-31,12,2021-08-12,1.0
W046,Yunnan,Delta,2021-07-31,13,2021-08-13,1.0
W047,Fujian,Delta,2021-09-10,0,2021-09-10,3.0
W047,Fujian,Delta,2021-09-10,1,2021-09-11,21.0
W047,Fujian,Delta,2021-09-10,2,2021-09-12,22.0
W047,Fujian,Delta,2021-09-10,3,2021-09-13,60.0
W047,Fujian,Delta,2021-09-10,4,2021-09-14,51.0
W047,Fujian,Delta,2021-09-10,5,2021-09-15,48.0
W047,Fujian,Delta,2021-09-10,6,2021-09-16,61.0
W047,Fujian,Delta,2021-09-10,7,2021-09-17,31.0
W047,Fujian,Delta,2021-09-10,8,2021-09-18,43.0
W047,Fujian,Delta,2021-09-10,9,2021-09-19,29.0
W047,Fujian,Delta,2021-09-10,10,2021-09-20,44.0
W047,Fujian,Delta,2021-09-10,11,2021-09-21,15.0
W047,Fujian,Delta,2021-09-10,12,2021-09-22,20.0
W047,Fujian,Delta,2021-09-10,13,2021-09-23,16.0
W047,Fujian,Delta,2021-09-10,14,2021-09-24,3.0
W047,Fujian,Delta,2021-09-10,15,2021-09-25,5.0
W047,Fujian,Delta,2021-09-10,16,2021-09-26,2.0
W047,Fujian,Delta,2021-09-10,17,2021-09-27,2.0
W047,Fujian,Delta,2021-09-10,18,2021-09-28,5.0
W047,Fujian,Delta,2021-09-10,19,2021-09-29,1.0
W048,Heilongjiang,Delta,2021-09-21,0,2021-09-21,3.0
W048,Heilongjiang,Delta,2021-09-21,1,2021-09-22,8.0
W048,Heilongjiang,Delta,2021-09-21,2,2021-09-23,15.0
W048,Heilongjiang,Delta,2021-09-21,3,2021-09-24,8.0
W048,Heilongjiang,Delta,2021-09-21,4,2021-09-25,4.0
W048,Heilongjiang,Delta,2021-09-21,5,2021-09-26,11.0
W048,Heilongjiang,Delta,2021-09-21,6,2021-09-27,11.0
W048,Heilongjiang,Delta,2021-09-21,7,2021-09-28,8.0
W048,Heilongjiang,Delta,2021-09-21,8,2021-09-29,6.0
W048,Heilongjiang,Delta,2021-09-21,9,2021-09-30,10.0
W048,Heilongjiang,Delta,2021-09-21,10,2021-10-01,2.0
W048,Heilongjiang,Delta,2021-09-21,11,2021-10-02,1.0
W048,Heilongjiang,Delta,2021-09-21,12,2021-10-03,1.0
W049,Inner Mongolia,Delta,2021-10-13,0,2021-10-13,1.0
W049,Inner Mongolia,Delta,2021-10-13,1,2021-10-14,0.0
W049,Inner Mongolia,Delta,2021-10-13,2,2021-10-15,0.0
W049,Inner Mongolia,Delta,2021-10-13,3,2021-10-16,1.0
W049,Inner Mongolia,Delta,2021-10-13,4,2021-10-17,0.0
W049,Inner Mongolia,Delta,2021-10-13,5,2021-10-18,7.0
W049,Inner Mongolia,Delta,2021-10-13,6,2021-10-19,3.0
W049,Inner Mongolia,Delta,2021-10-13,7,2021-10-20,3.0
W049,Inner Mongolia,Delta,2021-10-13,8,2021-10-21,15.0
W049,Inner Mongolia,Delta,2021-10-13,9,2021-10-22,9.0
W049,Inner Mongolia,Delta,2021-10-13,10,2021-10-23,10.0
W049,Inner Mongolia,Delta,2021-10-13,11,2021-10-24,13.0
W049,Inner Mongolia,Delta,2021-10-13,12,2021-10-25,36.0
W049,Inner Mongolia,Delta,2021-10-13,13,2021-10-26,12.0
W049,Inner Mongolia,Delta,2021-10-13,14,2021-10-27,7.0
W049,Inner Mongolia,Delta,2021-10-13,15,2021-10-28,19.0
W049,Inner Mongolia,Delta,2021-10-13,16,2021-10-29,19.0
W049,Inner Mongolia,Delta,2021-10-13,17,2021-10-30,10.0
W049,Inner Mongolia,Delta,2021-10-13,18,2021-10-31,6.0
W049,Inner Mongolia,Delta,2021-10-13,19,2021-11-01,2.0
W049,Inner Mongolia,Delta,2021-10-13,20,2021-11-02,6.0
W049,Inner Mongolia,Delta,2021-10-13,21,2021-11-03,2.0
W049,Inner Mongolia,Delta,2021-10-13,22,2021-11-04,2.0
W049,Inner Mongolia,Delta,2021-10-13,23,2021-11-05,1.0
W049,Inner Mongolia,Delta,2021-10-13,24,2021-11-06,0.0
W049,Inner Mongolia,Delta,2021-10-13,25,2021-11-07,1.0
W049,Inner Mongolia,Delta,2021-10-13,26,2021-11-08,0.0
W049,Inner Mongolia,Delta,2021-10-13,27,2021-11-09,1.0
W049,Inner Mongolia,Delta,2021-10-13,28,2021-11-10,0.0
W049,Inner Mongolia,Delta,2021-10-13,29,2021-11-11,2.0
W049,Inner Mongolia,Delta,2021-10-13,30,2021-11-12,1.0
W050,Gansu,Delta,2021-10-18,0,2021-10-18,1.0
W050,Gansu,Delta,2021-10-18,1,2021-10-19,4.0
W050,Gansu,Delta,2021-10-18,2,2021-10-20,5.0
W050,Gansu,Delta,2021-10-18,3,2021-10-21,9.0
W050,Gansu,Delta,2021-10-18,4,2021-10-22,17.0
W050,Gansu,Delta,2021-10-18,5,2021-10-23,6.0
W050,Gansu,Delta,2021-10-18,6,2021-10-24,4.0
W050,Gansu,Delta,2021-10-18,7,2021-10-25,6.0
W050,Gansu,Delta,2021-10-18,8,2021-10-26,4.0
W050,Gansu,Delta,2021-10-18,9,2021-10-27,8.0
W050,Gansu,Delta,2021-10-18,10,2021-10-28,12.0
W050,Gansu,Delta,2021-10-18,11,2021-10-29,11.0
W050,Gansu,Delta,2021-10-18,12,2021-10-30,9.0
W050,Gansu,Delta,2021-10-18,13,2021-10-31,10.0
W050,Gansu,Delta,2021-10-18,14,2021-11-01,8.0
W050,Gansu,Delta,2021-10-18,15,2021-11-02,14.0
W050,Gansu,Delta,2021-10-18,16,2021-11-03,2.0
W050,Gansu,Delta,2021-10-18,17,2021-11-04,5.0
W050,Gansu,Delta,2021-10-18,18,2021-11-05,2.0
W050,Gansu,Delta,2021-10-18,19,2021-11-06,2.0
W050,Gansu,Delta,2021-10-18,20,2021-11-07,2.0
W050,Gansu,Delta,2021-10-18,21,2021-11-08,4.0
W051,Heilongjiang,Delta,2021-10-27,0,2021-10-27,1.0
W051,Heilongjiang,Delta,2021-10-27,1,2021-10-28,9.0
W051,Heilongjiang,Delta,2021-10-27,2,2021-10-29,26.0
W051,Heilongjiang,Delta,2021-10-27,3,2021-10-30,19.0
W051,Heilongjiang,Delta,2021-10-27,4,2021-10-31,27.0
W051,Heilongjiang,Delta,2021-10-27,5,2021-11-01,27.0
W051,Heilongjiang,Delta,2021-10-27,6,2021-11-02,35.0
W051,Heilongjiang,Delta,2021-10-27,7,2021-11-03,45.0
W051,Heilongjiang,Delta,2021-10-27,8,2021-11-04,28.0
W051,Heilongjiang,Delta,2021-10-27,9,2021-11-05,16.0
W051,Heilongjiang,Delta,2021-10-27,10,2021-11-06,6.0
W051,Heilongjiang,Delta,2021-10-27,11,2021-11-07,6.0
W051,Heilongjiang,Delta,2021-10-27,12,2021-11-08,8.0
W051,Heilongjiang,Delta,2021-10-27,13,2021-11-09,4.0
W051,Heilongjiang,Delta,2021-10-27,14,2021-11-10,7.0
W051,Heilongjiang,Delta,2021-10-27,15,2021-11-11,7.0
W051,Heilongjiang,Delta,2021-10-27,16,2021-11-12,2.0
W051,Heilongjiang,Delta,2021-10-27,17,2021-11-13,2.0
W051,Heilongjiang,Delta,2021-10-27,18,2021-11-14,2.0
W051,Heilongjiang,Delta,2021-10-27,19,2021-11-15,2.0
W052,Hebei,Delta,2021-10-31,0,2021-10-31,8.0
W052,Hebei,Delta,2021-10-31,1,2021-11-01,8.0
W052,Hebei,Delta,2021-10-31,2,2021-11-02,14.0
W052,Hebei,Delta,2021-10-31,3,2021-11-03,23.0
W052,Hebei,Delta,2021-10-31,4,2021-11-04,10.0
W052,Hebei,Delta,2021-10-31,5,2021-11-05,14.0
W052,Hebei,Delta,2021-10-31,6,2021-11-06,16.0
W052,Hebei,Delta,2021-10-31,7,2021-11-07,8.0
W052,Hebei,Delta,2021-10-31,8,2021-11-08,12.0
W052,Hebei,Delta,2021-10-31,9,2021-11-09,5.0
W052,Hebei,Delta,2021-10-31,10,2021-11-10,3.0
W052,Hebei,Delta,2021-10-31,11,2021-11-11,2.0
W052,Hebei,Delta,2021-10-31,12,2021-11-12,4.0
W052,Hebei,Delta,2021-10-31,13,2021-11-13,3.0
W052,Hebei,Delta,2021-10-31,14,2021-11-14,1.0
W053,Henan,Delta,2021-11-02,0,2021-11-02,3.0
W053,Henan,Delta,2021-11-02,1,2021-11-03,9.0
W053,Henan,Delta,2021-11-02,2,2021-11-04,10.0
W053,Henan,Delta,2021-11-02,3,2021-11-05,7.0
W053,Henan,Delta,2021-11-02,4,2021-11-06,4.0
W053,Henan,Delta,2021-11-02,5,2021-11-07,12.0
W053,Henan,Delta,2021-11-02,6,2021-11-08,8.0
W053,Henan,Delta,2021-11-02,7,2021-11-09,7.0
W053,Henan,Delta,2021-11-02,8,2021-11-10,14.0
W053,Henan,Delta,2021-11-02,9,2021-11-11,8.0
W053,Henan,Delta,2021-11-02,10,2021-11-12,2.0
W053,Henan,Delta,2021-11-02,11,2021-11-13,0.0
W053,Henan,Delta,2021-11-02,12,2021-11-14,1.0
W054,Liaoning,Delta,2021-11-04,0,2021-11-04,8.0
W054,Liaoning,Delta,2021-11-04,1,2021-11-05,5.0
W054,Liaoning,Delta,2021-11-04,2,2021-11-06,17.0
W054,Liaoning,Delta,2021-11-04,3,2021-11-07,32.0
W054,Liaoning,Delta,2021-11-04,4,2021-11-08,32.0
W054,Liaoning,Delta,2021-11-04,5,2021-11-09,32.0
W054,Liaoning,Delta,2021-11-04,6,2021-11-10,21.0
W054,Liaoning,Delta,2021-11-04,7,2021-11-11,52.0
W054,Liaoning,Delta,2021-11-04,8,2021-11-12,14.0
W054,Liaoning,Delta,2021-11-04,9,2021-11-13,60.0
W054,Liaoning,Delta,2021-11-04,10,2021-11-14,15.0
W054,Liaoning,Delta,2021-11-04,11,2021-11-15,4.0
W054,Liaoning,Delta,2021-11-04,12,2021-11-16,6.0
W054,Liaoning,Delta,2021-11-04,13,2021-11-17,4.0
W054,Liaoning,Delta,2021-11-04,14,2021-11-18,7.0
W054,Liaoning,Delta,2021-11-04,15,2021-11-19,2.0
W054,Liaoning,Delta,2021-11-04,16,2021-11-20,3.0
W054,Liaoning,Delta,2021-11-04,17,2021-11-21,5.0
W054,Liaoning,Delta,2021-11-04,18,2021-11-22,4.0
W054,Liaoning,Delta,2021-11-04,19,2021-11-23,2.0
W054,Liaoning,Delta,2021-11-04,20,2021-11-24,0.0
W054,Liaoning,Delta,2021-11-04,21,2021-11-25,1.0
W054,Liaoning,Delta,2021-11-04,22,2021-11-26,3.0
W054,Liaoning,Delta,2021-11-04,23,2021-11-27,1.0
W055,Inner Mongolia,Delta,2021-11-27,0,2021-11-27,3.0
W055,Inner Mongolia,Delta,2021-11-27,1,2021-11-28,19.0
W055,Inner Mongolia,Delta,2021-11-27,2,2021-11-29,19.0
W055,Inner Mongolia,Delta,2021-11-27,3,2021-11-30,93.0
W055,Inner Mongolia,Delta,2021-11-27,4,2021-12-01,54.0
W055,Inner Mongolia,Delta,2021-11-27,5,2021-12-02,56.0
W055,Inner Mongolia,Delta,2021-11-27,6,2021-12-03,58.0
W055,Inner Mongolia,Delta,2021-11-27,7,2021-12-04,34.0
W055,Inner Mongolia,Delta,2021-11-27,8,2021-12-05,26.0
W055,Inner Mongolia,Delta,2021-11-27,9,2021-12-06,54.0
W055,Inner Mongolia,Delta,2021-11-27,10,2021-12-07,33.0
W055,Inner Mongolia,Delta,2021-11-27,11,2021-12-08,42.0
W055,Inner Mongolia,Delta,2021-11-27,12,2021-12-09,24.0
W055,Inner Mongolia,Delta,2021-11-27,13,2021-12-10,15.0
W055,Inner Mongolia,Delta,2021-11-27,14,2021-12-11,10.0
W055,Inner Mongolia,Delta,2021-11-27,15,2021-12-12,5.0
W055,Inner Mongolia,Delta,2021-11-27,16,2021-12-13,5.0
W055,Inner Mongolia,Delta,2021-11-27,17,2021-12-14,3.0
W055,Inner Mongolia,Delta,2021-11-27,18,2021-12-15,2.0
W055,Inner Mongolia,Delta,2021-11-27,19,2021-12-16,4.0
W055,Inner Mongolia,Delta,2021-11-27,20,2021-12-17,1.0
W056,Zhejiang,Delta,2021-12-06,0,2021-12-06,1.0
W056,Zhejiang,Delta,2021-12-06,1,2021-12-07,8.0
W056,Zhejiang,Delta,2021-12-06,2,2021-12-08,12.0
W056,Zhejiang,Delta,2021-12-06,3,2021-12-09,6.0
W056,Zhejiang,Delta,2021-12-06,4,2021-12-10,35.0
W056,Zhejiang,Delta,2021-12-06,5,2021-12-11,38.0
W056,Zhejiang,Delta,2021-12-06,6,2021-12-12,75.0
W056,Zhejiang,Delta,2021-12-06,7,2021-12-13,45.0
W056,Zhejiang,Delta,2021-12-06,8,2021-12-14,46.0
W056,Zhejiang,Delta,2021-12-06,9,2021-12-15,56.0
W056,Zhejiang,Delta,2021-12-06,10,2021-12-16,44.0
W056,Zhejiang,Delta,2021-12-06,11,2021-12-17,77.0
W056,Zhejiang,Delta,2021-12-06,12,2021-12-18,31.0
W056,Zhejiang,Delta,2021-12-06,13,2021-12-19,12.0
W056,Zhejiang,Delta,2021-12-06,14,2021-12-20,11.0
W056,Zhejiang,Delta,2021-12-06,15,2021-12-21,0.0
W056,Zhejiang,Delta,2021-12-06,16,2021-12-22,1.0
W056,Zhejiang,Delta,2021-12-06,17,2021-12-23,1.0
W056,Zhejiang,Delta,2021-12-06,18,2021-12-24,0.0
W056,Zhejiang,Delta,2021-12-06,19,2021-12-25,0.0
W056,Zhejiang,Delta,2021-12-06,20,2021-12-26,1.0
W056,Zhejiang,Delta,2021-12-06,21,2021-12-27,1.0
W057,Shaanxi,Delta,2021-12-09,0,2021-12-09,1.0
W057,Shaanxi,Delta,2021-12-09,1,2021-12-10,0.0
W057,Shaanxi,Delta,2021-12-09,2,2021-12-11,1.0
W057,Shaanxi,Delta,2021-12-09,3,2021-12-12,0.0
W057,Shaanxi,Delta,2021-12-09,4,2021-12-13,1.0
W057,Shaanxi,Delta,2021-12-09,5,2021-12-14,3.0
W057,Shaanxi,Delta,2021-12-09,6,2021-12-15,6.0
W057,Shaanxi,Delta,2021-12-09,7,2021-12-16,6.0
W057,Shaanxi,Delta,2021-12-09,8,2021-12-17,9.0
W057,Shaanxi,Delta,2021-12-09,9,2021-12-18,13.0
W057,Shaanxi,Delta,2021-12-09,10,2021-12-19,25.0
W057,Shaanxi,Delta,2021-12-09,11,2021-12-20,43.0
W057,Shaanxi,Delta,2021-12-09,12,2021-12-21,53.0
W057,Shaanxi,Delta,2021-12-09,13,2021-12-22,86.0
W057,Shaanxi,Delta,2021-12-09,14,2021-12-23,52.0
W057,Shaanxi,Delta,2021-12-09,15,2021-12-24,78.0
W057,Shaanxi,Delta,2021-12-09,16,2021-12-25,157.0
W057,Shaanxi,Delta,2021-12-09,17,2021-12-26,152.0
W057,Shaanxi,Delta,2021-12-09,18,2021-12-27,180.0
W057,Shaanxi,Delta,2021-12-09,19,2021-12-28,151.0
W057,Shaanxi,Delta,2021-12-09,20,2021-12-29,155.0
W057,Shaanxi,Delta,2021-12-09,21,2021-12-30,165.0
W057,Shaanxi,Delta,2021-12-09,22,2021-12-31,174.0
W057,Shaanxi,Delta,2021-12-09,23,2022-01-01,123.0
W057,Shaanxi,Delta,2021-12-09,24,2022-01-02,92.0
W057,Shaanxi,Delta,2021-12-09,25,2022-01-03,95.0
W057,Shaanxi,Delta,2021-12-09,26,2022-01-04,35.0
W057,Shaanxi,Delta,2021-12-09,27,2022-01-05,63.0
W057,Shaanxi,Delta,2021-12-09,28,2022-01-06,57.0
W057,Shaanxi,Delta,2021-12-09,29,2022-01-07,46.0
W057,Shaanxi,Delta,2021-12-09,30,2022-01-08,30.0
W057,Shaanxi,Delta,2021-12-09,31,2022-01-09,15.0
W057,Shaanxi,Delta,2021-12-09,32,2022-01-10,13.0
W057,Shaanxi,Delta,2021-12-09,33,2022-01-11,8.0
W057,Shaanxi,Delta,2021-12-09,34,2022-01-12,6.0
W057,Shaanxi,Delta,2021-12-09,35,2022-01-13,8.0
W057,Shaanxi,Delta,2021-12-09,36,2022-01-14,4.0
W057,Shaanxi,Delta,2021-12-09,37,2022-01-15,1.0
W057,Shaanxi,Delta,2021-12-09,38,2022-01-16,5.0
W057,Shaanxi,Delta,2021-12-09,39,2022-01-17,1.0
W057,Shaanxi,Delta,2021-12-09,40,2022-01-18,0.0
W057,Shaanxi,Delta,2021-12-09,41,2022-01-19,0.0
W057,Shaanxi,Delta,2021-12-09,42,2022-01-20,3.0
W058,Henan,Delta,2021-12-31,0,2021-12-31,4.0
W058,Henan,Delta,2021-12-31,1,2022-01-01,5.0
W058,Henan,Delta,2021-12-31,2,2022-01-02,3.0
W058,Henan,Delta,2021-12-31,3,2022-01-03,24.0
W058,Henan,Delta,2021-12-31,4,2022-01-04,22.0
W058,Henan,Delta,2021-12-31,5,2022-01-05,73.0
W058,Henan,Delta,2021-12-31,6,2022-01-06,56.0
W058,Henan,Delta,2021-12-31,7,2022-01-07,44.0
W058,Henan,Delta,2021-12-31,8,2022-01-08,56.0
W058,Henan,Delta,2021-12-31,9,2022-01-09,60.0
W058,Henan,Delta,2021-12-31,10,2022-01-10,87.0
W058,Henan,Delta,2021-12-31,11,2022-01-11,118.0
W058,Henan,Delta,2021-12-31,12,2022-01-12,76.0
W058,Henan,Delta,2021-12-31,13,2022-01-13,98.0
W058,Henan,Delta,2021-12-31,14,2022-01-14,52.0
W058,Henan,Delta,2021-12-31,15,2022-01-15,29.0
W058,Henan,Delta,2021-12-31,16,2022-01-16,68.0
W058,Henan,Delta,2021-12-31,17,2022-01-17,102.0
W058,Henan,Delta,2021-12-31,18,2022-01-18,33.0
W058,Henan,Delta,2021-12-31,19,2022-01-19,24.0
W058,Henan,Delta,2021-12-31,20,2022-01-20,3.0
W058,Henan,Delta,2021-12-31,21,2022-01-21,4.0
W058,Henan,Delta,2021-12-31,22,2022-01-22,1.0
W058,Henan,Delta,2021-12-31,23,2022-01-23,1.0
W058,Henan,Delta,2021-12-31,24,2022-01-24,3.0
W058,Henan,Delta,2021-12-31,25,2022-01-25,1.0
W058,Henan,Delta,2021-12-31,26,2022-01-26,1.0
W059,Tianjin,Omicron,2022-01-08,0,2022-01-08,3.0
W059,Tianjin,Omicron,2022-01-08,1,2022-01-09,23.0
W059,Tianjin,Omicron,2022-01-08,2,2022-01-10,21.0
W059,Tianjin,Omicron,2022-01-08,3,2022-01-11,36.0
W059,Tianjin,Omicron,2022-01-08,4,2022-01-12,46.0
W059,Tianjin,Omicron,2022-01-08,5,2022-01-13,35.0
W059,Tianjin,Omicron,2022-01-08,6,2022-01-14,39.0
W059,Tianjin,Omicron,2022-01-08,7,2022-01-15,33.0
W059,Tianjin,Omicron,2022-01-08,8,2022-01-16,80.0
W059,Tianjin,Omicron,2022-01-08,9,2022-01-17,18.0
W059,Tianjin,Omicron,2022-01-08,10,2022-01-18,14.0
W059,Tianjin,Omicron,2022-01-08,11,2022-01-19,14.0
W059,Tianjin,Omicron,2022-01-08,12,2022-01-20,8.0
W059,Tianjin,Omicron,2022-01-08,13,2022-01-21,6.0
W059,Tianjin,Omicron,2022-01-08,14,2022-01-22,5.0
W059,Tianjin,Omicron,2022-01-08,15,2022-01-23,1.0
W059,Tianjin,Omicron,2022-01-08,16,2022-01-24,1.0
W059,Tianjin,Omicron,2022-01-08,17,2022-01-25,0.0
W059,Tianjin,Omicron,2022-01-08,18,2022-01-26,1.0
W059,Tianjin,Omicron,2022-01-08,19,2022-01-27,4.0
W059,Tianjin,Omicron,2022-01-08,20,2022-01-28,5.0
W059,Tianjin,Omicron,2022-01-08,21,2022-01-29,4.0
W059,Tianjin,Omicron,2022-01-08,22,2022-01-30,11.0
W059,Tianjin,Omicron,2022-01-08,23,2022-01-31,7.0
W059,Tianjin,Omicron,2022-01-08,24,2022-02-01,12.0
W059,Tianjin,Omicron,2022-01-08,25,2022-02-02,9.0
W059,Tianjin,Omicron,2022-01-08,26,2022-02-03,4.0
W059,Tianjin,Omicron,2022-01-08,27,2022-02-04,2.0
W059,Tianjin,Omicron,2022-01-08,28,2022-02-05,2.0
W059,Tianjin,Omicron,2022-01-08,29,2022-02-06,1.0
W059,Tianjin,Omicron,2022-01-08,30,2022-02-07,1.0
W060,Beijing,Omicron,2022-01-15,0,2022-01-15,1.0
W060,Beijing,Omicron,2022-01-15,1,2022-01-16,0.0
W060,Beijing,Omicron,2022-01-15,2,2022-01-17,1.0
W060,Beijing,Omicron,2022-01-15,3,2022-01-18,2.0
W060,Beijing,Omicron,2022-01-15,4,2022-01-19,3.0
W060,Beijing,Omicron,2022-01-15,5,2022-01-20,5.0
W060,Beijing,Omicron,2022-01-15,6,2022-01-21,16.0
W060,Beijing,Omicron,2022-01-15,7,2022-01-22,13.0
W060,Beijing,Omicron,2022-01-15,8,2022-01-23,8.0
W060,Beijing,Omicron,2022-01-15,9,2022-01-24,6.0
W060,Beijing,Omicron,2022-01-15,10,2022-01-25,19.0
W060,Beijing,Omicron,2022-01-15,11,2022-01-26,5.0
W060,Beijing,Omicron,2022-01-15,12,2022-01-27,9.0
W060,Beijing,Omicron,2022-01-15,13,2022-01-28,5.0
W060,Beijing,Omicron,2022-01-15,14,2022-01-29,20.0
W060,Beijing,Omicron,2022-01-15,15,2022-01-30,3.0
W060,Beijing,Omicron,2022-01-15,16,2022-01-31,3.0
W060,Beijing,Omicron,2022-01-15,17,2022-02-01,2.0
W060,Beijing,Omicron,2022-01-15,18,2022-02-02,2.0
W060,Beijing,Omicron,2022-01-15,19,2022-02-03,1.0
W060,Beijing,Omicron,2022-01-15,20,2022-02-04,1.0
W060,Beijing,Omicron,2022-01-15,21,2022-02-05,1.0
W060,Beijing,Omicron,2022-01-15,22,2022-02-06,3.0
W061,Xinjiang,Omicron,2022-01-23,0,2022-01-23,2.0
W061,Xinjiang,Omicron,2022-01-23,1,2022-01-24,22.0
W061,Xinjiang,Omicron,2022-01-23,2,2022-01-25,8.0
W061,Xinjiang,Omicron,2022-01-23,3,2022-01-26,7.0
W061,Xinjiang,Omicron,2022-01-23,4,2022-01-27,1.0
W061,Xinjiang,Omicron,2022-01-23,5,2022-01-28,5.0
W061,Xinjiang,Omicron,2022-01-23,6,2022-01-29,3.0
W062,Heilongjiang,Omicron,2022-01-25,0,2022-01-25,13.0
W062,Heilongjiang,Omicron,2022-01-25,1,2022-01-26,16.0
W062,Heilongjiang,Omicron,2022-01-25,2,2022-01-27,18.0
W062,Heilongjiang,Omicron,2022-01-25,3,2022-01-28,2.0
W062,Heilongjiang,Omicron,2022-01-25,4,2022-01-29,20.0
W062,Heilongjiang,Omicron,2022-01-25,5,2022-01-30,4.0
W063,Zhejiang,Omicron,2022-01-26,0,2022-01-26,6.0
W063,Zhejiang,Omicron,2022-01-26,1,2022-01-27,16.0
W063,Zhejiang,Omicron,2022-01-26,2,2022-01-28,18.0
W063,Zhejiang,Omicron,2022-01-26,3,2022-01-29,0.0
W063,Zhejiang,Omicron,2022-01-26,4,2022-01-30,24.0
W063,Zhejiang,Omicron,2022-01-26,5,2022-01-31,13.0
W063,Zhejiang,Omicron,2022-01-26,6,2022-02-01,15.0
W063,Zhejiang,Omicron,2022-01-26,7,2022-02-02,1.0
W063,Zhejiang,Omicron,2022-01-26,8,2022-02-03,2.0
W064,Guangxi,Omicron,2022-02-05,0,2022-02-05,6.0
W064,Guangxi,Omicron,2022-02-05,1,2022-02-06,42.0
W064,Guangxi,Omicron,2022-02-05,2,2022-02-07,66.0
W064,Guangxi,Omicron,2022-02-05,3,2022-02-08,72.0
W064,Guangxi,Omicron,2022-02-05,4,2022-02-09,7.0
W064,Guangxi,Omicron,2022-02-05,5,2022-02-10,33.0
W064,Guangxi,Omicron,2022-02-05,6,2022-02-11,30.0
W064,Guangxi,Omicron,2022-02-05,7,2022-02-12,13.0
W064,Guangxi,Omicron,2022-02-05,8,2022-02-13,6.0
W064,Guangxi,Omicron,2022-02-05,9,2022-02-14,1.0
W064,Guangxi,Omicron,2022-02-05,10,2022-02-15,2.0
W064,Guangxi,Omicron,2022-02-05,11,2022-02-16,1.0
W065,Liaoning,Omicron,2022-02-08,0,2022-02-08,1.0
W065,Liaoning,Omicron,2022-02-08,1,2022-02-09,0.0
W065,Liaoning,Omicron,2022-02-08,2,2022-02-10,23.0
W065,Liaoning,Omicron,2022-02-08,3,2022-02-11,12.0
W065,Liaoning,Omicron,2022-02-08,4,2022-02-12,11.0
W065,Liaoning,Omicron,2022-02-08,5,2022-02-13,18.0
W065,Liaoning,Omicron,2022-02-08,6,2022-02-14,29.0
W065,Liaoning,Omicron,2022-02-08,7,2022-02-15,15.0
W065,Liaoning,Omicron,2022-02-08,8,2022-02-16,7.0
W065,Liaoning,Omicron,2022-02-08,9,2022-02-17,9.0
W065,Liaoning,Omicron,2022-02-08,10,2022-02-18,8.0
W065,Liaoning,Omicron,2022-02-08,11,2022-02-19,9.0
W065,Liaoning,Omicron,2022-02-08,12,2022-02-20,7.0
W065,Liaoning,Omicron,2022-02-08,13,2022-02-21,6.0
W065,Liaoning,Omicron,2022-02-08,14,2022-02-22,9.0
W065,Liaoning,Omicron,2022-02-08,15,2022-02-23,8.0
W065,Liaoning,Omicron,2022-02-08,16,2022-02-24,18.0
W065,Liaoning,Omicron,2022-02-08,17,2022-02-25,10.0
W065,Liaoning,Omicron,2022-02-08,18,2022-02-26,6.0
W065,Liaoning,Omicron,2022-02-08,19,2022-02-27,1.0
W065,Liaoning,Omicron,2022-02-08,20,2022-02-28,0.0
W065,Liaoning,Omicron,2022-02-08,21,2022-03-01,2.0
W066,Jiangsu,Omicron,2022-02-11,0,2022-02-11,1.0
W066,Jiangsu,Omicron,2022-02-11,1,2022-02-12,0.0
W066,Jiangsu,Omicron,2022-02-11,2,2022-02-13,0.0
W066,Jiangsu,Omicron,2022-02-11,3,2022-02-14,12.0
W066,Jiangsu,Omicron,2022-02-11,4,2022-02-15,22.0
W066,Jiangsu,Omicron,2022-02-11,5,2022-02-16,23.0
W066,Jiangsu,Omicron,2022-02-11,6,2022-02-17,16.0
W066,Jiangsu,Omicron,2022-02-11,7,2022-02-18,28.0
W066,Jiangsu,Omicron,2022-02-11,8,2022-02-19,16.0
W066,Jiangsu,Omicron,2022-02-11,9,2022-02-20,17.0
W066,Jiangsu,Omicron,2022-02-11,10,2022-02-21,14.0
W066,Jiangsu,Omicron,2022-02-11,11,2022-02-22,5.0
W066,Jiangsu,Omicron,2022-02-11,12,2022-02-23,8.0
W066,Jiangsu,Omicron,2022-02-11,13,2022-02-24,2.0
W066,Jiangsu,Omicron,2022-02-11,14,2022-02-25,4.0
W066,Jiangsu,Omicron,2022-02-11,15,2022-02-26,2.0
W066,Jiangsu,Omicron,2022-02-11,16,2022-02-27,0.0
W066,Jiangsu,Omicron,2022-02-11,17,2022-02-28,3.0
W066,Jiangsu,Omicron,2022-02-11,18,2022-03-01,0.0
W066,Jiangsu,Omicron,2022-02-11,19,2022-03-02,1.0
W066,Jiangsu,Omicron,2022-02-11,20,2022-03-03,1.0
W066,Jiangsu,Omicron,2022-02-11,21,2022-03-04,1.0
W066,Jiangsu,Omicron,2022-02-11,22,2022-03-05,7.0
W066,Jiangsu,Omicron,2022-02-11,23,2022-03-06,6.0
W066,Jiangsu,Omicron,2022-02-11,24,2022-03-07,15.0
W066,Jiangsu,Omicron,2022-02-11,25,2022-03-08,15.0
W066,Jiangsu,Omicron,2022-02-11,26,2022-03-09,18.0
W066,Jiangsu,Omicron,2022-02-11,27,2022-03-10,48.0
W066,Jiangsu,Omicron,2022-02-11,28,2022-03-11,33.0
W066,Jiangsu,Omicron,2022-02-11,29,2022-03-12,42.0
W066,Jiangsu,Omicron,2022-02-11,30,2022-03-13,38.0
W066,Jiangsu,Omicron,2022-02-11,31,2022-03-14,46.0
W066,Jiangsu,Omicron,2022-02-11,32,2022-03-15,72.0
W066,Jiangsu,Omicron,2022-02-11,33,2022-03-16,72.0
W066,Jiangsu,Omicron,2022-02-11,34,2022-03-17,51.0
W066,Jiangsu,Omicron,2022-02-11,35,2022-03-18,37.0
W066,Jiangsu,Omicron,2022-02-11,36,2022-03-19,50.0
W066,Jiangsu,Omicron,2022-02-11,37,2022-03-20,58.0
W066,Jiangsu,Omicron,2022-02-11,38,2022-03-21,31.0
W066,Jiangsu,Omicron,2022-02-11,39,2022-03-22,24.0
W066,Jiangsu,Omicron,2022-02-11,40,2022-03-23,19.0
W066,Jiangsu,Omicron,2022-02-11,41,2022-03-24,25.0
W066,Jiangsu,Omicron,2022-02-11,42,2022-03-25,13.0
W066,Jiangsu,Omicron,2022-02-11,43,2022-03-26,17.0
W066,Jiangsu,Omicron,2022-02-11,44,2022-03-27,19.0
W066,Jiangsu,Omicron,2022-02-11,45,2022-03-28,24.0
W066,Jiangsu,Omicron,2022-02-11,46,2022-03-29,33.0
W066,Jiangsu,Omicron,2022-02-11,47,2022-03-30,45.0
W066,Jiangsu,Omicron,2022-02-11,48,2022-03-31,43.0
W066,Jiangsu,Omicron,2022-02-11,49,2022-04-01,65.0
W066,Jiangsu,Omicron,2022-02-11,50,2022-04-02,47.0
W066,Jiangsu,Omicron,2022-02-11,51,2022-04-03,59.0
W066,Jiangsu,Omicron,2022-02-11,52,2022-04-04,76.0
W066,Jiangsu,Omicron,2022-02-11,53,2022-04-05,76.0
W066,Jiangsu,Omicron,2022-02-11,54,2022-04-06,78.0
W066,Jiangsu,Omicron,2022-02-11,55,2022-04-07,75.0
W066,Jiangsu,Omicron,2022-02-11,56,2022-04-08,78.0
W066,Jiangsu,Omicron,2022-02-11,57,2022-04-09,70.0
W066,Jiangsu,Omicron,2022-02-11,58,2022-04-10,53.0
W066,Jiangsu,Omicron,2022-02-11,59,2022-04-11,75.0
W066,Jiangsu,Omicron,2022-02-11,60,2022-04-12,74.0
W066,Jiangsu,Omicron,2022-02-11,61,2022-04-13,53.0
W066,Jiangsu,Omicron,2022-02-11,62,2022-04-14,50.0
W066,Jiangsu,Omicron,2022-02-11,63,2022-04-15,56.0
W066,Jiangsu,Omicron,2022-02-11,64,2022-04-16,87.0
W066,Jiangsu,Omicron,2022-02-11,65,2022-04-17,95.0
W066,Jiangsu,Omicron,2022-02-11,66,2022-04-18,133.0
W066,Jiangsu,Omicron,2022-02-11,67,2022-04-19,100.0
W066,Jiangsu,Omicron,2022-02-11,68,2022-04-20,119.0
W066,Jiangsu,Omicron,2022-02-11,69,2022-04-21,131.0
W066,Jiangsu,Omicron,2022-02-11,70,2022-04-22,131.0
W066,Jiangsu,Omicron,2022-02-11,71,2022-04-23,124.0
W066,Jiangsu,Omicron,2022-02-11,72,2022-04-24,96.0
W066,Jiangsu,Omicron,2022-02-11,73,2022-04-25,114.0
W066,Jiangsu,Omicron,2022-02-11,74,2022-04-26,80.0
W066,Jiangsu,Omicron,2022-02-11,75,2022-04-27,74.0
W066,Jiangsu,Omicron,2022-02-11,76,2022-04-28,49.0
W066,Jiangsu,Omicron,2022-02-11,77,2022-04-29,20.0
W066,Jiangsu,Omicron,2022-02-11,78,2022-04-30,9.0
W066,Jiangsu,Omicron,2022-02-11,79,2022-05-01,16.0
W066,Jiangsu,Omicron,2022-02-11,80,2022-05-02,13.0
W066,Jiangsu,Omicron,2022-02-11,81,2022-05-03,25.0
W066,Jiangsu,Omicron,2022-02-11,82,2022-05-04,29.0
W066,Jiangsu,Omicron,2022-02-11,83,2022-05-05,48.0
W066,Jiangsu,Omicron,2022-02-11,84,2022-05-06,70.0
W066,Jiangsu,Omicron,2022-02-11,85,2022-05-07,61.0
W066,Jiangsu,Omicron,2022-02-11,86,2022-05-08,62.0
W066,Jiangsu,Omicron,2022-02-11,87,2022-05-09,55.0
W066,Jiangsu,Omicron,2022-02-11,88,2022-05-10,49.0
W066,Jiangsu,Omicron,2022-02-11,89,2022-05-11,47.0
W066,Jiangsu,Omicron,2022-02-11,90,2022-05-12,35.0
W066,Jiangsu,Omicron,2022-02-11,91,2022-05-13,17.0
W066,Jiangsu,Omicron,2022-02-11,92,2022-05-14,9.0
W066,Jiangsu,Omicron,2022-02-11,93,2022-05-15,2.0
W066,Jiangsu,Omicron,2022-02-11,94,2022-05-16,1.0
W066,Jiangsu,Omicron,2022-02-11,95,2022-05-17,4.0
W066,Jiangsu,Omicron,2022-02-11,96,2022-05-18,2.0
W066,Jiangsu,Omicron,2022-02-11,97,2022-05-19,0.0
W066,Jiangsu,Omicron,2022-02-11,98,2022-05-20,1.0
W066,Jiangsu,Omicron,2022-02-11,99,2022-05-21,1.0
W066,Jiangsu,Omicron,2022-02-11,100,2022-05-22,0.0
W066,Jiangsu,Omicron,2022-02-11,101,2022-05-23,1.0
W066,Jiangsu,Omicron,2022-02-11,102,2022-05-24,1.0
W066,Jiangsu,Omicron,2022-02-11,103,2022-05-25,4.0
W066,Jiangsu,Omicron,2022-02-11,104,2022-05-26,2.0
W066,Jiangsu,Omicron,2022-02-11,105,2022-05-27,6.0
W066,Jiangsu,Omicron,2022-02-11,106,2022-05-28,3.0
W067,Guangdong,Omicron,2022-02-12,0,2022-02-12,1.0
W067,Guangdong,Omicron,2022-02-12,1,2022-02-13,2.0
W067,Guangdong,Omicron,2022-02-12,2,2022-02-14,2.0
W067,Guangdong,Omicron,2022-02-12,3,2022-02-15,4.0
W067,Guangdong,Omicron,2022-02-12,4,2022-02-16,9.0
W067,Guangdong,Omicron,2022-02-12,5,2022-02-17,5.0
W067,Guangdong,Omicron,2022-02-12,6,2022-02-18,3.0
W067,Guangdong,Omicron,2022-02-12,7,2022-02-19,8.0
W067,Guangdong,Omicron,2022-02-12,8,2022-02-20,7.0
W067,Guangdong,Omicron,2022-02-12,9,2022-02-21,3.0
W067,Guangdong,Omicron,2022-02-12,10,2022-02-22,9.0
W067,Guangdong,Omicron,2022-02-12,11,2022-02-23,9.0
W067,Guangdong,Omicron,2022-02-12,12,2022-02-24,13.0
W067,Guangdong,Omicron,2022-02-12,13,2022-02-25,39.0
W067,Guangdong,Omicron,2022-02-12,14,2022-02-26,53.0
W067,Guangdong,Omicron,2022-02-12,15,2022-02-27,65.0
W067,Guangdong,Omicron,2022-02-12,16,2022-02-28,56.0
W067,Guangdong,Omicron,2022-02-12,17,2022-03-01,45.0
W067,Guangdong,Omicron,2022-02-12,18,2022-03-02,34.0
W067,Guangdong,Omicron,2022-02-12,19,2022-03-03,28.0
W067,Guangdong,Omicron,2022-02-12,20,2022-03-04,64.0
W067,Guangdong,Omicron,2022-02-12,21,2022-03-05,52.0
W067,Guangdong,Omicron,2022-02-12,22,2022-03-06,173.0
W067,Guangdong,Omicron,2022-02-12,23,2022-03-07,116.0
W067,Guangdong,Omicron,2022-02-12,24,2022-03-08,26.0
W067,Guangdong,Omicron,2022-02-12,25,2022-03-09,22.0
W067,Guangdong,Omicron,2022-02-12,26,2022-03-10,177.0
W067,Guangdong,Omicron,2022-02-12,27,2022-03-11,224.0
W067,Guangdong,Omicron,2022-02-12,28,2022-03-12,256.0
W067,Guangdong,Omicron,2022-02-12,29,2022-03-13,229.0
W067,Guangdong,Omicron,2022-02-12,30,2022-03-14,116.0
W067,Guangdong,Omicron,2022-02-12,31,2022-03-15,112.0
W067,Guangdong,Omicron,2022-02-12,32,2022-03-16,153.0
W067,Guangdong,Omicron,2022-02-12,33,2022-03-17,132.0
W067,Guangdong,Omicron,2022-02-12,34,2022-03-18,94.0
W067,Guangdong,Omicron,2022-02-12,35,2022-03-19,78.0
W067,Guangdong,Omicron,2022-02-12,36,2022-03-20,51.0
W067,Guangdong,Omicron,2022-02-12,37,2022-03-21,28.0
W067,Guangdong,Omicron,2022-02-12,38,2022-03-22,26.0
W067,Guangdong,Omicron,2022-02-12,39,2022-03-23,16.0
W067,Guangdong,Omicron,2022-02-12,40,2022-03-24,10.0
W067,Guangdong,Omicron,2022-02-12,41,2022-03-25,11.0
W067,Guangdong,Omicron,2022-02-12,42,2022-03-26,10.0
W067,Guangdong,Omicron,2022-02-12,43,2022-03-27,22.0
W067,Guangdong,Omicron,2022-02-12,44,2022-03-28,18.0
W067,Guangdong,Omicron,2022-02-12,45,2022-03-29,16.0
W067,Guangdong,Omicron,2022-02-12,46,2022-03-30,19.0
W067,Guangdong,Omicron,2022-02-12,47,2022-03-31,18.0
W067,Guangdong,Omicron,2022-02-12,48,2022-04-01,22.0
W067,Guangdong,Omicron,2022-02-12,49,2022-04-02,9.0
W067,Guangdong,Omicron,2022-02-12,50,2022-04-03,12.0
W067,Guangdong,Omicron,2022-02-12,51,2022-04-04,4.0
W067,Guangdong,Omicron,2022-02-12,52,2022-04-05,8.0
W067,Guangdong,Omicron,2022-02-12,53,2022-04-06,4.0
W067,Guangdong,Omicron,2022-02-12,54,2022-04-07,9.0
W067,Guangdong,Omicron,2022-02-12,55,2022-04-08,9.0
W067,Guangdong,Omicron,2022-02-12,56,2022-04-09,22.0
W067,Guangdong,Omicron,2022-02-12,57,2022-04-10,37.0
W067,Guangdong,Omicron,2022-02-12,58,2022-04-11,29.0
W067,Guangdong,Omicron,2022-02-12,59,2022-04-12,22.0
W067,Guangdong,Omicron,2022-02-12,60,2022-04-13,66.0
W067,Guangdong,Omicron,2022-02-12,61,2022-04-14,40.0
W067,Guangdong,Omicron,2022-02-12,62,2022-04-15,37.0
W067,Guangdong,Omicron,2022-02-12,63,2022-04-16,36.0
W067,Guangdong,Omicron,2022-02-12,64,2022-04-17,30.0
W067,Guangdong,Omicron,2022-02-12,65,2022-04-18,14.0
W067,Guangdong,Omicron,2022-02-12,66,2022-04-19,17.0
W067,Guangdong,Omicron,2022-02-12,67,2022-04-20,10.0
W067,Guangdong,Omicron,2022-02-12,68,2022-04-21,4.0
W067,Guangdong,Omicron,2022-02-12,69,2022-04-22,5.0
W067,Guangdong,Omicron,2022-02-12,70,2022-04-23,2.0
W067,Guangdong,Omicron,2022-02-12,71,2022-04-24,3.0
W067,Guangdong,Omicron,2022-02-12,72,2022-04-25,1.0
W067,Guangdong,Omicron,2022-02-12,73,2022-04-26,0.0
W067,Guangdong,Omicron,2022-02-12,74,2022-04-27,0.0
W067,Guangdong,Omicron,2022-02-12,75,2022-04-28,14.0
W067,Guangdong,Omicron,2022-02-12,76,2022-04-29,42.0
W067,Guangdong,Omicron,2022-02-12,77,2022-04-30,21.0
W067,Guangdong,Omicron,2022-02-12,78,2022-05-01,18.0
W067,Guangdong,Omicron,2022-02-12,79,2022-05-02,10.0
W067,Guangdong,Omicron,2022-02-12,80,2022-05-03,12.0
W067,Guangdong,Omicron,2022-02-12,81,2022-05-04,17.0
W067,Guangdong,Omicron,2022-02-12,82,2022-05-05,8.0
W067,Guangdong,Omicron,2022-02-12,83,2022-05-06,8.0
W067,Guangdong,Omicron,2022-02-12,84,2022-05-07,22.0
W067,Guangdong,Omicron,2022-02-12,85,2022-05-08,39.0
W067,Guangdong,Omicron,2022-02-12,86,2022-05-09,18.0
W067,Guangdong,Omicron,2022-02-12,87,2022-05-10,20.0
W067,Guangdong,Omicron,2022-02-12,88,2022-05-11,4.0
W067,Guangdong,Omicron,2022-02-12,89,2022-05-12,10.0
W067,Guangdong,Omicron,2022-02-12,90,2022-05-13,5.0
W067,Guangdong,Omicron,2022-02-12,91,2022-05-14,1.0
W067,Guangdong,Omicron,2022-02-12,92,2022-05-15,4.0
W067,Guangdong,Omicron,2022-02-12,93,2022-05-16,0.0
W067,Guangdong,Omicron,2022-02-12,94,2022-05-17,1.0
W067,Guangdong,Omicron,2022-02-12,95,2022-05-18,2.0
W067,Guangdong,Omicron,2022-02-12,96,2022-05-19,3.0
W067,Guangdong,Omicron,2022-02-12,97,2022-05-20,2.0
W067,Guangdong,Omicron,2022-02-12,98,2022-05-21,1.0
W067,Guangdong,Omicron,2022-02-12,99,2022-05-22,1.0
W068,Yunnan,Omicron,2022-02-12,0,2022-02-12,3.0
W068,Yunnan,Omicron,2022-02-12,1,2022-02-13,7.0
W068,Yunnan,Omicron,2022-02-12,2,2022-02-14,3.0
W068,Yunnan,Omicron,2022-02-12,3,2022-02-15,1.0
W068,Yunnan,Omicron,2022-02-12,4,2022-02-16,3.0
W068,Yunnan,Omicron,2022-02-12,5,2022-02-17,8.0
W068,Yunnan,Omicron,2022-02-12,6,2022-02-18,7.0
W068,Yunnan,Omicron,2022-02-12,7,2022-02-19,3.0
W068,Yunnan,Omicron,2022-02-12,8,2022-02-20,5.0
W068,Yunnan,Omicron,2022-02-12,9,2022-02-21,5.0
W068,Yunnan,Omicron,2022-02-12,10,2022-02-22,3.0
W068,Yunnan,Omicron,2022-02-12,11,2022-02-23,10.0
W068,Yunnan,Omicron,2022-02-12,12,2022-02-24,14.0
W068,Yunnan,Omicron,2022-02-12,13,2022-02-25,20.0
W068,Yunnan,Omicron,2022-02-12,14,2022-02-26,14.0
W068,Yunnan,Omicron,2022-02-12,15,2022-02-27,23.0
W068,Yunnan,Omicron,2022-02-12,16,2022-02-28,12.0
W068,Yunnan,Omicron,2022-02-12,17,2022-03-01,10.0
W068,Yunnan,Omicron,2022-02-12,18,2022-03-02,10.0
W068,Yunnan,Omicron,2022-02-12,19,2022-03-03,4.0
W068,Yunnan,Omicron,2022-02-12,20,2022-03-04,10.0
W068,Yunnan,Omicron,2022-02-12,21,2022-03-05,21.0
W068,Yunnan,Omicron,2022-02-12,22,2022-03-06,22.0
W068,Yunnan,Omicron,2022-02-12,23,2022-03-07,23.0
W068,Yunnan,Omicron,2022-02-12,24,2022-03-08,28.0
W068,Yunnan,Omicron,2022-02-12,25,2022-03-09,24.0
W068,Yunnan,Omicron,2022-02-12,26,2022-03-10,30.0
W068,Yunnan,Omicron,2022-02-12,27,2022-03-11,23.0
W068,Yunnan,Omicron,2022-02-12,28,2022-03-12,22.0
W068,Yunnan,Omicron,2022-02-12,29,2022-03-13,39.0
W068,Yunnan,Omicron,2022-02-12,30,2022-03-14,28.0
W068,Yunnan,Omicron,2022-02-12,31,2022-03-15,38.0
W068,Yunnan,Omicron,2022-02-12,32,2022-03-16,29.0
W068,Yunnan,Omicron,2022-02-12,33,2022-03-17,29.0
W068,Yunnan,Omicron,2022-02-12,34,2022-03-18,29.0
W068,Yunnan,Omicron,2022-02-12,35,2022-03-19,21.0
W068,Yunnan,Omicron,2022-02-12,36,2022-03-20,29.0
W068,Yunnan,Omicron,2022-02-12,37,2022-03-21,13.0
W068,Yunnan,Omicron,2022-02-12,38,2022-03-22,17.0
W068,Yunnan,Omicron,2022-02-12,39,2022-03-23,16.0
W068,Yunnan,Omicron,2022-02-12,40,2022-03-24,18.0
W068,Yunnan,Omicron,2022-02-12,41,2022-03-25,12.0
W068,Yunnan,Omicron,2022-02-12,42,2022-03-26,13.0
W068,Yunnan,Omicron,2022-02-12,43,2022-03-27,12.0
W068,Yunnan,Omicron,2022-02-12,44,2022-03-28,6.0
W068,Yunnan,Omicron,2022-02-12,45,2022-03-29,3.0
W068,Yunnan,Omicron,2022-02-12,46,2022-03-30,7.0
W068,Yunnan,Omicron,2022-02-12,47,2022-03-31,2.0
W068,Yunnan,Omicron,2022-02-12,48,2022-04-01,6.0
W068,Yunnan,Omicron,2022-02-12,49,2022-04-02,6.0
W068,Yunnan,Omicron,2022-02-12,50,2022-04-03,3.0
W068,Yunnan,Omicron,2022-02-12,51,2022-04-04,16.0
W068,Yunnan,Omicron,2022-02-12,52,2022-04-05,5.0
W068,Yunnan,Omicron,2022-02-12,53,2022-04-06,6.0
W068,Yunnan,Omicron,2022-02-12,54,2022-04-07,9.0
W068,Yunnan,Omicron,2022-02-12,55,2022-04-08,3.0
W068,Yunnan,Omicron,2022-02-12,56,2022-04-09,3.0
W068,Yunnan,Omicron,2022-02-12,57,2022-04-10,9.0
W068,Yunnan,Omicron,2022-02-12,58,2022-04-11,5.0
W068,Yunnan,Omicron,2022-02-12,59,2022-04-12,11.0
W068,Yunnan,Omicron,2022-02-12,60,2022-04-13,10.0
W068,Yunnan,Omicron,2022-02-12,61,2022-04-14,22.0
W068,Yunnan,Omicron,2022-02-12,62,2022-04-15,56.0
W068,Yunnan,Omicron,2022-02-12,63,2022-04-16,51.0
W068,Yunnan,Omicron,2022-02-12,64,2022-04-17,31.0
W068,Yunnan,Omicron,2022-02-12,65,2022-04-18,14.0
W068,Yunnan,Omicron,2022-02-12,66,2022-04-19,5.0
W068,Yunnan,Omicron,2022-02-12,67,2022-04-20,7.0
W068,Yunnan,Omicron,2022-02-12,68,2022-04-21,11.0
W068,Yunnan,Omicron,2022-02-12,69,2022-04-22,14.0
W068,Yunnan,Omicron,2022-02-12,70,2022-04-23,8.0
W068,Yunnan,Omicron,2022-02-12,71,2022-04-24,14.0
W068,Yunnan,Omicron,2022-02-12,72,2022-04-25,6.0
W068,Yunnan,Omicron,2022-02-12,73,2022-04-26,3.0
W068,Yunnan,Omicron,2022-02-12,74,2022-04-27,1.0
W068,Yunnan,Omicron,2022-02-12,75,2022-04-28,3.0
W068,Yunnan,Omicron,2022-02-12,76,2022-04-29,4.0
W068,Yunnan,Omicron,2022-02-12,77,2022-04-30,1.0
W068,Yunnan,Omicron,2022-02-12,78,2022-05-01,1.0
W068,Yunnan,Omicron,2022-02-12,79,2022-05-02,2.0
W068,Yunnan,Omicron,2022-02-12,80,2022-05-03,0.0
W068,Yunnan,Omicron,2022-02-12,81,2022-05-04,2.0
W068,Yunnan,Omicron,2022-02-12,82,2022-05-05,2.0
W069,Inner Mongolia,Omicron,2022-02-15,0,2022-02-15,7.0
W069,Inner Mongolia,Omicron,2022-02-15,1,2022-02-16,3.0
W069,Inner Mongolia,Omicron,2022-02-15,2,2022-02-17,22.0
W069,Inner Mongolia,Omicron,2022-02-15,3,2022-02-18,46.0
W069,Inner Mongolia,Omicron,2022-02-15,4,2022-02-19,66.0
W069,Inner Mongolia,Omicron,2022-02-15,5,2022-02-20,32.0
W069,Inner Mongolia,Omicron,2022-02-15,6,2022-02-21,22.0
W069,Inner Mongolia,Omicron,2022-02-15,7,2022-02-22,47.0
W069,Inner Mongolia,Omicron,2022-02-15,8,2022-02-23,40.0
W069,Inner Mongolia,Omicron,2022-02-15,9,2022-02-24,30.0
W069,Inner Mongolia,Omicron,2022-02-15,10,2022-02-25,32.0
W069,Inner Mongolia,Omicron,2022-02-15,11,2022-02-26,38.0
W069,Inner Mongolia,Omicron,2022-02-15,12,2022-02-27,11.0
W069,Inner Mongolia,Omicron,2022-02-15,13,2022-02-28,14.0
W069,Inner Mongolia,Omicron,2022-02-15,14,2022-03-01,16.0
W069,Inner Mongolia,Omicron,2022-02-15,15,2022-03-02,7.0
W069,Inner Mongolia,Omicron,2022-02-15,16,2022-03-03,9.0
W069,Inner Mongolia,Omicron,2022-02-15,17,2022-03-04,8.0
W069,Inner Mongolia,Omicron,2022-02-15,18,2022-03-05,9.0
W069,Inner Mongolia,Omicron,2022-02-15,19,2022-03-06,7.0
W069,Inner Mongolia,Omicron,2022-02-15,20,2022-03-07,2.0
W069,Inner Mongolia,Omicron,2022-02-15,21,2022-03-08,4.0
W069,Inner Mongolia,Omicron,2022-02-15,22,2022-03-09,3.0
W069,Inner Mongolia,Omicron,2022-02-15,23,2022-03-10,2.0
W069,Inner Mongolia,Omicron,2022-02-15,24,2022-03-11,1.0
W069,Inner Mongolia,Omicron,2022-02-15,25,2022-03-12,1.0
W069,Inner Mongolia,Omicron,2022-02-15,26,2022-03-13,0.0
W069,Inner Mongolia,Omicron,2022-02-15,27,2022-03-14,0.0
W069,Inner Mongolia,Omicron,2022-02-15,28,2022-03-15,1.0
W069,Inner Mongolia,Omicron,2022-02-15,29,2022-03-16,4.0
W069,Inner Mongolia,Omicron,2022-02-15,30,2022-03-17,7.0
W069,Inner Mongolia,Omicron,2022-02-15,31,2022-03-18,6.0
W069,Inner Mongolia,Omicron,2022-02-15,32,2022-03-19,8.0
W069,Inner Mongolia,Omicron,2022-02-15,33,2022-03-20,7.0
W069,Inner Mongolia,Omicron,2022-02-15,34,2022-03-21,4.0
W069,Inner Mongolia,Omicron,2022-02-15,35,2022-03-22,0.0
W069,Inner Mongolia,Omicron,2022-02-15,36,2022-03-23,4.0
W069,Inner Mongolia,Omicron,2022-02-15,37,2022-03-24,0.0
W069,Inner Mongolia,Omicron,2022-02-15,38,2022-03-25,1.0
W069,Inner Mongolia,Omicron,2022-02-15,39,2022-03-26,2.0
W069,Inner Mongolia,Omicron,2022-02-15,40,2022-03-27,1.0
W069,Inner Mongolia,Omicron,2022-02-15,41,2022-03-28,0.0
W069,Inner Mongolia,Omicron,2022-02-15,42,2022-03-29,1.0
W069,Inner Mongolia,Omicron,2022-02-15,43,2022-03-30,0.0
W069,Inner Mongolia,Omicron,2022-02-15,44,2022-03-31,2.0
W070,Heilongjiang,Omicron,2022-02-18,0,2022-02-18,2.0
W070,Heilongjiang,Omicron,2022-02-18,1,2022-02-19,0.0
W070,Heilongjiang,Omicron,2022-02-18,2,2022-02-20,4.0
W070,Heilongjiang,Omicron,2022-02-18,3,2022-02-21,0.0
W070,Heilongjiang,Omicron,2022-02-18,4,2022-02-22,1.0
W070,Heilongjiang,Omicron,2022-02-18,5,2022-02-23,5.0
W070,Heilongjiang,Omicron,2022-02-18,6,2022-02-24,4.0
W070,Heilongjiang,Omicron,2022-02-18,7,2022-02-25,2.0
W070,Heilongjiang,Omicron,2022-02-18,8,2022-02-26,0.0
W070,Heilongjiang,Omicron,2022-02-18,9,2022-02-27,7.0
W070,Heilongjiang,Omicron,2022-02-18,10,2022-02-28,9.0
W070,Heilongjiang,Omicron,2022-02-18,11,2022-03-01,16.0
W070,Heilongjiang,Omicron,2022-02-18,12,2022-03-02,4.0
W070,Heilongjiang,Omicron,2022-02-18,13,2022-03-03,8.0
W070,Heilongjiang,Omicron,2022-02-18,14,2022-03-04,1.0
W071,Guangxi,Omicron,2022-02-23,0,2022-02-23,3.0
W071,Guangxi,Omicron,2022-02-23,1,2022-02-24,4.0
W071,Guangxi,Omicron,2022-02-23,2,2022-02-25,9.0
W071,Guangxi,Omicron,2022-02-23,3,2022-02-26,7.0
W071,Guangxi,Omicron,2022-02-23,4,2022-02-27,11.0
W071,Guangxi,Omicron,2022-02-23,5,2022-02-28,6.0
W071,Guangxi,Omicron,2022-02-23,6,2022-03-01,10.0
W071,Guangxi,Omicron,2022-02-23,7,2022-03-02,8.0
W071,Guangxi,Omicron,2022-02-23,8,2022-03-03,8.0
W071,Guangxi,Omicron,2022-02-23,9,2022-03-04,7.0
W071,Guangxi,Omicron,2022-02-23,10,2022-03-05,12.0
W071,Guangxi,Omicron,2022-02-23,11,2022-03-06,11.0
W071,Guangxi,Omicron,2022-02-23,12,2022-03-07,3.0
W071,Guangxi,Omicron,2022-02-23,13,2022-03-08,4.0
W071,Guangxi,Omicron,2022-02-23,14,2022-03-09,1.0
W071,Guangxi,Omicron,2022-02-23,15,2022-03-10,6.0
W071,Guangxi,Omicron,2022-02-23,16,2022-03-11,5.0
W071,Guangxi,Omicron,2022-02-23,17,2022-03-12,9.0
W071,Guangxi,Omicron,2022-02-23,18,2022-03-13,17.0
W071,Guangxi,Omicron,2022-02-23,19,2022-03-14,23.0
W071,Guangxi,Omicron,2022-02-23,20,2022-03-15,25.0
W071,Guangxi,Omicron,2022-02-23,21,2022-03-16,30.0
W071,Guangxi,Omicron,2022-02-23,22,2022-03-17,22.0
W071,Guangxi,Omicron,2022-02-23,23,2022-03-18,18.0
W071,Guangxi,Omicron,2022-02-23,24,2022-03-19,24.0
W071,Guangxi,Omicron,2022-02-23,25,2022-03-20,21.0
W071,Guangxi,Omicron,2022-02-23,26,2022-03-21,18.0
W071,Guangxi,Omicron,2022-02-23,27,2022-03-22,7.0
W071,Guangxi,Omicron,2022-02-23,28,2022-03-23,8.0
W071,Guangxi,Omicron,2022-02-23,29,2022-03-24,17.0
W071,Guangxi,Omicron,2022-02-23,30,2022-03-25,10.0
W071,Guangxi,Omicron,2022-02-23,31,2022-03-26,11.0
W071,Guangxi,Omicron,2022-02-23,32,2022-03-27,13.0
W071,Guangxi,Omicron,2022-02-23,33,2022-03-28,10.0
W071,Guangxi,Omicron,2022-02-23,34,2022-03-29,13.0
W071,Guangxi,Omicron,2022-02-23,35,2022-03-30,11.0
W071,Guangxi,Omicron,2022-02-23,36,2022-03-31,16.0
W071,Guangxi,Omicron,2022-02-23,37,2022-04-01,6.0
W071,Guangxi,Omicron,2022-02-23,38,2022-04-02,4.0
W071,Guangxi,Omicron,2022-02-23,39,2022-04-03,0.0
W071,Guangxi,Omicron,2022-02-23,40,2022-04-04,2.0
W071,Guangxi,Omicron,2022-02-23,41,2022-04-05,2.0
W071,Guangxi,Omicron,2022-02-23,42,2022-04-06,8.0
W071,Guangxi,Omicron,2022-02-23,43,2022-04-07,11.0
W071,Guangxi,Omicron,2022-02-23,44,2022-04-08,4.0
W071,Guangxi,Omicron,2022-02-23,45,2022-04-09,7.0
W071,Guangxi,Omicron,2022-02-23,46,2022-04-10,2.0
W071,Guangxi,Omicron,2022-02-23,47,2022-04-11,6.0
W071,Guangxi,Omicron,2022-02-23,48,2022-04-12,71.0
W071,Guangxi,Omicron,2022-02-23,49,2022-04-13,129.0
W071,Guangxi,Omicron,2022-02-23,50,2022-04-14,136.0
W071,Guangxi,Omicron,2022-02-23,51,2022-04-15,55.0
W071,Guangxi,Omicron,2022-02-23,52,2022-04-16,17.0
W071,Guangxi,Omicron,2022-02-23,53,2022-04-17,16.0
W071,Guangxi,Omicron,2022-02-23,54,2022-04-18,15.0
W071,Guangxi,Omicron,2022-02-23,55,2022-04-19,6.0
W071,Guangxi,Omicron,2022-02-23,56,2022-04-20,6.0
W071,Guangxi,Omicron,2022-02-23,57,2022-04-21,6.0
W071,Guangxi,Omicron,2022-02-23,58,2022-04-22,2.0
W071,Guangxi,Omicron,2022-02-23,59,2022-04-23,2.0
W071,Guangxi,Omicron,2022-02-23,60,2022-04-24,1.0
W071,Guangxi,Omicron,2022-02-23,61,2022-04-25,2.0
W071,Guangxi,Omicron,2022-02-23,62,2022-04-26,2.0
W071,Guangxi,Omicron,2022-02-23,63,2022-04-27,0.0
W071,Guangxi,Omicron,2022-02-23,64,2022-04-28,2.0
W071,Guangxi,Omicron,2022-02-23,65,2022-04-29,1.0
W071,Guangxi,Omicron,2022-02-23,66,2022-04-30,0.0
W071,Guangxi,Omicron,2022-02-23,67,2022-05-01,2.0
W071,Guangxi,Omicron,2022-02-23,68,2022-05-02,0.0
W071,Guangxi,Omicron,2022-02-23,69,2022-05-03,1.0
W071,Guangxi,Omicron,2022-02-23,70,2022-05-04,1.0
W072,Shanghai,Omicron,2022-02-24,0,2022-02-24,1.0
W072,Shanghai,Omicron,2022-02-24,1,2022-02-25,1.0
W072,Shanghai,Omicron,2022-02-24,2,2022-02-26,1.0
W072,Shanghai,Omicron,2022-02-24,3,2022-02-27,1.0
W072,Shanghai,Omicron,2022-02-24,4,2022-02-28,3.0
W072,Shanghai,Omicron,2022-02-24,5,2022-03-01,2.0
W072,Shanghai,Omicron,2022-02-24,6,2022-03-02,8.0
W072,Shanghai,Omicron,2022-02-24,7,2022-03-03,16.0
W072,Shanghai,Omicron,2022-02-24,8,2022-03-04,19.0
W072,Shanghai,Omicron,2022-02-24,9,2022-03-05,28.0
W072,Shanghai,Omicron,2022-02-24,10,2022-03-06,48.0
W072,Shanghai,Omicron,2022-02-24,11,2022-03-07,55.0
W072,Shanghai,Omicron,2022-02-24,12,2022-03-08,65.0
W072,Shanghai,Omicron,2022-02-24,13,2022-03-09,80.0
W072,Shanghai,Omicron,2022-02-24,14,2022-03-10,75.0
W072,Shanghai,Omicron,2022-02-24,15,2022-03-11,83.0
W072,Shanghai,Omicron,2022-02-24,16,2022-03-12,65.0
W072,Shanghai,Omicron,2022-02-24,17,2022-03-13,167.0
W072,Shanghai,Omicron,2022-02-24,18,2022-03-14,139.0
W072,Shanghai,Omicron,2022-02-24,19,2022-03-15,202.0
W072,Shanghai,Omicron,2022-02-24,20,2022-03-16,157.0
W072,Shanghai,Omicron,2022-02-24,21,2022-03-17,260.0
W072,Shanghai,Omicron,2022-02-24,22,2022-03-18,374.0
W072,Shanghai,Omicron,2022-02-24,23,2022-03-19,503.0
W072,Shanghai,Omicron,2022-02-24,24,2022-03-20,758.0
W072,Shanghai,Omicron,2022-02-24,25,2022-03-21,895.0
W072,Shanghai,Omicron,2022-02-24,26,2022-03-22,981.0
W072,Shanghai,Omicron,2022-02-24,27,2022-03-23,983.0
W072,Shanghai,Omicron,2022-02-24,28,2022-03-24,1609.0
W072,Shanghai,Omicron,2022-02-24,29,2022-03-25,2264.0
W072,Shanghai,Omicron,2022-02-24,30,2022-03-26,2676.0
W072,Shanghai,Omicron,2022-02-24,31,2022-03-27,3500.0
W072,Shanghai,Omicron,2022-02-24,32,2022-03-28,4456.0
W072,Shanghai,Omicron,2022-02-24,33,2022-03-29,5964.0
W072,Shanghai,Omicron,2022-02-24,34,2022-03-30,5637.0
W072,Shanghai,Omicron,2022-02-24,35,2022-03-31,4482.0
W072,Shanghai,Omicron,2022-02-24,36,2022-04-01,6309.0
W072,Shanghai,Omicron,2022-02-24,37,2022-04-02,8153.0
W072,Shanghai,Omicron,2022-02-24,38,2022-04-03,8935.0
W072,Shanghai,Omicron,2022-02-24,39,2022-04-04,13350.0
W072,Shanghai,Omicron,2022-02-24,40,2022-04-05,17037.0
W072,Shanghai,Omicron,2022-02-24,41,2022-04-06,19967.0
W072,Shanghai,Omicron,2022-02-24,42,2022-04-07,20899.0
W072,Shanghai,Omicron,2022-02-24,43,2022-04-08,23204.0
W072,Shanghai,Omicron,2022-02-24,44,2022-04-09,24752.0
W072,Shanghai,Omicron,2022-02-24,45,2022-04-10,26040.0
W072,Shanghai,Omicron,2022-02-24,46,2022-04-11,23069.0
W072,Shanghai,Omicron,2022-02-24,47,2022-04-12,26307.0
W072,Shanghai,Omicron,2022-02-24,48,2022-04-13,27605.0
W072,Shanghai,Omicron,2022-02-24,49,2022-04-14,22765.0
W072,Shanghai,Omicron,2022-02-24,50,2022-04-15,22591.0
W072,Shanghai,Omicron,2022-02-24,51,2022-04-16,23643.0
W072,Shanghai,Omicron,2022-02-24,52,2022-04-17,21395.0
W072,Shanghai,Omicron,2022-02-24,53,2022-04-18,19442.0
W072,Shanghai,Omicron,2022-02-24,54,2022-04-19,18368.0
W072,Shanghai,Omicron,2022-02-24,55,2022-04-20,18036.0
W072,Shanghai,Omicron,2022-02-24,56,2022-04-21,17486.0
W072,Shanghai,Omicron,2022-02-24,57,2022-04-22,22250.0
W072,Shanghai,Omicron,2022-02-24,58,2022-04-23,20517.0
W072,Shanghai,Omicron,2022-02-24,59,2022-04-24,18609.0
W072,Shanghai,Omicron,2022-02-24,60,2022-04-25,16012.0
W072,Shanghai,Omicron,2022-02-24,61,2022-04-26,12309.0
W072,Shanghai,Omicron,2022-02-24,62,2022-04-27,9764.0
W072,Shanghai,Omicron,2022-02-24,63,2022-04-28,9970.0
W072,Shanghai,Omicron,2022-02-24,64,2022-04-29,9196.0
W072,Shanghai,Omicron,2022-02-24,65,2022-04-30,7189.0
W072,Shanghai,Omicron,2022-02-24,66,2022-05-01,6804.0
W072,Shanghai,Omicron,2022-02-24,67,2022-05-02,5514.0
W072,Shanghai,Omicron,2022-02-24,68,2022-05-03,4831.0
W072,Shanghai,Omicron,2022-02-24,69,2022-05-04,4466.0
W072,Shanghai,Omicron,2022-02-24,70,2022-05-05,4088.0
W072,Shanghai,Omicron,2022-02-24,71,2022-05-06,4039.0
W072,Shanghai,Omicron,2022-02-24,72,2022-05-07,3840.0
W072,Shanghai,Omicron,2022-02-24,73,2022-05-08,3717.0
W072,Shanghai,Omicron,2022-02-24,74,2022-05-09,2858.0
W072,Shanghai,Omicron,2022-02-24,75,2022-05-10,1289.0
W072,Shanghai,Omicron,2022-02-24,76,2022-05-11,1343.0
W072,Shanghai,Omicron,2022-02-24,77,2022-05-12,1929.0
W072,Shanghai,Omicron,2022-02-24,78,2022-05-13,1541.0
W072,Shanghai,Omicron,2022-02-24,79,2022-05-14,1258.0
W072,Shanghai,Omicron,2022-02-24,80,2022-05-15,896.0
W072,Shanghai,Omicron,2022-02-24,81,2022-05-16,777.0
W072,Shanghai,Omicron,2022-02-24,82,2022-05-17,799.0
W072,Shanghai,Omicron,2022-02-24,83,2022-05-18,671.0
W072,Shanghai,Omicron,2022-02-24,84,2022-05-19,787.0
W072,Shanghai,Omicron,2022-02-24,85,2022-05-20,819.0
W072,Shanghai,Omicron,2022-02-24,86,2022-05-21,593.0
W072,Shanghai,Omicron,2022-02-24,87,2022-05-22,528.0
W072,Shanghai,Omicron,2022-02-24,88,2022-05-23,441.0
W072,Shanghai,Omicron,2022-02-24,89,2022-05-24,355.0
W072,Shanghai,Omicron,2022-02-24,90,2022-05-25,307.0
W072,Shanghai,Omicron,2022-02-24,91,2022-05-26,231.0
W072,Shanghai,Omicron,2022-02-24,92,2022-05-27,152.0
W072,Shanghai,Omicron,2022-02-24,93,2022-05-28,104.0
W072,Shanghai,Omicron,2022-02-24,94,2022-05-29,65.0
W072,Shanghai,Omicron,2022-02-24,95,2022-05-30,29.0
W072,Shanghai,Omicron,2022-02-24,96,2022-05-31,14.0
W073,Tianjin,Omicron,2022-02-24,0,2022-02-24,1.0
W073,Tianjin,Omicron,2022-02-24,1,2022-02-25,0.0
W073,Tianjin,Omicron,2022-02-24,2,2022-02-26,4.0
W073,Tianjin,Omicron,2022-02-24,3,2022-02-27,10.0
W073,Tianjin,Omicron,2022-02-24,4,2022-02-28,6.0
W073,Tianjin,Omicron,2022-02-24,5,2022-03-01,1.0
W073,Tianjin,Omicron,2022-02-24,6,2022-03-02,1.0
W073,Tianjin,Omicron,2022-02-24,7,2022-03-03,1.0
W073,Tianjin,Omicron,2022-02-24,8,2022-03-04,3.0
W073,Tianjin,Omicron,2022-02-24,9,2022-03-05,0.0
W073,Tianjin,Omicron,2022-02-24,10,2022-03-06,0.0
W073,Tianjin,Omicron,2022-02-24,11,2022-03-07,3.0
W073,Tianjin,Omicron,2022-02-24,12,2022-03-08,12.0
W073,Tianjin,Omicron,2022-02-24,13,2022-03-09,21.0
W073,Tianjin,Omicron,2022-02-24,14,2022-03-10,18.0
W073,Tianjin,Omicron,2022-02-24,15,2022-03-11,41.0
W073,Tianjin,Omicron,2022-02-24,16,2022-03-12,26.0
W073,Tianjin,Omicron,2022-02-24,17,2022-03-13,50.0
W073,Tianjin,Omicron,2022-02-24,18,2022-03-14,47.0
W073,Tianjin,Omicron,2022-02-24,19,2022-03-15,64.0
W073,Tianjin,Omicron,2022-02-24,20,2022-03-16,50.0
W073,Tianjin,Omicron,2022-02-24,21,2022-03-17,58.0
W073,Tianjin,Omicron,2022-02-24,22,2022-03-18,25.0
W073,Tianjin,Omicron,2022-02-24,23,2022-03-19,17.0
W073,Tianjin,Omicron,2022-02-24,24,2022-03-20,19.0
W073,Tianjin,Omicron,2022-02-24,25,2022-03-21,36.0
W073,Tianjin,Omicron,2022-02-24,26,2022-03-22,47.0
W073,Tianjin,Omicron,2022-02-24,27,2022-03-23,76.0
W073,Tianjin,Omicron,2022-02-24,28,2022-03-24,64.0
W073,Tianjin,Omicron,2022-02-24,29,2022-03-25,55.0
W073,Tianjin,Omicron,2022-02-24,30,2022-03-26,40.0
W073,Tianjin,Omicron,2022-02-24,31,2022-03-27,14.0
W073,Tianjin,Omicron,2022-02-24,32,2022-03-28,13.0
W073,Tianjin,Omicron,2022-02-24,33,2022-03-29,7.0
W073,Tianjin,Omicron,2022-02-24,34,2022-03-30,4.0
W073,Tianjin,Omicron,2022-02-24,35,2022-03-31,3.0
W073,Tianjin,Omicron,2022-02-24,36,2022-04-01,0.0
W073,Tianjin,Omicron,2022-02-24,37,2022-04-02,4.0
W073,Tianjin,Omicron,2022-02-24,38,2022-04-03,2.0
W073,Tianjin,Omicron,2022-02-24,39,2022-04-04,5.0
W073,Tianjin,Omicron,2022-02-24,40,2022-04-05,6.0
W073,Tianjin,Omicron,2022-02-24,41,2022-04-06,4.0
W073,Tianjin,Omicron,2022-02-24,42,2022-04-07,0.0
W073,Tianjin,Omicron,2022-02-24,43,2022-04-08,1.0
W073,Tianjin,Omicron,2022-02-24,44,2022-04-09,1.0
W073,Tianjin,Omicron,2022-02-24,45,2022-04-10,0.0
W073,Tianjin,Omicron,2022-02-24,46,2022-04-11,1.0
W073,Tianjin,Omicron,2022-02-24,47,2022-04-12,2.0
W073,Tianjin,Omicron,2022-02-24,48,2022-04-13,0.0
W073,Tianjin,Omicron,2022-02-24,49,2022-04-14,2.0
W074,Shandong,Omicron,2022-02-28,0,2022-02-28,1.0
W074,Shandong,Omicron,2022-02-28,1,2022-03-01,4.0
W074,Shandong,Omicron,2022-02-28,2,2022-03-02,0.0
W074,Shandong,Omicron,2022-02-28,3,2022-03-03,0.0
W074,Shandong,Omicron,2022-02-28,4,2022-03-04,5.0
W074,Shandong,Omicron,2022-02-28,5,2022-03-05,88.0
W074,Shandong,Omicron,2022-02-28,6,2022-03-06,163.0
W074,Shandong,Omicron,2022-02-28,7,2022-03-07,175.0
W074,Shandong,Omicron,2022-02-28,8,2022-03-08,156.0
W074,Shandong,Omicron,2022-02-28,9,2022-03-09,175.0
W074,Shandong,Omicron,2022-02-28,10,2022-03-10,366.0
W074,Shandong,Omicron,2022-02-28,11,2022-03-11,555.0
W074,Shandong,Omicron,2022-02-28,12,2022-03-12,236.0
W074,Shandong,Omicron,2022-02-28,13,2022-03-13,163.0
W074,Shandong,Omicron,2022-02-28,14,2022-03-14,170.0
W074,Shandong,Omicron,2022-02-28,15,2022-03-15,159.0
W074,Shandong,Omicron,2022-02-28,16,2022-03-16,122.0
W074,Shandong,Omicron,2022-02-28,17,2022-03-17,220.0
W074,Shandong,Omicron,2022-02-28,18,2022-03-18,198.0
W074,Shandong,Omicron,2022-02-28,19,2022-03-19,428.0
W074,Shandong,Omicron,2022-02-28,20,2022-03-20,297.0
W074,Shandong,Omicron,2022-02-28,21,2022-03-21,207.0
W074,Shandong,Omicron,2022-02-28,22,2022-03-22,178.0
W074,Shandong,Omicron,2022-02-28,23,2022-03-23,182.0
W074,Shandong,Omicron,2022-02-28,24,2022-03-24,150.0
W074,Shandong,Omicron,2022-02-28,25,2022-03-25,79.0
W074,Shandong,Omicron,2022-02-28,26,2022-03-26,68.0
W074,Shandong,Omicron,2022-02-28,27,2022-03-27,63.0
W074,Shandong,Omicron,2022-02-28,28,2022-03-28,50.0
W074,Shandong,Omicron,2022-02-28,29,2022-03-29,27.0
W074,Shandong,Omicron,2022-02-28,30,2022-03-30,27.0
W074,Shandong,Omicron,2022-02-28,31,2022-03-31,31.0
W074,Shandong,Omicron,2022-02-28,32,2022-04-01,31.0
W074,Shandong,Omicron,2022-02-28,33,2022-04-02,10.0
W074,Shandong,Omicron,2022-02-28,34,2022-04-03,17.0
W074,Shandong,Omicron,2022-02-28,35,2022-04-04,28.0
W074,Shandong,Omicron,2022-02-28,36,2022-04-05,49.0
W074,Shandong,Omicron,2022-02-28,37,2022-04-06,28.0
W074,Shandong,Omicron,2022-02-28,38,2022-04-07,49.0
W074,Shandong,Omicron,2022-02-28,39,2022-04-08,42.0
W074,Shandong,Omicron,2022-02-28,40,2022-04-09,20.0
W074,Shandong,Omicron,2022-02-28,41,2022-04-10,15.0
W074,Shandong,Omicron,2022-02-28,42,2022-04-11,16.0
W074,Shandong,Omicron,2022-02-28,43,2022-04-12,21.0
W074,Shandong,Omicron,2022-02-28,44,2022-04-13,29.0
W074,Shandong,Omicron,2022-02-28,45,2022-04-14,28.0
W074,Shandong,Omicron,2022-02-28,46,2022-04-15,6.0
W074,Shandong,Omicron,2022-02-28,47,2022-04-16,23.0
W074,Shandong,Omicron,2022-02-28,48,2022-04-17,30.0
W074,Shandong,Omicron,2022-02-28,49,2022-04-18,17.0
W074,Shandong,Omicron,2022-02-28,50,2022-04-19,25.0
W074,Shandong,Omicron,2022-02-28,51,2022-04-20,20.0
W074,Shandong,Omicron,2022-02-28,52,2022-04-21,23.0
W074,Shandong,Omicron,2022-02-28,53,2022-04-22,23.0
W074,Shandong,Omicron,2022-02-28,54,2022-04-23,48.0
W074,Shandong,Omicron,2022-02-28,55,2022-04-24,51.0
W074,Shandong,Omicron,2022-02-28,56,2022-04-25,64.0
W074,Shandong,Omicron,2022-02-28,57,2022-04-26,69.0
W074,Shandong,Omicron,2022-02-28,58,2022-04-27,90.0
W074,Shandong,Omicron,2022-02-28,59,2022-04-28,44.0
W074,Shandong,Omicron,2022-02-28,60,2022-04-29,35.0
W074,Shandong,Omicron,2022-02-28,61,2022-04-30,20.0
W074,Shandong,Omicron,2022-02-28,62,2022-05-01,39.0
W074,Shandong,Omicron,2022-02-28,63,2022-05-02,14.0
W074,Shandong,Omicron,2022-02-28,64,2022-05-03,15.0
W074,Shandong,Omicron,2022-02-28,65,2022-05-04,15.0
W074,Shandong,Omicron,2022-02-28,66,2022-05-05,5.0
W074,Shandong,Omicron,2022-02-28,67,2022-05-06,4.0
W074,Shandong,Omicron,2022-02-28,68,2022-05-07,1.0
W075,Jilin,Omicron,2022-03-01,0,2022-03-01,8.0
W075,Jilin,Omicron,2022-03-01,1,2022-03-02,10.0
W075,Jilin,Omicron,2022-03-01,2,2022-03-03,16.0
W075,Jilin,Omicron,2022-03-01,3,2022-03-04,43.0
W075,Jilin,Omicron,2022-03-01,4,2022-03-05,59.0
W075,Jilin,Omicron,2022-03-01,5,2022-03-06,64.0
W075,Jilin,Omicron,2022-03-01,6,2022-03-07,72.0
W075,Jilin,Omicron,2022-03-01,7,2022-03-08,174.0
W075,Jilin,Omicron,2022-03-01,8,2022-03-09,343.0
W075,Jilin,Omicron,2022-03-01,9,2022-03-10,242.0
W075,Jilin,Omicron,2022-03-01,10,2022-03-11,400.0
W075,Jilin,Omicron,2022-03-01,11,2022-03-12,2156.0
W075,Jilin,Omicron,2022-03-01,12,2022-03-13,985.0
W075,Jilin,Omicron,2022-03-01,13,2022-03-14,4048.0
W075,Jilin,Omicron,2022-03-01,14,2022-03-15,1832.0
W075,Jilin,Omicron,2022-03-01,15,2022-03-16,1146.0
W075,Jilin,Omicron,2022-03-01,16,2022-03-17,2626.0
W075,Jilin,Omicron,2022-03-01,17,2022-03-18,2203.0
W075,Jilin,Omicron,2022-03-01,18,2022-03-19,1475.0
W075,Jilin,Omicron,2022-03-01,19,2022-03-20,2055.0
W075,Jilin,Omicron,2022-03-01,20,2022-03-21,2432.0
W075,Jilin,Omicron,2022-03-01,21,2022-03-22,2775.0
W075,Jilin,Omicron,2022-03-01,22,2022-03-23,2565.0
W075,Jilin,Omicron,2022-03-01,23,2022-03-24,1919.0
W075,Jilin,Omicron,2022-03-01,24,2022-03-25,2453.0
W075,Jilin,Omicron,2022-03-01,25,2022-03-26,1975.0
W075,Jilin,Omicron,2022-03-01,26,2022-03-27,1792.0
W075,Jilin,Omicron,2022-03-01,27,2022-03-28,1855.0
W075,Jilin,Omicron,2022-03-01,28,2022-03-29,2158.0
W075,Jilin,Omicron,2022-03-01,29,2022-03-30,2155.0
W075,Jilin,Omicron,2022-03-01,30,2022-03-31,2210.0
W075,Jilin,Omicron,2022-03-01,31,2022-04-01,2954.0
W075,Jilin,Omicron,2022-03-01,32,2022-04-02,4427.0
W075,Jilin,Omicron,2022-03-01,33,2022-04-03,3510.0
W075,Jilin,Omicron,2022-03-01,34,2022-04-04,2398.0
W075,Jilin,Omicron,2022-03-01,35,2022-04-05,2706.0
W075,Jilin,Omicron,2022-03-01,36,2022-04-06,2383.0
W075,Jilin,Omicron,2022-03-01,37,2022-04-07,2205.0
W075,Jilin,Omicron,2022-03-01,38,2022-04-08,902.0
W075,Jilin,Omicron,2022-03-01,39,2022-04-09,907.0
W075,Jilin,Omicron,2022-03-01,40,2022-04-10,953.0
W075,Jilin,Omicron,2022-03-01,41,2022-04-11,740.0
W075,Jilin,Omicron,2022-03-01,42,2022-04-12,988.0
W075,Jilin,Omicron,2022-03-01,43,2022-04-13,785.0
W075,Jilin,Omicron,2022-03-01,44,2022-04-14,435.0
W075,Jilin,Omicron,2022-03-01,45,2022-04-15,575.0
W075,Jilin,Omicron,2022-03-01,46,2022-04-16,656.0
W075,Jilin,Omicron,2022-03-01,47,2022-04-17,501.0
W075,Jilin,Omicron,2022-03-01,48,2022-04-18,446.0
W075,Jilin,Omicron,2022-03-01,49,2022-04-19,326.0
W075,Jilin,Omicron,2022-03-01,50,2022-04-20,324.0
W075,Jilin,Omicron,2022-03-01,51,2022-04-21,282.0
W075,Jilin,Omicron,2022-03-01,52,2022-04-22,258.0
W075,Jilin,Omicron,2022-03-01,53,2022-04-23,196.0
W075,Jilin,Omicron,2022-03-01,54,2022-04-24,147.0
W075,Jilin,Omicron,2022-03-01,55,2022-04-25,126.0
W075,Jilin,Omicron,2022-03-01,56,2022-04-26,100.0
W075,Jilin,Omicron,2022-03-01,57,2022-04-27,127.0
W075,Jilin,Omicron,2022-03-01,58,2022-04-28,56.0
W075,Jilin,Omicron,2022-03-01,59,2022-04-29,42.0
W075,Jilin,Omicron,2022-03-01,60,2022-04-30,31.0
W075,Jilin,Omicron,2022-03-01,61,2022-05-01,20.0
W075,Jilin,Omicron,2022-03-01,62,2022-05-02,21.0
W075,Jilin,Omicron,2022-03-01,63,2022-05-03,40.0
W075,Jilin,Omicron,2022-03-01,64,2022-05-04,22.0
W075,Jilin,Omicron,2022-03-01,65,2022-05-05,14.0
W075,Jilin,Omicron,2022-03-01,66,2022-05-06,23.0
W075,Jilin,Omicron,2022-03-01,67,2022-05-07,21.0
W075,Jilin,Omicron,2022-03-01,68,2022-05-08,3.0
W075,Jilin,Omicron,2022-03-01,69,2022-05-09,6.0
W075,Jilin,Omicron,2022-03-01,70,2022-05-10,4.0
W075,Jilin,Omicron,2022-03-01,71,2022-05-11,5.0
W075,Jilin,Omicron,2022-03-01,72,2022-05-12,0.0
W075,Jilin,Omicron,2022-03-01,73,2022-05-13,1.0
W075,Jilin,Omicron,2022-03-01,74,2022-05-14,2.0
W075,Jilin,Omicron,2022-03-01,75,2022-05-15,3.0
W075,Jilin,Omicron,2022-03-01,76,2022-05-16,11.0
W075,Jilin,Omicron,2022-03-01,77,2022-05-17,11.0
W075,Jilin,Omicron,2022-03-01,78,2022-05-18,19.0
W075,Jilin,Omicron,2022-03-01,79,2022-05-19,11.0
W075,Jilin,Omicron,2022-03-01,80,2022-05-20,7.0
W075,Jilin,Omicron,2022-03-01,81,2022-05-21,10.0
W075,Jilin,Omicron,2022-03-01,82,2022-05-22,5.0
W075,Jilin,Omicron,2022-03-01,83,2022-05-23,8.0
W075,Jilin,Omicron,2022-03-01,84,2022-05-24,7.0
W075,Jilin,Omicron,2022-03-01,85,2022-05-25,6.0
W075,Jilin,Omicron,2022-03-01,86,2022-05-26,7.0
W075,Jilin,Omicron,2022-03-01,87,2022-05-27,11.0
W075,Jilin,Omicron,2022-03-01,88,2022-05-28,10.0
W075,Jilin,Omicron,2022-03-01,89,2022-05-29,5.0
W075,Jilin,Omicron,2022-03-01,90,2022-05-30,8.0
W075,Jilin,Omicron,2022-03-01,91,2022-05-31,7.0
W076,Hebei,Omicron,2022-03-02,0,2022-03-02,1.0
W076,Hebei,Omicron,2022-03-02,1,2022-03-03,5.0
W076,Hebei,Omicron,2022-03-02,2,2022-03-04,7.0
W076,Hebei,Omicron,2022-03-02,3,2022-03-05,14.0
W076,Hebei,Omicron,2022-03-02,4,2022-03-06,10.0
W076,Hebei,Omicron,2022-03-02,5,2022-03-07,4.0
W076,Hebei,Omicron,2022-03-02,6,2022-03-08,11.0
W076,Hebei,Omicron,2022-03-02,7,2022-03-09,15.0
W076,Hebei,Omicron,2022-03-02,8,2022-03-10,32.0
W076,Hebei,Omicron,2022-03-02,9,2022-03-11,44.0
W076,Hebei,Omicron,2022-03-02,10,2022-03-12,73.0
W076,Hebei,Omicron,2022-03-02,11,2022-03-13,213.0
W076,Hebei,Omicron,2022-03-02,12,2022-03-14,198.0
W076,Hebei,Omicron,2022-03-02,13,2022-03-15,277.0
W076,Hebei,Omicron,2022-03-02,14,2022-03-16,216.0
W076,Hebei,Omicron,2022-03-02,15,2022-03-17,217.0
W076,Hebei,Omicron,2022-03-02,16,2022-03-18,269.0
W076,Hebei,Omicron,2022-03-02,17,2022-03-19,555.0
W076,Hebei,Omicron,2022-03-02,18,2022-03-20,407.0
W076,Hebei,Omicron,2022-03-02,19,2022-03-21,223.0
W076,Hebei,Omicron,2022-03-02,20,2022-03-22,192.0
W076,Hebei,Omicron,2022-03-02,21,2022-03-23,237.0
W076,Hebei,Omicron,2022-03-02,22,2022-03-24,312.0
W076,Hebei,Omicron,2022-03-02,23,2022-03-25,203.0
W076,Hebei,Omicron,2022-03-02,24,2022-03-26,146.0
W076,Hebei,Omicron,2022-03-02,25,2022-03-27,151.0
W076,Hebei,Omicron,2022-03-02,26,2022-03-28,114.0
W076,Hebei,Omicron,2022-03-02,27,2022-03-29,81.0
W076,Hebei,Omicron,2022-03-02,28,2022-03-30,83.0
W076,Hebei,Omicron,2022-03-02,29,2022-03-31,52.0
W076,Hebei,Omicron,2022-03-02,30,2022-04-01,68.0
W076,Hebei,Omicron,2022-03-02,31,2022-04-02,36.0
W076,Hebei,Omicron,2022-03-02,32,2022-04-03,111.0
W076,Hebei,Omicron,2022-03-02,33,2022-04-04,109.0
W076,Hebei,Omicron,2022-03-02,34,2022-04-05,109.0
W076,Hebei,Omicron,2022-03-02,35,2022-04-06,142.0
W076,Hebei,Omicron,2022-03-02,36,2022-04-07,163.0
W076,Hebei,Omicron,2022-03-02,37,2022-04-08,109.0
W076,Hebei,Omicron,2022-03-02,38,2022-04-09,87.0
W076,Hebei,Omicron,2022-03-02,39,2022-04-10,100.0
W076,Hebei,Omicron,2022-03-02,40,2022-04-11,44.0
W076,Hebei,Omicron,2022-03-02,41,2022-04-12,38.0
W076,Hebei,Omicron,2022-03-02,42,2022-04-13,31.0
W076,Hebei,Omicron,2022-03-02,43,2022-04-14,23.0
W076,Hebei,Omicron,2022-03-02,44,2022-04-15,17.0
W076,Hebei,Omicron,2022-03-02,45,2022-04-16,5.0
W076,Hebei,Omicron,2022-03-02,46,2022-04-17,0.0
W076,Hebei,Omicron,2022-03-02,47,2022-04-18,29.0
W076,Hebei,Omicron,2022-03-02,48,2022-04-19,62.0
W076,Hebei,Omicron,2022-03-02,49,2022-04-20,94.0
W076,Hebei,Omicron,2022-03-02,50,2022-04-21,78.0
W076,Hebei,Omicron,2022-03-02,51,2022-04-22,176.0
W076,Hebei,Omicron,2022-03-02,52,2022-04-23,117.0
W076,Hebei,Omicron,2022-03-02,53,2022-04-24,74.0
W076,Hebei,Omicron,2022-03-02,54,2022-04-25,51.0
W076,Hebei,Omicron,2022-03-02,55,2022-04-26,14.0
W076,Hebei,Omicron,2022-03-02,56,2022-04-27,11.0
W076,Hebei,Omicron,2022-03-02,57,2022-04-28,4.0
W076,Hebei,Omicron,2022-03-02,58,2022-04-29,2.0
W076,Hebei,Omicron,2022-03-02,59,2022-04-30,0.0
W076,Hebei,Omicron,2022-03-02,60,2022-05-01,4.0
W076,Hebei,Omicron,2022-03-02,61,2022-05-02,5.0
W076,Hebei,Omicron,2022-03-02,62,2022-05-03,28.0
W076,Hebei,Omicron,2022-03-02,63,2022-05-04,19.0
W076,Hebei,Omicron,2022-03-02,64,2022-05-05,11.0
W076,Hebei,Omicron,2022-03-02,65,2022-05-06,3.0
W076,Hebei,Omicron,2022-03-02,66,2022-05-07,2.0
W076,Hebei,Omicron,2022-03-02,67,2022-05-08,1.0
W076,Hebei,Omicron,2022-03-02,68,2022-05-09,1.0
W076,Hebei,Omicron,2022-03-02,69,2022-05-10,5.0
W076,Hebei,Omicron,2022-03-02,70,2022-05-11,10.0
W076,Hebei,Omicron,2022-03-02,71,2022-05-12,5.0
W076,Hebei,Omicron,2022-03-02,72,2022-05-13,2.0
W076,Hebei,Omicron,2022-03-02,73,2022-05-14,9.0
W076,Hebei,Omicron,2022-03-02,74,2022-05-15,4.0
W076,Hebei,Omicron,2022-03-02,75,2022-05-16,2.0
W077,Zhejiang,Omicron,2022-03-03,0,2022-03-03,2.0
W077,Zhejiang,Omicron,2022-03-03,1,2022-03-04,0.0
W077,Zhejiang,Omicron,2022-03-03,2,2022-03-05,3.0
W077,Zhejiang,Omicron,2022-03-03,3,2022-03-06,1.0
W077,Zhejiang,Omicron,2022-03-03,4,2022-03-07,4.0
W077,Zhejiang,Omicron,2022-03-03,5,2022-03-08,1.0
W077,Zhejiang,Omicron,2022-03-03,6,2022-03-09,3.0
W077,Zhejiang,Omicron,2022-03-03,7,2022-03-10,16.0
W077,Zhejiang,Omicron,2022-03-03,8,2022-03-11,25.0
W077,Zhejiang,Omicron,2022-03-03,9,2022-03-12,15.0
W077,Zhejiang,Omicron,2022-03-03,10,2022-03-13,8.0
W077,Zhejiang,Omicron,2022-03-03,11,2022-03-14,38.0
W077,Zhejiang,Omicron,2022-03-03,12,2022-03-15,29.0
W077,Zhejiang,Omicron,2022-03-03,13,2022-03-16,31.0
W077,Zhejiang,Omicron,2022-03-03,14,2022-03-17,21.0
W077,Zhejiang,Omicron,2022-03-03,15,2022-03-18,21.0
W077,Zhejiang,Omicron,2022-03-03,16,2022-03-19,31.0
W077,Zhejiang,Omicron,2022-03-03,17,2022-03-20,18.0
W077,Zhejiang,Omicron,2022-03-03,18,2022-03-21,7.0
W077,Zhejiang,Omicron,2022-03-03,19,2022-03-22,5.0
W077,Zhejiang,Omicron,2022-03-03,20,2022-03-23,4.0
W077,Zhejiang,Omicron,2022-03-03,21,2022-03-24,1.0
W077,Zhejiang,Omicron,2022-03-03,22,2022-03-25,1.0
W077,Zhejiang,Omicron,2022-03-03,23,2022-03-26,5.0
W077,Zhejiang,Omicron,2022-03-03,24,2022-03-27,3.0
W077,Zhejiang,Omicron,2022-03-03,25,2022-03-28,11.0
W077,Zhejiang,Omicron,2022-03-03,26,2022-03-29,13.0
W077,Zhejiang,Omicron,2022-03-03,27,2022-03-30,24.0
W077,Zhejiang,Omicron,2022-03-03,28,2022-03-31,13.0
W077,Zhejiang,Omicron,2022-03-03,29,2022-04-01,25.0
W077,Zhejiang,Omicron,2022-03-03,30,2022-04-02,14.0
W077,Zhejiang,Omicron,2022-03-03,31,2022-04-03,16.0
W077,Zhejiang,Omicron,2022-03-03,32,2022-04-04,36.0
W077,Zhejiang,Omicron,2022-03-03,33,2022-04-05,63.0
W077,Zhejiang,Omicron,2022-03-03,34,2022-04-06,47.0
W077,Zhejiang,Omicron,2022-03-03,35,2022-04-07,42.0
W077,Zhejiang,Omicron,2022-03-03,36,2022-04-08,29.0
W077,Zhejiang,Omicron,2022-03-03,37,2022-04-09,38.0
W077,Zhejiang,Omicron,2022-03-03,38,2022-04-10,34.0
W077,Zhejiang,Omicron,2022-03-03,39,2022-04-11,25.0
W077,Zhejiang,Omicron,2022-03-03,40,2022-04-12,25.0
W077,Zhejiang,Omicron,2022-03-03,41,2022-04-13,15.0
W077,Zhejiang,Omicron,2022-03-03,42,2022-04-14,12.0
W077,Zhejiang,Omicron,2022-03-03,43,2022-04-15,12.0
W077,Zhejiang,Omicron,2022-03-03,44,2022-04-16,28.0
W077,Zhejiang,Omicron,2022-03-03,45,2022-04-17,68.0
W077,Zhejiang,Omicron,2022-03-03,46,2022-04-18,46.0
W077,Zhejiang,Omicron,2022-03-03,47,2022-04-19,51.0
W077,Zhejiang,Omicron,2022-03-03,48,2022-04-20,32.0
W077,Zhejiang,Omicron,2022-03-03,49,2022-04-21,56.0
W077,Zhejiang,Omicron,2022-03-03,50,2022-04-22,61.0
W077,Zhejiang,Omicron,2022-03-03,51,2022-04-23,34.0
W077,Zhejiang,Omicron,2022-03-03,52,2022-04-24,20.0
W077,Zhejiang,Omicron,2022-03-03,53,2022-04-25,38.0
W077,Zhejiang,Omicron,2022-03-03,54,2022-04-26,32.0
W077,Zhejiang,Omicron,2022-03-03,55,2022-04-27,22.0
W077,Zhejiang,Omicron,2022-03-03,56,2022-04-28,23.0
W077,Zhejiang,Omicron,2022-03-03,57,2022-04-29,25.0
W077,Zhejiang,Omicron,2022-03-03,58,2022-04-30,18.0
W077,Zhejiang,Omicron,2022-03-03,59,2022-05-01,18.0
W077,Zhejiang,Omicron,2022-03-03,60,2022-05-02,34.0
W077,Zhejiang,Omicron,2022-03-03,61,2022-05-03,20.0
W077,Zhejiang,Omicron,2022-03-03,62,2022-05-04,34.0
W077,Zhejiang,Omicron,2022-03-03,63,2022-05-05,24.0
W077,Zhejiang,Omicron,2022-03-03,64,2022-05-06,18.0
W077,Zhejiang,Omicron,2022-03-03,65,2022-05-07,27.0
W077,Zhejiang,Omicron,2022-03-03,66,2022-05-08,17.0
W077,Zhejiang,Omicron,2022-03-03,67,2022-05-09,9.0
W077,Zhejiang,Omicron,2022-03-03,68,2022-05-10,7.0
W077,Zhejiang,Omicron,2022-03-03,69,2022-05-11,20.0
W077,Zhejiang,Omicron,2022-03-03,70,2022-05-12,4.0
W077,Zhejiang,Omicron,2022-03-03,71,2022-05-13,2.0
W077,Zhejiang,Omicron,2022-03-03,72,2022-05-14,3.0
W077,Zhejiang,Omicron,2022-03-03,73,2022-05-15,0.0
W077,Zhejiang,Omicron,2022-03-03,74,2022-05-16,1.0
W077,Zhejiang,Omicron,2022-03-03,75,2022-05-17,1.0
W077,Zhejiang,Omicron,2022-03-03,76,2022-05-18,0.0
W077,Zhejiang,Omicron,2022-03-03,77,2022-05-19,1.0
W077,Zhejiang,Omicron,2022-03-03,78,2022-05-20,2.0
W077,Zhejiang,Omicron,2022-03-03,79,2022-05-21,1.0
W077,Zhejiang,Omicron,2022-03-03,80,2022-05-22,1.0
W077,Zhejiang,Omicron,2022-03-03,81,2022-05-23,4.0
W077,Zhejiang,Omicron,2022-03-03,82,2022-05-24,5.0
W077,Zhejiang,Omicron,2022-03-03,83,2022-05-25,1.0
W077,Zhejiang,Omicron,2022-03-03,84,2022-05-26,1.0
W077,Zhejiang,Omicron,2022-03-03,85,2022-05-27,2.0
W077,Zhejiang,Omicron,2022-03-03,86,2022-05-28,2.0
W078,Shaanxi,Omicron,2022-03-05,0,2022-03-05,2.0
W078,Shaanxi,Omicron,2022-03-05,1,2022-03-06,0.0
W078,Shaanxi,Omicron,2022-03-05,2,2022-03-07,5.0
W078,Shaanxi,Omicron,2022-03-05,3,2022-03-08,17.0
W078,Shaanxi,Omicron,2022-03-05,4,2022-03-09,21.0
W078,Shaanxi,Omicron,2022-03-05,5,2022-03-10,18.0
W078,Shaanxi,Omicron,2022-03-05,6,2022-03-11,30.0
W078,Shaanxi,Omicron,2022-03-05,7,2022-03-12,43.0
W078,Shaanxi,Omicron,2022-03-05,8,2022-03-13,60.0
W078,Shaanxi,Omicron,2022-03-05,9,2022-03-14,53.0
W078,Shaanxi,Omicron,2022-03-05,10,2022-03-15,28.0
W078,Shaanxi,Omicron,2022-03-05,11,2022-03-16,26.0
W078,Shaanxi,Omicron,2022-03-05,12,2022-03-17,33.0
W078,Shaanxi,Omicron,2022-03-05,13,2022-03-18,11.0
W078,Shaanxi,Omicron,2022-03-05,14,2022-03-19,15.0
W078,Shaanxi,Omicron,2022-03-05,15,2022-03-20,14.0
W078,Shaanxi,Omicron,2022-03-05,16,2022-03-21,7.0
W078,Shaanxi,Omicron,2022-03-05,17,2022-03-22,3.0
W078,Shaanxi,Omicron,2022-03-05,18,2022-03-23,3.0
W078,Shaanxi,Omicron,2022-03-05,19,2022-03-24,3.0
W078,Shaanxi,Omicron,2022-03-05,20,2022-03-25,3.0
W078,Shaanxi,Omicron,2022-03-05,21,2022-03-26,6.0
W078,Shaanxi,Omicron,2022-03-05,22,2022-03-27,0.0
W078,Shaanxi,Omicron,2022-03-05,23,2022-03-28,3.0
W079,Gansu,Omicron,2022-03-06,0,2022-03-06,12.0
W079,Gansu,Omicron,2022-03-06,1,2022-03-07,11.0
W079,Gansu,Omicron,2022-03-06,2,2022-03-08,1.0
W079,Gansu,Omicron,2022-03-06,3,2022-03-09,77.0
W079,Gansu,Omicron,2022-03-06,4,2022-03-10,28.0
W079,Gansu,Omicron,2022-03-06,5,2022-03-11,43.0
W079,Gansu,Omicron,2022-03-06,6,2022-03-12,41.0
W079,Gansu,Omicron,2022-03-06,7,2022-03-13,27.0
W079,Gansu,Omicron,2022-03-06,8,2022-03-14,25.0
W079,Gansu,Omicron,2022-03-06,9,2022-03-15,20.0
W079,Gansu,Omicron,2022-03-06,10,2022-03-16,20.0
W079,Gansu,Omicron,2022-03-06,11,2022-03-17,25.0
W079,Gansu,Omicron,2022-03-06,12,2022-03-18,23.0
W079,Gansu,Omicron,2022-03-06,13,2022-03-19,44.0
W079,Gansu,Omicron,2022-03-06,14,2022-03-20,32.0
W079,Gansu,Omicron,2022-03-06,15,2022-03-21,33.0
W079,Gansu,Omicron,2022-03-06,16,2022-03-22,43.0
W079,Gansu,Omicron,2022-03-06,17,2022-03-23,29.0
W079,Gansu,Omicron,2022-03-06,18,2022-03-24,33.0
W079,Gansu,Omicron,2022-03-06,19,2022-03-25,40.0
W079,Gansu,Omicron,2022-03-06,20,2022-03-26,15.0
W079,Gansu,Omicron,2022-03-06,21,2022-03-27,12.0
W079,Gansu,Omicron,2022-03-06,22,2022-03-28,11.0
W079,Gansu,Omicron,2022-03-06,23,2022-03-29,10.0
W079,Gansu,Omicron,2022-03-06,24,2022-03-30,8.0
W079,Gansu,Omicron,2022-03-06,25,2022-03-31,9.0
W079,Gansu,Omicron,2022-03-06,26,2022-04-01,9.0
W079,Gansu,Omicron,2022-03-06,27,2022-04-02,7.0
W079,Gansu,Omicron,2022-03-06,28,2022-04-03,3.0
W079,Gansu,Omicron,2022-03-06,29,2022-04-04,4.0
W079,Gansu,Omicron,2022-03-06,30,2022-04-05,1.0
W080,Liaoning,Omicron,2022-03-06,0,2022-03-06,3.0
W080,Liaoning,Omicron,2022-03-06,1,2022-03-07,8.0
W080,Liaoning,Omicron,2022-03-06,2,2022-03-08,2.0
W080,Liaoning,Omicron,2022-03-06,3,2022-03-09,3.0
W080,Liaoning,Omicron,2022-03-06,4,2022-03-10,3.0
W080,Liaoning,Omicron,2022-03-06,5,2022-03-11,2.0
W080,Liaoning,Omicron,2022-03-06,6,2022-03-12,3.0
W080,Liaoning,Omicron,2022-03-06,7,2022-03-13,9.0
W080,Liaoning,Omicron,2022-03-06,8,2022-03-14,33.0
W080,Liaoning,Omicron,2022-03-06,9,2022-03-15,44.0
W080,Liaoning,Omicron,2022-03-06,10,2022-03-16,156.0
W080,Liaoning,Omicron,2022-03-06,11,2022-03-17,125.0
W080,Liaoning,Omicron,2022-03-06,12,2022-03-18,128.0
W080,Liaoning,Omicron,2022-03-06,13,2022-03-19,160.0
W080,Liaoning,Omicron,2022-03-06,14,2022-03-20,144.0
W080,Liaoning,Omicron,2022-03-06,15,2022-03-21,246.0
W080,Liaoning,Omicron,2022-03-06,16,2022-03-22,150.0
W080,Liaoning,Omicron,2022-03-06,17,2022-03-23,143.0
W080,Liaoning,Omicron,2022-03-06,18,2022-03-24,186.0
W080,Liaoning,Omicron,2022-03-06,19,2022-03-25,145.0
W080,Liaoning,Omicron,2022-03-06,20,2022-03-26,106.0
W080,Liaoning,Omicron,2022-03-06,21,2022-03-27,125.0
W080,Liaoning,Omicron,2022-03-06,22,2022-03-28,73.0
W080,Liaoning,Omicron,2022-03-06,23,2022-03-29,55.0
W080,Liaoning,Omicron,2022-03-06,24,2022-03-30,49.0
W080,Liaoning,Omicron,2022-03-06,25,2022-03-31,61.0
W080,Liaoning,Omicron,2022-03-06,26,2022-04-01,56.0
W080,Liaoning,Omicron,2022-03-06,27,2022-04-02,45.0
W080,Liaoning,Omicron,2022-03-06,28,2022-04-03,39.0
W080,Liaoning,Omicron,2022-03-06,29,2022-04-04,57.0
W080,Liaoning,Omicron,2022-03-06,30,2022-04-05,49.0
W080,Liaoning,Omicron,2022-03-06,31,2022-04-06,22.0
W080,Liaoning,Omicron,2022-03-06,32,2022-04-07,37.0
W080,Liaoning,Omicron,2022-03-06,33,2022-04-08,25.0
W080,Liaoning,Omicron,2022-03-06,34,2022-04-09,12.0
W080,Liaoning,Omicron,2022-03-06,35,2022-04-10,12.0
W080,Liaoning,Omicron,2022-03-06,36,2022-04-11,25.0
W080,Liaoning,Omicron,2022-03-06,37,2022-04-12,32.0
W080,Liaoning,Omicron,2022-03-06,38,2022-04-13,33.0
W080,Liaoning,Omicron,2022-03-06,39,2022-04-14,21.0
W080,Liaoning,Omicron,2022-03-06,40,2022-04-15,28.0
W080,Liaoning,Omicron,2022-03-06,41,2022-04-16,8.0
W080,Liaoning,Omicron,2022-03-06,42,2022-04-17,9.0
W080,Liaoning,Omicron,2022-03-06,43,2022-04-18,17.0
W080,Liaoning,Omicron,2022-03-06,44,2022-04-19,9.0
W080,Liaoning,Omicron,2022-03-06,45,2022-04-20,6.0
W080,Liaoning,Omicron,2022-03-06,46,2022-04-21,4.0
W080,Liaoning,Omicron,2022-03-06,47,2022-04-22,2.0
W080,Liaoning,Omicron,2022-03-06,48,2022-04-23,5.0
W080,Liaoning,Omicron,2022-03-06,49,2022-04-24,3.0
W080,Liaoning,Omicron,2022-03-06,50,2022-04-25,64.0
W080,Liaoning,Omicron,2022-03-06,51,2022-04-26,102.0
W080,Liaoning,Omicron,2022-03-06,52,2022-04-27,55.0
W080,Liaoning,Omicron,2022-03-06,53,2022-04-28,91.0
W080,Liaoning,Omicron,2022-03-06,54,2022-04-29,85.0
W080,Liaoning,Omicron,2022-03-06,55,2022-04-30,47.0
W080,Liaoning,Omicron,2022-03-06,56,2022-05-01,96.0
W080,Liaoning,Omicron,2022-03-06,57,2022-05-02,82.0
W080,Liaoning,Omicron,2022-03-06,58,2022-05-03,128.0
W080,Liaoning,Omicron,2022-03-06,59,2022-05-04,100.0
W080,Liaoning,Omicron,2022-03-06,60,2022-05-05,61.0
W080,Liaoning,Omicron,2022-03-06,61,2022-05-06,99.0
W080,Liaoning,Omicron,2022-03-06,62,2022-05-07,85.0
W080,Liaoning,Omicron,2022-03-06,63,2022-05-08,50.0
W080,Liaoning,Omicron,2022-03-06,64,2022-05-09,53.0
W080,Liaoning,Omicron,2022-03-06,65,2022-05-10,60.0
W080,Liaoning,Omicron,2022-03-06,66,2022-05-11,85.0
W080,Liaoning,Omicron,2022-03-06,67,2022-05-12,58.0
W080,Liaoning,Omicron,2022-03-06,68,2022-05-13,33.0
W080,Liaoning,Omicron,2022-03-06,69,2022-05-14,18.0
W080,Liaoning,Omicron,2022-03-06,70,2022-05-15,11.0
W080,Liaoning,Omicron,2022-03-06,71,2022-05-16,0.0
W080,Liaoning,Omicron,2022-03-06,72,2022-05-17,1.0
W080,Liaoning,Omicron,2022-03-06,73,2022-05-18,3.0
W080,Liaoning,Omicron,2022-03-06,74,2022-05-19,2.0
W080,Liaoning,Omicron,2022-03-06,75,2022-05-20,4.0
W080,Liaoning,Omicron,2022-03-06,76,2022-05-21,1.0
W080,Liaoning,Omicron,2022-03-06,77,2022-05-22,0.0
W080,Liaoning,Omicron,2022-03-06,78,2022-05-23,0.0
W080,Liaoning,Omicron,2022-03-06,79,2022-05-24,11.0
W080,Liaoning,Omicron,2022-03-06,80,2022-05-25,6.0
W080,Liaoning,Omicron,2022-03-06,81,2022-05-26,9.0
W080,Liaoning,Omicron,2022-03-06,82,2022-05-27,11.0
W080,Liaoning,Omicron,2022-03-06,83,2022-05-28,8.0
W080,Liaoning,Omicron,2022-03-06,84,2022-05-29,5.0
W080,Liaoning,Omicron,2022-03-06,85,2022-05-30,12.0
W080,Liaoning,Omicron,2022-03-06,86,2022-05-31,4.0
W081,Heilongjiang,Omicron,2022-03-08,0,2022-03-08,15.0
W081,Heilongjiang,Omicron,2022-03-08,1,2022-03-09,9.0
W081,Heilongjiang,Omicron,2022-03-08,2,2022-03-10,10.0
W081,Heilongjiang,Omicron,2022-03-08,3,2022-03-11,3.0
W081,Heilongjiang,Omicron,2022-03-08,4,2022-03-12,3.0
W081,Heilongjiang,Omicron,2022-03-08,5,2022-03-13,17.0
W081,Heilongjiang,Omicron,2022-03-08,6,2022-03-14,15.0
W081,Heilongjiang,Omicron,2022-03-08,7,2022-03-15,26.0
W081,Heilongjiang,Omicron,2022-03-08,8,2022-03-16,29.0
W081,Heilongjiang,Omicron,2022-03-08,9,2022-03-17,51.0
W081,Heilongjiang,Omicron,2022-03-08,10,2022-03-18,63.0
W081,Heilongjiang,Omicron,2022-03-08,11,2022-03-19,23.0
W081,Heilongjiang,Omicron,2022-03-08,12,2022-03-20,41.0
W081,Heilongjiang,Omicron,2022-03-08,13,2022-03-21,55.0
W081,Heilongjiang,Omicron,2022-03-08,14,2022-03-22,41.0
W081,Heilongjiang,Omicron,2022-03-08,15,2022-03-23,37.0
W081,Heilongjiang,Omicron,2022-03-08,16,2022-03-24,36.0
W081,Heilongjiang,Omicron,2022-03-08,17,2022-03-25,20.0
W081,Heilongjiang,Omicron,2022-03-08,18,2022-03-26,11.0
W081,Heilongjiang,Omicron,2022-03-08,19,2022-03-27,25.0
W081,Heilongjiang,Omicron,2022-03-08,20,2022-03-28,25.0
W081,Heilongjiang,Omicron,2022-03-08,21,2022-03-29,27.0
W081,Heilongjiang,Omicron,2022-03-08,22,2022-03-30,37.0
W081,Heilongjiang,Omicron,2022-03-08,23,2022-03-31,33.0
W081,Heilongjiang,Omicron,2022-03-08,24,2022-04-01,50.0
W081,Heilongjiang,Omicron,2022-03-08,25,2022-04-02,17.0
W081,Heilongjiang,Omicron,2022-03-08,26,2022-04-03,24.0
W081,Heilongjiang,Omicron,2022-03-08,27,2022-04-04,27.0
W081,Heilongjiang,Omicron,2022-03-08,28,2022-04-05,11.0
W081,Heilongjiang,Omicron,2022-03-08,29,2022-04-06,20.0
W081,Heilongjiang,Omicron,2022-03-08,30,2022-04-07,6.0
W081,Heilongjiang,Omicron,2022-03-08,31,2022-04-08,11.0
W081,Heilongjiang,Omicron,2022-03-08,32,2022-04-09,2.0
W081,Heilongjiang,Omicron,2022-03-08,33,2022-04-10,3.0
W081,Heilongjiang,Omicron,2022-03-08,34,2022-04-11,2.0
W081,Heilongjiang,Omicron,2022-03-08,35,2022-04-12,4.0
W081,Heilongjiang,Omicron,2022-03-08,36,2022-04-13,9.0
W081,Heilongjiang,Omicron,2022-03-08,37,2022-04-14,10.0
W081,Heilongjiang,Omicron,2022-03-08,38,2022-04-15,34.0
W081,Heilongjiang,Omicron,2022-03-08,39,2022-04-16,60.0
W081,Heilongjiang,Omicron,2022-03-08,40,2022-04-17,54.0
W081,Heilongjiang,Omicron,2022-03-08,41,2022-04-18,95.0
W081,Heilongjiang,Omicron,2022-03-08,42,2022-04-19,73.0
W081,Heilongjiang,Omicron,2022-03-08,43,2022-04-20,65.0
W081,Heilongjiang,Omicron,2022-03-08,44,2022-04-21,90.0
W081,Heilongjiang,Omicron,2022-03-08,45,2022-04-22,45.0
W081,Heilongjiang,Omicron,2022-03-08,46,2022-04-23,42.0
W081,Heilongjiang,Omicron,2022-03-08,47,2022-04-24,38.0
W081,Heilongjiang,Omicron,2022-03-08,48,2022-04-25,36.0
W081,Heilongjiang,Omicron,2022-03-08,49,2022-04-26,32.0
W081,Heilongjiang,Omicron,2022-03-08,50,2022-04-27,17.0
W081,Heilongjiang,Omicron,2022-03-08,51,2022-04-28,10.0
W081,Heilongjiang,Omicron,2022-03-08,52,2022-04-29,5.0
W081,Heilongjiang,Omicron,2022-03-08,53,2022-04-30,14.0
W081,Heilongjiang,Omicron,2022-03-08,54,2022-05-01,28.0
W081,Heilongjiang,Omicron,2022-03-08,55,2022-05-02,23.0
W081,Heilongjiang,Omicron,2022-03-08,56,2022-05-03,10.0
W081,Heilongjiang,Omicron,2022-03-08,57,2022-05-04,4.0
W081,Heilongjiang,Omicron,2022-03-08,58,2022-05-05,4.0
W081,Heilongjiang,Omicron,2022-03-08,59,2022-05-06,1.0
W081,Heilongjiang,Omicron,2022-03-08,60,2022-05-07,1.0
W082,Henan,Omicron,2022-03-09,0,2022-03-09,4.0
W082,Henan,Omicron,2022-03-09,1,2022-03-10,1.0
W082,Henan,Omicron,2022-03-09,2,2022-03-11,1.0
W082,Henan,Omicron,2022-03-09,3,2022-03-12,0.0
W082,Henan,Omicron,2022-03-09,4,2022-03-13,0.0
W082,Henan,Omicron,2022-03-09,5,2022-03-14,1.0
W082,Henan,Omicron,2022-03-09,6,2022-03-15,0.0
W082,Henan,Omicron,2022-03-09,7,2022-03-16,0.0
W082,Henan,Omicron,2022-03-09,8,2022-03-17,1.0
W082,Henan,Omicron,2022-03-09,9,2022-03-18,5.0
W082,Henan,Omicron,2022-03-09,10,2022-03-19,2.0
W082,Henan,Omicron,2022-03-09,11,2022-03-20,10.0
W082,Henan,Omicron,2022-03-09,12,2022-03-21,6.0
W082,Henan,Omicron,2022-03-09,13,2022-03-22,11.0
W082,Henan,Omicron,2022-03-09,14,2022-03-23,11.0
W082,Henan,Omicron,2022-03-09,15,2022-03-24,21.0
W082,Henan,Omicron,2022-03-09,16,2022-03-25,10.0
W082,Henan,Omicron,2022-03-09,17,2022-03-26,24.0
W082,Henan,Omicron,2022-03-09,18,2022-03-27,14.0
W082,Henan,Omicron,2022-03-09,19,2022-03-28,11.0
W082,Henan,Omicron,2022-03-09,20,2022-03-29,36.0
W082,Henan,Omicron,2022-03-09,21,2022-03-30,34.0
W082,Henan,Omicron,2022-03-09,22,2022-03-31,20.0
W082,Henan,Omicron,2022-03-09,23,2022-04-01,18.0
W082,Henan,Omicron,2022-03-09,24,2022-04-02,20.0
W082,Henan,Omicron,2022-03-09,25,2022-04-03,22.0
W082,Henan,Omicron,2022-03-09,26,2022-04-04,31.0
W082,Henan,Omicron,2022-03-09,27,2022-04-05,33.0
W082,Henan,Omicron,2022-03-09,28,2022-04-06,36.0
W082,Henan,Omicron,2022-03-09,29,2022-04-07,19.0
W082,Henan,Omicron,2022-03-09,30,2022-04-08,18.0
W082,Henan,Omicron,2022-03-09,31,2022-04-09,5.0
W082,Henan,Omicron,2022-03-09,32,2022-04-10,4.0
W082,Henan,Omicron,2022-03-09,33,2022-04-11,14.0
W082,Henan,Omicron,2022-03-09,34,2022-04-12,14.0
W082,Henan,Omicron,2022-03-09,35,2022-04-13,46.0
W082,Henan,Omicron,2022-03-09,36,2022-04-14,26.0
W082,Henan,Omicron,2022-03-09,37,2022-04-15,24.0
W082,Henan,Omicron,2022-03-09,38,2022-04-16,21.0
W082,Henan,Omicron,2022-03-09,39,2022-04-17,10.0
W082,Henan,Omicron,2022-03-09,40,2022-04-18,24.0
W082,Henan,Omicron,2022-03-09,41,2022-04-19,16.0
W082,Henan,Omicron,2022-03-09,42,2022-04-20,26.0
W082,Henan,Omicron,2022-03-09,43,2022-04-21,17.0
W082,Henan,Omicron,2022-03-09,44,2022-04-22,41.0
W082,Henan,Omicron,2022-03-09,45,2022-04-23,32.0
W082,Henan,Omicron,2022-03-09,46,2022-04-24,23.0
W082,Henan,Omicron,2022-03-09,47,2022-04-25,17.0
W082,Henan,Omicron,2022-03-09,48,2022-04-26,17.0
W082,Henan,Omicron,2022-03-09,49,2022-04-27,17.0
W082,Henan,Omicron,2022-03-09,50,2022-04-28,6.0
W082,Henan,Omicron,2022-03-09,51,2022-04-29,5.0
W082,Henan,Omicron,2022-03-09,52,2022-04-30,9.0
W082,Henan,Omicron,2022-03-09,53,2022-05-01,5.0
W082,Henan,Omicron,2022-03-09,54,2022-05-02,6.0
W082,Henan,Omicron,2022-03-09,55,2022-05-03,44.0
W082,Henan,Omicron,2022-03-09,56,2022-05-04,40.0
W082,Henan,Omicron,2022-03-09,57,2022-05-05,79.0
W082,Henan,Omicron,2022-03-09,58,2022-05-06,98.0
W082,Henan,Omicron,2022-03-09,59,2022-05-07,101.0
W082,Henan,Omicron,2022-03-09,60,2022-05-08,60.0
W082,Henan,Omicron,2022-03-09,61,2022-05-09,116.0
W082,Henan,Omicron,2022-03-09,62,2022-05-10,88.0
W082,Henan,Omicron,2022-03-09,63,2022-05-11,98.0
W082,Henan,Omicron,2022-03-09,64,2022-05-12,43.0
W082,Henan,Omicron,2022-03-09,65,2022-05-13,47.0
W082,Henan,Omicron,2022-03-09,66,2022-05-14,29.0
W082,Henan,Omicron,2022-03-09,67,2022-05-15,21.0
W082,Henan,Omicron,2022-03-09,68,2022-05-16,33.0
W082,Henan,Omicron,2022-03-09,69,2022-05-17,10.0
W082,Henan,Omicron,2022-03-09,70,2022-05-18,20.0
W082,Henan,Omicron,2022-03-09,71,2022-05-19,28.0
W082,Henan,Omicron,2022-03-09,72,2022-05-20,39.0
W082,Henan,Omicron,2022-03-09,73,2022-05-21,18.0
W082,Henan,Omicron,2022-03-09,74,2022-05-22,53.0
W082,Henan,Omicron,2022-03-09,75,2022-05-23,23.0
W082,Henan,Omicron,2022-03-09,76,2022-05-24,29.0
W082,Henan,Omicron,2022-03-09,77,2022-05-25,12.0
W082,Henan,Omicron,2022-03-09,78,2022-05-26,8.0
W082,Henan,Omicron,2022-03-09,79,2022-05-27,9.0
W082,Henan,Omicron,2022-03-09,80,2022-05-28,9.0
W082,Henan,Omicron,2022-03-09,81,2022-05-29,2.0
W082,Henan,Omicron,2022-03-09,82,2022-05-30,0.0
W082,Henan,Omicron,2022-03-09,83,2022-05-31,2.0
W083,Fujian,Omicron,2022-03-11,0,2022-03-11,2.0
W083,Fujian,Omicron,2022-03-11,1,2022-03-12,0.0
W083,Fujian,Omicron,2022-03-11,2,2022-03-13,10.0
W083,Fujian,Omicron,2022-03-11,3,2022-03-14,63.0
W083,Fujian,Omicron,2022-03-11,4,2022-03-15,36.0
W083,Fujian,Omicron,2022-03-11,5,2022-03-16,141.0
W083,Fujian,Omicron,2022-03-11,6,2022-03-17,190.0
W083,Fujian,Omicron,2022-03-11,7,2022-03-18,275.0
W083,Fujian,Omicron,2022-03-11,8,2022-03-19,263.0
W083,Fujian,Omicron,2022-03-11,9,2022-03-20,255.0
W083,Fujian,Omicron,2022-03-11,10,2022-03-21,215.0
W083,Fujian,Omicron,2022-03-11,11,2022-03-22,267.0
W083,Fujian,Omicron,2022-03-11,12,2022-03-23,230.0
W083,Fujian,Omicron,2022-03-11,13,2022-03-24,169.0
W083,Fujian,Omicron,2022-03-11,14,2022-03-25,158.0
W083,Fujian,Omicron,2022-03-11,15,2022-03-26,265.0
W083,Fujian,Omicron,2022-03-11,16,2022-03-27,184.0
W083,Fujian,Omicron,2022-03-11,17,2022-03-28,125.0
W083,Fujian,Omicron,2022-03-11,18,2022-03-29,87.0
W083,Fujian,Omicron,2022-03-11,19,2022-03-30,134.0
W083,Fujian,Omicron,2022-03-11,20,2022-03-31,76.0
W083,Fujian,Omicron,2022-03-11,21,2022-04-01,71.0
W083,Fujian,Omicron,2022-03-11,22,2022-04-02,45.0
W083,Fujian,Omicron,2022-03-11,23,2022-04-03,31.0
W083,Fujian,Omicron,2022-03-11,24,2022-04-04,13.0
W083,Fujian,Omicron,2022-03-11,25,2022-04-05,22.0
W083,Fujian,Omicron,2022-03-11,26,2022-04-06,18.0
W083,Fujian,Omicron,2022-03-11,27,2022-04-07,11.0
W083,Fujian,Omicron,2022-03-11,28,2022-04-08,10.0
W083,Fujian,Omicron,2022-03-11,29,2022-04-09,8.0
W083,Fujian,Omicron,2022-03-11,30,2022-04-10,16.0
W083,Fujian,Omicron,2022-03-11,31,2022-04-11,26.0
W083,Fujian,Omicron,2022-03-11,32,2022-04-12,12.0
W083,Fujian,Omicron,2022-03-11,33,2022-04-13,18.0
W083,Fujian,Omicron,2022-03-11,34,2022-04-14,16.0
W083,Fujian,Omicron,2022-03-11,35,2022-04-15,69.0
W083,Fujian,Omicron,2022-03-11,36,2022-04-16,22.0
W083,Fujian,Omicron,2022-03-11,37,2022-04-17,18.0
W083,Fujian,Omicron,2022-03-11,38,2022-04-18,6.0
W083,Fujian,Omicron,2022-03-11,39,2022-04-19,0.0
W083,Fujian,Omicron,2022-03-11,40,2022-04-20,1.0
W083,Fujian,Omicron,2022-03-11,41,2022-04-21,1.0
W083,Fujian,Omicron,2022-03-11,42,2022-04-22,2.0
W084,Chongqing,Omicron,2022-03-12,0,2022-03-12,9.0
W084,Chongqing,Omicron,2022-03-12,1,2022-03-13,7.0
W084,Chongqing,Omicron,2022-03-12,2,2022-03-14,12.0
W084,Chongqing,Omicron,2022-03-12,3,2022-03-15,12.0
W084,Chongqing,Omicron,2022-03-12,4,2022-03-16,5.0
W084,Chongqing,Omicron,2022-03-12,5,2022-03-17,16.0
W084,Chongqing,Omicron,2022-03-12,6,2022-03-18,3.0
W084,Chongqing,Omicron,2022-03-12,7,2022-03-19,7.0
W084,Chongqing,Omicron,2022-03-12,8,2022-03-20,2.0
W084,Chongqing,Omicron,2022-03-12,9,2022-03-21,3.0
W084,Chongqing,Omicron,2022-03-12,10,2022-03-22,1.0
W085,Anhui,Omicron,2022-03-13,0,2022-03-13,1.0
W085,Anhui,Omicron,2022-03-13,1,2022-03-14,12.0
W085,Anhui,Omicron,2022-03-13,2,2022-03-15,7.0
W085,Anhui,Omicron,2022-03-13,3,2022-03-16,11.0
W085,Anhui,Omicron,2022-03-13,4,2022-03-17,4.0
W085,Anhui,Omicron,2022-03-13,5,2022-03-18,15.0
W085,Anhui,Omicron,2022-03-13,6,2022-03-19,16.0
W085,Anhui,Omicron,2022-03-13,7,2022-03-20,10.0
W085,Anhui,Omicron,2022-03-13,8,2022-03-21,12.0
W085,Anhui,Omicron,2022-03-13,9,2022-03-22,11.0
W085,Anhui,Omicron,2022-03-13,10,2022-03-23,8.0
W085,Anhui,Omicron,2022-03-13,11,2022-03-24,25.0
W085,Anhui,Omicron,2022-03-13,12,2022-03-25,16.0
W085,Anhui,Omicron,2022-03-13,13,2022-03-26,18.0
W085,Anhui,Omicron,2022-03-13,14,2022-03-27,38.0
W085,Anhui,Omicron,2022-03-13,15,2022-03-28,18.0
W085,Anhui,Omicron,2022-03-13,16,2022-03-29,34.0
W085,Anhui,Omicron,2022-03-13,17,2022-03-30,67.0
W085,Anhui,Omicron,2022-03-13,18,2022-03-31,50.0
W085,Anhui,Omicron,2022-03-13,19,2022-04-01,56.0
W085,Anhui,Omicron,2022-03-13,20,2022-04-02,95.0
W085,Anhui,Omicron,2022-03-13,21,2022-04-03,70.0
W085,Anhui,Omicron,2022-03-13,22,2022-04-04,49.0
W085,Anhui,Omicron,2022-03-13,23,2022-04-05,56.0
W085,Anhui,Omicron,2022-03-13,24,2022-04-06,60.0
W085,Anhui,Omicron,2022-03-13,25,2022-04-07,69.0
W085,Anhui,Omicron,2022-03-13,26,2022-04-08,70.0
W085,Anhui,Omicron,2022-03-13,27,2022-04-09,44.0
W085,Anhui,Omicron,2022-03-13,28,2022-04-10,68.0
W085,Anhui,Omicron,2022-03-13,29,2022-04-11,61.0
W085,Anhui,Omicron,2022-03-13,30,2022-04-12,61.0
W085,Anhui,Omicron,2022-03-13,31,2022-04-13,50.0
W085,Anhui,Omicron,2022-03-13,32,2022-04-14,47.0
W085,Anhui,Omicron,2022-03-13,33,2022-04-15,44.0
W085,Anhui,Omicron,2022-03-13,34,2022-04-16,58.0
W085,Anhui,Omicron,2022-03-13,35,2022-04-17,58.0
W085,Anhui,Omicron,2022-03-13,36,2022-04-18,61.0
W085,Anhui,Omicron,2022-03-13,37,2022-04-19,48.0
W085,Anhui,Omicron,2022-03-13,38,2022-04-20,30.0
W085,Anhui,Omicron,2022-03-13,39,2022-04-21,28.0
W085,Anhui,Omicron,2022-03-13,40,2022-04-22,17.0
W085,Anhui,Omicron,2022-03-13,41,2022-04-23,15.0
W085,Anhui,Omicron,2022-03-13,42,2022-04-24,29.0
W085,Anhui,Omicron,2022-03-13,43,2022-04-25,10.0
W085,Anhui,Omicron,2022-03-13,44,2022-04-26,9.0
W085,Anhui,Omicron,2022-03-13,45,2022-04-27,15.0
W085,Anhui,Omicron,2022-03-13,46,2022-04-28,23.0
W085,Anhui,Omicron,2022-03-13,47,2022-04-29,19.0
W085,Anhui,Omicron,2022-03-13,48,2022-04-30,9.0
W085,Anhui,Omicron,2022-03-13,49,2022-05-01,0.0
W085,Anhui,Omicron,2022-03-13,50,2022-05-02,1.0
W085,Anhui,Omicron,2022-03-13,51,2022-05-03,1.0
W085,Anhui,Omicron,2022-03-13,52,2022-05-04,0.0
W085,Anhui,Omicron,2022-03-13,53,2022-05-05,0.0
W085,Anhui,Omicron,2022-03-13,54,2022-05-06,2.0
W086,Jiangxi,Omicron,2022-03-13,0,2022-03-13,4.0
W086,Jiangxi,Omicron,2022-03-13,1,2022-03-14,1.0
W086,Jiangxi,Omicron,2022-03-13,2,2022-03-15,3.0
W086,Jiangxi,Omicron,2022-03-13,3,2022-03-16,1.0
W086,Jiangxi,Omicron,2022-03-13,4,2022-03-17,7.0
W086,Jiangxi,Omicron,2022-03-13,5,2022-03-18,36.0
W086,Jiangxi,Omicron,2022-03-13,6,2022-03-19,31.0
W086,Jiangxi,Omicron,2022-03-13,7,2022-03-20,34.0
W086,Jiangxi,Omicron,2022-03-13,8,2022-03-21,48.0
W086,Jiangxi,Omicron,2022-03-13,9,2022-03-22,58.0
W086,Jiangxi,Omicron,2022-03-13,10,2022-03-23,98.0
W086,Jiangxi,Omicron,2022-03-13,11,2022-03-24,69.0
W086,Jiangxi,Omicron,2022-03-13,12,2022-03-25,28.0
W086,Jiangxi,Omicron,2022-03-13,13,2022-03-26,12.0
W086,Jiangxi,Omicron,2022-03-13,14,2022-03-27,8.0
W086,Jiangxi,Omicron,2022-03-13,15,2022-03-28,6.0
W086,Jiangxi,Omicron,2022-03-13,16,2022-03-29,10.0
W086,Jiangxi,Omicron,2022-03-13,17,2022-03-30,12.0
W086,Jiangxi,Omicron,2022-03-13,18,2022-03-31,19.0
W086,Jiangxi,Omicron,2022-03-13,19,2022-04-01,44.0
W086,Jiangxi,Omicron,2022-03-13,20,2022-04-02,39.0
W086,Jiangxi,Omicron,2022-03-13,21,2022-04-03,43.0
W086,Jiangxi,Omicron,2022-03-13,22,2022-04-04,41.0
W086,Jiangxi,Omicron,2022-03-13,23,2022-04-05,35.0
W086,Jiangxi,Omicron,2022-03-13,24,2022-04-06,34.0
W086,Jiangxi,Omicron,2022-03-13,25,2022-04-07,36.0
W086,Jiangxi,Omicron,2022-03-13,26,2022-04-08,31.0
W086,Jiangxi,Omicron,2022-03-13,27,2022-04-09,29.0
W086,Jiangxi,Omicron,2022-03-13,28,2022-04-10,20.0
W086,Jiangxi,Omicron,2022-03-13,29,2022-04-11,20.0
W086,Jiangxi,Omicron,2022-03-13,30,2022-04-12,17.0
W086,Jiangxi,Omicron,2022-03-13,31,2022-04-13,21.0
W086,Jiangxi,Omicron,2022-03-13,32,2022-04-14,19.0
W086,Jiangxi,Omicron,2022-03-13,33,2022-04-15,8.0
W086,Jiangxi,Omicron,2022-03-13,34,2022-04-16,3.0
W086,Jiangxi,Omicron,2022-03-13,35,2022-04-17,44.0
W086,Jiangxi,Omicron,2022-03-13,36,2022-04-18,51.0
W086,Jiangxi,Omicron,2022-03-13,37,2022-04-19,53.0
W086,Jiangxi,Omicron,2022-03-13,38,2022-04-20,45.0
W086,Jiangxi,Omicron,2022-03-13,39,2022-04-21,42.0
W086,Jiangxi,Omicron,2022-03-13,40,2022-04-22,45.0
W086,Jiangxi,Omicron,2022-03-13,41,2022-04-23,37.0
W086,Jiangxi,Omicron,2022-03-13,42,2022-04-24,130.0
W086,Jiangxi,Omicron,2022-03-13,43,2022-04-25,137.0
W086,Jiangxi,Omicron,2022-03-13,44,2022-04-26,96.0
W086,Jiangxi,Omicron,2022-03-13,45,2022-04-27,89.0
W086,Jiangxi,Omicron,2022-03-13,46,2022-04-28,80.0
W086,Jiangxi,Omicron,2022-03-13,47,2022-04-29,70.0
W086,Jiangxi,Omicron,2022-03-13,48,2022-04-30,62.0
W086,Jiangxi,Omicron,2022-03-13,49,2022-05-01,37.0
W086,Jiangxi,Omicron,2022-03-13,50,2022-05-02,34.0
W086,Jiangxi,Omicron,2022-03-13,51,2022-05-03,48.0
W086,Jiangxi,Omicron,2022-03-13,52,2022-05-04,41.0
W086,Jiangxi,Omicron,2022-03-13,53,2022-05-05,17.0
W086,Jiangxi,Omicron,2022-03-13,54,2022-05-06,10.0
W086,Jiangxi,Omicron,2022-03-13,55,2022-05-07,8.0
W086,Jiangxi,Omicron,2022-03-13,56,2022-05-08,10.0
W086,Jiangxi,Omicron,2022-03-13,57,2022-05-09,35.0
W086,Jiangxi,Omicron,2022-03-13,58,2022-05-10,44.0
W086,Jiangxi,Omicron,2022-03-13,59,2022-05-11,14.0
W086,Jiangxi,Omicron,2022-03-13,60,2022-05-12,10.0
W086,Jiangxi,Omicron,2022-03-13,61,2022-05-13,5.0
W086,Jiangxi,Omicron,2022-03-13,62,2022-05-14,2.0
W087,Hubei,Omicron,2022-03-27,0,2022-03-27,2.0
W087,Hubei,Omicron,2022-03-27,1,2022-03-28,0.0
W087,Hubei,Omicron,2022-03-27,2,2022-03-29,1.0
W087,Hubei,Omicron,2022-03-27,3,2022-03-30,5.0
W087,Hubei,Omicron,2022-03-27,4,2022-03-31,5.0
W087,Hubei,Omicron,2022-03-27,5,2022-04-01,11.0
W087,Hubei,Omicron,2022-03-27,6,2022-04-02,18.0
W087,Hubei,Omicron,2022-03-27,7,2022-04-03,9.0
W087,Hubei,Omicron,2022-03-27,8,2022-04-04,16.0
W087,Hubei,Omicron,2022-03-27,9,2022-04-05,6.0
W087,Hubei,Omicron,2022-03-27,10,2022-04-06,4.0
W087,Hubei,Omicron,2022-03-27,11,2022-04-07,3.0
W087,Hubei,Omicron,2022-03-27,12,2022-04-08,2.0
W087,Hubei,Omicron,2022-03-27,13,2022-04-09,17.0
W087,Hubei,Omicron,2022-03-27,14,2022-04-10,33.0
W087,Hubei,Omicron,2022-03-27,15,2022-04-11,37.0
W087,Hubei,Omicron,2022-03-27,16,2022-04-12,45.0
W087,Hubei,Omicron,2022-03-27,17,2022-04-13,42.0
W087,Hubei,Omicron,2022-03-27,18,2022-04-14,30.0
W087,Hubei,Omicron,2022-03-27,19,2022-04-15,41.0
W087,Hubei,Omicron,2022-03-27,20,2022-04-16,12.0
W087,Hubei,Omicron,2022-03-27,21,2022-04-17,11.0
W087,Hubei,Omicron,2022-03-27,22,2022-04-18,14.0
W087,Hubei,Omicron,2022-03-27,23,2022-04-19,4.0
W087,Hubei,Omicron,2022-03-27,24,2022-04-20,3.0
W087,Hubei,Omicron,2022-03-27,25,2022-04-21,0.0
W087,Hubei,Omicron,2022-03-27,26,2022-04-22,3.0
W087,Hubei,Omicron,2022-03-27,27,2022-04-23,4.0
W087,Hubei,Omicron,2022-03-27,28,2022-04-24,2.0
W087,Hubei,Omicron,2022-03-27,29,2022-04-25,3.0
W087,Hubei,Omicron,2022-03-27,30,2022-04-26,2.0
W087,Hubei,Omicron,2022-03-27,31,2022-04-27,0.0
W087,Hubei,Omicron,2022-03-27,32,2022-04-28,7.0
W087,Hubei,Omicron,2022-03-27,33,2022-04-29,1.0
W088,Shanxi,Omicron,2022-03-28,0,2022-03-28,3.0
W088,Shanxi,Omicron,2022-03-28,1,2022-03-29,1.0
W088,Shanxi,Omicron,2022-03-28,2,2022-03-30,2.0
W088,Shanxi,Omicron,2022-03-28,3,2022-03-31,0.0
W088,Shanxi,Omicron,2022-03-28,4,2022-04-01,0.0
W088,Shanxi,Omicron,2022-03-28,5,2022-04-02,1.0
W088,Shanxi,Omicron,2022-03-28,6,2022-04-03,5.0
W088,Shanxi,Omicron,2022-03-28,7,2022-04-04,6.0
W088,Shanxi,Omicron,2022-03-28,8,2022-04-05,8.0
W088,Shanxi,Omicron,2022-03-28,9,2022-04-06,8.0
W088,Shanxi,Omicron,2022-03-28,10,2022-04-07,8.0
W088,Shanxi,Omicron,2022-03-28,11,2022-04-08,11.0
W088,Shanxi,Omicron,2022-03-28,12,2022-04-09,7.0
W088,Shanxi,Omicron,2022-03-28,13,2022-04-10,4.0
W088,Shanxi,Omicron,2022-03-28,14,2022-04-11,3.0
W088,Shanxi,Omicron,2022-03-28,15,2022-04-12,4.0
W088,Shanxi,Omicron,2022-03-28,16,2022-04-13,8.0
W088,Shanxi,Omicron,2022-03-28,17,2022-04-14,53.0
W088,Shanxi,Omicron,2022-03-28,18,2022-04-15,24.0
W088,Shanxi,Omicron,2022-03-28,19,2022-04-16,44.0
W088,Shanxi,Omicron,2022-03-28,20,2022-04-17,59.0
W088,Shanxi,Omicron,2022-03-28,21,2022-04-18,33.0
W088,Shanxi,Omicron,2022-03-28,22,2022-04-19,29.0
W088,Shanxi,Omicron,2022-03-28,23,2022-04-20,31.0
W088,Shanxi,Omicron,2022-03-28,24,2022-04-21,19.0
W088,Shanxi,Omicron,2022-03-28,25,2022-04-22,10.0
W088,Shanxi,Omicron,2022-03-28,26,2022-04-23,5.0
W088,Shanxi,Omicron,2022-03-28,27,2022-04-24,7.0
W088,Shanxi,Omicron,2022-03-28,28,2022-04-25,1.0
W088,Shanxi,Omicron,2022-03-28,29,2022-04-26,1.0
W088,Shanxi,Omicron,2022-03-28,30,2022-04-27,1.0
W089,Hainan,Omicron,2022-03-29,0,2022-03-29,2.0
W089,Hainan,Omicron,2022-03-29,1,2022-03-30,4.0
W089,Hainan,Omicron,2022-03-29,2,2022-03-31,4.0
W089,Hainan,Omicron,2022-03-29,3,2022-04-01,13.0
W089,Hainan,Omicron,2022-03-29,4,2022-04-02,9.0
W089,Hainan,Omicron,2022-03-29,5,2022-04-03,26.0
W089,Hainan,Omicron,2022-03-29,6,2022-04-04,2.0
W089,Hainan,Omicron,2022-03-29,7,2022-04-05,31.0
W089,Hainan,Omicron,2022-03-29,8,2022-04-06,11.0
W089,Hainan,Omicron,2022-03-29,9,2022-04-07,5.0
W089,Hainan,Omicron,2022-03-29,10,2022-04-08,3.0
W089,Hainan,Omicron,2022-03-29,11,2022-04-09,5.0
W089,Hainan,Omicron,2022-03-29,12,2022-04-10,5.0
W089,Hainan,Omicron,2022-03-29,13,2022-04-11,3.0
W089,Hainan,Omicron,2022-03-29,14,2022-04-12,1.0
W089,Hainan,Omicron,2022-03-29,15,2022-04-13,0.0
W089,Hainan,Omicron,2022-03-29,16,2022-04-14,1.0
W089,Hainan,Omicron,2022-03-29,17,2022-04-15,2.0
W090,Xinjiang,Omicron,2022-03-29,0,2022-03-29,2.0
W090,Xinjiang,Omicron,2022-03-29,1,2022-03-30,24.0
W090,Xinjiang,Omicron,2022-03-29,2,2022-03-31,13.0
W090,Xinjiang,Omicron,2022-03-29,3,2022-04-01,9.0
W090,Xinjiang,Omicron,2022-03-29,4,2022-04-02,5.0
W090,Xinjiang,Omicron,2022-03-29,5,2022-04-03,6.0
W090,Xinjiang,Omicron,2022-03-29,6,2022-04-04,9.0
W090,Xinjiang,Omicron,2022-03-29,7,2022-04-05,7.0
W090,Xinjiang,Omicron,2022-03-29,8,2022-04-06,4.0
W090,Xinjiang,Omicron,2022-03-29,9,2022-04-07,1.0
W090,Xinjiang,Omicron,2022-03-29,10,2022-04-08,2.0
W090,Xinjiang,Omicron,2022-03-29,11,2022-04-09,5.0
W090,Xinjiang,Omicron,2022-03-29,12,2022-04-10,3.0
W091,Sichuan,Omicron,2022-03-30,0,2022-03-30,3.0
W091,Sichuan,Omicron,2022-03-30,1,2022-03-31,3.0
W091,Sichuan,Omicron,2022-03-30,2,2022-04-01,1.0
W091,Sichuan,Omicron,2022-03-30,3,2022-04-02,10.0
W091,Sichuan,Omicron,2022-03-30,4,2022-04-03,16.0
W091,Sichuan,Omicron,2022-03-30,5,2022-04-04,16.0
W091,Sichuan,Omicron,2022-03-30,6,2022-04-05,12.0
W091,Sichuan,Omicron,2022-03-30,7,2022-04-06,8.0
W091,Sichuan,Omicron,2022-03-30,8,2022-04-07,4.0
W091,Sichuan,Omicron,2022-03-30,9,2022-04-08,2.0
W091,Sichuan,Omicron,2022-03-30,10,2022-04-09,3.0
W091,Sichuan,Omicron,2022-03-30,11,2022-04-10,1.0
W091,Sichuan,Omicron,2022-03-30,12,2022-04-11,2.0
W091,Sichuan,Omicron,2022-03-30,13,2022-04-12,3.0
W091,Sichuan,Omicron,2022-03-30,14,2022-04-13,0.0
W091,Sichuan,Omicron,2022-03-30,15,2022-04-14,1.0
W092,Shaanxi,Omicron,2022-04-02,0,2022-04-02,3.0
W092,Shaanxi,Omicron,2022-04-02,1,2022-04-03,1.0
W092,Shaanxi,Omicron,2022-04-02,2,2022-04-04,0.0
W092,Shaanxi,Omicron,2022-04-02,3,2022-04-05,2.0
W092,Shaanxi,Omicron,2022-04-02,4,2022-04-06,0.0
W092,Shaanxi,Omicron,2022-04-02,5,2022-04-07,14.0
W092,Shaanxi,Omicron,2022-04-02,6,2022-04-08,6.0
W092,Shaanxi,Omicron,2022-04-02,7,2022-04-09,2.0
W092,Shaanxi,Omicron,2022-04-02,8,2022-04-10,7.0
W092,Shaanxi,Omicron,2022-04-02,9,2022-04-11,0.0
W092,Shaanxi,Omicron,2022-04-02,10,2022-04-12,2.0
W092,Shaanxi,Omicron,2022-04-02,11,2022-04-13,4.0
W092,Shaanxi,Omicron,2022-04-02,12,2022-04-14,7.0
W092,Shaanxi,Omicron,2022-04-02,13,2022-04-15,2.0
W092,Shaanxi,Omicron,2022-04-02,14,2022-04-16,5.0
W092,Shaanxi,Omicron,2022-04-02,15,2022-04-17,2.0
W092,Shaanxi,Omicron,2022-04-02,16,2022-04-18,5.0
W092,Shaanxi,Omicron,2022-04-02,17,2022-04-19,4.0
W092,Shaanxi,Omicron,2022-04-02,18,2022-04-20,0.0
W092,Shaanxi,Omicron,2022-04-02,19,2022-04-21,2.0
W093,Qinghai,Omicron,2022-04-11,0,2022-04-11,3.0
W093,Qinghai,Omicron,2022-04-11,1,2022-04-12,11.0
W093,Qinghai,Omicron,2022-04-11,2,2022-04-13,14.0
W093,Qinghai,Omicron,2022-04-11,3,2022-04-14,10.0
W093,Qinghai,Omicron,2022-04-11,4,2022-04-15,4.0
W093,Qinghai,Omicron,2022-04-11,5,2022-04-16,10.0
W093,Qinghai,Omicron,2022-04-11,6,2022-04-17,15.0
W093,Qinghai,Omicron,2022-04-11,7,2022-04-18,2.0
W093,Qinghai,Omicron,2022-04-11,8,2022-04-19,2.0
W093,Qinghai,Omicron,2022-04-11,9,2022-04-20,13.0
W093,Qinghai,Omicron,2022-04-11,10,2022-04-21,13.0
W093,Qinghai,Omicron,2022-04-11,11,2022-04-22,7.0
W093,Qinghai,Omicron,2022-04-11,12,2022-04-23,0.0
W093,Qinghai,Omicron,2022-04-11,13,2022-04-24,4.0
W093,Qinghai,Omicron,2022-04-11,14,2022-04-25,2.0
W094,Hunan,Omicron,2022-04-12,0,2022-04-12,2.0
W094,Hunan,Omicron,2022-04-12,1,2022-04-13,0.0
W094,Hunan,Omicron,2022-04-12,2,2022-04-14,0.0
W094,Hunan,Omicron,2022-04-12,3,2022-04-15,1.0
W094,Hunan,Omicron,2022-04-12,4,2022-04-16,1.0
W094,Hunan,Omicron,2022-04-12,5,2022-04-17,0.0
W094,Hunan,Omicron,2022-04-12,6,2022-04-18,1.0
W094,Hunan,Omicron,2022-04-12,7,2022-04-19,3.0
W094,Hunan,Omicron,2022-04-12,8,2022-04-20,3.0
W094,Hunan,Omicron,2022-04-12,9,2022-04-21,3.0
W094,Hunan,Omicron,2022-04-12,10,2022-04-22,9.0
W094,Hunan,Omicron,2022-04-12,11,2022-04-23,4.0
W094,Hunan,Omicron,2022-04-12,12,2022-04-24,12.0
W094,Hunan,Omicron,2022-04-12,13,2022-04-25,2.0
W094,Hunan,Omicron,2022-04-12,14,2022-04-26,2.0
W094,Hunan,Omicron,2022-04-12,15,2022-04-27,1.0
W094,Hunan,Omicron,2022-04-12,16,2022-04-28,2.0
W094,Hunan,Omicron,2022-04-12,17,2022-04-29,2.0
W094,Hunan,Omicron,2022-04-12,18,2022-04-30,2.0
W094,Hunan,Omicron,2022-04-12,19,2022-05-01,1.0
W094,Hunan,Omicron,2022-04-12,20,2022-05-02,0.0
W094,Hunan,Omicron,2022-04-12,21,2022-05-03,0.0
W094,Hunan,Omicron,2022-04-12,22,2022-05-04,2.0
W094,Hunan,Omicron,2022-04-12,23,2022-05-05,2.0
W094,Hunan,Omicron,2022-04-12,24,2022-05-06,2.0
W094,Hunan,Omicron,2022-04-12,25,2022-05-07,0.0
W094,Hunan,Omicron,2022-04-12,26,2022-05-08,1.0
W095,Beijing,Omicron,2022-04-17,0,2022-04-17,3.0
W095,Beijing,Omicron,2022-04-17,1,2022-04-18,2.0
W095,Beijing,Omicron,2022-04-17,2,2022-04-19,2.0
W095,Beijing,Omicron,2022-04-17,3,2022-04-20,1.0
W095,Beijing,Omicron,2022-04-17,4,2022-04-21,1.0
W095,Beijing,Omicron,2022-04-17,5,2022-04-22,6.0
W095,Beijing,Omicron,2022-04-17,6,2022-04-23,22.0
W095,Beijing,Omicron,2022-04-17,7,2022-04-24,19.0
W095,Beijing,Omicron,2022-04-17,8,2022-04-25,32.0
W095,Beijing,Omicron,2022-04-17,9,2022-04-26,37.0
W095,Beijing,Omicron,2022-04-17,10,2022-04-27,50.0
W095,Beijing,Omicron,2022-04-17,11,2022-04-28,49.0
W095,Beijing,Omicron,2022-04-17,12,2022-04-29,52.0
W095,Beijing,Omicron,2022-04-17,13,2022-04-30,59.0
W095,Beijing,Omicron,2022-04-17,14,2022-05-01,39.0
W095,Beijing,Omicron,2022-04-17,15,2022-05-02,59.0
W095,Beijing,Omicron,2022-04-17,16,2022-05-03,51.0
W095,Beijing,Omicron,2022-04-17,17,2022-05-04,50.0
W095,Beijing,Omicron,2022-04-17,18,2022-05-05,72.0
W095,Beijing,Omicron,2022-04-17,19,2022-05-06,49.0
W095,Beijing,Omicron,2022-04-17,20,2022-05-07,62.0
W095,Beijing,Omicron,2022-04-17,21,2022-05-08,44.0
W095,Beijing,Omicron,2022-04-17,22,2022-05-09,71.0
W095,Beijing,Omicron,2022-04-17,23,2022-05-10,35.0
W095,Beijing,Omicron,2022-04-17,24,2022-05-11,45.0
W095,Beijing,Omicron,2022-04-17,25,2022-05-12,47.0
W095,Beijing,Omicron,2022-04-17,26,2022-05-13,55.0
W095,Beijing,Omicron,2022-04-17,27,2022-05-14,34.0
W095,Beijing,Omicron,2022-04-17,28,2022-05-15,49.0
W095,Beijing,Omicron,2022-04-17,29,2022-05-16,44.0
W095,Beijing,Omicron,2022-04-17,30,2022-05-17,60.0
W095,Beijing,Omicron,2022-04-17,31,2022-05-18,53.0
W095,Beijing,Omicron,2022-04-17,32,2022-05-19,56.0
W095,Beijing,Omicron,2022-04-17,33,2022-05-20,68.0
W095,Beijing,Omicron,2022-04-17,34,2022-05-21,60.0
W095,Beijing,Omicron,2022-04-17,35,2022-05-22,96.0
W095,Beijing,Omicron,2022-04-17,36,2022-05-23,46.0
W095,Beijing,Omicron,2022-04-17,37,2022-05-24,43.0
W095,Beijing,Omicron,2022-04-17,38,2022-05-25,43.0
W095,Beijing,Omicron,2022-04-17,39,2022-05-26,27.0
W095,Beijing,Omicron,2022-04-17,40,2022-05-27,23.0
W095,Beijing,Omicron,2022-04-17,41,2022-05-28,19.0
W095,Beijing,Omicron,2022-04-17,42,2022-05-29,11.0
W095,Beijing,Omicron,2022-04-17,43,2022-05-30,18.0
W095,Beijing,Omicron,2022-04-17,44,2022-05-31,14.0
W096,Sichuan,Omicron,2022-04-24,0,2022-04-24,1.0
W096,Sichuan,Omicron,2022-04-24,1,2022-04-25,3.0
W096,Sichuan,Omicron,2022-04-24,2,2022-04-26,1.0
W096,Sichuan,Omicron,2022-04-24,3,2022-04-27,2.0
W096,Sichuan,Omicron,2022-04-24,4,2022-04-28,5.0
W096,Sichuan,Omicron,2022-04-24,5,2022-04-29,36.0
W096,Sichuan,Omicron,2022-04-24,6,2022-04-30,10.0
W096,Sichuan,Omicron,2022-04-24,7,2022-05-01,6.0
W096,Sichuan,Omicron,2022-04-24,8,2022-05-02,1.0
W096,Sichuan,Omicron,2022-04-24,9,2022-05-03,2.0
W096,Sichuan,Omicron,2022-04-24,10,2022-05-04,1.0
W096,Sichuan,Omicron,2022-04-24,11,2022-05-05,0.0
W096,Sichuan,Omicron,2022-04-24,12,2022-05-06,3.0
W096,Sichuan,Omicron,2022-04-24,13,2022-05-07,1.0
W096,Sichuan,Omicron,2022-04-24,14,2022-05-08,0.0
W096,Sichuan,Omicron,2022-04-24,15,2022-05-09,3.0
W096,Sichuan,Omicron,2022-04-24,16,2022-05-10,9.0
W096,Sichuan,Omicron,2022-04-24,17,2022-05-11,25.0
W096,Sichuan,Omicron,2022-04-24,18,2022-05-12,96.0
W096,Sichuan,Omicron,2022-04-24,19,2022-05-13,91.0
W096,Sichuan,Omicron,2022-04-24,20,2022-05-14,207.0
W096,Sichuan,Omicron,2022-04-24,21,2022-05-15,88.0
W096,Sichuan,Omicron,2022-04-24,22,2022-05-16,87.0
W096,Sichuan,Omicron,2022-04-24,23,2022-05-17,199.0
W096,Sichuan,Omicron,2022-04-24,24,2022-05-18,148.0
W096,Sichuan,Omicron,2022-04-24,25,2022-05-19,122.0
W096,Sichuan,Omicron,2022-04-24,26,2022-05-20,94.0
W096,Sichuan,Omicron,2022-04-24,27,2022-05-21,44.0
W096,Sichuan,Omicron,2022-04-24,28,2022-05-22,29.0
W096,Sichuan,Omicron,2022-04-24,29,2022-05-23,35.0
W096,Sichuan,Omicron,2022-04-24,30,2022-05-24,8.0
W096,Sichuan,Omicron,2022-04-24,31,2022-05-25,12.0
W096,Sichuan,Omicron,2022-04-24,32,2022-05-26,8.0
W096,Sichuan,Omicron,2022-04-24,33,2022-05-27,3.0
W096,Sichuan,Omicron,2022-04-24,34,2022-05-28,4.0
W096,Sichuan,Omicron,2022-04-24,35,2022-05-29,0.0
W096,Sichuan,Omicron,2022-04-24,36,2022-05-30,1.0
W096,Sichuan,Omicron,2022-04-24,37,2022-05-31,3.0
W097,Xinjiang,Omicron,2022-04-27,0,2022-04-27,2.0
W097,Xinjiang,Omicron,2022-04-27,1,2022-04-28,18.0
W097,Xinjiang,Omicron,2022-04-27,2,2022-04-29,42.0
W097,Xinjiang,Omicron,2022-04-27,3,2022-04-30,48.0
W097,Xinjiang,Omicron,2022-04-27,4,2022-05-01,39.0
W097,Xinjiang,Omicron,2022-04-27,5,2022-05-02,26.0
W097,Xinjiang,Omicron,2022-04-27,6,2022-05-03,11.0
W097,Xinjiang,Omicron,2022-04-27,7,2022-05-04,4.0
W097,Xinjiang,Omicron,2022-04-27,8,2022-05-05,0.0
W097,Xinjiang,Omicron,2022-04-27,9,2022-05-06,3.0
W098,Qinghai,Omicron,2022-05-06,0,2022-05-06,1.0
W098,Qinghai,Omicron,2022-05-06,1,2022-05-07,6.0
W098,Qinghai,Omicron,2022-05-06,2,2022-05-08,20.0
W098,Qinghai,Omicron,2022-05-06,3,2022-05-09,26.0
W098,Qinghai,Omicron,2022-05-06,4,2022-05-10,15.0
W098,Qinghai,Omicron,2022-05-06,5,2022-05-11,38.0
W098,Qinghai,Omicron,2022-05-06,6,2022-05-12,30.0
W098,Qinghai,Omicron,2022-05-06,7,2022-05-13,22.0
W098,Qinghai,Omicron,2022-05-06,8,2022-05-14,7.0
W098,Qinghai,Omicron,2022-05-06,9,2022-05-15,7.0
W098,Qinghai,Omicron,2022-05-06,10,2022-05-16,3.0
W098,Qinghai,Omicron,2022-05-06,11,2022-05-17,1.0
W099,Anhui,Omicron,2022-05-10,0,2022-05-10,1.0
W099,Anhui,Omicron,2022-05-10,1,2022-05-11,0.0
W099,Anhui,Omicron,2022-05-10,2,2022-05-12,0.0
W099,Anhui,Omicron,2022-05-10,3,2022-05-13,1.0
W099,Anhui,Omicron,2022-05-10,4,2022-05-14,7.0
W099,Anhui,Omicron,2022-05-10,5,2022-05-15,8.0
W099,Anhui,Omicron,2022-05-10,6,2022-05-16,1.0
W099,Anhui,Omicron,2022-05-10,7,2022-05-17,15.0
W099,Anhui,Omicron,2022-05-10,8,2022-05-18,12.0
W099,Anhui,Omicron,2022-05-10,9,2022-05-19,6.0
W099,Anhui,Omicron,2022-05-10,10,2022-05-20,5.0
W099,Anhui,Omicron,2022-05-10,11,2022-05-21,4.0
W099,Anhui,Omicron,2022-05-10,12,2022-05-22,3.0
W100,Tianjin,Omicron,2022-05-12,0,2022-05-12,1.0
W100,Tianjin,Omicron,2022-05-12,1,2022-05-13,2.0
W100,Tianjin,Omicron,2022-05-12,2,2022-05-14,0.0
W100,Tianjin,Omicron,2022-05-12,3,2022-05-15,4.0
W100,Tianjin,Omicron,2022-05-12,4,2022-05-16,30.0
W100,Tianjin,Omicron,2022-05-12,5,2022-05-17,45.0
W100,Tianjin,Omicron,2022-05-12,6,2022-05-18,29.0
W100,Tianjin,Omicron,2022-05-12,7,2022-05-19,15.0
W100,Tianjin,Omicron,2022-05-12,8,2022-05-20,23.0
W100,Tianjin,Omicron,2022-05-12,9,2022-05-21,44.0
W100,Tianjin,Omicron,2022-05-12,10,2022-05-22,27.0
W100,Tianjin,Omicron,2022-05-12,11,2022-05-23,18.0
W100,Tianjin,Omicron,2022-05-12,12,2022-05-24,17.0
W100,Tianjin,Omicron,2022-05-12,13,2022-05-25,18.0
W100,Tianjin,Omicron,2022-05-12,14,2022-05-26,9.0
W100,Tianjin,Omicron,2022-05-12,15,2022-05-27,7.0
W100,Tianjin,Omicron,2022-05-12,16,2022-05-28,11.0
W100,Tianjin,Omicron,2022-05-12,17,2022-05-29,6.0
W100,Tianjin,Omicron,2022-05-12,18,2022-05-30,5.0
W101,Hebei,Omicron,2022-05-27,0,2022-05-27,3.0
W101,Hebei,Omicron,2022-05-27,1,2022-05-28,13.0
W101,Hebei,Omicron,2022-05-27,2,2022-05-29,19.0
W101,Hebei,Omicron,2022-05-27,3,2022-05-30,15.0
W101,Hebei,Omicron,2022-05-27,4,2022-05-31,9.0
